TUITIONFEE_IN,TUITIONFEE_OUT,NPT4_PUB,NPT4_PRIV,NPT41_PUB,NPT42_PUB,NPT43_PUB,NPT44_PUB,NPT45_PUB,NPT41_PRIV,NPT42_PRIV,NPT43_PRIV,NPT44_PRIV,NPT45_PRIV,ST_FIPS,REGION,LOCALE,BOOKSUPPLY,ROOMBOARD_ON,OTHEREXPENSE_ON,ROOMBOARD_OFF,OTHEREXPENSE_OFF,OTHEREXPENSE_FAM,CONTROL,PREDDEG,ADM_RATE,UGDS,LOCALE2,PCTPELL,PCTFLOAN,ENDOWBEGIN,ENDOWEND,STUFACR,SAT_AVG,C150_4,COMP_ORIG_YR4_RT,COMP_ORIG_YR6_RT,RPY_1YR_RT,COMPL_RPY_1YR_RT,GRAD_DEBT_MDN,LO_INC_DEBT_MDN,MD_INC_DEBT_MDN,HI_INC_DEBT_MDN,MD_EARN_WNE_P10,PCT10_EARN_WNE_P10,PCT25_EARN_WNE_P10,PCT75_EARN_WNE_P10,PCT90_EARN_WNE_P10,MD_EARN_WNE_P6,PCT10_EARN_WNE_P6,PCT25_EARN_WNE_P6,PCT75_EARN_WNE_P6,PCT90_EARN_WNE_P6,C100_4,INSTNM,CITY,RET_FT4,C200_4
10024.0,18634.0,14559.0,,13776.0,13923.0,16471.0,19057.0,18200.0,,,,,,1.0,5.0,12.0,2192.0,11402.0,3864.0,11402.0,3864.0,4271.0,1.0,3.0,0.6622,5726.0,,0.6441,0.5859,,,19.0,947.0,0.2874,0.22236671,0.30275974,0.173469388,0.336676218,31000.0,17500.0,16000.0,15000.0,40628.0,6700.0,23030.0,60507.0,70000.0,27851.0,4500.0,14130.0,44543.0,51400.0,0.1488,Alabama A & M University,Normal,0.6387,0.2962
8832.0,21864.0,17727.0,,14816.0,15876.0,18310.0,20913.0,21326.0,,,,,,1.0,5.0,12.0,1200.0,13590.0,5757.0,14580.0,6007.0,6007.0,1.0,3.0,0.8842,12118.0,,0.3318,0.4097,673320170.0,739372914.0,18.0,1251.0,0.626,0.454072146,0.540062844,0.451034777,0.574557316,22300.0,16666.0,15985.0,15000.0,54501.0,10900.0,33873.0,80711.0,84000.0,46572.0,9700.0,29464.0,66959.0,66200.0,0.4327,University of Alabama at Birmingham,Birmingham,0.8195,0.649
,,,,,,,,,,,,,,1.0,5.0,12.0,,,,,,,2.0,3.0,,226.0,,0.6842,0.7237,174819.0,174864.0,12.0,,0.4,0.1328125,0.084848485,0.16017316,0.333333333,32189.0,12875.0,18803.0,19917.0,37621.0,6800.0,21760.0,57946.0,79500.0,30377.0,7300.0,16396.0,46143.0,75400.0,0.4,Amridge University,Montgomery,,0.6667
11770.0,24662.0,19880.0,,16521.0,17935.0,21187.0,21205.0,21937.0,,,,,,1.0,5.0,12.0,2416.0,11122.0,4462.0,11122.0,4462.0,4462.0,1.0,3.0,0.7425,6650.0,,0.225,0.3391,87756960.0,99627019.0,17.0,1321.0,0.6191,0.369397218,0.480613165,0.50200267,0.640888889,20705.0,14502.0,13075.0,13954.0,61767.0,12900.0,37446.0,91119.0,93300.0,55610.0,9100.0,33999.0,81066.0,70300.0,0.41,University of Alabama in Huntsville,Huntsville,0.805,0.6296
11248.0,19576.0,13889.0,,13512.0,14047.0,15155.0,15771.0,11863.0,,,,,,1.0,5.0,12.0,1600.0,7690.0,3392.0,7320.0,5130.0,5130.0,1.0,3.0,0.9564,3322.0,,0.7203,0.7776,108202146.0,118616285.0,16.0,977.0,0.3018,0.246203038,0.322360953,0.136110296,0.244680851,31000.0,17750.0,17000.0,18500.0,34502.0,7100.0,18132.0,51026.0,55400.0,27453.0,4300.0,15271.0,40900.0,39800.0,0.1346,Alabama State University,Montgomery,0.6045,0.2972
11900.0,33200.0,22150.0,,18592.0,19928.0,23056.0,25396.0,25773.0,,,,,,1.0,5.0,12.0,800.0,14840.0,5842.0,14564.0,6598.0,7179.0,1.0,3.0,0.7582,32323.0,,0.1799,0.3358,1144632976.0,1369440098.0,19.0,1287.0,0.7369,0.57664659,0.619616205,0.546711353,0.657238365,22750.0,17750.0,18500.0,17750.0,59221.0,13100.0,39848.0,87405.0,85000.0,52233.0,9800.0,33353.0,75004.0,61600.0,0.5623,The University of Alabama,Tuscaloosa,0.8609,0.7298
,,,,,,,,,,,,,,1.0,5.0,31.0,,,,,,,1.0,3.0,,2407.0,,0.4238,0.4099,4982337.0,6058537.0,14.0,,,0.534482759,0.599499374,0.431859479,0.52690583,18051.0,15650.0,14848.0,13487.0,50273.0,12600.0,33492.0,70554.0,74000.0,46266.0,9900.0,33504.0,62494.0,61200.0,,Athens State University,Athens,,
9436.0,20092.0,14596.0,,12999.0,13645.0,16689.0,18249.0,16075.0,,,,,,1.0,5.0,12.0,1500.0,7368.0,4478.0,12762.0,4478.0,4478.0,1.0,3.0,0.9263,2693.0,,0.4275,0.456,57070175.0,60862957.0,15.0,1090.0,0.3568,0.279424978,0.311836735,0.382237701,0.58493353,25000.0,13000.0,14125.0,12500.0,44391.0,9500.0,26860.0,63615.0,66300.0,38216.0,8800.0,22285.0,55734.0,55900.0,0.136,Auburn University at Montgomery,Montgomery,0.658,0.3993
12536.0,33944.0,23897.0,,16332.0,17633.0,21834.0,26957.0,29310.0,,,,,,1.0,5.0,13.0,1200.0,15396.0,6166.0,14736.0,6166.0,6166.0,1.0,3.0,0.5047,25732.0,,0.1226,0.2701,911152148.0,1010419784.0,21.0,1318.0,0.7921,0.664,0.731697506,0.683124241,0.769965278,21000.0,18750.0,18250.0,16750.0,65337.0,13800.0,43620.0,95597.0,91400.0,54629.0,11800.0,36022.0,74667.0,67000.0,0.5661,Auburn University,Auburn,0.9319,0.8216
22750.0,22750.0,,23351.0,,,,,,19562.0,20562.0,21634.0,22894.0,25419.0,1.0,5.0,12.0,1062.0,14300.0,2268.0,6500.0,3416.0,3416.0,2.0,3.0,0.5194,713.0,,0.2256,0.6738,51470511.0,52826730.0,9.0,1197.0,0.6418,0.662962963,0.643171806,0.702576112,0.767955801,25000.0,12000.0,17730.0,16250.0,59481.0,9800.0,33426.0,92516.0,77600.0,45229.0,6300.0,27202.0,60501.0,58300.0,0.5559,Birmingham-Southern College,Birmingham,0.6311,0.7052
18238.0,18238.0,,25157.0,,,,,,24907.0,26532.0,,,,1.0,5.0,12.0,1500.0,,,8925.0,7914.0,5541.0,3.0,3.0,,302.0,,0.6952,0.7016,,,13.0,,0.1538,0.222162162,0.178076996,0.192723315,0.386992275,26123.0,12643.0,15278.0,14700.0,34421.0,7100.0,17463.0,53014.0,67200.0,34115.0,7600.0,17590.0,54613.0,74600.0,0.0,South University-Montgomery,Montgomery,0.2857,0.1364
23920.0,23920.0,,21165.0,,,,,,21012.0,16987.0,27967.0,31335.0,31706.0,1.0,5.0,12.0,1800.0,8020.0,4600.0,8020.0,4600.0,4600.0,2.0,3.0,0.6613,1555.0,,0.4381,0.5787,20765130.0,20078568.0,13.0,1016.0,0.3766,0.354166667,0.326674501,0.243712849,0.350850077,23000.0,15750.0,14000.0,14600.0,43457.0,9800.0,25494.0,64288.0,80700.0,37313.0,8200.0,21514.0,55122.0,63600.0,0.2048,Faulkner University,Montgomery,0.7039,0.1661
28650.0,28650.0,,21401.0,,,,,,18007.0,18221.0,23949.0,22851.0,24993.0,1.0,5.0,12.0,300.0,10922.0,2068.0,8922.0,2068.0,2068.0,2.0,3.0,0.7083,865.0,,0.3879,0.7081,57163022.0,53910160.0,14.0,1148.0,0.4694,0.515060241,0.572192513,0.458823529,0.566787004,27000.0,25000.0,19625.0,15250.0,49601.0,9100.0,34151.0,71130.0,73200.0,42147.0,12200.0,28944.0,58518.0,54500.0,0.3946,Huntingdon College,Montgomery,0.6667,0.4462
11982.0,11982.0,,,,,,,,,,,,,1.0,5.0,13.0,1600.0,7561.0,3069.0,14967.0,4770.0,4023.0,2.0,3.0,1.0,63.0,,0.3537,0.0244,14385884.0,15040187.0,8.0,,0.5,,,0.44,PS,,,,,42597.0,,,56597.0,,,,,,,0.5,Heritage Christian University,Florence,0.6667,0.25
12426.0,22716.0,14850.0,,13268.0,13842.0,16202.0,18157.0,18079.0,,,,,,1.0,5.0,23.0,998.0,8894.0,2506.0,10728.0,3530.0,3530.0,1.0,3.0,0.7622,7030.0,,0.4309,0.6941,14258774.0,15423462.0,19.0,1055.0,0.5112,0.45508982,0.466340269,0.361822594,0.529972752,22189.0,14000.0,14250.0,14000.0,45235.0,9000.0,28035.0,64633.0,64200.0,40158.0,7000.0,24984.0,56108.0,53800.0,0.3193,Jacksonville State University,Jacksonville,0.6442,0.5152
10990.0,20090.0,13832.0,,13773.0,12806.0,14480.0,16763.0,16755.0,,,,,,1.0,5.0,43.0,1206.0,8166.0,3600.0,7200.0,3600.0,3600.0,1.0,3.0,0.8711,2666.0,,0.5401,0.6373,428997.0,429016.0,17.0,1015.0,0.3804,0.145025295,0.226984127,0.315612382,0.461971831,24944.0,12500.0,13250.0,13000.0,44232.0,8500.0,27937.0,62576.0,63700.0,37106.0,8200.0,20253.0,54320.0,58500.0,0.2041,University of West Alabama,Livingston,0.6075,0.3875
12714.0,12714.0,,14514.0,,,,,,13517.0,14076.0,15789.0,19804.0,20491.0,1.0,5.0,21.0,250.0,7348.0,2832.0,10845.0,2992.0,2992.0,2.0,3.0,,1151.0,,0.7552,0.775,25642204.0,27539903.0,12.0,,0.2566,0.059945504,0.127686473,0.103148024,0.203389831,31217.0,16500.0,14250.0,15000.0,32627.0,6400.0,17195.0,47772.0,51200.0,25822.0,3700.0,13276.0,39521.0,41300.0,0.1612,Miles College,Fairfield,0.5563,0.2435
26120.0,26120.0,,19603.0,,,,,,15222.0,18260.0,18493.0,23561.0,23547.0,1.0,5.0,41.0,1800.0,10676.0,4750.0,9000.0,4800.0,4800.0,2.0,3.0,0.7251,1079.0,,0.2986,0.4287,22082866.0,23843738.0,13.0,1220.0,0.5551,0.418552036,0.45915493,0.373913044,0.49742268,26500.0,22223.0,18750.0,14300.0,43611.0,9600.0,28429.0,59995.0,73400.0,37411.0,6800.0,21776.0,52086.0,60600.0,0.4185,University of Mobile,Mobile,0.7169,0.5142
13710.0,26730.0,17053.0,,13806.0,14642.0,18414.0,20102.0,20529.0,,,,,,1.0,5.0,31.0,1020.0,10768.0,3640.0,10342.0,3640.0,3640.0,1.0,3.0,0.539,2087.0,,0.3904,0.5207,35286697.0,38003803.0,13.0,,0.4938,0.39122807,0.542763158,0.459259259,0.551587302,24000.0,15745.0,19500.0,14625.0,42957.0,9900.0,25530.0,56437.0,62300.0,35406.0,8000.0,21903.0,46399.0,45100.0,0.3423,University of Montevallo,Montevallo,0.7315,0.5289
11990.0,22190.0,11024.0,,8309.0,7613.0,11901.0,14907.0,14273.0,,,,,,1.0,5.0,13.0,1500.0,7900.0,3400.0,7900.0,3700.0,3700.0,1.0,3.0,0.9648,5468.0,,0.2411,0.2957,46153732.0,53477478.0,18.0,,0.5403,0.418245614,0.451740506,0.460884354,0.633437176,22077.0,16250.0,15000.0,16799.0,45415.0,9800.0,28413.0,64932.0,68400.0,38295.0,6900.0,23383.0,54058.0,54700.0,0.3321,University of North Alabama,Florence,0.7776,0.5268
21838.0,21838.0,,23384.0,,,,,,21428.0,22305.0,22185.0,25190.0,28244.0,1.0,5.0,12.0,1200.0,9384.0,8000.0,12840.0,8470.0,8000.0,2.0,3.0,0.5051,1253.0,,0.4735,0.5754,19810091.0,13631785.0,10.0,,0.4891,0.232911392,0.391402715,0.237341772,0.35443038,27000.0,20500.0,20750.0,21500.0,42488.0,7900.0,23113.0,67182.0,75600.0,30969.0,4900.0,13283.0,51747.0,52100.0,0.3137,Oakwood University,Huntsville,0.6388,0.5164
38144.0,38144.0,,30795.0,,,,,,21891.0,24253.0,27995.0,32769.0,33894.0,1.0,5.0,21.0,1200.0,12160.0,5952.0,20139.0,6687.0,6540.0,2.0,3.0,0.8223,3828.0,,0.1084,0.287,426345689.0,443471031.0,14.0,1203.0,0.7988,0.711409396,0.692139738,0.713032582,0.79,19500.0,18538.0,17494.0,15000.0,58469.0,12600.0,38802.0,91693.0,124000.0,49466.0,9700.0,33129.0,68283.0,73500.0,0.7181,Samford University,Birmingham,0.8765,0.7915
4800.0,4800.0,,,,,,,,,,,,,1.0,5.0,32.0,800.0,3600.0,2400.0,6000.0,2400.0,2500.0,2.0,3.0,,34.0,,0.0,0.0,142412.0,157622.0,3.0,,0.24,,0.049056604,0.072864322,PS,,,,,,,,,,,,,,,0.0444,Selma University,Selma,,0.0216
9676.0,18652.0,15142.0,,10148.0,11633.0,15456.0,21143.0,21878.0,,,,,,1.0,5.0,12.0,2020.0,8830.0,5283.0,11062.0,5283.0,5283.0,1.0,3.0,0.6549,8540.0,,0.3713,0.4872,466054000.0,522356776.0,18.0,1119.0,0.5257,0.422551253,0.456873823,0.423534235,0.581116328,24929.0,18750.0,17508.0,16500.0,49379.0,10500.0,30000.0,73471.0,78800.0,41307.0,6800.0,26452.0,60705.0,64100.0,0.3324,University of South Alabama,Mobile,0.7625,0.4957
23270.0,23270.0,,19514.0,,,,,,11239.0,13282.0,16103.0,9655.0,20316.0,1.0,5.0,12.0,1300.0,12212.0,4574.0,17118.0,4936.0,4936.0,2.0,3.0,0.591,850.0,,0.3301,0.5123,16618358.0,10946191.0,10.0,1090.0,0.5612,,,0.53427065,0.739130435,27000.0,19500.0,20000.0,23125.0,51500.0,15500.0,32496.0,72223.0,84300.0,41358.0,7700.0,25997.0,57932.0,62100.0,0.4745,Spring Hill College,Mobile,0.6578,0.5687
11392.0,11392.0,,12272.0,,,,,,11789.0,12252.0,11214.0,13001.0,17500.0,1.0,5.0,12.0,1000.0,9582.0,4704.0,10812.0,4888.0,4888.0,2.0,3.0,0.7422,761.0,,0.682,0.6912,19839522.0,20713966.0,12.0,,0.4103,0.146496815,0.236666667,0.159830269,0.229357798,29067.0,16375.0,14250.0,20344.0,35421.0,5100.0,18957.0,53304.0,51500.0,29790.0,5000.0,16023.0,42693.0,43400.0,0.3162,Stillman College,Tuscaloosa,0.7886,0.1623
15650.0,15650.0,,13461.0,,,,,,13423.0,11620.0,13910.0,20485.0,19595.0,1.0,5.0,32.0,1200.0,6704.0,2100.0,3200.0,2100.0,2100.0,2.0,3.0,0.9925,782.0,,0.7551,0.7778,2986503.0,76169770.0,19.0,,0.6497,0.163398693,0.301694915,0.129129129,PS,28500.0,14750.0,16750.0,12500.0,32229.0,4300.0,17337.0,48588.0,53300.0,22613.0,1300.0,11007.0,36735.0,35600.0,0.586,Talladega College,Talladega,0.8142,0.2627
9792.0,19584.0,13869.0,,12718.0,12632.0,15109.0,15553.0,14278.0,,,,,,1.0,5.0,33.0,1366.0,7996.0,5004.0,10860.0,5004.0,5004.0,1.0,3.0,0.9261,10089.0,,0.423,0.6617,163701443.0,181074239.0,15.0,1086.0,0.4684,0.28379224,0.269603768,0.273071244,0.484821024,25000.0,17000.0,15000.0,15000.0,42062.0,9700.0,24464.0,61119.0,70800.0,39392.0,8300.0,23920.0,56609.0,60300.0,0.2816,Troy University,Troy,0.7299,0.5248
23440.0,23440.0,,32977.0,,,,,,31858.0,33168.0,34010.0,34215.0,,1.0,5.0,32.0,1812.0,9844.0,8358.0,10055.0,8292.0,5493.0,2.0,3.0,0.3143,2367.0,,0.4767,0.6167,142900904.0,150040938.0,12.0,1121.0,0.5709,0.454833597,0.487218045,0.379228954,0.539906103,27000.0,22937.0,21500.0,19500.0,49641.0,9200.0,26919.0,78316.0,81200.0,38332.0,6000.0,20813.0,63359.0,65900.0,0.3115,Tuskegee University,Tuskegee,0.7298,0.5754
18900.0,18900.0,,,,,,,,,,,,,1.0,5.0,13.0,990.0,,,17160.0,2910.0,2910.0,2.0,3.0,0.3529,136.0,,0.3478,0.513,1000000.0,1000000.0,14.0,,,,,0.349593496,0.380952381,,10819.0,,,55257.0,,37678.0,77067.0,,45521.0,,,60286.0,,,United States Sports Academy,Daphne,0.0,
7566.0,21693.0,13780.0,,11436.0,11993.0,13543.0,18947.0,19563.0,,,,,,2.0,8.0,11.0,720.0,12412.0,8882.0,15648.0,10954.0,10954.0,1.0,3.0,0.6652,6916.0,,0.191,0.1488,88768224.0,93785048.0,12.0,,0.2894,0.174219094,0.230218538,0.499179319,0.746279762,20210.0,12500.0,11222.0,10250.0,51871.0,7600.0,28505.0,80117.0,84200.0,42313.0,6600.0,23854.0,62335.0,77600.0,0.1522,University of Alaska Anchorage,Anchorage,0.7166,0.3579
10930.0,10930.0,,14093.0,,,,,,,,8175.0,20012.0,,2.0,8.0,23.0,400.0,7000.0,3801.0,12320.0,5253.0,5253.0,2.0,3.0,,34.0,,0.4872,0.1282,1777619.0,1748628.0,5.0,,1.0,,,PS,PS,,,,,,,,,,,,,,,1.0,Alaska Bible College,Palmer,0.3333,0.3333
8640.0,22752.0,9634.0,,7494.0,8206.0,9719.0,13515.0,16203.0,,,,,,2.0,8.0,13.0,2000.0,10450.0,4250.0,12750.0,4250.0,4250.0,1.0,3.0,,4027.0,,0.2237,0.1765,142226396.0,148864420.0,12.0,,0.3197,0.232333011,0.267857143,0.50815739,0.679417122,20291.0,12136.0,11191.0,11000.0,48866.0,6600.0,25153.0,74202.0,81500.0,40746.0,5300.0,22551.0,63454.0,67300.0,0.2067,University of Alaska Fairbanks,Fairbanks,0.721,0.4643
20760.0,20760.0,,18976.0,,,,,,18371.0,15564.0,18313.0,23460.0,,2.0,8.0,11.0,1200.0,8932.0,5000.0,18200.0,5000.0,5000.0,2.0,3.0,0.8621,400.0,,0.3442,0.4186,89661298.0,96508897.0,8.0,,0.4688,0.43373494,0.53030303,0.531100479,0.632653061,23500.0,11250.0,11000.0,16000.0,54271.0,10800.0,29511.0,79869.0,85000.0,47803.0,8200.0,26774.0,63277.0,68900.0,0.1875,Alaska Pacific University,Anchorage,0.6818,0.25
,,,,,,,,,,,,,,4.0,6.0,11.0,,,,,,,3.0,3.0,,714.0,,0.5823,0.6673,,,28.0,,0.5023,0.603946441,0.534433694,0.163502911,0.20387931,9500.0,9491.0,9500.0,11758.0,29576.0,3300.0,13467.0,43497.0,44000.0,32705.0,2400.0,16356.0,48197.0,38200.0,0.3333,Brookline College-Phoenix,Phoenix,0.0,0.2857
12051.0,32193.0,13670.0,,8909.0,10562.0,15764.0,19651.0,21772.0,,,,,,4.0,6.0,12.0,1320.0,16091.0,3808.0,13932.0,5054.0,5054.0,1.0,3.0,0.9019,64398.0,,0.2966,0.284,1151139450.0,1217984330.0,18.0,,0.6785,0.492382069,0.593368454,0.535660661,0.659742065,19500.0,13750.0,13750.0,13245.0,62668.0,12900.0,40826.0,92934.0,93300.0,52843.0,10400.0,34185.0,76723.0,70000.0,0.5479,Arizona State University Campus Immersion,Tempe,0.8532,0.6755
13626.0,41095.0,15960.0,,12043.0,13789.0,15497.0,20124.0,20936.0,,,,,,4.0,6.0,11.0,800.0,14400.0,4300.0,12000.0,4300.0,4300.0,1.0,3.0,0.8566,40769.0,,0.2624,0.2695,1203998436.0,1287688652.0,19.0,1261.0,0.6589,0.49911675,0.576708279,0.610459662,0.741269493,19620.0,13000.0,13770.0,14000.0,59979.0,12100.0,38990.0,92199.0,99400.0,47665.0,9200.0,30542.0,71211.0,69600.0,0.5091,University of Arizona,Tucson,0.8767,0.6601
42204.0,42204.0,,39983.0,,,,,,37016.0,34781.0,37944.0,40511.0,42052.0,4.0,6.0,13.0,1400.0,14102.0,5562.0,14102.0,5562.0,5562.0,2.0,3.0,0.7519,3245.0,,0.174,0.3439,69342000.0,79952000.0,17.0,1256.0,0.6976,0.372737887,0.46662367,0.590673575,0.70969697,23666.0,15000.0,13000.0,14750.0,84131.0,22400.0,55392.0,112155.0,115500.0,65391.0,13300.0,45209.0,88729.0,87800.0,0.4749,Embry-Riddle Aeronautical University-Prescott,Prescott,0.8382,0.7059
17450.0,17450.0,,21931.0,,,,,,18474.0,19082.0,22037.0,23907.0,24177.0,4.0,6.0,11.0,750.0,11162.0,4300.0,11162.0,4300.0,4300.0,3.0,3.0,0.6036,68619.0,,0.4308,0.535,,,21.0,1095.0,0.4304,0.388376103,0.422683904,0.290824716,0.602587494,22114.0,10764.0,13842.0,15000.0,42186.0,11100.0,21881.0,68589.0,96100.0,47280.0,10000.0,26237.0,81082.0,90500.0,0.3679,Grand Canyon University,Phoenix,0.6838,0.4635
12652.0,28900.0,14922.0,,10333.0,11015.0,14211.0,19013.0,20484.0,,,,,,4.0,6.0,13.0,900.0,11728.0,4400.0,17248.0,4400.0,4400.0,1.0,3.0,0.9095,23041.0,,0.2983,0.331,231491268.0,253830196.0,19.0,,0.5686,0.532272457,0.567625308,0.504031403,0.637214612,19000.0,12500.0,12500.0,13533.0,54384.0,10300.0,35991.0,78281.0,77800.0,47308.0,9500.0,31158.0,67057.0,61900.0,0.4538,Northern Arizona University,Flagstaff,0.7256,0.5993
35685.0,35685.0,,20906.0,,,,,,16573.0,20716.0,31266.0,23353.0,23921.0,4.0,6.0,13.0,440.0,7790.0,4646.0,6850.0,5006.0,5006.0,2.0,3.0,0.9857,253.0,,0.4728,0.5367,2158441.0,2499569.0,9.0,,0.3594,0.330357143,0.255474453,0.453093812,0.522727273,16300.0,12500.0,12793.0,10500.0,42359.0,7100.0,19444.0,61057.0,63500.0,33539.0,5100.0,16545.0,49452.0,48300.0,0.2969,Prescott College,Prescott,0.75,0.4
34697.0,34697.0,,32383.0,,,,,,30451.0,32794.0,32719.0,32025.0,33002.0,4.0,6.0,21.0,1730.0,13500.0,6160.0,14300.0,8430.0,7730.0,2.0,3.0,0.7442,1127.0,,0.3318,0.6959,419892.0,527700.0,18.0,,0.4145,0.296296296,0.273255814,0.471264368,0.705128205,23000.0,6500.0,6250.0,5500.0,51612.0,5600.0,30988.0,72457.0,52100.0,39524.0,,25778.0,54918.0,,0.3355,Arizona Christian University,Glendale,0.5525,0.3583
8455.0,19210.0,16136.0,,14143.0,15520.0,18216.0,20594.0,21013.0,,,,,,5.0,5.0,12.0,1250.0,9352.0,6799.0,12722.0,8748.0,6368.0,1.0,3.0,0.5774,4740.0,,0.4105,0.3765,159965311.0,174003743.0,11.0,1049.0,0.4142,0.289168766,0.314468504,0.600719425,0.736363636,22000.0,15500.0,14250.0,12000.0,45265.0,9400.0,28588.0,67515.0,70000.0,40040.0,5800.0,24652.0,58220.0,57700.0,0.2539,University of Arkansas at Little Rock,Little Rock,0.7146,0.3952
,,,,,,,,,,,,,,5.0,5.0,12.0,,,,,,,1.0,3.0,,1361.0,,0.2694,0.3572,348414506.0,352197000.0,15.0,,,0.745,0.828,0.788922156,0.837209302,14000.0,16408.0,12500.0,12500.0,73827.0,24500.0,52014.0,113198.0,128000.0,66491.0,26200.0,50489.0,82897.0,124200.0,,University of Arkansas for Medical Sciences,Little Rock,,
8760.0,8760.0,,11139.0,,,,,,8700.0,11820.0,18924.0,20340.0,20431.0,5.0,5.0,12.0,1000.0,8826.0,4474.0,7780.0,4474.0,4474.0,2.0,3.0,,373.0,,0.4597,0.4173,,,15.0,,0.0798,0.078651685,0.043841336,0.283801874,0.576923077,25375.0,9250.0,5500.0,6500.0,28418.0,5900.0,13142.0,44142.0,42400.0,22652.0,,10999.0,37961.0,,0.0066,Arkansas Baptist College,Little Rock,0.2143,0.0
31000.0,31000.0,,22670.0,,,,,,18857.0,17504.0,22559.0,25258.0,26818.0,5.0,5.0,33.0,1500.0,10750.0,2500.0,10750.0,2850.0,2850.0,2.0,3.0,0.6554,563.0,,0.3596,0.6121,94590500.0,97187764.0,10.0,,0.5591,0.082474227,0.439306358,0.694117647,0.765217391,21500.0,9500.0,11000.0,11185.0,44232.0,12600.0,29991.0,61811.0,71300.0,37629.0,9200.0,26648.0,55976.0,50100.0,0.4409,Lyon College,Batesville,0.6806,0.4554
9748.0,28772.0,17525.0,,13017.0,14115.0,17379.0,19755.0,20991.0,,,,,,5.0,5.0,13.0,1154.0,13290.0,5816.0,13290.0,5816.0,5816.0,1.0,3.0,0.7167,27312.0,,0.173,0.3405,1465736201.0,1526675464.0,20.0,1174.0,0.6997,0.547314578,0.566499722,0.652084193,0.747778248,21500.0,15000.0,15250.0,16750.0,58191.0,13000.0,36435.0,87469.0,87200.0,49686.0,10300.0,31667.0,71439.0,65500.0,0.5543,University of Arkansas,Fayetteville,0.8646,0.7136
9019.0,17029.0,11679.0,,10558.0,11091.0,14740.0,15719.0,15423.0,,,,,,5.0,5.0,32.0,1120.0,9122.0,4070.0,5280.0,5156.0,5156.0,1.0,3.0,0.5754,1899.0,,0.6687,0.5852,7385811.0,7726990.0,13.0,916.0,0.3968,0.34529703,0.345367028,0.356668678,0.522058824,24202.0,14250.0,14250.0,15000.0,35550.0,6700.0,19942.0,50676.0,58000.0,31161.0,4100.0,16575.0,44874.0,44400.0,0.2425,University of Arkansas at Pine Bluff,Pine Bluff,0.6454,0.4164
7754.0,13826.0,13085.0,,9806.0,11300.0,14092.0,15587.0,17431.0,,,,,,5.0,5.0,13.0,1250.0,11100.0,6122.0,10935.0,7788.0,7788.0,1.0,3.0,0.6967,7994.0,,0.3679,0.4234,88808323.0,103356487.0,15.0,1119.0,0.551,0.396875,0.420649398,0.591891336,0.725434885,20500.0,16000.0,14421.0,14750.0,42617.0,7600.0,26452.0,61266.0,67100.0,38944.0,6100.0,24391.0,55036.0,53400.0,0.4065,Arkansas State University,Jonesboro,0.7782,0.541
10118.0,17258.0,16775.0,,14387.0,14946.0,17233.0,19775.0,20028.0,,,,,,5.0,5.0,13.0,1230.0,8662.0,5447.0,9349.0,7513.0,7516.0,1.0,3.0,0.9047,7426.0,,0.3734,0.4169,52440586.0,63383689.0,14.0,1117.0,0.5335,0.391435986,0.397518014,0.629508197,0.750378215,20346.0,12981.0,13500.0,12713.0,45938.0,9900.0,28642.0,65378.0,73600.0,36670.0,8000.0,22599.0,51454.0,56300.0,0.4032,University of Central Arkansas,Conway,0.7343,0.5025
19680.0,19680.0,,16664.0,,,,,,13632.0,13536.0,15427.0,21054.0,19991.0,5.0,5.0,13.0,1704.0,8500.0,2838.0,6336.0,3204.0,3204.0,2.0,3.0,0.4636,477.0,,0.422,0.4947,3818793.0,3895248.0,12.0,1022.0,0.3529,0.20361991,0.134920635,0.592067989,0.733333333,22250.0,13382.0,12000.0,14000.0,46789.0,10300.0,29462.0,65716.0,67100.0,37681.0,6200.0,23561.0,53072.0,60700.0,0.3194,Central Baptist College,Conway,0.5922,0.4225
16440.0,16440.0,,17236.0,,,,,,15388.0,15291.0,18265.0,17590.0,20942.0,5.0,5.0,41.0,800.0,7900.0,3987.0,8900.0,4317.0,3717.0,2.0,3.0,,162.0,,0.48,0.645,1601349.0,1581037.0,9.0,,0.2609,0.272727273,0.290909091,0.530973451,0.551724138,26228.0,10500.0,13375.0,22500.0,39533.0,,25001.0,51374.0,,33362.0,,22700.0,46037.0,,0.1667,Crowley's Ridge College,Paragould,0.7111,0.2857
24888.0,24888.0,,20579.0,,,,,,16473.0,16466.0,18528.0,22084.0,23563.0,5.0,5.0,32.0,512.0,9940.0,3958.0,8924.0,7916.0,4884.0,2.0,3.0,1.0,3323.0,,0.1922,0.3951,219637477.0,212023311.0,16.0,1187.0,0.7094,0.586021505,0.626530612,0.688432836,0.762195122,26500.0,22214.0,23125.0,21480.0,52876.0,9000.0,34804.0,76562.0,77800.0,43555.0,8600.0,28627.0,59686.0,60000.0,0.5525,Harding University,Searcy,0.8663,0.6808
7885.0,9882.0,16929.0,,15236.0,15087.0,19426.0,17869.0,19082.0,,,,,,5.0,5.0,32.0,2676.0,10680.0,7600.0,8562.0,8028.0,8028.0,1.0,3.0,0.8192,1491.0,,0.477,0.4466,24967380.0,26351693.0,17.0,,0.3805,0.336864407,0.367408907,0.597329585,0.817073171,19500.0,12000.0,11878.0,12000.0,43459.0,10100.0,27855.0,60051.0,67300.0,35194.0,7600.0,20589.0,49691.0,50400.0,0.29,Henderson State University,Arkadelphia,0.5935,0.3839
36650.0,36650.0,,23409.0,,,,,,17343.0,21032.0,21853.0,25645.0,26203.0,5.0,5.0,13.0,1100.0,14300.0,3394.0,11056.0,3394.0,3394.0,2.0,3.0,0.5298,1094.0,,0.2341,0.4479,219548953.0,203248997.0,11.0,1336.0,0.6923,0.619402985,0.657243816,0.737752161,0.833333333,26688.0,19488.0,20750.0,19500.0,60376.0,11900.0,37323.0,84322.0,75800.0,39913.0,5200.0,26035.0,54929.0,50200.0,0.6183,Hendrix College,Conway,0.7824,0.734
30832.0,30832.0,,21144.0,,,,,,17732.0,18333.0,19073.0,21672.0,24817.0,5.0,5.0,32.0,800.0,10258.0,2820.0,2500.0,2850.0,2850.0,2.0,3.0,0.6764,1415.0,,0.2138,0.3615,156626155.0,160259289.0,16.0,1222.0,0.6677,0.626146789,0.662870159,0.743329098,0.836111111,21250.0,15735.0,17489.0,16750.0,53907.0,11800.0,36159.0,85072.0,106800.0,46114.0,12300.0,28517.0,73237.0,75000.0,0.5969,John Brown University,Siloam Springs,0.8421,0.7207
32480.0,32480.0,,22355.0,,,,,,19709.0,19326.0,20813.0,23238.0,23523.0,5.0,5.0,32.0,1100.0,9240.0,4678.0,8928.0,7910.0,4878.0,2.0,3.0,0.6852,1612.0,,0.226,0.485,137304252.0,129521253.0,12.0,1212.0,0.703,0.626062323,0.538709677,0.660550459,0.726495727,21050.0,14750.0,14550.0,15000.0,51673.0,8500.0,34167.0,70232.0,77700.0,41697.0,7700.0,25947.0,57890.0,55300.0,0.6157,Ouachita Baptist University,Arkadelphia,0.827,0.6642
25950.0,25950.0,,13630.0,,,,,,10780.0,10743.0,13810.0,13331.0,19376.0,5.0,5.0,33.0,,9490.0,2475.0,9490.0,2475.0,2475.0,2.0,3.0,0.5814,753.0,,0.3597,0.4349,126791516.0,134710303.0,13.0,1088.0,0.5176,0.405405405,0.409090909,0.591928251,0.756097561,20875.0,10900.0,9500.0,13000.0,44384.0,3600.0,32523.0,60124.0,62900.0,37651.0,5900.0,22363.0,49910.0,44700.0,0.4118,University of the Ozarks,Clarksville,0.7289,0.4928
13014.0,13014.0,,15360.0,,,,,,15661.0,14460.0,15092.0,20335.0,,5.0,5.0,12.0,1200.0,10000.0,4312.0,14376.0,5778.0,5778.0,2.0,3.0,,842.0,,0.7139,0.6268,14988232.0,16416186.0,12.0,,0.3231,0.258426966,0.394904459,0.389261745,0.482014389,24736.0,15000.0,14000.0,15000.0,38427.0,6200.0,19226.0,51858.0,57200.0,25254.0,4600.0,14037.0,39896.0,40800.0,0.1877,Philander Smith University,Little Rock,0.6728,0.3059
20330.0,20330.0,,15875.0,,,,,,13498.0,16882.0,14728.0,18651.0,18456.0,5.0,5.0,42.0,1250.0,8980.0,3310.0,7700.0,3930.0,3200.0,2.0,3.0,0.5888,490.0,,0.4715,0.4733,12875667.0,13119341.0,12.0,1018.0,0.3592,0.341935484,0.413793103,0.60483871,0.552238806,21820.0,8411.0,10000.0,11500.0,38484.0,8400.0,24778.0,50005.0,61900.0,38067.0,6700.0,26619.0,50165.0,46800.0,0.2624,Williams Baptist University,Walnut Ridge,0.4965,0.3254
9820.0,15400.0,15944.0,,14823.0,15172.0,15686.0,19378.0,18896.0,,,,,,5.0,5.0,33.0,1600.0,7601.0,6619.0,7601.0,8240.0,7149.0,1.0,3.0,0.6659,2865.0,,0.446,0.6668,62613250.0,55990064.0,16.0,1050.0,0.465,0.392094017,0.421856639,0.529314616,0.690866511,18750.0,14000.0,12013.0,11278.0,42386.0,9800.0,25370.0,61851.0,70600.0,37008.0,7100.0,21462.0,52918.0,56200.0,0.3014,Southern Arkansas University Main Campus,Magnolia,0.6913,0.3864
6906.0,13770.0,10097.0,,8450.0,9256.0,11856.0,13295.0,13335.0,,,,,,5.0,5.0,13.0,1368.0,9799.0,5064.0,12190.0,5064.0,5064.0,1.0,3.0,0.8147,4133.0,,0.3914,0.2817,104427695.0,110335426.0,20.0,1050.0,0.3696,0.283519553,0.333530106,0.521542881,0.655086849,18250.0,10965.0,10250.0,11000.0,41102.0,6000.0,24344.0,61170.0,62300.0,35925.0,6200.0,22372.0,51417.0,50400.0,0.0265,University of Arkansas-Fort Smith,Fort Smith,0.7163,0.2444
28024.0,28024.0,,39778.0,,,,,,37962.0,37492.0,40285.0,44633.0,41099.0,6.0,8.0,11.0,938.0,23746.0,2871.0,19431.0,4428.0,3609.0,3.0,3.0,,4131.0,,0.4176,0.5049,,,15.0,,0.4046,0.100392842,0.187649402,0.306782917,0.496373892,31000.0,10500.0,11000.0,12000.0,39008.0,5900.0,17463.0,65466.0,90600.0,30452.0,4400.0,13368.0,52293.0,65900.0,0.0788,Academy of Art University,San Francisco,0.6725,0.4052
51640.0,51640.0,,50209.0,,,,,,42545.0,40905.0,46301.0,52165.0,60976.0,6.0,8.0,12.0,4000.0,,,17272.0,6984.0,6984.0,2.0,3.0,0.7498,2054.0,,0.245,0.3564,127039000.0,137353000.0,8.0,,0.8261,0.590214067,0.685628743,0.600858369,0.646929825,31000.0,28500.0,26800.0,23288.0,71958.0,7600.0,28421.0,125307.0,114700.0,53562.0,6200.0,19313.0,89947.0,92100.0,0.387,Art Center College of Design,Pasadena,0.8221,0.8276
43600.0,43600.0,,19798.0,,,,,,17839.0,19271.0,20848.0,21641.0,23832.0,6.0,8.0,21.0,938.0,9724.0,3530.0,20234.0,5392.0,4636.0,2.0,3.0,0.7948,2977.0,,0.3465,0.4648,89461386.0,90358715.0,10.0,1155.0,0.6442,0.524090909,0.595446585,0.579739508,0.619402985,23219.0,20500.0,21000.0,18500.0,66677.0,10100.0,38819.0,98212.0,92800.0,56794.0,9300.0,31057.0,86635.0,83100.0,0.4923,Azusa Pacific University,Azusa,0.8373,0.7244
7220.0,7220.0,,8388.0,,,,,,7543.0,8387.0,,,11766.0,6.0,8.0,11.0,400.0,,,11066.0,6000.0,5100.0,2.0,3.0,,212.0,,0.25,0.1543,,,11.0,,0.1818,,0.318181818,0.292682927,PS,9000.0,,,,,,,,,37397.0,,,49838.0,,0.0833,Bethesda University,Anaheim,0.5455,0.1525
46704.0,46704.0,,28101.0,,,,,,23001.0,21504.0,25038.0,28830.0,35263.0,6.0,8.0,21.0,1200.0,11234.0,3868.0,11234.0,3868.0,3868.0,2.0,3.0,0.6008,3390.0,,0.2601,0.4467,152137916.0,146197897.0,14.0,1258.0,0.6881,0.625284738,0.710470085,0.701612903,0.784412956,23875.0,19500.0,19500.0,18375.0,56778.0,6000.0,32980.0,83447.0,84500.0,45752.0,7200.0,25474.0,66438.0,70300.0,0.5541,Biola University,La Mirada,0.8526,0.7115
,,,,,,,,,,,,,,6.0,8.0,11.0,,,,,,,2.0,3.0,,57.0,,0.5402,0.4943,1532318.0,1599818.0,17.0,,,0.68,0.666666667,0.43902439,0.42,18750.0,18750.0,,,48848.0,,20122.0,84435.0,,56360.0,,28446.0,77296.0,,,California Institute of Integral Studies,San Francisco,,
39720.0,39720.0,,27384.0,,,,,,23788.0,24409.0,23799.0,28057.0,34648.0,6.0,8.0,11.0,938.0,11630.0,3610.0,20234.0,5472.0,4716.0,2.0,3.0,0.7357,7914.0,,0.4096,0.6258,119106756.0,133075937.0,20.0,,0.5953,0.510648148,0.580823293,0.48149591,0.590443686,26063.0,21500.0,21542.0,19000.0,61504.0,8700.0,34450.0,88303.0,76500.0,52336.0,7000.0,30550.0,77547.0,71600.0,0.425,California Baptist University,Riverside,0.7421,0.5981
57946.0,57946.0,,42168.0,,,,,,32800.0,28423.0,42404.0,44139.0,52438.0,6.0,8.0,11.0,1500.0,21165.0,3798.0,21408.0,4509.0,5229.0,2.0,3.0,0.734,1004.0,,0.2474,0.4564,43266000.0,39736000.0,7.0,,0.5872,0.562189055,0.632142857,0.621052632,0.686217009,27000.0,23875.0,24620.0,14460.0,49414.0,3300.0,18349.0,93969.0,100300.0,38308.0,6300.0,16463.0,69267.0,68800.0,0.3915,California College of the Arts,San Francisco,0.5737,0.6833
63255.0,63255.0,,18902.0,,,,,,1667.0,1023.0,7003.0,22073.0,56275.0,6.0,8.0,12.0,1428.0,19503.0,2700.0,19431.0,6192.0,5220.0,2.0,3.0,0.0314,1023.0,,0.1487,0.0356,3390504000.0,3598221000.0,3.0,,0.9316,0.810344828,,PS,PS,,,,,128566.0,19900.0,78105.0,225460.0,189000.0,132140.0,,68345.0,265789.0,,0.7863,California Institute of Technology,Pasadena,0.9777,0.9542
50670.0,50670.0,,26433.0,,,,,,17414.0,18518.0,23759.0,23547.0,32409.0,6.0,8.0,12.0,936.0,17734.0,4046.0,19431.0,6260.0,5288.0,2.0,3.0,0.8888,2374.0,,0.3016,0.7776,143062043.0,133747441.0,13.0,1224.0,0.7402,0.69241573,0.653731343,0.645957447,0.712,21669.0,18750.0,20148.0,17500.0,68712.0,13200.0,44592.0,96084.0,96300.0,54981.0,10000.0,33476.0,77304.0,71900.0,0.665,California Lutheran University,Thousand Oaks,0.8056,0.7445
11075.0,30995.0,15624.0,,6476.0,6904.0,11372.0,18032.0,26920.0,,,,,,6.0,8.0,23.0,1089.0,17220.0,2937.0,18042.0,2937.0,2937.0,1.0,3.0,0.2975,21521.0,,0.1832,0.2349,243030195.0,265257622.0,18.0,,0.8519,0.762199563,0.777699613,0.828273245,0.883333333,18500.0,15000.0,15911.0,15450.0,90768.0,15700.0,58977.0,132118.0,112300.0,72358.0,13800.0,47243.0,98611.0,81700.0,0.6115,California Polytechnic State University-San Luis Obispo,San Luis Obispo,0.9521,0.8661
7696.0,19576.0,5825.0,,3070.0,3977.0,6183.0,10935.0,16810.0,,,,,,6.0,8.0,11.0,1068.0,14430.0,3782.0,16316.0,6424.0,5124.0,1.0,3.0,0.8819,8183.0,,0.612,0.2512,35096739.0,37162254.0,16.0,,0.4931,0.125161847,0.31122449,0.486368226,0.583333333,16600.0,11000.0,11000.0,13000.0,59009.0,11500.0,34128.0,84724.0,81900.0,44282.0,8500.0,25338.0,66441.0,67500.0,0.2762,California State University-Bakersfield,Bakersfield,0.7972,0.521
7826.0,19706.0,5671.0,,3218.0,3946.0,6347.0,10199.0,16815.0,,,,,,6.0,8.0,23.0,1038.0,12728.0,3714.0,19752.0,5632.0,5068.0,1.0,3.0,0.9747,8564.0,,0.5531,0.2266,17521345.0,18609524.0,16.0,,0.58,0.535947712,0.609453878,0.57329105,0.658872077,13540.0,11000.0,10986.0,13080.0,63188.0,9000.0,39410.0,86094.0,75100.0,47793.0,6300.0,28638.0,66925.0,63000.0,0.2562,California State University-Stanislaus,Turlock,0.8017,0.627
7675.0,19555.0,5918.0,,3298.0,4311.0,6381.0,10337.0,15250.0,,,,,,6.0,8.0,12.0,788.0,12996.0,3738.0,17005.0,6321.0,4572.0,1.0,3.0,0.9825,15771.0,,0.5713,0.2337,46844837.0,51226531.0,19.0,,0.5465,0.547338569,0.637971391,0.462559745,0.531952145,14715.0,12500.0,11000.0,14253.0,59977.0,10000.0,36326.0,83589.0,81000.0,43149.0,7200.0,25384.0,64033.0,66500.0,0.2396,California State University-San Bernardino,San Bernardino,0.7764,0.6168
7439.0,19319.0,11580.0,,7599.0,8192.0,11196.0,15145.0,20829.0,,,,,,6.0,8.0,21.0,995.0,16330.0,4041.0,17936.0,5927.0,4690.0,1.0,3.0,0.737,24271.0,,0.4603,0.2526,149864736.0,165987591.0,23.0,,0.6674,0.625288536,0.716670327,0.669321971,0.77179236,16000.0,12500.0,12829.0,15000.0,71902.0,12700.0,45083.0,100593.0,96700.0,54466.0,9900.0,31827.0,78996.0,71900.0,0.2912,California State Polytechnic University-Pomona,Pomona,0.8814,0.7398
8064.0,19944.0,14838.0,,10045.0,10612.0,13937.0,18380.0,23572.0,,,,,,6.0,8.0,12.0,1052.0,16020.0,2894.0,11280.0,4668.0,4454.0,1.0,3.0,0.9372,13057.0,,0.4008,0.3306,81761062.0,88694074.0,20.0,,0.6363,0.617200217,0.685462555,0.652642276,0.723020258,16552.0,13500.0,14000.0,15000.0,64172.0,11100.0,41693.0,95212.0,91400.0,50493.0,8500.0,31136.0,75163.0,71500.0,0.3312,California State University-Chico,Chico,0.8371,0.6799
7064.0,18944.0,3659.0,,2624.0,2970.0,4942.0,8028.0,12878.0,,,,,,6.0,8.0,13.0,1106.0,16886.0,3714.0,20258.0,7546.0,5278.0,1.0,3.0,0.9132,12642.0,,0.6104,0.1956,22480427.0,24210274.0,18.0,,0.4685,0.552723059,0.578516903,0.44312584,0.522940563,13807.0,12000.0,11000.0,12524.0,57162.0,9700.0,33459.0,82789.0,80600.0,46827.0,7500.0,27098.0,67371.0,70900.0,0.1774,California State University-Dominguez Hills,Carson,0.6562,0.5695
6980.0,18860.0,6480.0,,4447.0,4858.0,7220.0,11299.0,16580.0,,,,,,6.0,8.0,11.0,938.0,11634.0,4198.0,15684.0,5805.0,5461.0,1.0,3.0,0.9638,21070.0,,0.5573,0.1978,199855793.0,218194842.0,18.0,,0.5482,0.511571745,0.61487779,0.570428853,0.655320555,14505.0,11750.0,11000.0,14661.0,61244.0,10000.0,38091.0,84801.0,83800.0,44012.0,7600.0,26799.0,66013.0,64400.0,0.2471,California State University-Fresno,Fresno,0.7778,0.6141
7073.0,18953.0,5646.0,,2675.0,3466.0,5438.0,9101.0,14831.0,,,,,,6.0,8.0,21.0,965.0,18348.0,4254.0,18464.0,5919.0,5174.0,1.0,3.0,0.8674,36956.0,,0.4714,0.2206,125170390.0,130879802.0,22.0,,0.6922,0.662209529,0.729172471,0.645858933,0.717306186,13750.0,10957.0,11000.0,14500.0,62951.0,10800.0,39060.0,89304.0,88000.0,48558.0,8500.0,28456.0,71487.0,65900.0,0.3624,California State University-Fullerton,Fullerton,0.8499,0.7574
7055.0,18935.0,11276.0,,8059.0,8500.0,11087.0,15190.0,20930.0,,,,,,6.0,8.0,21.0,1003.0,16480.0,3978.0,21375.0,6853.0,4477.0,1.0,3.0,0.9681,10422.0,,0.4357,0.2857,22543520.0,30043027.0,17.0,,0.4551,0.510668563,0.565558912,0.539013882,0.659496327,16544.0,12500.0,13000.0,13000.0,71401.0,10800.0,45094.0,103383.0,97900.0,55546.0,8400.0,30765.0,83938.0,77200.0,0.1773,California State University-East Bay,Hayward,0.7857,0.5306
7008.0,18888.0,8931.0,,5477.0,6191.0,9063.0,12787.0,18575.0,,,,,,6.0,8.0,11.0,1490.0,15612.0,4306.0,17166.0,5948.0,4732.0,1.0,3.0,0.4712,34131.0,,0.4932,0.2414,108177617.0,115393604.0,19.0,,0.6986,0.717224745,0.776177618,0.656929991,0.731327049,14289.0,12000.0,11000.0,13646.0,64403.0,11400.0,38902.0,91639.0,88000.0,50062.0,9100.0,28776.0,72747.0,68900.0,0.3794,California State University-Long Beach,Long Beach,0.853,0.7825
6813.0,18698.0,4113.0,,2855.0,3231.0,5373.0,8813.0,14599.0,,,,,,6.0,8.0,11.0,1011.0,18658.0,6858.0,19539.0,6670.0,5290.0,1.0,3.0,0.9193,21478.0,,0.6605,0.204,55013887.0,58107987.0,19.0,,0.5257,0.515903927,0.616604478,0.523460961,0.621408712,13000.0,11500.0,11157.0,13368.0,59211.0,11700.0,36906.0,83961.0,81700.0,45702.0,8100.0,26242.0,67251.0,70000.0,0.2109,California State University-Los Angeles,Los Angeles,0.7287,0.5632
7095.0,18975.0,7599.0,,5153.0,6277.0,8897.0,13510.0,18688.0,,,,,,6.0,8.0,11.0,1284.0,12648.0,3244.0,20306.0,4430.0,3976.0,1.0,3.0,0.9315,32357.0,,0.5599,0.2263,198276391.0,216555272.0,21.0,,0.5618,0.565212565,0.64083045,0.560236432,0.656920078,13872.0,11333.0,11000.0,13717.0,59115.0,9800.0,34394.0,85290.0,84800.0,44372.0,7700.0,24996.0,66136.0,65200.0,0.2497,California State University-Northridge,Northridge,0.744,0.5951
7602.0,19482.0,10512.0,,7306.0,8214.0,10861.0,14618.0,20649.0,,,,,,6.0,8.0,11.0,1112.0,16278.0,4426.0,21042.0,5488.0,5116.0,1.0,3.0,0.9362,27867.0,,0.4863,0.2485,66309218.0,74604629.0,21.0,,0.5582,0.583096485,0.637906648,0.587318208,0.684711997,15000.0,12500.0,11250.0,13000.0,64876.0,11900.0,43257.0,89789.0,90700.0,51074.0,9000.0,31683.0,71620.0,70000.0,0.2585,California State University-Sacramento,Sacramento,0.8107,0.6258
14850.0,45627.0,14979.0,,5895.0,7751.0,11424.0,18713.0,35154.0,,,,,,6.0,8.0,12.0,1273.0,22692.0,6238.0,17614.0,6580.0,15898.0,1.0,3.0,0.1166,33073.0,,0.2733,0.1823,2727165000.0,2976911000.0,18.0,,0.9289,0.751293996,0.743494424,0.757100882,0.822977346,13000.0,11000.0,11000.0,13000.0,92446.0,16200.0,58247.0,153111.0,149700.0,74919.0,9200.0,43734.0,118096.0,95700.0,0.8078,University of California-Berkeley,Berkeley,0.9675,0.9407
15247.0,46024.0,15288.0,,8594.0,9472.0,12304.0,17988.0,31258.0,,,,,,6.0,8.0,23.0,1381.0,19068.0,5359.0,13076.0,5865.0,15157.0,1.0,3.0,0.4163,31777.0,,0.3078,0.2322,634651000.0,681104000.0,21.0,,0.8507,0.762075134,0.81337421,0.778763371,0.842318841,13000.0,11000.0,11000.0,12204.0,80838.0,16900.0,53021.0,122634.0,117500.0,58461.0,9200.0,35610.0,85701.0,76900.0,0.6857,University of California-Davis,Davis,0.9337,0.8824
14237.0,45014.0,12840.0,,6485.0,8044.0,11769.0,16809.0,29595.0,,,,,,6.0,8.0,11.0,1550.0,18423.0,4841.0,16216.0,5907.0,14225.0,1.0,3.0,0.2557,29494.0,,0.3729,0.2181,723966000.0,795885000.0,18.0,,0.8595,0.787461459,0.749405234,0.749331551,0.813683413,15000.0,13000.0,13300.0,15000.0,80735.0,15600.0,54469.0,117372.0,108500.0,56210.0,8700.0,33901.0,84215.0,73500.0,0.7326,University of California-Irvine,Irvine,0.9379,0.8477
13747.0,44524.0,14013.0,,6864.0,8731.0,11065.0,17250.0,30481.0,,,,,,6.0,8.0,11.0,1574.0,17148.0,5562.0,17436.0,6320.0,15243.0,1.0,3.0,0.0873,33040.0,,0.271,0.2069,2903804000.0,3161632000.0,18.0,,0.9266,0.790731205,0.824773414,0.752297469,0.807714017,14000.0,11723.0,12538.0,14339.0,82511.0,13900.0,55896.0,126452.0,128000.0,59063.0,8600.0,33185.0,89122.0,82500.0,0.8571,University of California-Los Angeles,Los Angeles,0.9676,0.9285
14170.0,44947.0,13707.0,,8240.0,9615.0,12449.0,17297.0,29624.0,,,,,,6.0,8.0,11.0,1748.0,19433.0,4934.0,13781.0,5752.0,14130.0,1.0,3.0,0.633,22644.0,,0.4669,0.3281,236970000.0,251874000.0,23.0,,0.7656,0.69415219,0.626283847,0.628176969,0.69645952,17500.0,13757.0,14750.0,15449.0,67699.0,12600.0,42680.0,95385.0,92800.0,48593.0,8200.0,27763.0,71922.0,61800.0,0.6524,University of California-Riverside,Riverside,0.8819,0.7774
15265.0,46042.0,11750.0,,7487.0,7864.0,10389.0,17131.0,28113.0,,,,,,6.0,8.0,11.0,1307.0,17198.0,4735.0,15566.0,5546.0,14299.0,1.0,3.0,0.2452,33787.0,,0.3289,0.2412,1196455000.0,1358323000.0,19.0,,0.8763,0.834979523,0.860964912,0.783593957,0.842316975,15500.0,14552.0,14800.0,14792.0,84943.0,17800.0,57071.0,127245.0,122700.0,65669.0,8600.0,38807.0,96246.0,76200.0,0.7492,University of California-San Diego,La Jolla,0.9392,0.9062
14965.0,45742.0,13825.0,,7745.0,8910.0,11398.0,16839.0,30085.0,,,,,,6.0,8.0,22.0,1482.0,18684.0,5456.0,15416.0,6076.0,15232.0,1.0,3.0,0.2778,23205.0,,0.2799,0.2021,352376000.0,377029000.0,17.0,,0.8533,0.530453448,0.64837002,0.69507676,0.753413655,13993.0,11167.0,11668.0,12000.0,74915.0,13500.0,49095.0,111078.0,104800.0,56852.0,9100.0,34995.0,81447.0,68200.0,0.7328,University of California-Santa Barbara,Santa Barbara,0.9191,0.8627
14560.0,45337.0,16607.0,,9472.0,10114.0,13001.0,18786.0,32674.0,,,,,,6.0,8.0,13.0,1315.0,18785.0,5646.0,16697.0,6264.0,15181.0,1.0,3.0,0.6254,17812.0,,0.3175,0.2943,145468000.0,151245000.0,22.0,,0.7445,0.71414791,0.693739968,0.70111468,0.748792271,16666.0,14710.0,14876.0,13080.0,68396.0,10900.0,41808.0,102779.0,90100.0,49716.0,6600.0,27574.0,77721.0,61300.0,0.6086,University of California-Santa Cruz,Santa Cruz,0.8967,0.7922
,,,,,,,,,,,,,,6.0,8.0,13.0,,,,,,,3.0,3.0,,7.0,,0.5,0.6,,,11.0,,,,,PS,PS,,,,,,,,,,,,,,,,Sofia University,Palo Alto,,
56724.0,56724.0,,47183.0,,,,,,33802.0,37082.0,35788.0,44448.0,59106.0,6.0,8.0,21.0,938.0,12820.0,6826.0,18600.0,9045.0,8064.0,2.0,3.0,0.2595,881.0,,0.2213,0.3404,215891775.0,221602626.0,7.0,,0.6415,0.724137931,0.649746193,0.641025641,0.647887324,25000.0,20000.0,17313.0,14000.0,41198.0,5400.0,13878.0,89495.0,96900.0,28018.0,4300.0,11269.0,58797.0,66500.0,0.4292,California Institute of the Arts,Valencia,0.8624,0.7193
7672.0,19552.0,17555.0,,11357.0,12148.0,16648.0,16533.0,24740.0,,,,,,6.0,8.0,12.0,1032.0,13976.0,7382.0,13852.0,8761.0,8404.0,1.0,3.0,0.9873,761.0,,0.2871,0.4332,12264913.0,15866246.0,10.0,,0.6682,0.624390244,0.641025641,0.791780822,0.919786096,24965.0,16356.0,15459.0,17534.0,94784.0,18800.0,63941.0,134253.0,141200.0,84676.0,10100.0,52183.0,116881.0,122900.0,0.4978,California State University Maritime Academy,Vallejo,0.7586,0.7045
62784.0,62784.0,,47527.0,,,,,,37985.0,40713.0,39414.0,42194.0,54519.0,6.0,8.0,12.0,1600.0,17378.0,3318.0,15100.0,4068.0,4068.0,2.0,3.0,0.5561,7629.0,,0.1974,0.62,608097000.0,668428000.0,12.0,1353.0,0.8036,0.764705882,0.744985673,0.618353345,0.731807032,20500.0,19000.0,18750.0,16851.0,70070.0,10700.0,42691.0,100753.0,90100.0,58080.0,9700.0,32459.0,82287.0,76500.0,0.7069,Chapman University,Orange,0.8999,0.8014
18933.0,18933.0,,27789.0,,,,,,30176.0,25714.0,29238.0,,,6.0,8.0,21.0,938.0,,,27900.0,10100.0,13950.0,2.0,3.0,0.3878,233.0,,0.313,0.687,103121400.0,107439500.0,4.0,,0.5,0.845070423,0.708333333,0.386792453,0.511627907,18750.0,16902.0,15010.0,11250.0,83438.0,7900.0,46338.0,133748.0,136200.0,60939.0,13800.0,,106460.0,123100.0,0.4375,Charles R Drew University of Medicine and Science,Los Angeles,0.7857,
41390.0,41390.0,,28046.0,,,,,,23532.0,21767.0,25220.0,28615.0,33909.0,6.0,8.0,11.0,900.0,13330.0,4070.0,18400.0,6270.0,5370.0,2.0,3.0,0.5986,1456.0,,0.2295,0.5091,47999681.0,56461674.0,13.0,,0.625,0.61208577,0.570671378,0.642936596,0.78342246,24247.0,18750.0,20000.0,18667.0,65083.0,8600.0,39043.0,96875.0,84300.0,53777.0,7400.0,31453.0,80697.0,67600.0,0.5396,Concordia University-Irvine,Irvine,0.7558,0.6856
26300.0,26300.0,,7871.0,,,,,,2310.0,27224.0,30336.0,,,6.0,8.0,21.0,1000.0,11080.0,5422.0,18990.0,5422.0,4445.0,2.0,3.0,0.6281,91.0,,0.1605,0.1639,685207.0,693502.0,10.0,,0.2353,0.234615385,0.338028169,0.391025641,0.54248366,24941.0,15750.0,12500.0,12000.0,49766.0,3600.0,22595.0,80011.0,75800.0,39848.0,6400.0,22211.0,60111.0,52300.0,0.1569,San Diego Christian College,Santee,0.127,0.2794
64150.0,64150.0,,27384.0,,,,,,13267.0,13756.0,14929.0,22145.0,49293.0,6.0,8.0,21.0,1200.0,19650.0,1500.0,19650.0,1500.0,10590.0,2.0,3.0,0.1112,1379.0,,0.1948,0.1941,1224986000.0,1206468000.0,8.0,1514.0,0.9517,0.866141732,0.891089109,0.880434783,PS,13500.0,13500.0,11500.0,11948.0,104736.0,18200.0,66067.0,182223.0,164000.0,87603.0,14600.0,55065.0,127349.0,94400.0,0.821,Claremont McKenna College,Claremont,0.9627,0.93
22480.0,22480.0,,30799.0,,,,,,28028.0,26638.0,27593.0,36361.0,34376.0,6.0,8.0,11.0,834.0,19142.0,3816.0,17272.0,5784.0,4920.0,3.0,3.0,0.5131,377.0,,0.4749,0.7177,,,13.0,,0.3492,0.364864865,0.445595855,0.405405405,0.5,31000.0,15750.0,17522.0,20751.0,51017.0,,27722.0,,,39802.0,,16651.0,62521.0,,0.2698,University of Silicon Valley,San Jose,0.5833,0.4486
26175.0,26175.0,,30320.0,,,,,,30658.0,27458.0,30758.0,,30319.0,6.0,8.0,11.0,1080.0,,,16578.0,4635.0,4635.0,2.0,3.0,,149.0,,0.474,0.6055,,,9.0,,0.4842,0.430921053,0.604166667,0.32173913,0.339449541,25000.0,12000.0,13279.0,15907.0,42014.0,,18032.0,64671.0,,33350.0,4600.0,15419.0,47618.0,62800.0,0.3913,California College of ASU,Los Angeles,0.3636,0.5325
29350.0,29350.0,,31293.0,,,,,,28154.0,,,25392.0,42093.0,6.0,8.0,11.0,938.0,,,19431.0,6192.0,5220.0,3.0,3.0,0.875,92.0,,0.5484,0.5699,,,7.0,,0.5,0.473684211,0.568627451,0.609022556,PS,36844.0,29425.0,,,46920.0,2800.0,24270.0,75601.0,66700.0,46916.0,5600.0,25219.0,66597.0,59100.0,0.5,Design Institute of San Diego,San Diego,0.7143,0.5
50666.0,50666.0,,50218.0,,,,,,45630.0,46430.0,46242.0,49460.0,54480.0,6.0,8.0,13.0,1152.0,15986.0,3122.0,17784.0,4931.0,4445.0,2.0,3.0,0.9562,1178.0,,0.2958,0.5477,30059220.0,30807092.0,8.0,1194.0,0.7627,0.705882353,0.716216216,0.643222506,0.725252525,27000.0,23375.0,21769.0,25624.0,84713.0,9700.0,54435.0,132065.0,124200.0,71477.0,11900.0,41935.0,112916.0,103400.0,0.6059,Dominican University of California,San Rafael,0.8837,0.7738
35558.0,35558.0,,14317.0,,,,,,13059.0,11874.0,11116.0,15205.0,20235.0,6.0,8.0,11.0,1080.0,10148.0,2609.0,11164.0,3784.0,3225.0,2.0,3.0,0.5752,1614.0,,0.5872,0.4725,18810594.0,19748127.0,8.0,,0.5594,0.5496614,0.464739884,0.465943339,0.553323029,23146.0,19500.0,19000.0,18750.0,58896.0,7600.0,36450.0,81151.0,73300.0,51422.0,7200.0,29815.0,70535.0,58700.0,0.4356,Fresno Pacific University,Fresno,0.8052,0.7073
31243.0,31243.0,,,,,,,,,,,,,6.0,8.0,11.0,1920.0,,,13200.0,4400.0,4400.0,2.0,3.0,,550.0,,0.2196,0.1797,43299581.0,46204562.0,10.0,,,0.393939394,0.512195122,0.478827362,0.571428571,29875.0,18750.0,23000.0,18797.0,87434.0,18200.0,50211.0,133774.0,122800.0,81704.0,14100.0,54336.0,129103.0,127100.0,,Golden Gate University,San Francisco,,
66255.0,66255.0,,32492.0,,,,,,17340.0,6818.0,18937.0,18551.0,52642.0,6.0,8.0,21.0,800.0,21710.0,1400.0,11182.0,1400.0,4063.0,2.0,3.0,0.1306,915.0,,0.141,0.3482,401525407.0,412997574.0,8.0,1537.0,0.9375,0.907407407,,PS,PS,25000.0,19000.0,26500.0,19500.0,138687.0,24500.0,79299.0,208094.0,146900.0,115107.0,14900.0,77522.0,183263.0,115800.0,0.7813,Harvey Mudd College,Claremont,0.9662,0.9439
7913.0,19793.0,13167.0,,8090.0,9623.0,13095.0,17692.0,22695.0,,,,,,6.0,8.0,33.0,836.0,13166.0,3742.0,13980.0,3742.0,3742.0,1.0,3.0,0.9883,5491.0,,0.4571,0.3708,29965657.0,32220457.0,14.0,,0.4663,0.498865184,0.571015888,0.52334565,0.625525947,18000.0,14283.0,15000.0,14000.0,47626.0,7100.0,27312.0,69390.0,73900.0,37382.0,5200.0,21936.0,53551.0,54700.0,0.2399,California State Polytechnic University-Humboldt,Arcata,0.7559,0.5029
14760.0,14760.0,,11410.0,,,,,,,,2534.0,,20286.0,6.0,8.0,11.0,938.0,,,19431.0,6192.0,5220.0,2.0,3.0,,178.0,,0.5535,0.5912,202645.0,407087.0,5.0,,0.5,0.348258706,0.339712919,0.169211196,0.3,35500.0,25529.0,22775.0,19917.0,39248.0,4600.0,19100.0,58278.0,62500.0,40569.0,4100.0,20383.0,57449.0,52600.0,1.0,Humphreys University-Stockton and Modesto Campuses,Stockton,1.0,1.0
20462.0,20462.0,,22343.0,,,,,,18754.0,22991.0,21317.0,28573.0,27526.0,6.0,8.0,21.0,938.0,11863.0,3978.0,19431.0,6192.0,5220.0,2.0,3.0,0.9395,393.0,,0.4861,0.6171,4376960.0,4722223.0,11.0,,0.5682,0.486187845,0.473053892,0.461187215,0.61627907,22395.0,15400.0,13458.0,12000.0,43299.0,5200.0,26248.0,68649.0,72800.0,35814.0,6100.0,17900.0,50498.0,46600.0,0.3333,Life Pacific University,San Dimas,0.5614,0.5
47000.0,47000.0,,26925.0,,,,,,26754.0,56392.0,54632.0,,44064.0,6.0,8.0,21.0,1152.0,15180.0,3122.0,17784.0,4930.0,4444.0,2.0,3.0,0.4848,3341.0,,0.4754,0.5733,122161420.0,131197961.0,11.0,1116.0,0.6545,0.540900444,0.5468649,0.443052392,0.543624161,23500.0,21950.0,21250.0,19804.0,65464.0,13200.0,41064.0,90462.0,96200.0,53806.0,10800.0,33203.0,75204.0,70700.0,0.5515,University of La Verne,La Verne,0.7634,0.7103
35650.0,35650.0,,42354.0,,,,,,36856.0,39821.0,39513.0,44804.0,45712.0,6.0,8.0,41.0,2324.0,18071.0,3528.0,20232.0,5391.0,4635.0,2.0,3.0,0.7761,776.0,,0.3141,0.465,3498204.0,4039383.0,9.0,,0.6304,0.544642857,0.575,0.54945055,0.607843137,27000.0,19500.0,19500.0,15250.0,47867.0,,23848.0,75920.0,,31987.0,5400.0,14457.0,64890.0,56500.0,0.4674,Laguna College of Art and Design,Laguna Beach,0.8348,0.7037
11420.0,11420.0,,,,,,,,,,,,,6.0,8.0,11.0,850.0,,,8400.0,1800.0,1200.0,2.0,3.0,,223.0,,0.0,0.0,,,16.0,,0.75,,,0.422222222,PS,,,,,53695.0,,23219.0,120751.0,,44602.0,,6753.0,123373.0,,0.5,Lincoln University,Oakland,1.0,0.7576
18720.0,18720.0,,,,,,,,,,,,,6.0,8.0,21.0,938.0,15471.0,3978.0,19431.0,6192.0,5220.0,2.0,3.0,,30.0,,0.3214,0.2143,115850.0,115851.0,9.0,,,,,0.4,PS,,,,,39607.0,,21065.0,75585.0,,43014.0,,31202.0,64805.0,,,Southern California Seminary,El Cajon,,
35910.0,35910.0,,26217.0,,,,,,21620.0,22930.0,25297.0,29627.0,33048.0,6.0,8.0,11.0,1350.0,11670.0,3978.0,19431.0,6183.0,7119.0,2.0,3.0,0.933,1155.0,,0.4735,0.6128,22453216.0,116875857.0,11.0,,0.6806,0.338003503,0.321144674,0.463193658,0.572327044,27000.0,22404.0,19629.0,15000.0,61824.0,6600.0,37425.0,91365.0,87100.0,42617.0,6300.0,23861.0,71506.0,74100.0,0.0355,La Sierra University,Riverside,0.8241,0.6055
,,,,,,,,,,,,,,6.0,8.0,21.0,,,,,,,2.0,3.0,,867.0,,0.3241,0.6453,533762000.0,551488000.0,3.0,,,0.88700565,0.878378378,0.755201958,0.78742515,20854.0,21000.0,18088.0,15000.0,89816.0,22600.0,57445.0,123223.0,133800.0,88185.0,27200.0,63323.0,112112.0,109400.0,,Loma Linda University,Loma Linda,,
36930.0,36930.0,,32121.0,,,,,,31026.0,27113.0,27969.0,33288.0,33808.0,6.0,8.0,21.0,938.0,13700.0,2872.0,19432.0,4428.0,3609.0,2.0,3.0,0.7589,1606.0,,0.1938,0.3841,44398271.0,52823541.0,14.0,,0.6375,0.597069597,0.58781362,0.720703125,0.795918367,20500.0,14500.0,17545.0,17500.0,57106.0,6600.0,30389.0,83256.0,90600.0,41665.0,8900.0,22014.0,63553.0,65400.0,0.4375,The Master's University and Seminary,Santa Clarita,0.8514,0.7413
58974.0,58974.0,,45723.0,,,,,,30208.0,25766.0,32869.0,39673.0,53926.0,6.0,8.0,11.0,938.0,20713.0,3978.0,21863.0,6192.0,5220.0,2.0,3.0,0.4029,7171.0,,0.1303,0.3037,637303000.0,651894000.0,11.0,,0.7978,0.711720227,0.752567694,0.747777778,0.778204144,19500.0,13950.0,15750.0,15500.0,78349.0,17300.0,48957.0,115071.0,113000.0,62763.0,10200.0,36785.0,86288.0,85000.0,0.7091,Loyola Marymount University,Los Angeles,0.8824,0.792
51070.0,51070.0,,27032.0,,,,,,17525.0,16579.0,30099.0,32519.0,36551.0,6.0,8.0,21.0,938.0,15537.0,4824.0,19432.0,5480.0,5328.0,2.0,3.0,0.6781,811.0,,0.2938,0.385,23818188.0,19668047.0,12.0,,0.5133,0.540697674,0.547297297,0.602693603,0.732824428,21750.0,13000.0,17750.0,12000.0,76419.0,11000.0,42007.0,118127.0,115800.0,60608.0,9100.0,32179.0,90334.0,72300.0,0.3067,Menlo College,Atherton,0.6968,0.5497
63949.0,63949.0,,,,,,,,,,,,,6.0,8.0,11.0,1000.0,18790.0,1800.0,18790.0,1800.0,1800.0,2.0,3.0,0.1654,542.0,,,,,,14.0,1472.0,,0.735017123,0.692244898,0.752573596,0.833333333,24250.0,21950.0,22601.0,21500.0,92538.0,18800.0,61560.0,135313.0,112700.0,78413.0,15700.0,52640.0,103012.0,85600.0,,Northeastern University Oakland,Oakland,,
,,,,,,,,,,,,,,6.0,8.0,22.0,,,,,,,2.0,3.0,,8.0,,0.0556,0.3333,165207620.0,165394536.0,1.0,,,0.882943144,0.926470588,0.837209302,0.860119048,13857.0,7303.0,11975.0,13153.0,76310.0,13900.0,48442.0,124474.0,165400.0,57291.0,14000.0,36807.0,87323.0,89700.0,,Middlebury Institute of International Studies at Monterey,Monterey,,
48132.0,48132.0,,25009.0,,,,,,17327.0,23266.0,25413.0,26738.0,36716.0,6.0,8.0,11.0,2434.0,14154.0,6970.0,16614.0,6970.0,6970.0,2.0,3.0,0.6872,1746.0,,0.5515,0.6906,157775106.0,160218110.0,11.0,,0.5342,0.580684597,0.655421687,0.519090171,0.653478854,25949.0,22375.0,23250.0,18914.0,72379.0,14300.0,44640.0,114343.0,103700.0,61335.0,11300.0,35225.0,103279.0,99700.0,0.402,Mount Saint Mary's University,Los Angeles,0.7401,0.6392
13320.0,13320.0,,31058.0,,,,,,30678.0,,,,32956.0,6.0,8.0,11.0,938.0,,,19431.0,6192.0,3978.0,2.0,3.0,,9725.0,,0.2553,0.2279,1088382165.0,1028585700.0,16.0,,0.5,0.446808511,0.452628266,0.424991298,0.495858642,25000.0,20000.0,18664.0,18000.0,67548.0,11200.0,42112.0,100253.0,91100.0,64331.0,12200.0,40275.0,93352.0,82000.0,0.6,National University,San Diego,0.5385,0.4643
30291.0,30291.0,,48616.0,,,,,,,36741.0,50500.0,51642.0,50309.0,6.0,8.0,11.0,3300.0,,,17118.0,11295.0,14445.0,3.0,3.0,1.0,212.0,,0.4629,0.6245,,,6.0,,0.5094,0.459183673,0.532467532,0.42631579,0.489795918,31000.0,30053.0,11141.0,23000.0,68891.0,,45089.0,89596.0,,57073.0,5600.0,,74038.0,59000.0,0.0755,Newschool of Architecture and Design,San Diego,0.5,0.5556
8775.0,8775.0,,,,,,,,,,,,,6.0,8.0,12.0,1210.0,9200.0,2950.0,12000.0,3000.0,3100.0,2.0,3.0,0.6939,62.0,,0.0,0.0,,,6.0,,,,,,,,,,,,,,,,,,,,,,San Francisco Bay University,Fremont,0.8125,0.2667
,,,,,,,,,,,,,,6.0,8.0,21.0,,,,,,,2.0,3.0,,14.0,,,,20664620.0,22344705.0,6.0,,0.3155,0.414330218,0.413436693,0.549465241,0.605263158,25000.0,18750.0,17500.0,12000.0,74576.0,12100.0,46641.0,108134.0,96200.0,57676.0,9300.0,32220.0,81420.0,82000.0,0.3155,Notre Dame de Namur University,Belmont,,0.5497
63446.0,63446.0,,39329.0,,,,,,18872.0,18801.0,17577.0,28983.0,55885.0,6.0,8.0,11.0,1240.0,18284.0,1830.0,,,,2.0,3.0,0.3989,1844.0,,0.1595,0.3875,575933105.0,604348663.0,9.0,1461.0,0.8511,0.816393443,0.858064516,0.842105263,0.862980769,23000.0,19000.0,17500.0,19248.0,75951.0,11000.0,53141.0,105789.0,94200.0,52209.0,7900.0,26670.0,72939.0,64400.0,0.7181,Occidental College,Los Angeles,0.8719,0.8291
55513.0,55513.0,,45864.0,,,,,,40358.0,39688.0,43733.0,48011.0,52546.0,6.0,8.0,11.0,938.0,17262.0,4632.0,19431.0,5289.0,3987.0,2.0,3.0,0.8398,1242.0,,0.3068,0.418,20785714.0,22800498.0,8.0,,0.6059,0.705202312,0.691099476,0.658634538,0.701183432,27000.0,21500.0,19500.0,19399.0,58152.0,8400.0,24657.0,89129.0,101500.0,43654.0,5100.0,20527.0,67669.0,68400.0,0.5172,Otis College of Art and Design,Los Angeles,0.7293,0.6859
36250.0,36250.0,,27653.0,,,,,,26641.0,34153.0,33153.0,35778.0,34403.0,6.0,8.0,21.0,938.0,13700.0,2871.0,19431.0,4428.0,3609.0,2.0,3.0,0.3539,549.0,,0.4288,0.6034,9210838.0,9369394.0,13.0,,0.4565,0.371335505,0.441489362,0.459962756,0.608391608,23000.0,17750.0,15072.0,15000.0,49697.0,6000.0,28526.0,66867.0,73700.0,36030.0,6700.0,18933.0,53016.0,64600.0,0.4565,Hope International University,Fullerton,0.6818,0.4464
,,,,,,,,,,,,,,6.0,8.0,41.0,,,,,,,2.0,3.0,,19.0,,0.1923,0.3077,672389.0,950389.0,12.0,,,0.171875,0.386666667,0.636363636,PS,20500.0,23656.0,,,83187.0,,56893.0,99108.0,,63310.0,,34326.0,90239.0,,,Palo Alto University,Palo Alto,,
33360.0,33360.0,,,,,,,,,,,,,6.0,8.0,12.0,2028.0,,,18536.0,8568.0,7504.0,2.0,3.0,0.1,346.0,,0.5503,0.7362,11442360.0,11075597.0,3.0,,,0.668,0.714285714,0.429429429,0.436893204,29105.0,23570.0,21976.0,25032.0,52485.0,11300.0,29853.0,66594.0,59700.0,47962.0,10900.0,31166.0,61356.0,56600.0,,Pacific Oaks College,Pasadena,,
35214.0,35214.0,,20979.0,,,,,,14903.0,15897.0,18211.0,20495.0,25182.0,6.0,8.0,41.0,938.0,9471.0,3979.0,19431.0,4428.0,5221.0,2.0,3.0,0.4248,910.0,,0.3337,0.5932,31215552.0,32738045.0,11.0,1093.0,0.5147,0.285310734,0.45021645,0.517520216,0.647651007,27500.0,21482.0,19750.0,19500.0,70484.0,9300.0,38738.0,111035.0,110900.0,52713.0,7200.0,28917.0,94762.0,93900.0,0.3942,Pacific Union College,Angwin,0.875,0.4327
55340.0,55340.0,,25926.0,,,,,,17716.0,17411.0,20169.0,26422.0,38104.0,6.0,8.0,11.0,938.0,16688.0,3550.0,18330.0,5771.0,4418.0,2.0,3.0,0.9486,3247.0,,0.343,0.4274,568233594.0,598743846.0,14.0,1303.0,0.6782,0.641414141,0.695180723,0.659814324,0.730392157,19500.0,19500.0,18000.0,15000.0,78445.0,15900.0,50494.0,122307.0,154800.0,62672.0,11600.0,39217.0,90196.0,146200.0,0.4492,University of the Pacific,Stockton,0.8856,0.6981
66742.0,66742.0,,45409.0,,,,,,36463.0,38065.0,40201.0,42253.0,52946.0,6.0,8.0,21.0,1000.0,23270.0,2500.0,23270.0,2500.0,2500.0,2.0,3.0,0.4985,3629.0,,0.1961,0.3842,1200868000.0,1218871000.0,13.0,1367.0,0.8467,0.695652174,0.830645161,0.694278395,0.746013667,23510.0,21975.0,20500.0,19500.0,82939.0,15200.0,55698.0,126331.0,137800.0,64934.0,13400.0,40029.0,91644.0,112300.0,0.7503,Pepperdine University,Malibu,0.8596,0.8389
62692.0,62692.0,,31663.0,,,,,,9284.0,16361.0,17911.0,22791.0,49894.0,6.0,8.0,21.0,1100.0,21374.0,1300.0,16432.0,1300.0,1300.0,2.0,3.0,0.1666,1191.0,,0.1015,0.217,168248383.0,170000348.0,10.0,,0.8321,,0.891666667,0.810572687,0.842931937,16750.0,12750.0,12911.0,14000.0,69512.0,13200.0,32990.0,95186.0,90700.0,51784.0,5900.0,25217.0,76714.0,60600.0,0.6031,Pitzer College,Claremont,0.9417,0.8914
43550.0,43550.0,,50168.0,,,,,,44837.0,47378.0,49500.0,51106.0,51154.0,6.0,8.0,11.0,938.0,12850.0,3530.0,20232.0,5392.0,4636.0,2.0,3.0,0.8176,3132.0,,0.2273,0.4981,67948300.0,68120443.0,13.0,1278.0,0.7379,0.637179487,0.701724138,0.750507099,0.820678514,22990.0,18548.0,19250.0,19688.0,63998.0,11400.0,37877.0,93468.0,90300.0,54811.0,9800.0,34928.0,81902.0,75400.0,0.6812,Point Loma Nazarene University,San Diego,0.8607,0.7375
62326.0,62326.0,,19424.0,,,,,,5638.0,5444.0,5099.0,15433.0,51240.0,6.0,8.0,21.0,1100.0,20374.0,1500.0,17445.0,1500.0,1500.0,2.0,3.0,0.0676,1638.0,,0.1853,0.0793,2764972000.0,2797022000.0,7.0,1520.0,0.9319,0.919463087,0.919117647,0.808510638,PS,11782.0,5500.0,6500.0,12000.0,77779.0,17200.0,44975.0,118516.0,133700.0,60850.0,5200.0,31993.0,101961.0,81100.0,0.7129,Pomona College,Claremont,0.9587,0.9348
57614.0,57614.0,,22867.0,,,,,,21520.0,18008.0,20649.0,20500.0,32855.0,6.0,8.0,13.0,1700.0,17624.0,3536.0,17424.0,3736.0,4640.0,2.0,3.0,0.8092,2095.0,,0.3511,0.5664,232004342.0,236764512.0,11.0,1231.0,0.7068,0.647845468,0.673960613,0.626642772,0.714105794,26000.0,20656.0,23000.0,20500.0,72690.0,13900.0,44770.0,100345.0,97100.0,61686.0,11000.0,35914.0,80812.0,71700.0,0.6096,University of Redlands,Redlands,0.8146,0.7094
,,,,,,,,,,,,,,6.0,8.0,11.0,,,,,,,2.0,3.0,,712.0,,0.1776,0.6435,31463462.0,41752529.0,7.0,,,0.927835052,0.926056338,0.803951368,0.786885246,20825.0,20825.0,20825.0,20825.0,143238.0,30700.0,104570.0,182822.0,194400.0,143353.0,38600.0,105749.0,171546.0,134300.0,,Samuel Merritt University,Oakland,,
8290.0,20170.0,16174.0,,9655.0,10241.0,14205.0,18176.0,24913.0,,,,,,6.0,8.0,11.0,908.0,21630.0,3244.0,17110.0,5140.0,4800.0,1.0,3.0,0.3444,33654.0,,0.3142,0.2314,398039847.0,433927801.0,22.0,,0.7827,0.74266448,0.759723737,0.609077599,0.671617824,15000.0,12441.0,12500.0,14996.0,64909.0,12600.0,39563.0,94570.0,92000.0,52620.0,10200.0,31326.0,76668.0,70000.0,0.5665,San Diego State University,San Diego,0.9032,0.774
56444.0,56444.0,,31265.0,,,,,,17543.0,18083.0,19998.0,28397.0,46152.0,6.0,8.0,11.0,938.0,18084.0,3978.0,19431.0,6192.0,5220.0,2.0,3.0,0.4675,5619.0,,0.1935,0.3272,652516000.0,673452000.0,14.0,,0.8158,0.785326087,0.816281628,0.748659517,0.789661319,22940.0,20010.0,19911.0,18000.0,86522.0,14500.0,56511.0,125761.0,113700.0,64995.0,10200.0,40510.0,90469.0,86300.0,0.7154,University of San Diego,San Diego,0.8978,0.8038
54550.0,54550.0,,42448.0,,,,,,30283.0,38209.0,43138.0,40423.0,45384.0,6.0,8.0,11.0,1000.0,20200.0,5782.0,17200.0,6100.0,2140.0,2.0,3.0,0.5194,215.0,,0.1584,0.4751,49497000.0,51616000.0,3.0,,0.5246,,,0.508474576,PS,27000.0,,,19500.0,,,,,,23988.0,,15571.0,34387.0,,0.459,San Francisco Conservatory of Music,San Francisco,0.7381,0.7353
7424.0,19304.0,12882.0,,9307.0,10251.0,12916.0,16944.0,22813.0,,,,,,6.0,8.0,11.0,1099.0,17955.0,3978.0,19431.0,6192.0,5319.0,1.0,3.0,0.9615,20033.0,,0.414,0.2543,156882606.0,162031540.0,16.0,,0.5015,0.551049392,0.640867931,0.588930348,0.669147844,15371.0,13145.0,12500.0,13000.0,68077.0,10300.0,38781.0,100910.0,92900.0,52650.0,8700.0,28131.0,77382.0,68200.0,0.2654,San Francisco State University,San Francisco,0.8374,0.5629
58222.0,58222.0,,39495.0,,,,,,31741.0,31759.0,34211.0,39319.0,48576.0,6.0,8.0,11.0,1152.0,17300.0,4752.0,18236.0,4752.0,4350.0,2.0,3.0,0.5077,5697.0,,0.2722,0.4727,502806000.0,509622000.0,12.0,1313.0,0.7113,0.729500471,0.730337079,0.691936263,0.716783217,23000.0,19500.0,19308.0,18500.0,89812.0,18000.0,55032.0,140551.0,122100.0,69951.0,12700.0,42618.0,110657.0,110700.0,0.6368,University of San Francisco,San Francisco,0.801,0.7577
37150.0,37150.0,,25300.0,,,,,,23837.0,22404.0,18555.0,25613.0,30800.0,6.0,8.0,21.0,938.0,13249.0,3978.0,19431.0,6192.0,5220.0,2.0,3.0,0.7682,1021.0,,0.343,0.4731,5290818.0,5960097.0,9.0,,0.6071,0.498525074,0.55942029,0.562616822,0.66,23700.0,14125.0,13567.0,15000.0,56257.0,5800.0,30885.0,79790.0,73400.0,43163.0,6800.0,24597.0,62622.0,67800.0,0.4583,William Jessup University,Rocklin,0.6883,0.6207
7992.0,19872.0,13741.0,,9743.0,9863.0,12948.0,17047.0,23401.0,,,,,,6.0,8.0,11.0,938.0,19866.0,3514.0,19431.0,4910.0,4303.0,1.0,3.0,0.8023,26757.0,,0.3545,0.2075,167381342.0,182635743.0,18.0,,0.6465,0.111701041,0.36351706,0.683465286,0.779224377,15000.0,12000.0,11500.0,13000.0,78988.0,13200.0,48356.0,115546.0,107600.0,62448.0,9800.0,35996.0,90687.0,81500.0,0.3,San Jose State University,San Jose,0.8643,0.7251
59241.0,59241.0,,50959.0,,,,,,36094.0,51894.0,41599.0,30672.0,60212.0,6.0,8.0,12.0,939.0,18984.0,3978.0,19431.0,6192.0,5220.0,2.0,3.0,0.4384,6235.0,,0.1087,0.2445,1471579000.0,1478274000.0,10.0,1417.0,0.8845,0.869947276,0.838983051,0.852713178,0.887530562,19162.0,14472.0,17900.0,17000.0,109183.0,21600.0,70946.0,160882.0,139000.0,91198.0,12700.0,60802.0,123527.0,87000.0,0.8254,Santa Clara University,Santa Clara,0.9359,0.9135
63434.0,63434.0,,38802.0,,,,,,14617.0,14067.0,22440.0,28567.0,51165.0,6.0,8.0,21.0,800.0,20998.0,2000.0,21330.0,2000.0,2000.0,2.0,3.0,0.3394,1077.0,,0.1147,0.2285,460616238.0,478732014.0,11.0,1480.0,0.8712,0.776699029,0.869565217,0.864864865,PS,13500.0,9901.0,12250.0,12500.0,77539.0,9700.0,50918.0,112196.0,95900.0,68027.0,6400.0,40236.0,86125.0,56600.0,0.681,Scripps College,Claremont,0.8808,0.8267
14535.0,14535.0,,,,,,,,,,,,,6.0,8.0,13.0,900.0,4500.0,6700.0,11200.0,7900.0,4200.0,2.0,3.0,1.0,12.0,,0.5417,0.2083,39268.0,45267.0,3.0,,0.3333,,,PS,PS,,,,,28891.0,,15181.0,,,32327.0,,,48878.0,,0.0,Shasta Bible College and Graduate School,Redding,0.0,0.0
38522.0,38522.0,,27923.0,,,,,,22880.0,29551.0,25439.0,29660.0,30193.0,6.0,8.0,13.0,1200.0,11900.0,3000.0,19431.0,4428.0,3609.0,2.0,3.0,0.9903,751.0,,0.4221,0.5807,7425064.0,6836063.0,15.0,,0.4167,0.621019108,0.61618799,0.611922141,0.673202614,18750.0,12500.0,14000.0,13988.0,54340.0,5300.0,34449.0,81376.0,63200.0,51256.0,5400.0,31265.0,71788.0,58800.0,0.3438,Simpson University,Redding,0.6239,0.5114
56134.0,56134.0,,31198.0,,,,,,17981.0,17139.0,24408.0,28746.0,39616.0,6.0,8.0,21.0,938.0,16900.0,3978.0,19431.0,6192.0,5220.0,2.0,3.0,0.8858,2024.0,,0.2381,0.661,184865000.0,170597000.0,10.0,,0.6899,0.628712871,0.640601504,0.710483871,0.811349693,23691.0,23000.0,20500.0,19500.0,78812.0,15500.0,50156.0,121277.0,127400.0,60388.0,10400.0,35608.0,85317.0,76700.0,0.6062,Saint Mary's College of California,Moraga,0.8514,0.7415
8190.0,20070.0,13801.0,,9406.0,11158.0,12751.0,16423.0,22141.0,,,,,,6.0,8.0,21.0,822.0,15770.0,2492.0,19430.0,4890.0,3970.0,1.0,3.0,0.9473,5374.0,,0.3615,0.2701,50212263.0,50615917.0,15.0,,0.6052,0.60629515,0.595997837,0.653160454,0.720389805,16705.0,12000.0,13000.0,14000.0,65986.0,10900.0,42120.0,91892.0,89200.0,52179.0,9100.0,31195.0,73618.0,67100.0,0.4226,Sonoma State University,Rohnert Park,0.7532,0.6152
39950.0,39950.0,,19761.0,,,,,,14906.0,14528.0,17411.0,19543.0,27190.0,6.0,8.0,12.0,935.0,10790.0,5875.0,19430.0,6160.0,5115.0,2.0,3.0,0.647,1975.0,,0.4288,0.8406,9083226.0,16077890.0,16.0,,0.5586,0.127906977,0.473421927,0.584558824,0.646846847,22000.0,14500.0,15145.0,15460.0,59541.0,6800.0,33700.0,85469.0,90700.0,43464.0,7400.0,24295.0,69191.0,69800.0,0.5184,Vanguard University of Southern California,Costa Mesa,0.7365,0.627
53564.0,53564.0,,37535.0,,,,,,42890.0,42269.0,,,24769.0,6.0,8.0,11.0,3920.0,,,13555.0,12340.0,4714.0,2.0,3.0,0.8267,236.0,,0.212,0.228,5221000.0,5725000.0,9.0,,0.7,,,0.483146067,0.537037037,,,,,71909.0,,45640.0,97763.0,,53274.0,,28999.0,69743.0,,0.0,Southern California Institute of Architecture,Los Angeles,0.8214,0.75
68237.0,68237.0,,31927.0,,,,,,15470.0,13692.0,18993.0,29865.0,56347.0,6.0,8.0,11.0,1200.0,19198.0,1818.0,19198.0,1818.0,3690.0,2.0,3.0,0.1002,20817.0,,0.2166,0.2485,7400081000.0,7589079000.0,9.0,1501.0,0.9199,0.837837838,0.875949367,0.758777167,0.806596702,18000.0,16938.0,17000.0,15000.0,92498.0,15800.0,58692.0,141338.0,143900.0,74461.0,13500.0,43204.0,106598.0,125100.0,0.7672,University of Southern California,Los Angeles,0.965,0.9281
28700.0,28700.0,,25032.0,,,,,,16761.0,18508.0,19464.0,25048.0,28063.0,6.0,8.0,42.0,0.0,10700.0,4026.0,19430.0,6242.0,5268.0,2.0,3.0,0.7871,539.0,,0.1977,0.657,29370705.0,30685938.0,10.0,1277.0,0.8202,0.831325301,0.790697674,0.889655172,PS,18000.0,,,18000.0,55619.0,,22141.0,79990.0,,40605.0,,25129.0,52123.0,,0.7978,Thomas Aquinas College,Santa Paula,0.9209,0.8718
15072.0,15072.0,,,,,,,,,,,,,6.0,8.0,21.0,750.0,,,12276.0,2700.0,3096.0,2.0,3.0,,60.0,,0.5513,0.4487,,,9.0,,0.0,,,0.296875,PS,,15625.0,,,37822.0,,16540.0,60117.0,,33779.0,,11326.0,47992.0,,0.0,Epic Bible College & Graduate School,Sacramento,,0.5
51790.0,51790.0,,32926.0,,,,,,24220.0,22301.0,24081.0,30116.0,39455.0,6.0,8.0,22.0,1600.0,16360.0,1400.0,8550.0,2300.0,2800.0,2.0,3.0,0.7986,1310.0,,0.1858,0.5,94513072.0,89005489.0,10.0,1367.0,0.7009,0.750915751,0.744588745,0.784172662,0.832116788,23250.0,12907.0,21249.0,19000.0,64778.0,11900.0,33002.0,97039.0,99100.0,53737.0,7700.0,34958.0,72817.0,65000.0,0.6838,Westmont College,Santa Barbara,0.8682,0.7345
49864.0,49864.0,,29871.0,,,,,,22678.0,30119.0,28096.0,27433.0,35090.0,6.0,8.0,21.0,1000.0,15623.0,1000.0,9300.0,1500.0,1500.0,2.0,3.0,0.8538,812.0,,0.3185,0.5847,126453835.0,129733783.0,8.0,,0.6339,0.62962963,0.724880383,0.618181818,0.68372093,24937.0,18000.0,18767.0,17750.0,59492.0,13700.0,37211.0,83711.0,85500.0,46025.0,6400.0,25053.0,66067.0,59200.0,0.5549,Whittier College,Whittier,0.5285,0.6606
44886.0,44886.0,,28248.0,,,,,,25368.0,27418.0,25615.0,29628.0,34434.0,6.0,8.0,11.0,938.0,14138.0,3978.0,19431.0,6192.0,5220.0,2.0,3.0,0.7287,825.0,,0.4896,0.6141,19155677.0,13613577.0,9.0,,0.5478,0.471428571,0.506849315,0.486902928,0.64,26960.0,24199.0,21500.0,18250.0,65668.0,9500.0,38567.0,87865.0,90100.0,47665.0,5500.0,22932.0,70804.0,65100.0,0.2957,Woodbury University,Burbank,0.7965,0.6087
16900.0,16900.0,,12258.0,,,,,,11309.0,11752.0,12606.0,16250.0,18300.0,6.0,8.0,11.0,300.0,8100.0,6000.0,16700.0,8000.0,12800.0,2.0,3.0,0.6168,157.0,,0.5461,0.0,,,16.0,,0.2,0.317073171,0.608695652,,,,,,,48361.0,,17254.0,88362.0,,17439.0,,9906.0,39402.0,,0.2,Yeshiva Ohr Elchonon Chabad West Coast Talmudical Seminary,Los Angeles,0.8971,0.2542
9776.0,21848.0,14173.0,,10130.0,10511.0,13658.0,19496.0,21092.0,,,,,,8.0,7.0,33.0,1460.0,9553.0,4410.0,14679.0,4410.0,3105.0,1.0,3.0,,1239.0,,0.3499,0.3341,62674.0,62673.0,14.0,,0.3165,0.278056951,0.277310924,0.386847195,0.586206897,19500.0,12500.0,11701.0,10884.0,44372.0,9500.0,28262.0,64019.0,66100.0,38338.0,5500.0,25385.0,52265.0,47500.0,0.1643,Adams State University,Alamosa,0.5548,0.3636
10017.0,28209.0,19133.0,,16135.0,17083.0,19871.0,22700.0,23355.0,,,,,,8.0,7.0,11.0,1460.0,14920.0,6426.0,14679.0,6426.0,6426.0,1.0,3.0,0.7781,10686.0,,0.2579,0.2515,,,16.0,1119.0,0.474,0.482312666,0.587274291,0.545706371,0.655723159,20500.0,15916.0,14000.0,13971.0,64270.0,21700.0,40026.0,93795.0,157000.0,52475.0,12600.0,32132.0,75221.0,99600.0,0.2797,University of Colorado Denver/Anschutz Medical Campus,Denver,0.7148,0.507
9712.0,20492.0,16431.0,,11562.0,11986.0,14717.0,20289.0,21830.0,,,,,,8.0,7.0,11.0,1400.0,12278.0,4800.0,13500.0,4800.0,4800.0,1.0,3.0,0.9657,8870.0,,0.2625,0.3514,,,15.0,1140.0,0.4534,0.416876574,0.475792988,0.579627404,0.704560476,20000.0,13466.0,12553.0,12522.0,54659.0,10700.0,34957.0,81777.0,84800.0,45766.0,8100.0,29643.0,67651.0,61800.0,0.2824,University of Colorado Colorado Springs,Colorado Springs,0.6712,0.4623
16430.0,41943.0,21480.0,,11251.0,12545.0,17204.0,26247.0,30549.0,,,,,,8.0,7.0,12.0,1200.0,16950.0,3104.0,15470.0,3104.0,2934.0,1.0,3.0,0.8328,31578.0,,0.1477,0.2436,,,19.0,1353.0,0.7503,0.439797923,0.585598207,0.685640165,0.777980694,19500.0,13000.0,13000.0,13000.0,69738.0,12700.0,43748.0,103315.0,99400.0,54939.0,9300.0,34047.0,78762.0,69000.0,0.5793,University of Colorado Boulder,Boulder,0.8917,0.7531
39266.0,39266.0,,25458.0,,,,,,21073.0,19581.0,21574.0,25679.0,29328.0,8.0,7.0,21.0,1000.0,12362.0,1614.0,11100.0,1614.0,1614.0,2.0,3.0,,5363.0,,0.329,0.4192,6129395.0,9045950.0,15.0,,0.5532,0.249224405,0.266477675,0.442048518,0.687817259,28312.0,9977.0,16850.0,16750.0,50416.0,10400.0,30894.0,78791.0,82900.0,41623.0,7400.0,22745.0,62695.0,66000.0,0.4934,Colorado Christian University,Lakewood,0.789,0.5857
67932.0,67932.0,,31678.0,,,,,,9732.0,13987.0,17051.0,25254.0,51525.0,8.0,7.0,11.0,1240.0,15228.0,2728.0,15228.0,2728.0,1498.0,2.0,3.0,0.2003,2139.0,,0.1381,0.2427,822930608.0,877556682.0,9.0,1445.0,0.86,0.777777778,0.853881279,0.852842809,0.87012987,18257.0,10474.0,14026.0,15000.0,65222.0,9100.0,39898.0,98182.0,84500.0,47611.0,7600.0,23990.0,72325.0,53600.0,0.7661,Colorado College,Colorado Springs,0.9476,0.8574
21186.0,44376.0,29240.0,,19231.0,19616.0,25347.0,30370.0,33931.0,,,,,,8.0,7.0,21.0,1500.0,16820.0,2500.0,14679.0,3276.0,3105.0,1.0,3.0,0.5971,5801.0,,0.1333,0.3363,322221638.0,351756085.0,17.0,1403.0,0.7944,0.7734375,0.810725552,0.880993151,0.950289017,23000.0,18441.0,17500.0,17143.0,97335.0,25400.0,69672.0,130454.0,136700.0,82950.0,19600.0,61464.0,101708.0,113400.0,0.6593,Colorado School of Mines,Golden,0.9298,0.8415
12896.0,33751.0,20332.0,,11333.0,11654.0,14611.0,23048.0,28684.0,,,,,,8.0,7.0,12.0,1200.0,15606.0,2737.0,14679.0,2737.0,2737.0,1.0,3.0,0.8959,25148.0,,0.1889,0.3089,549312222.0,598773948.0,17.0,,0.6691,0.555029319,0.642487047,0.656979124,0.734497014,20000.0,14822.0,15000.0,14513.0,60543.0,11700.0,40471.0,88212.0,89900.0,49748.0,10100.0,32677.0,70958.0,64700.0,0.4714,Colorado State University-Fort Collins,Fort Collins,0.8483,0.7046
12760.0,12760.0,,14954.0,,,,,,14778.0,15345.0,16508.0,17976.0,20223.0,8.0,7.0,11.0,,,,9311.0,2289.0,2059.0,3.0,3.0,,25932.0,,0.6832,0.707,,,29.0,,0.1761,0.197844828,0.179723908,0.213137963,0.324238651,29832.0,10500.0,17188.0,17000.0,37180.0,11800.0,18869.0,57737.0,101900.0,30406.0,5700.0,14053.0,49999.0,77500.0,0.1092,Colorado Technical University-Colorado Springs,Colorado Springs,0.4399,0.2026
59340.0,59340.0,,36037.0,,,,,,20820.0,21648.0,28981.0,30753.0,46428.0,8.0,7.0,11.0,1000.0,17049.0,3147.0,17049.0,3147.0,3147.0,2.0,3.0,0.7119,6059.0,,0.1471,0.3011,990340196.0,1022729305.0,10.0,1344.0,0.7795,0.692118227,0.694813028,0.661691542,0.742290749,21844.0,15250.0,19500.0,18500.0,71155.0,13000.0,45159.0,107151.0,105000.0,57118.0,11700.0,36207.0,80443.0,78500.0,0.6939,University of Denver,Denver,0.8772,0.7682
9670.0,20798.0,17339.0,,17272.0,17612.0,19105.0,16703.0,16310.0,,,,,,8.0,7.0,32.0,1240.0,13390.0,4112.0,14678.0,4112.0,3184.0,1.0,3.0,0.932,3070.0,,0.361,0.2914,15010898.0,15756815.0,14.0,1084.0,0.4315,0.394977169,0.430540827,0.542253521,0.650986343,18389.0,9818.0,8250.0,8750.0,46349.0,7100.0,28571.0,68747.0,71900.0,36352.0,6400.0,22222.0,53016.0,52600.0,0.3016,Fort Lewis College,Durango,0.6261,0.4592
9712.0,24312.0,15331.0,,11547.0,11755.0,15061.0,18182.0,20288.0,,,,,,8.0,7.0,13.0,1800.0,11760.0,3275.0,10341.0,3275.0,3275.0,1.0,3.0,0.8139,7604.0,,0.274,0.3322,42109580.0,49600457.0,18.0,1070.0,0.4152,0.283340817,0.303413401,0.436406824,0.653114187,22000.0,12000.0,12000.0,10950.0,45823.0,8600.0,26727.0,67577.0,73500.0,39223.0,6100.0,25399.0,57754.0,62700.0,0.2784,Colorado Mesa University,Grand Junction,0.7518,0.4761
10780.0,29503.0,14294.0,,12364.0,12005.0,13276.0,19263.0,21812.0,,,,,,8.0,7.0,11.0,1460.0,,,14679.0,6120.0,5949.0,1.0,3.0,0.9914,14932.0,,0.3508,0.2964,19765432.0,26536459.0,14.0,1014.0,0.2989,0.307603687,0.355335968,0.407368329,0.576077132,21500.0,13643.0,12551.0,11000.0,52093.0,8200.0,30445.0,75678.0,76500.0,45391.0,7400.0,28074.0,64181.0,59800.0,0.1278,Metropolitan State University of Denver,Denver,0.7037,0.3357
34600.0,34600.0,,28862.0,,,,,,20428.0,21626.0,26342.0,40662.0,43733.0,8.0,7.0,12.0,1253.0,10696.0,4761.0,14679.0,4762.0,4762.0,2.0,3.0,0.94,368.0,,0.5656,0.551,4510367.0,4613108.0,9.0,,0.4595,0.455882353,0.495798319,0.54,0.627906977,24712.0,19250.0,13306.0,10000.0,28720.0,2500.0,14346.0,51332.0,51400.0,21841.0,1800.0,9849.0,38078.0,40700.0,0.1892,Naropa University,Boulder,0.5714,0.3421
10002.0,10002.0,,,,,,,,,,,,,8.0,7.0,11.0,990.0,,,9450.0,3471.0,3471.0,2.0,3.0,,336.0,,0.1449,0.1572,2721118.0,2708902.0,6.0,,,0.191489362,0.303797468,0.361764706,0.391752577,34787.0,13905.0,19779.0,22959.0,41450.0,6500.0,24161.0,65007.0,76900.0,37119.0,6100.0,22360.0,61304.0,56800.0,,Nazarene Bible College,Colorado Springs,,0.0
12010.0,26204.0,18457.0,,14505.0,15864.0,16792.0,19842.0,22647.0,,,,,,8.0,7.0,12.0,1200.0,15230.0,3238.0,14678.0,3790.0,3620.0,1.0,3.0,0.8643,5693.0,,0.2619,0.3968,101029881.0,112357918.0,14.0,1077.0,0.5134,0.498178506,0.54993033,0.571298819,0.674863388,20470.0,14000.0,12750.0,14000.0,52231.0,11100.0,35297.0,71676.0,74500.0,43756.0,10400.0,29857.0,58982.0,58200.0,0.3693,University of Northern Colorado,Greeley,0.7441,0.5304
43980.0,43980.0,,22689.0,,,,,,18252.0,19039.0,21418.0,24108.0,29220.0,8.0,7.0,11.0,1460.0,14618.0,3350.0,14678.0,3350.0,3178.0,2.0,3.0,0.8727,2599.0,,0.2615,0.4562,86329241.0,87852578.0,9.0,,0.6111,0.402195609,0.489110708,0.542591979,0.724550898,25000.0,20625.0,21500.0,17501.0,72105.0,15100.0,44693.0,108313.0,99900.0,64557.0,11900.0,42180.0,91003.0,88000.0,0.5056,Regis University,Denver,0.7523,0.633
23720.0,23720.0,,28037.0,,,,,,23444.0,26409.0,28579.0,31693.0,32376.0,8.0,7.0,21.0,1591.0,,,13304.0,2832.0,2996.0,3.0,3.0,,1878.0,,0.4599,0.6029,,,12.0,,0.3651,0.26076555,0.257995736,0.482142857,0.592783505,31000.0,9500.0,9500.0,10110.0,42958.0,5400.0,22213.0,64437.0,66600.0,30280.0,5500.0,14294.0,48079.0,48300.0,0.2381,Rocky Mountain College of Art and Design,Lakewood,0.5779,0.4342
9401.0,17242.0,12948.0,,9687.0,11346.0,13322.0,18690.0,19746.0,,,,,,8.0,7.0,12.0,1460.0,11596.0,4738.0,14680.0,4738.0,4738.0,1.0,3.0,0.9984,3028.0,,0.2785,0.25,24292591.0,25391925.0,16.0,1005.0,0.3798,0.379073756,0.414655172,0.46668343,0.627611263,21500.0,16590.0,13662.0,13000.0,55563.0,10000.0,34654.0,84507.0,71000.0,43053.0,7700.0,27435.0,61359.0,61400.0,0.2191,Colorado State University Pueblo,Pueblo,0.6501,0.4209
,,,,,,,,,,,,,,8.0,0.0,41.0,,,,,,,1.0,3.0,0.1393,4124.0,,,,127842170.0,129182281.0,7.0,1362.0,0.8814,,,,,,,,,,,,,,,,,,,0.8602,United States Air Force Academy,USAF Academy,0.9551,0.8609
11083.0,23683.0,16773.0,,10573.0,9926.0,15090.0,18658.0,21621.0,,,,,,8.0,7.0,33.0,1350.0,10442.0,3276.0,14679.0,3276.0,3105.0,1.0,3.0,0.9747,1653.0,,0.1347,0.2258,9021836.0,8835417.0,18.0,1130.0,0.5067,0.39055794,0.487068966,0.586605081,0.681948424,20250.0,12500.0,14250.0,11250.0,46833.0,10200.0,32806.0,66361.0,69600.0,40037.0,7200.0,23790.0,54425.0,52300.0,0.3161,Western Colorado University,Gunnison,0.7294,0.4957
39924.0,39924.0,,32681.0,,,,,,32923.0,32830.0,30898.0,33567.0,32651.0,9.0,1.0,12.0,1000.0,15338.0,7196.0,14966.0,7804.0,7804.0,2.0,3.0,0.6437,882.0,,0.4711,0.7558,25962284.0,26235233.0,15.0,,0.4609,0.497487437,0.605479452,0.374472574,0.425311203,30964.0,25000.0,27000.0,19374.0,60144.0,12600.0,34829.0,90104.0,100600.0,47153.0,9800.0,32381.0,67415.0,82200.0,0.3796,Albertus Magnus College,New Haven,0.7469,0.5597
35760.0,35760.0,,24786.0,,,,,,21943.0,23572.0,25830.0,27339.0,27063.0,9.0,1.0,12.0,0.0,16350.0,7372.0,8776.0,10502.0,8282.0,2.0,3.0,0.6431,1450.0,,0.5168,0.7245,2368000.0,14141000.0,16.0,985.0,0.4809,0.420838972,0.474828375,0.410497981,0.531309298,25750.0,21393.0,19000.0,15875.0,50323.0,7800.0,27040.0,69614.0,78600.0,38575.0,6900.0,18596.0,56947.0,69400.0,0.3588,University of Bridgeport,Bridgeport,0.6286,0.4608
12460.0,25736.0,16435.0,,11562.0,12817.0,15178.0,18572.0,21300.0,,,,,,9.0,1.0,21.0,1600.0,12710.0,2256.0,12710.0,2256.0,2976.0,1.0,3.0,0.7553,7670.0,,0.3486,0.5024,89049879.0,93411735.0,14.0,1091.0,0.4933,0.504468275,0.588018433,0.569187959,0.692178771,22300.0,17635.0,17607.0,15250.0,58562.0,13500.0,38465.0,89439.0,78800.0,49016.0,10700.0,31737.0,69134.0,62900.0,0.2781,Central Connecticut State University,New Britain,0.7861,0.5771
8506.0,8506.0,15663.0,,15663.0,,,,,,,,,,9.0,1.0,21.0,2000.0,,,6400.0,6304.0,6304.0,1.0,3.0,,1620.0,,0.3771,0.4011,2365141.0,2430438.0,16.0,,,0.555248619,0.582446809,0.447115385,0.535294118,18683.0,11724.0,12500.0,13626.0,64209.0,9000.0,36661.0,90195.0,83300.0,53779.0,8500.0,34717.0,79326.0,68800.0,,Charter Oak State College,New Britain,1.0,
64812.0,64812.0,,33998.0,,,,,,13666.0,20097.0,26760.0,30787.0,44604.0,9.0,1.0,13.0,1000.0,17885.0,1000.0,17885.0,1000.0,1000.0,2.0,3.0,0.3828,1960.0,,0.1432,0.3604,416635000.0,448853000.0,9.0,1412.0,0.8375,0.813186813,0.871595331,0.85995086,0.923076923,23500.0,18359.0,19500.0,21500.0,75001.0,13800.0,46471.0,120051.0,100300.0,49165.0,10300.0,31082.0,78960.0,67800.0,0.763,Connecticut College,New London,0.8698,0.8096
20366.0,43034.0,22886.0,,13936.0,14656.0,18705.0,26945.0,31886.0,,,,,,9.0,1.0,31.0,990.0,13996.0,4330.0,14764.0,4330.0,3988.0,1.0,3.0,0.5395,19147.0,,0.2416,0.4053,564285745.0,547155207.0,16.0,1338.0,0.838,0.736753776,0.760905447,0.743614524,0.81466195,21500.0,16000.0,18745.0,19500.0,73997.0,19000.0,50150.0,109163.0,101800.0,63322.0,14200.0,39107.0,83669.0,76300.0,0.7558,University of Connecticut,Storrs,0.9144,0.8377
13292.0,16624.0,20480.0,,15167.0,15141.0,18136.0,22882.0,23882.0,,,,,,9.0,1.0,31.0,800.0,17258.0,2260.0,10283.0,2523.0,3050.0,1.0,3.0,0.8055,3377.0,,0.2817,0.5048,16569400.0,18219241.0,15.0,1200.0,0.5814,0.520126283,0.556634304,0.647819063,0.753333333,24250.0,17708.0,18750.0,18750.0,56469.0,13600.0,37092.0,82962.0,74300.0,47289.0,11400.0,29673.0,70932.0,59100.0,0.4662,Eastern Connecticut State University,Willimantic,0.8423,0.5826
56360.0,56360.0,,46274.0,,,,,,32161.0,28062.0,35003.0,39355.0,49644.0,9.0,1.0,21.0,1175.0,17400.0,2005.0,17500.0,2005.0,2005.0,2.0,3.0,0.4498,4938.0,,0.0683,0.4759,357565000.0,379993000.0,12.0,1323.0,0.8379,0.824534161,0.821036107,0.798007246,0.849162011,26000.0,21500.0,23250.0,24239.0,88794.0,28300.0,56485.0,120240.0,125500.0,73693.0,21600.0,52776.0,91627.0,87000.0,0.8117,Fairfield University,Fairfield,0.8973,0.8404
47647.0,47647.0,,29558.0,,,,,,25641.0,24564.0,26720.0,30873.0,33759.0,9.0,1.0,12.0,1460.0,13945.0,3412.0,12301.0,3785.0,3785.0,2.0,3.0,0.8301,4032.0,,0.2976,0.6442,191364000.0,183500000.0,11.0,1207.0,0.5828,0.512682552,0.56730038,0.632217573,0.73971519,27000.0,19500.0,19500.0,19500.0,60823.0,11600.0,36342.0,85013.0,85200.0,42581.0,9900.0,25066.0,66941.0,64800.0,0.5274,University of Hartford,West Hartford,0.7885,0.6107
9580.0,9580.0,,16073.0,,,,,,16073.0,,,,,9.0,1.0,21.0,800.0,14810.0,1400.0,14000.0,2100.0,1950.0,2.0,3.0,,203.0,,0.1624,0.1808,,,11.0,,1.0,0.37037037,,PS,PS,12541.0,,8126.0,,,,,,,,,,,,0.2,Holy Apostles College and Seminary,Cromwell,0.6667,0.5714
39050.0,39050.0,,30841.0,,,,,,27427.0,29762.0,26085.0,36769.0,33628.0,9.0,1.0,13.0,1200.0,15540.0,2700.0,15540.0,2700.0,2050.0,2.0,3.0,0.7336,421.0,,0.3933,0.6104,7947276.0,8043306.0,14.0,,0.4414,0.444444444,0.457399103,0.525,0.600806452,25150.0,12295.0,14441.0,17800.0,39115.0,5200.0,17742.0,57365.0,62300.0,35330.0,4700.0,15357.0,45824.0,48500.0,0.3857,Mitchell College,New London,0.57,0.4202
45730.0,45730.0,,34089.0,,,,,,28133.0,29345.0,32749.0,35868.0,36975.0,9.0,1.0,21.0,1240.0,19954.0,2680.0,14327.0,5382.0,8870.0,2.0,3.0,0.8055,4799.0,,0.274,0.8094,86882337.0,92484026.0,18.0,1190.0,0.5925,0.630136986,0.587712207,0.648409894,0.725671141,27000.0,20500.0,19500.0,20500.0,60126.0,13800.0,42019.0,84847.0,89500.0,49829.0,11600.0,30145.0,66087.0,69700.0,0.5038,University of New Haven,West Haven,0.7716,0.6656
26400.0,26400.0,,30982.0,,,,,,27275.0,30346.0,31089.0,32145.0,34980.0,9.0,1.0,12.0,2700.0,18000.0,1800.0,4500.0,1800.0,1800.0,3.0,3.0,0.6154,183.0,,0.6636,0.9171,,,9.0,,0.5714,0.47826087,0.592592593,0.540816327,0.634615385,,,,,,,,,,,,,,,0.5714,Paier College,Bridgeport,0.6364,0.5714
17100.0,17100.0,,19196.0,,,,,,20299.0,17882.0,13231.0,12069.0,9816.0,9.0,1.0,12.0,1200.0,12760.0,2500.0,8000.0,2500.0,2500.0,3.0,3.0,,18975.0,,0.7298,0.7646,,,16.0,,0.3534,0.126275813,0.173791822,0.233931485,0.488599349,30157.0,7125.0,11875.0,14063.0,38696.0,7300.0,18524.0,65105.0,78800.0,31401.0,9000.0,14373.0,53350.0,65300.0,0.2928,Post University,Waterbury,0.3235,0.2215
53090.0,53090.0,,39207.0,,,,,,31257.0,34294.0,34111.0,39079.0,41944.0,9.0,1.0,21.0,1100.0,16470.0,2660.0,15260.0,3160.0,3160.0,2.0,3.0,0.77,6208.0,,0.1551,0.5878,718760681.0,770268155.0,11.0,1212.0,0.7728,0.686738836,0.729046243,0.797474064,0.854676259,26000.0,19500.0,22899.0,21500.0,83759.0,21100.0,57610.0,112458.0,102400.0,65744.0,18100.0,45748.0,86564.0,78700.0,0.7254,Quinnipiac University,Hamden,0.8672,0.8033
48460.0,48460.0,,45459.0,,,,,,37374.0,38526.0,43128.0,47177.0,47318.0,9.0,1.0,21.0,1200.0,18450.0,2650.0,14030.0,3150.0,3150.0,2.0,3.0,0.6768,6904.0,,0.1517,0.568,238461481.0,268374203.0,16.0,,0.745,0.587268994,0.639321075,0.718787158,0.792613636,25000.0,15591.0,18249.0,21446.0,75059.0,17100.0,52706.0,106588.0,96600.0,63925.0,12400.0,44282.0,86108.0,72700.0,0.6844,Sacred Heart University,Fairfield,0.8484,0.7395
45908.0,45908.0,,27375.0,,,,,,21080.0,25118.0,27448.0,25346.0,30212.0,9.0,1.0,13.0,1200.0,13590.0,1626.0,13590.0,2652.0,2652.0,2.0,3.0,0.7964,825.0,,0.361,0.7593,40425000.0,45950000.0,9.0,1100.0,0.697,0.541538462,0.634615385,0.576171875,0.671186441,27000.0,25000.0,24233.0,21500.0,59908.0,12200.0,43084.0,88688.0,80800.0,52053.0,14300.0,34656.0,70482.0,72200.0,0.5682,University of Saint Joseph,West Hartford,0.8571,0.5687
12828.0,26104.0,20877.0,,18568.0,18126.0,18938.0,23340.0,26783.0,,,,,,9.0,1.0,12.0,1200.0,14700.0,4116.0,9282.0,8232.0,8232.0,1.0,3.0,0.8112,6180.0,,0.3727,0.5439,32290983.0,35703991.0,11.0,,0.4782,0.499749624,0.523396044,0.55919583,0.694674556,22250.0,15000.0,15188.0,15000.0,55043.0,11900.0,38356.0,78130.0,77300.0,45422.0,10300.0,29503.0,65460.0,63200.0,0.2971,Southern Connecticut State University,New Haven,0.758,0.5417
67420.0,67420.0,,35009.0,,,,,,19032.0,16202.0,18756.0,26084.0,46149.0,9.0,1.0,12.0,1000.0,17990.0,1500.0,17990.0,1500.0,1500.0,2.0,3.0,0.3352,2193.0,,0.1518,0.3982,795976337.0,807434278.0,9.0,1396.0,0.8276,0.824817518,0.858921162,0.766666667,0.81736527,23000.0,19000.0,19000.0,21500.0,90779.0,18200.0,64313.0,139476.0,126800.0,67628.0,13500.0,44078.0,92157.0,87100.0,0.7828,Trinity College,Hartford,0.9076,0.8533
,,,,,,,,,,,,,,9.0,0.0,13.0,,,,,,,1.0,3.0,0.2432,1081.0,,,,29661815.0,29972746.0,7.0,1290.0,0.8789,,,,,,,,,,,,,,,,,,,0.827,United States Coast Guard Academy,New London,0.9862,0.9205
67316.0,67316.0,,27888.0,,,,,,4432.0,5898.0,10310.0,10905.0,50788.0,9.0,1.0,13.0,1200.0,19034.0,1470.0,,,,2.0,3.0,0.171,2973.0,,0.1499,0.1818,1564521000.0,1554388000.0,7.0,1513.0,0.9157,0.923295455,0.894230769,0.875,0.90438247,17000.0,8988.0,12782.0,16000.0,73897.0,11400.0,46198.0,125026.0,105200.0,60385.0,8500.0,36957.0,96911.0,71300.0,0.8076,Wesleyan University,Middletown,0.9542,0.9128
12763.0,16095.0,18617.0,,17055.0,15942.0,16697.0,19825.0,22946.0,,,,,,9.0,1.0,13.0,1300.0,15131.0,1358.0,9282.0,8232.0,2717.0,1.0,3.0,0.8136,3434.0,,0.3464,0.498,23411311.0,25143450.0,11.0,1044.0,0.5025,0.461471103,0.512992456,0.591616249,0.708765316,24147.0,18661.0,17000.0,15750.0,59115.0,11100.0,31567.0,86883.0,82600.0,45997.0,9300.0,28527.0,69012.0,65700.0,0.3309,Western Connecticut State University,Danbury,0.7003,0.5353
64700.0,64700.0,,27818.0,,,,,,28132.0,19744.0,20900.0,17004.0,49347.0,9.0,1.0,12.0,1000.0,19180.0,3420.0,,,,2.0,3.0,0.045,6811.0,,0.1916,0.0582,41383260000.0,40746867000.0,6.0,1534.0,0.9633,0.873015873,0.929919137,0.838268793,0.900568182,12975.0,8294.0,7500.0,12000.0,100533.0,15400.0,66022.0,193688.0,184800.0,81765.0,14000.0,52868.0,128841.0,142100.0,0.6612,Yale University,New Haven,0.9897,0.9743
10314.0,20250.0,15745.0,,14776.0,14338.0,16445.0,16336.0,20170.0,,,,,,10.0,2.0,13.0,1500.0,13634.0,4788.0,13634.0,5643.0,4788.0,1.0,3.0,0.6167,4630.0,,0.4335,0.485,36397735.0,41120839.0,18.0,984.0,0.3866,0.421774931,0.408925319,0.240740741,0.354895105,26000.0,18463.0,17500.0,16500.0,49307.0,6600.0,29089.0,69606.0,64300.0,37503.0,5100.0,21236.0,52848.0,49500.0,0.278,Delaware State University,Dover,0.7231,0.4882
16080.0,39720.0,16931.0,,9354.0,10573.0,12857.0,18508.0,25310.0,,,,,,10.0,2.0,21.0,1000.0,14838.0,1800.0,14838.0,1000.0,1000.0,1.0,3.0,0.6511,18812.0,,0.1565,0.4812,1781176682.0,1819782846.0,15.0,1297.0,0.7878,0.745976649,0.788318813,0.777419355,0.829827916,24572.0,19231.0,21500.0,21256.0,72950.0,19100.0,50480.0,101260.0,97600.0,58846.0,14900.0,38164.0,79907.0,72700.0,0.7224,University of Delaware,Newark,0.9011,0.8442
13440.0,13440.0,,16957.0,,,,,,14262.0,13789.0,17623.0,19179.0,21408.0,10.0,2.0,21.0,1240.0,13869.0,3312.0,4201.0,3312.0,3312.0,2.0,3.0,0.7653,634.0,,0.3887,0.3855,163216236.0,170356803.0,18.0,,0.5886,0.522580645,0.593220339,0.463414634,0.566878981,18900.0,11613.0,13615.0,16701.0,59892.0,13400.0,39905.0,86020.0,83300.0,45097.0,11100.0,25655.0,63734.0,67500.0,0.4759,Goldey-Beacom College,Wilmington,0.7677,0.5625
12330.0,12330.0,,15355.0,,,,,,15221.0,15498.0,16306.0,19326.0,,10.0,2.0,21.0,1800.0,,,6000.0,1800.0,1800.0,2.0,3.0,,8497.0,,0.2631,0.4697,155137083.0,164474609.0,12.0,,0.2257,0.363364858,0.453446732,0.36802974,0.522853186,20000.0,14860.0,14219.0,13500.0,53844.0,11700.0,34180.0,78738.0,78200.0,49635.0,9600.0,32490.0,72616.0,66100.0,0.1235,Wilmington University,New Castle,0.5378,0.2683
56543.0,56543.0,,41945.0,,,,,,21176.0,18630.0,23477.0,34587.0,53257.0,11.0,2.0,11.0,1000.0,17012.0,1620.0,14712.0,2404.0,2298.0,2.0,3.0,0.4738,7593.0,,0.1273,0.35,908905000.0,961160000.0,10.0,1392.0,0.7849,0.751326763,0.778423237,0.755608592,0.820285909,22750.0,18500.0,19500.0,19750.0,77370.0,15000.0,51260.0,112884.0,110700.0,61328.0,11600.0,40237.0,80780.0,73600.0,0.7247,American University,Washington,0.8618,0.7892
55834.0,55834.0,,32798.0,,,,,,22216.0,19709.0,25667.0,31131.0,39898.0,11.0,2.0,11.0,1180.0,17370.0,3400.0,17370.0,3400.0,3150.0,2.0,3.0,0.8384,3063.0,,0.1674,0.4846,358681337.0,365144650.0,11.0,,0.8133,0.686241611,0.709489051,0.71898928,0.800225734,26000.0,20219.0,24187.0,22310.0,73250.0,14000.0,47330.0,101075.0,97200.0,63217.0,13000.0,41930.0,85418.0,74700.0,0.7506,The Catholic University of America,Washington,0.8349,0.7378
6152.0,13004.0,14693.0,,13786.0,14589.0,17674.0,12345.0,20245.0,,,,,,11.0,2.0,11.0,1149.0,,,14078.0,6097.0,6097.0,1.0,3.0,,3080.0,,0.4282,0.2623,53496262.0,58641581.0,6.0,,0.2626,0.172496984,0.208232446,0.235461802,0.387254902,24872.0,15130.0,12500.0,13300.0,44236.0,8000.0,21221.0,68748.0,73400.0,36358.0,4400.0,15702.0,57540.0,60500.0,0.2326,University of the District of Columbia,Washington,0.6667,0.466
18382.0,18382.0,,14085.0,,,,,,12221.0,12603.0,15210.0,10318.0,21557.0,11.0,2.0,11.0,1600.0,14892.0,5600.0,17016.0,5600.0,5600.0,2.0,3.0,0.6094,879.0,,0.5427,0.407,191649039.0,207444722.0,6.0,857.0,0.4656,0.498007968,0.600760456,0.468144044,0.612903226,18000.0,13000.0,13594.0,12000.0,43101.0,4600.0,26348.0,59872.0,60300.0,36578.0,3700.0,23422.0,49533.0,58100.0,0.1741,Gallaudet University,Washington,0.7702,0.6348
64990.0,64990.0,,37454.0,,,,,,21396.0,18171.0,21863.0,33540.0,53974.0,11.0,2.0,11.0,1400.0,16300.0,1625.0,16300.0,1625.0,1625.0,2.0,3.0,0.4354,10848.0,,0.1483,0.3238,2340361000.0,2522442000.0,12.0,1433.0,0.8518,0.773119605,0.782133676,0.772226593,0.838933333,20449.0,19500.0,20000.0,19500.0,90873.0,19300.0,62102.0,130294.0,137200.0,71607.0,15500.0,50013.0,96066.0,97600.0,0.7946,George Washington University,Washington,0.9186,0.8432
65081.0,65081.0,,39433.0,,,,,,5340.0,8750.0,13464.0,26491.0,57166.0,11.0,2.0,11.0,1200.0,19750.0,2710.0,,,,2.0,3.0,0.1308,7462.0,,0.1032,0.1939,3210032000.0,3298969000.0,11.0,1494.0,0.943,0.884561892,0.897560976,0.855476345,0.902874903,15500.0,10000.0,13500.0,14750.0,103494.0,28500.0,66808.0,167685.0,221900.0,83222.0,23300.0,55445.0,119117.0,179900.0,0.8703,Georgetown University,Washington,0.9714,0.9552
33344.0,33344.0,,47919.0,,,,,,44234.0,45504.0,49005.0,50842.0,51384.0,11.0,2.0,11.0,1360.0,16474.0,3452.0,22216.0,6776.0,3325.0,2.0,3.0,0.3489,9604.0,,0.4053,0.5712,862784000.0,926633000.0,11.0,1205.0,0.689,0.396721311,0.560233918,0.301425662,0.406072106,24500.0,19197.0,19750.0,18500.0,63066.0,8800.0,34222.0,92903.0,92800.0,47379.0,8900.0,23659.0,72785.0,74000.0,0.5975,Howard University,Washington,0.9008,0.6486
13920.0,13920.0,,,,,,,,,,,,,11.0,2.0,11.0,675.0,,,9438.0,1125.0,1125.0,3.0,3.0,,309.0,,0.7111,0.1238,,,39.0,,0.0,0.133444207,0.154570325,0.170581897,0.337864078,40621.0,12667.0,20636.0,22364.0,40092.0,11500.0,20698.0,62129.0,106500.0,36582.0,9600.0,18625.0,56532.0,83200.0,0.0,Strayer University-District of Columbia,Washington,,0.0
26110.0,26110.0,,12233.0,,,,,,11164.0,11256.0,13393.0,17830.0,20561.0,11.0,2.0,11.0,1060.0,11860.0,2270.0,12730.0,2820.0,2820.0,2.0,3.0,0.9919,1415.0,,0.5131,0.3959,37262062.0,38933160.0,9.0,,0.444,0.343317972,0.372781065,0.266606822,0.396648045,28250.0,19250.0,19125.0,19731.0,53804.0,11400.0,30684.0,77621.0,92200.0,38533.0,5300.0,19223.0,57055.0,63400.0,0.3475,Trinity Washington University,Washington,0.7121,0.4194
13160.0,13160.0,,25321.0,,,,,,25193.0,24745.0,26377.0,28812.0,27097.0,6.0,8.0,11.0,1150.0,,,13324.0,10903.0,8188.0,3.0,3.0,,23734.0,,0.3114,0.3576,,,16.0,,0.0877,0.164761054,0.203264158,0.187144548,0.340830085,31250.0,9500.0,12727.0,14750.0,35404.0,10200.0,17745.0,55420.0,66400.0,33397.0,8200.0,16584.0,52006.0,74400.0,0.0179,Ashford University,San Diego,0.3065,0.0968
62484.0,62484.0,,12136.0,,,,,,-79.0,-350.0,1323.0,8816.0,50452.0,6.0,8.0,21.0,825.0,19922.0,4602.0,,,,2.0,3.0,0.0391,7841.0,,0.1923,0.0629,36338794000.0,36494893000.0,6.0,1553.0,0.9282,0.740041929,0.881526104,0.857142857,0.875239923,12000.0,6500.0,7213.0,12000.0,124080.0,22500.0,73321.0,219740.0,232800.0,102887.0,18700.0,64169.0,162289.0,214600.0,0.5812,Stanford University,Stanford,0.9781,0.9697
,,,,,,,,,,,,,,6.0,8.0,21.0,,,,,,,2.0,3.0,,61.0,,0.3514,0.4865,2562858.0,2993490.0,3.0,,,0.467391304,0.482608696,0.385608856,0.474576271,23501.0,18494.0,16667.0,14666.0,51541.0,6100.0,29595.0,76285.0,74000.0,47986.0,5800.0,22014.0,65728.0,62700.0,,Antioch University-Los Angeles,Culver City,,
,,,,,,,,,,,,,,6.0,8.0,13.0,,,,,,,2.0,3.0,,52.0,,0.4167,0.3833,669642.0,782160.0,5.0,,,0.467391304,0.482608696,0.385608856,0.474576271,23501.0,18494.0,16667.0,14666.0,51541.0,6100.0,29595.0,76285.0,74000.0,47986.0,5800.0,22014.0,65728.0,62700.0,,Antioch University-Santa Barbara,Santa Barbara,,
20590.0,20590.0,,42287.0,,,,,,39076.0,42391.0,,44255.0,44255.0,8.0,7.0,21.0,2310.0,,,17955.0,6207.0,6207.0,3.0,3.0,0.3636,215.0,,0.3147,0.6983,,,10.0,,0.2,0.734939759,0.756756757,0.553571429,PS,42125.0,39742.0,34096.0,27160.0,77602.0,6200.0,54466.0,98652.0,66400.0,77963.0,,63472.0,92922.0,,0.0,Platt College-Aurora,Greenwood Village,0.8333,0.5
12520.0,12520.0,31601.0,,30732.0,32490.0,31200.0,33080.0,33365.0,,,,,,6.0,8.0,11.0,936.0,,,17272.0,5504.0,4640.0,1.0,3.0,,4902.0,,0.2292,0.3163,,,28.0,,0.0,0.385347985,0.415879017,0.429909669,0.504867872,24276.0,19529.0,18689.0,15625.0,65703.0,,42384.0,90867.0,,55438.0,,35131.0,76808.0,,,University of Massachusetts Global,Irvine,0.4231,0.0
19430.0,19430.0,,20913.0,,,,,,19401.0,18608.0,21699.0,23343.0,22822.0,4.0,6.0,12.0,0.0,11950.0,3642.0,13591.0,4997.0,4997.0,3.0,3.0,0.9541,892.0,,0.5773,0.7606,,,14.0,,0.3929,0.349775785,0.283828383,0.443526171,0.604,28812.0,9500.0,14125.0,15000.0,50719.0,8700.0,33290.0,87683.0,96500.0,39016.0,8100.0,26314.0,59660.0,80800.0,0.3133,University of Advancing Technology,Tempe,0.7864,0.3333
7739.0,19619.0,10550.0,,6812.0,7246.0,9980.0,13773.0,19772.0,,,,,,6.0,8.0,21.0,1018.0,14152.0,3714.0,20254.0,6290.0,5378.0,1.0,3.0,0.957,14174.0,,0.436,0.296,31187653.0,33548472.0,21.0,,0.5418,0.564389359,0.605181347,0.618135377,0.729050279,17350.0,12610.0,12500.0,15000.0,62908.0,9800.0,37472.0,87350.0,86600.0,48673.0,10100.0,30166.0,71559.0,67100.0,0.2383,California State University-San Marcos,San Marcos,0.7481,0.6218
6660.0,6660.0,,18868.0,,,,,,17558.0,20178.0,,,,11.0,2.0,11.0,500.0,,,11360.0,5800.0,5800.0,3.0,3.0,,266.0,,0.2632,0.1096,,,10.0,,0.5,,0.186046512,0.234463277,0.28125,8769.0,,8885.0,,34961.0,14400.0,13216.0,58024.0,113000.0,38444.0,7700.0,,68447.0,97800.0,0.0833,University of the Potomac-Washington DC Campus,Washington,0.75,0.75
37450.0,37450.0,,21446.0,,,,,,14587.0,9183.0,9378.0,12566.0,32663.0,6.0,8.0,21.0,938.0,13892.0,2784.0,20232.0,4648.0,5360.0,2.0,3.0,0.6952,464.0,,0.1685,0.3775,1400587000.0,1444065000.0,7.0,1360.0,0.8692,,,0.755813954,PS,15650.0,18904.0,14707.0,14707.0,55017.0,,35705.0,94200.0,,42696.0,,26250.0,58697.0,,0.785,Soka University of America,Aliso Viejo,0.9225,0.9055
6920.0,6920.0,,16598.0,,,,,,16598.0,,,,,6.0,8.0,11.0,600.0,,,9081.0,5904.0,4113.0,2.0,3.0,,180.0,,0.4688,0.0313,,,33.0,,0.5,,,PS,PS,,,,,,,,,,,,,,,0.0,World Mission University,Los Angeles,1.0,1.0
7437.0,19317.0,14487.0,,9654.0,11487.0,13868.0,17745.0,23874.0,,,,,,6.0,8.0,22.0,864.0,16413.0,4005.0,20923.0,6931.0,5562.0,1.0,3.0,0.9483,5811.0,,0.4299,0.3145,32209059.0,35488805.0,16.0,,0.6323,0.624117328,0.647521161,0.616136919,0.701219512,12750.0,11000.0,11000.0,11000.0,59247.0,10200.0,36050.0,82407.0,76900.0,48648.0,5900.0,29180.0,69800.0,57600.0,0.4046,California State University-Monterey Bay,Seaside,0.7912,0.6168
24853.0,24853.0,,31502.0,,,,,,26114.0,30832.0,35067.0,34344.0,35067.0,4.0,6.0,12.0,,,,11844.0,10503.0,7037.0,3.0,3.0,1.0,1246.0,,0.4665,0.6633,,,20.0,,0.0909,0.586859688,0.590994371,0.261904762,0.337078652,9500.0,9500.0,9500.0,10250.0,34657.0,5100.0,17281.0,48422.0,45700.0,32840.0,4000.0,17567.0,43637.0,39100.0,0.0909,Arizona College of Nursing-Tempe,Tempe,0.7647,
24575.0,24575.0,,,,,,,,,,,,,6.0,8.0,21.0,1500.0,,,15808.0,4320.0,4120.0,3.0,3.0,1.0,364.0,,0.4598,0.8678,,,16.0,,0.5,0.714285714,0.75862069,0.569343066,0.655172414,40326.0,37467.0,31036.0,27166.0,93610.0,,53815.0,132755.0,,111064.0,,91398.0,130494.0,,0.5,American University of Health Sciences,Signal Hill,,0.0
35465.0,35465.0,,38205.0,,,,,,34367.0,34853.0,37028.0,41966.0,43331.0,6.0,8.0,21.0,0.0,8150.0,3822.0,15113.0,5544.0,4788.0,3.0,3.0,,383.0,,0.4985,0.6615,,,14.0,,0.4194,0.419753086,0.42173913,0.262790698,0.330143541,30705.0,12415.0,19438.0,7500.0,38361.0,10200.0,20349.0,52637.0,67200.0,37182.0,4200.0,21261.0,57687.0,47900.0,0.32,California Aeronautical University,Bakersfield,0.6207,
,,,33130.0,,,,,,33303.0,33268.0,32681.0,31961.0,32745.0,6.0,8.0,11.0,,,,,,,3.0,3.0,,5833.0,,0.6492,0.7454,,,31.0,,0.4216,0.446747677,0.532274081,0.246135553,0.297931035,25250.0,16000.0,16812.0,13885.0,31632.0,,11779.0,54486.0,,24375.0,,8470.0,42528.0,,0.3466,Los Angeles Film School,Hollywood,0.4982,0.4465
13500.0,13500.0,,16828.0,,,,,,13709.0,17759.0,,22539.0,13304.0,4.0,6.0,11.0,1000.0,7800.0,6812.0,13910.0,7366.0,4599.0,2.0,3.0,,55.0,,0.3091,0.1273,,,4.0,,0.4286,,,PS,PS,,,,,39556.0,,,48654.0,,28602.0,,19084.0,38914.0,,0.3333,International Baptist College and Seminary,Chandler,1.0,0.6667
17462.0,40130.0,8896.0,,4695.0,3649.0,8414.0,13850.0,18325.0,,,,,,9.0,1.0,12.0,990.0,,,14764.0,4330.0,3988.0,1.0,3.0,0.8704,746.0,,0.5,0.3724,2394010.0,2321333.0,20.0,1070.0,0.5948,0.736753776,0.760905447,0.743614524,0.81466195,21500.0,16000.0,18745.0,19500.0,73997.0,19000.0,50150.0,109163.0,101800.0,63322.0,14200.0,39107.0,83669.0,76300.0,0.4052,University of Connecticut-Waterbury Campus,Waterbury,0.7949,0.6712
17462.0,40130.0,11504.0,,4820.0,6993.0,8988.0,13760.0,20876.0,,,,,,9.0,1.0,22.0,990.0,,,14764.0,4330.0,3988.0,1.0,3.0,0.8651,464.0,,0.3428,0.355,7065249.0,6850763.0,13.0,1130.0,0.5667,0.736753776,0.760905447,0.743614524,0.81466195,21500.0,16000.0,18745.0,19500.0,73997.0,19000.0,50150.0,109163.0,101800.0,63322.0,14200.0,39107.0,83669.0,76300.0,0.3857,University of Connecticut-Avery Point,Groton,0.7989,0.5837
17472.0,40140.0,14059.0,,9196.0,10418.0,14767.0,21374.0,25757.0,,,,,,9.0,1.0,12.0,990.0,17498.0,4330.0,14764.0,4330.0,3988.0,1.0,3.0,0.8019,2177.0,,0.5037,0.3426,5430316.0,5265462.0,19.0,1080.0,0.5686,0.736753776,0.760905447,0.743614524,0.81466195,21500.0,16000.0,18745.0,19500.0,73997.0,19000.0,50150.0,109163.0,101800.0,63322.0,14200.0,39107.0,83669.0,76300.0,0.3272,University of Connecticut-Stamford,Stamford,0.7783,0.6005
6817.0,18697.0,9792.0,,7077.0,7350.0,9293.0,15043.0,20871.0,,,,,,6.0,8.0,41.0,906.0,14200.0,3714.0,19970.0,6570.0,6278.0,1.0,3.0,0.9306,5230.0,,0.469,0.2595,16294961.0,17629541.0,15.0,,0.5345,0.636061947,0.673366834,0.630544994,0.736204576,15000.0,12500.0,12000.0,12000.0,62152.0,,36869.0,86521.0,,46785.0,8000.0,27779.0,66616.0,69100.0,0.2815,California State University-Channel Islands,Camarillo,0.7259,0.6028
8280.0,8280.0,9325.0,,9067.0,9365.0,10971.0,13197.0,14752.0,,,,,,5.0,5.0,12.0,0.0,,,6912.0,500.0,500.0,1.0,3.0,,3202.0,,0.6221,0.6366,,,20.0,,0.243,0.146527386,0.083167989,0.206703911,0.660194175,21956.0,8249.0,10470.0,11211.0,63496.0,,34734.0,91829.0,,26870.0,,13783.0,43841.0,,0.2025,University of Arkansas Grantham,LIttle Rock,0.2368,0.3386
37194.0,37194.0,,51992.0,,,,,,,,51992.0,,,6.0,8.0,11.0,3992.0,,,9920.0,8800.0,8800.0,3.0,3.0,,2687.0,,0.4527,0.8794,,,18.0,,0.4444,0.652895909,0.747831116,0.597508591,0.686904762,32946.0,26500.0,24145.0,20630.0,102672.0,,61405.0,132904.0,,96114.0,32100.0,65076.0,122867.0,125100.0,0.3333,West Coast University-Los Angeles,North Hollywood,1.0,0.8333
,,,,,,,,,,,,,,6.0,8.0,11.0,,,,,,,2.0,3.0,,98.0,,0.2547,0.3113,120931351.0,114287300.0,1.0,,,0.380952381,0.361111111,0.24122807,0.55,12500.0,11021.0,,,48414.0,,24212.0,73253.0,,46759.0,,27972.0,65527.0,,,Northcentral University,San Diego,,
12310.0,12310.0,,14449.0,,,,,,14331.0,14422.0,15623.0,16960.0,17591.0,4.0,6.0,11.0,400.0,,,7965.0,2098.0,1946.0,3.0,3.0,,6734.0,,0.7291,0.7174,,,34.0,,0.212,0.151370833,0.163817146,0.180906855,0.27415476,31000.0,9500.0,12667.0,13020.0,36144.0,8300.0,18174.0,56003.0,102100.0,27823.0,5400.0,12996.0,44907.0,72300.0,0.15,American InterContinental University System,Chandler,0.2013,0.0897
14167.0,44944.0,12744.0,,8572.0,9581.0,11594.0,17323.0,30561.0,,,,,,6.0,8.0,22.0,1214.0,20293.0,5011.0,10537.0,5593.0,14305.0,1.0,3.0,0.3918,8372.0,,0.5901,0.3145,26373000.0,29095000.0,21.0,,0.6915,0.652338812,0.687665782,0.630534351,0.71810089,16144.0,12270.0,12000.0,15991.0,64368.0,,42064.0,95770.0,,48475.0,,29975.0,69706.0,,0.4862,University of California-Merced,Merced,0.8309,0.7277
16850.0,16850.0,,24294.0,,,,,,21791.0,22559.0,24160.0,27570.0,26719.0,5.0,5.0,41.0,1080.0,6000.0,8700.0,6000.0,8700.0,8700.0,2.0,3.0,0.475,132.0,,0.5346,0.5346,,,10.0,,0.3654,0.206521739,0.356321839,0.419753086,PS,13019.0,5500.0,7500.0,12000.0,40650.0,,25046.0,57852.0,,32147.0,,15703.0,45524.0,,0.2941,Ecclesia College,Springdale,0.4091,0.2
25650.0,25650.0,,40853.0,,,,,,36635.0,45328.0,41755.0,37778.0,44790.0,6.0,8.0,12.0,900.0,17253.0,4671.0,17253.0,4761.0,4275.0,3.0,3.0,0.8137,267.0,,0.2611,0.3717,,,5.0,,0.4737,0.520833333,0.56097561,0.492957747,0.571428571,27938.0,18250.0,22391.0,12000.0,31758.0,,7754.0,67752.0,,20538.0,,,37719.0,,0.3,Los Angeles College of Music,Pasadena,0.6852,0.5882
6600.0,6600.0,,21557.0,,,,,,21557.0,,,,,6.0,8.0,11.0,1600.0,,,17272.0,5504.0,4640.0,3.0,3.0,,167.0,,0.1179,0.1604,,,15.0,,,,0.286486486,0.394849785,0.504761905,15244.0,,13924.0,,80980.0,,50176.0,124904.0,,34909.0,,16002.0,65809.0,,,United States University,San Diego,,0.0
10460.0,10460.0,,21042.0,,,,,,19744.0,19320.0,21081.0,24025.0,,6.0,8.0,21.0,800.0,7380.0,4746.0,13293.0,4746.0,2637.0,2.0,3.0,0.6421,312.0,,0.5288,0.5192,93300.0,95960.0,16.0,,0.4615,0.301675978,0.328358209,0.278225807,0.298701299,26677.0,11441.0,16551.0,14883.0,35418.0,,19863.0,51604.0,,30871.0,,19209.0,42213.0,,0.4154,SUM Bible College and Theological Seminary,El Dorado Hills,0.5806,0.25
4730.0,4730.0,,11562.0,,,,,,11562.0,,,,,1.0,5.0,12.0,550.0,,,6750.0,5565.0,3525.0,2.0,3.0,,82.0,,0.4545,0.5152,,,7.0,,0.0,,0.351351351,PS,PS,40500.0,28500.0,,,,,,,,25470.0,,6341.0,,,0.0,Huntsville Bible College,Huntsville,1.0,
34215.0,34215.0,,45824.0,,,,,,40515.0,,40515.0,48010.0,47510.0,6.0,8.0,11.0,938.0,,,19431.0,6192.0,5220.0,3.0,3.0,0.3968,302.0,,0.1429,0.2301,,,10.0,,0.6667,0.623188406,0.707317073,0.680851064,PS,28332.0,28332.0,28144.0,27000.0,114785.0,,38487.0,160012.0,,90652.0,,39967.0,126267.0,,0.6,Gnomon,Hollywood,0.88,
14718.0,14718.0,,11137.0,,,,,,6601.0,11639.0,,24245.0,,6.0,8.0,21.0,938.0,12760.0,4380.0,19432.0,6592.0,5622.0,2.0,3.0,1.0,41.0,,0.4194,0.2581,14437888.0,16027210.0,5.0,,0.3111,,0.44,PS,PS,,,,,,,,,,33856.0,,15555.0,46634.0,,0.1556,University of the West,Rosemead,0.4,0.5
13920.0,13920.0,,,,,,,,,,,,,10.0,2.0,13.0,675.0,,,9438.0,1125.0,1125.0,3.0,3.0,,240.0,,0.6862,0.1004,,,39.0,,,0.133444207,0.154570325,0.170581897,0.337864078,40621.0,12667.0,20636.0,22364.0,40092.0,11500.0,20698.0,62129.0,106500.0,36582.0,9600.0,18625.0,56532.0,83200.0,,Strayer University-Delaware,Wilmington,0.0,0.0
13920.0,13920.0,,22923.0,,,,,,22923.0,,,,,1.0,5.0,12.0,675.0,,,9438.0,1125.0,1125.0,3.0,3.0,,1473.0,,0.8254,0.1407,,,39.0,,,0.133444207,0.154570325,0.170581897,0.337864078,40621.0,12667.0,20636.0,22364.0,40092.0,11500.0,20698.0,62129.0,106500.0,36582.0,9600.0,18625.0,56532.0,83200.0,,Strayer University-Alabama,Birmingham,0.0,
5808.0,5808.0,,14975.0,,,,,,13772.0,15391.0,14413.0,16317.0,17878.0,1.0,5.0,31.0,0.0,,,8932.0,6064.0,6064.0,3.0,3.0,,13053.0,,0.2122,0.2381,,,28.0,,0.3722,0.386725178,0.376382876,0.372906827,0.519379845,21339.0,15385.0,13803.0,12502.0,63534.0,,38559.0,93506.0,,55140.0,,32086.0,82653.0,,0.2548,Columbia Southern University,Orange Beach,0.5876,0.2671
20462.0,20462.0,,37002.0,,,,,,31489.0,,37434.0,39034.0,38714.0,4.0,6.0,11.0,600.0,,,16724.0,7808.0,7808.0,3.0,3.0,0.875,745.0,,0.4352,0.8166,,,11.0,,0.6667,0.49228169,0.503994394,0.541874536,0.622781457,20919.0,16577.0,15795.0,17250.0,92405.0,13200.0,66826.0,120947.0,94100.0,84533.0,27800.0,62630.0,108596.0,98800.0,0.6667,Chamberlain University-Arizona,Phoenix,0.5556,0.5
6264.0,6264.0,,,,,,,,,,,,,4.0,6.0,11.0,1500.0,,,11842.0,8768.0,8768.0,3.0,3.0,,2396.0,,0.1287,0.1532,,,4.0,,,0.269230769,0.177419355,0.305084746,PS,15756.0,7752.0,7532.0,8443.0,,,,,,29448.0,,12996.0,52133.0,,,Aspen University,Phoenix,,
,,,,,,,,,,,,,,8.0,7.0,11.0,,,,,,,3.0,3.0,,949.0,,0.2514,0.6463,,,14.0,,,0.858490566,0.906906907,0.725099602,0.744541485,26500.0,27122.0,19513.0,18013.0,81809.0,,55991.0,107032.0,,80184.0,,63011.0,96382.0,,,Denver College of Nursing,Denver,,
20844.0,20844.0,,,,,,,,,,,,,6.0,8.0,11.0,2184.0,,,18536.0,8568.0,7504.0,2.0,3.0,0.4017,324.0,,0.6056,0.3134,37667520.0,37632337.0,7.0,,,0.456349206,0.586206897,PS,PS,20000.0,9500.0,10500.0,11250.0,56899.0,,37351.0,81942.0,,51817.0,,30052.0,69847.0,,,The Chicago School at Los Angeles,Los Angeles,,
35147.0,35147.0,,25378.0,,,,,,22949.0,22549.0,23948.0,24574.0,28102.0,6.0,8.0,12.0,1200.0,11288.0,7507.0,11600.0,7507.0,5234.0,2.0,3.0,0.9252,144.0,,0.3382,0.625,25323.0,25322.0,12.0,,0.5263,0.386666667,0.441176471,0.5,PS,25000.0,,,12000.0,46264.0,,18596.0,63813.0,,32827.0,,14874.0,59070.0,,0.3158,Providence Christian College,Pasadena,0.8158,0.4906
22685.0,22685.0,,36836.0,,,,,,36665.0,,33654.0,38599.0,38599.0,6.0,8.0,11.0,2496.0,,,8928.0,7920.0,7920.0,3.0,3.0,,3168.0,,0.4122,0.8343,,,20.0,,0.6429,0.652895909,0.747831116,0.597508591,0.686904762,32946.0,26500.0,24145.0,20630.0,102672.0,,61405.0,132904.0,,96114.0,32100.0,65076.0,122867.0,125100.0,0.5714,West Coast University-Orange County,Anaheim,0.8571,0.5
37194.0,37194.0,,49752.0,,,,,,45505.0,,,,50601.0,6.0,8.0,12.0,3992.0,,,9920.0,8800.0,8800.0,3.0,3.0,,2647.0,,0.4971,0.8837,,,19.0,,0.5,0.652895909,0.747831116,0.597508591,0.686904762,32946.0,26500.0,24145.0,20630.0,102672.0,,61405.0,132904.0,,96114.0,32100.0,65076.0,122867.0,125100.0,0.5,West Coast University-Ontario,Ontario,0.8333,0.6
13920.0,13920.0,,,,,,,,,,,,,5.0,5.0,12.0,675.0,,,9438.0,1125.0,1125.0,3.0,3.0,,456.0,,0.9273,0.1345,,,39.0,,,0.133444207,0.154570325,0.170581897,0.337864078,40621.0,12667.0,20636.0,22364.0,40092.0,11500.0,20698.0,62129.0,106500.0,36582.0,9600.0,18625.0,56532.0,83200.0,,Strayer University-Arkansas,Little Rock,,
14600.0,14600.0,,16599.0,,,,,,15310.0,14353.0,18397.0,19620.0,17452.0,6.0,8.0,21.0,1046.0,,,17654.0,3282.0,3282.0,2.0,3.0,,416.0,,0.5194,0.4782,,,11.0,,0.4231,0.362637363,0.405063291,PS,PS,25000.0,14250.0,14437.0,14582.0,40803.0,,,103296.0,,48057.0,,26675.0,65640.0,,0.3478,Touro University Worldwide,Los Alamitos,0.7826,0.5833
13920.0,13920.0,,18918.0,,,,,,19777.0,14362.0,20293.0,,,11.0,2.0,11.0,675.0,,,9438.0,1125.0,1125.0,3.0,3.0,,10087.0,,0.5278,0.0733,,,39.0,,0.2,0.133444207,0.154570325,0.170581897,0.337864078,40621.0,12667.0,20636.0,22364.0,40092.0,11500.0,20698.0,62129.0,106500.0,36582.0,9600.0,18625.0,56532.0,83200.0,0.2,Strayer University-Global Region,Washington,0.3333,0.1429
29500.0,29500.0,,29124.0,,,,,,24276.0,25499.0,25853.0,32355.0,35830.0,6.0,8.0,21.0,1905.0,15099.0,6822.0,15099.0,6822.0,14088.0,2.0,3.0,0.7929,297.0,,0.38,0.7067,40942.0,42136.0,14.0,1181.0,0.6533,0.558823529,0.561403509,PS,PS,26968.0,24166.0,21500.0,19500.0,56930.0,,36141.0,,,34360.0,,16996.0,55356.0,,0.6533,John Paul the Great Catholic University,Escondido,0.6986,0.619
17452.0,40120.0,13339.0,,7387.0,8299.0,11663.0,17908.0,23256.0,,,,,,9.0,1.0,12.0,990.0,,,14764.0,4330.0,3988.0,1.0,3.0,0.8645,1473.0,,0.458,0.3779,4729630.0,4586048.0,24.0,1081.0,0.6536,0.736753776,0.760905447,0.743614524,0.81466195,21500.0,16000.0,18745.0,19500.0,73997.0,19000.0,50150.0,109163.0,101800.0,63322.0,14200.0,39107.0,83669.0,76300.0,0.4403,University of Connecticut-Hartford Campus,Hartford,0.7752,0.6682
35300.0,35300.0,,35081.0,,,,,,30933.0,33393.0,34695.0,36196.0,36647.0,4.0,6.0,21.0,1200.0,15340.0,3400.0,10000.0,3400.0,3400.0,2.0,3.0,0.3988,768.0,,0.3745,0.7797,8390780.0,6767817.0,12.0,978.0,0.2252,0.406649616,0.27471384,0.376561827,0.558421851,21500.0,12975.0,13726.0,12000.0,55552.0,11200.0,35894.0,79726.0,78100.0,49139.0,11000.0,31477.0,69164.0,68900.0,0.1722,Ottawa University-Surprise,Surprise,0.4359,
11976.0,11976.0,,20170.0,,,,,,17980.0,24505.0,21334.0,,,6.0,8.0,21.0,1200.0,,,17272.0,3936.0,3208.0,2.0,3.0,,1453.0,,0.4782,0.7534,,,23.0,,0.325,,,,,18750.0,10528.0,10500.0,12576.0,,,,,,,,,,,0.2667,Los Angeles Pacific University,San Dimas,0.2,0.2727
23220.0,23220.0,,,,,,,,,,,,,6.0,8.0,21.0,2400.0,,,12951.0,900.0,900.0,3.0,3.0,,14.0,,0.5,0.55,,,1.0,,0.0,,,PS,PS,,,,,,,,,,,,,,,0.0,Beverly Hills Design Institute,Beverly Hills,,
8400.0,8400.0,14099.0,,13718.0,,16004.0,,,,,,,,8.0,7.0,11.0,521.0,,,13048.0,1432.0,1280.0,1.0,3.0,0.9286,6202.0,,0.2427,0.3294,,,25.0,,,0.458641323,0.514575972,0.477580813,0.615748032,25000.0,11916.0,15625.0,17187.0,76813.0,,51128.0,113979.0,,65131.0,,43710.0,91582.0,,,Colorado State University Global,Aurora,0.5625,
9994.0,9994.0,,11007.0,,,,,,10209.0,8112.0,12422.0,16789.0,16389.0,6.0,8.0,11.0,938.0,,,19431.0,6192.0,5220.0,3.0,3.0,0.6552,105.0,,0.4646,0.6061,,,17.0,,0.0,,,PS,PS,31000.0,13825.0,,,,,,,,,,,,,,California Miramar University,San Diego,0.4444,0.5385
3480.0,3480.0,,,,,,,,,,,,,6.0,8.0,21.0,1250.0,,,15808.0,4860.0,4374.0,2.0,3.0,,72.0,,0.19,0.0,,,19.0,,0.0,,,,,,,,,,,,,,,,,,,0.0,Grace Mission University,Fullerton,0.5714,0.5556
17488.0,17488.0,,,,,,,,,,,,,4.0,6.0,11.0,400.0,,,16716.0,7708.0,7708.0,3.0,3.0,,22.0,,0.5167,0.6833,,,1.0,,0.625,0.218566206,0.195822076,0.282223068,0.443987851,24807.0,11756.0,14317.0,14750.0,45987.0,11500.0,25449.0,71271.0,91000.0,42178.0,7700.0,23114.0,63768.0,73100.0,0.375,DeVry University-Arizona,Phoenix,,0.3023
17488.0,17488.0,,33294.0,,,,,,32140.0,33380.0,33875.0,39108.0,38099.0,6.0,8.0,12.0,400.0,,,16716.0,7708.0,7708.0,3.0,3.0,0.4325,2081.0,,0.5357,0.5736,,,18.0,,0.4286,0.218566206,0.195822076,0.282223068,0.443987851,24807.0,11756.0,14317.0,14750.0,45987.0,11500.0,25449.0,71271.0,91000.0,42178.0,7700.0,23114.0,63768.0,73100.0,0.3333,DeVry University-California,Ontario,0.7222,0.0982
,,,,,,,,,,,,,,4.0,6.0,12.0,,,,,,,1.0,3.0,0.6411,49000.0,,0.3789,0.3715,235775550.0,249466670.0,25.0,,,0.492382069,0.593368454,0.535660661,0.659742065,19500.0,13750.0,13750.0,13245.0,62668.0,12900.0,40826.0,92934.0,93300.0,52843.0,10400.0,34185.0,76723.0,70000.0,,Arizona State University Digital Immersion,Scottsdale,,0.2915
9552.0,9552.0,,13571.0,,,,,,12784.0,13853.0,15320.0,17243.0,18188.0,4.0,6.0,11.0,1416.0,,,7770.0,1970.0,1970.0,3.0,3.0,,76996.0,,0.4534,0.6037,,,132.0,,0.1951,0.219897166,0.241965106,0.218911048,0.342430963,31553.0,15000.0,19953.0,18466.0,37752.0,13300.0,18569.0,59631.0,110100.0,35359.0,9000.0,16841.0,56259.0,84700.0,0.0154,University of Phoenix-Arizona,Phoenix,0.4091,0.1015
,,,,,,,,,,,,,,6.0,8.0,12.0,,,,,,,3.0,3.0,,155.0,,0.2397,0.347,,,7.0,,0.1837,0.219897166,0.241965106,0.218911048,0.342430963,31553.0,15000.0,19953.0,18466.0,37752.0,13300.0,18569.0,59631.0,110100.0,35359.0,9000.0,16841.0,56259.0,84700.0,0.0,University of Phoenix-California,Ontario,,0.2125
18700.0,18700.0,,,,,,,,,,,,,6.0,8.0,11.0,1000.0,13350.0,4000.0,,,,2.0,3.0,0.0355,603.0,,0.0,0.0,,,12.0,,0.8883,,,,,,,,,,,,,,,,,,,0.7614,Minerva University,San Francisco,0.9571,0.8068
,,,,,,,,,,,,,,6.0,8.0,21.0,,,,,,,3.0,3.0,,6.0,,0.1429,0.1429,,,4.0,,,,,,,,,,,,,,,,,,,,,,University of West Los Angeles,Inglewood,,
23700.0,23700.0,,,,,,,,,,,,,6.0,8.0,12.0,938.0,,,19431.0,4428.0,3609.0,2.0,3.0,1.0,20.0,,0.3478,0.5217,,,4.0,,0.5,,,,,,,,,,,,,,,,,,,0.3333,California Jazz Conservatory,Berkeley,,1.0
10440.0,10440.0,,24825.0,,,,,,24825.0,,,,,6.0,8.0,12.0,938.0,,,17272.0,5504.0,4640.0,3.0,3.0,,49.0,,0.4894,0.4894,,,5.0,,,,,,,,,,,,,,,,,,,,,,Abraham Lincoln University,Glendale,1.0,
28800.0,28800.0,,33072.0,,,,,,33159.0,31771.0,29285.0,32995.0,35419.0,6.0,8.0,21.0,938.0,,,19431.0,6192.0,5220.0,2.0,3.0,0.4625,230.0,,0.3491,0.4906,,,14.0,,0.4348,,,,,21500.0,19500.0,15000.0,15000.0,,,,,,,,,,,0.2174,University of Saint Katherine,San Marcos,0.5758,
20462.0,20462.0,,,,,,,,,,,,,6.0,8.0,13.0,600.0,,,16724.0,7808.0,7808.0,3.0,3.0,0.6,676.0,,0.3166,0.7839,,,8.0,,0.0,0.49228169,0.503994394,0.541874536,0.622781457,20919.0,16577.0,15795.0,17250.0,92405.0,13200.0,66826.0,120947.0,94100.0,84533.0,27800.0,62630.0,108596.0,98800.0,0.0,Chamberlain University-California,Rancho Cordova,,
8839.0,8839.0,,,,,,,,,,,,,6.0,8.0,21.0,1300.0,,,18047.0,6865.0,6865.0,2.0,3.0,,38.0,,0.4722,0.0278,,,6.0,,0.8,,,,,,,,,,,,,,,,,,,0.4,Presbyterian Theological Seminary in America,Santa Fe Springs,,1.0
6200.0,6200.0,,24088.0,,,,,,22750.0,25043.0,,,,6.0,8.0,13.0,1200.0,,,14500.0,4500.0,4500.0,2.0,3.0,,71.0,,0.549,0.2941,,,13.0,,1.0,,,,,,,,,,,,,,,,,,,0.0,America Evangelical University,Gardena,0.6667,
21000.0,21000.0,,26455.0,,,,,,24957.0,28036.0,25164.0,34995.0,20620.0,6.0,8.0,11.0,938.0,,,17272.0,5504.0,4640.0,3.0,3.0,0.4513,2037.0,,0.0209,0.0292,,,10.0,,0.5978,,,,,23750.0,9438.0,6500.0,6531.0,,,,,,,,,,,0.0652,Westcliff University,Irvine,0.7333,0.6712
20844.0,20844.0,,,,,,,,,,,,,6.0,8.0,11.0,2184.0,,,18536.0,8568.0,7504.0,2.0,3.0,1.0,5.0,,0.5,0.5,1576779.0,1575307.0,5.0,,,0.456349206,0.586206897,PS,PS,20000.0,9500.0,10500.0,11250.0,56899.0,,37351.0,81942.0,,51817.0,,30052.0,69847.0,,,The Chicago School at San Diego,San Diego,,
10870.0,10870.0,,15220.0,,,,,,13384.0,10831.0,14750.0,16301.0,18709.0,5.0,5.0,13.0,1200.0,7400.0,1500.0,10464.0,2900.0,2900.0,2.0,3.0,,128.0,,0.6111,0.7037,,,5.0,,,,,,,,7750.0,,,,,,,,,,,,,,Champion Christian College,Hot Springs,0.5,
16100.0,16100.0,,5805.0,,,,,,4632.0,9911.0,,,,6.0,8.0,21.0,600.0,,,11054.0,3310.0,3310.0,2.0,3.0,,52.0,,0.4468,0.0,,,7.0,,0.4348,,,,,,,,,,,,,,,,,,,0.4348,Oak Valley College,Rialto,0.7333,
23760.0,23760.0,,28789.0,,,,,,22137.0,27559.0,,,32730.0,4.0,6.0,11.0,,,,11844.0,10503.0,7037.0,3.0,3.0,1.0,566.0,,0.6415,0.75,,,20.0,,,0.586859688,0.590994371,0.261904762,0.337078652,9500.0,9500.0,9500.0,10250.0,34657.0,5100.0,17281.0,48422.0,45700.0,32840.0,4000.0,17567.0,43637.0,39100.0,,Arizona College of Nursing-Tucson,Tucson,0.75,
24853.0,24853.0,,34155.0,,,,,,33598.0,32925.0,33924.0,,38789.0,4.0,6.0,11.0,,,,11844.0,10503.0,7037.0,3.0,3.0,1.0,1062.0,,0.5255,0.752,,,20.0,,,0.586859688,0.590994371,0.261904762,0.337078652,9500.0,9500.0,9500.0,10250.0,34657.0,5100.0,17281.0,48422.0,45700.0,32840.0,4000.0,17567.0,43637.0,39100.0,,Arizona College of Nursing-Phoenix,Phoenix,0.8667,
6180.0,6180.0,,,,,,,,,,,,,4.0,6.0,11.0,1152.0,,,23712.0,6480.0,5832.0,2.0,3.0,,9.0,,0.0,0.0,,,9.0,,,,,,,,,,,,,,,,,,,,,,Pathways College,Phoenix,,
56501.0,56501.0,,,,,,,,,,,,,6.0,8.0,21.0,2700.0,,,26455.0,2400.0,5450.0,3.0,3.0,0.8485,69.0,,0.0,0.0,,,7.0,,0.8788,,,,,,,,,,,,,,,,,,,0.8788,California Northstate University,Elk Grove,0.9,1.0
16500.0,16500.0,,,,,,,,,,,,,11.0,2.0,11.0,0.0,,,16000.0,500.0,500.0,2.0,3.0,0.9902,34.0,,0.0,0.0,,,4.0,,,,,,,,,,,,,,,,,,,,,,NewU University,Washington,0.8125,
12374.0,12374.0,,13305.0,,,,,,12980.0,15592.0,13519.0,12688.0,,6.0,8.0,11.0,1200.0,,,16470.0,3500.0,3500.0,2.0,3.0,0.9915,1226.0,,0.6111,0.0,,,37.0,,,,,,,,,,,,,,,,,,,,,,Reach University,Oakland,0.6923,
30133.0,30133.0,,39581.0,,,,,,37506.0,38479.0,39928.0,43703.0,43703.0,6.0,8.0,12.0,,,,11844.0,10503.0,7037.0,3.0,3.0,1.0,279.0,,0.5933,0.9426,,,20.0,,,0.586859688,0.590994371,0.261904762,0.337078652,9500.0,9500.0,9500.0,10250.0,34657.0,5100.0,17281.0,48422.0,45700.0,32840.0,4000.0,17567.0,43637.0,39100.0,,Arizona College of Nursing-Ontario,Ontario,0.9231,
23760.0,23760.0,,,,,,,,,,,,,8.0,7.0,11.0,,,,11844.0,10503.0,7037.0,3.0,3.0,1.0,212.0,,,,,,20.0,,,0.586859688,0.590994371,0.261904762,0.337078652,9500.0,9500.0,9500.0,10250.0,34657.0,5100.0,17281.0,48422.0,45700.0,32840.0,4000.0,17567.0,43637.0,39100.0,,Arizona College of Nursing-Aurora,Aurora,,
13800.0,13800.0,,8829.0,,,,,,8933.0,4260.0,8928.0,16551.0,,12.0,5.0,42.0,1200.0,6570.0,2500.0,12420.0,2500.0,2500.0,2.0,3.0,0.641,248.0,,0.3403,0.1662,8326187.0,8589732.0,8.0,1045.0,0.6923,0.477876106,0.428571429,0.531100479,0.669724771,23590.0,,15152.0,,42836.0,6700.0,28100.0,59022.0,69200.0,31489.0,5300.0,23879.0,47605.0,52700.0,0.4474,Baptist University of Florida,Graceville,0.8421,0.3421
33450.0,33450.0,,22978.0,,,,,,20514.0,21156.0,23386.0,28891.0,29647.0,12.0,5.0,21.0,1500.0,13500.0,5142.0,17442.0,7388.0,3094.0,2.0,3.0,0.5907,2245.0,,0.4571,0.5157,49943246.0,53988781.0,10.0,,0.3659,0.467880086,0.465890183,0.319888734,0.416460905,26997.0,15750.0,15497.0,15250.0,55966.0,13800.0,34258.0,83130.0,93200.0,47637.0,10700.0,26778.0,76004.0,77200.0,0.1788,Barry University,Miami,0.5772,0.4084
14794.0,14794.0,,14892.0,,,,,,13728.0,14194.0,16399.0,19105.0,20662.0,12.0,5.0,13.0,1450.0,10396.0,3300.0,10396.0,8650.0,4550.0,2.0,3.0,0.9985,2414.0,,0.7694,0.7919,33794414.0,36303752.0,14.0,913.0,0.2783,0.268551237,0.340691685,0.133275638,0.204225352,31000.0,24250.0,21250.0,20500.0,38518.0,6800.0,20686.0,54236.0,58500.0,28282.0,5300.0,15279.0,40764.0,44800.0,0.137,Bethune-Cookman University,Daytona Beach,0.5614,0.3392
42950.0,42950.0,,38222.0,,,,,,33842.0,34686.0,40208.0,41997.0,40980.0,12.0,5.0,13.0,800.0,13750.0,12338.0,11728.0,12338.0,12338.0,2.0,3.0,0.7395,2820.0,,0.2272,0.3556,35987284.0,37840050.0,16.0,1136.0,0.5269,0.498583569,0.553691275,0.496801706,0.525862069,17940.0,11500.0,10000.0,9500.0,49006.0,6300.0,27097.0,73029.0,84400.0,41427.0,4800.0,21515.0,58476.0,62200.0,0.4473,Lynn University,Boca Raton,0.7148,0.5098
13128.0,13128.0,,36302.0,,,,,,36302.0,,,,,12.0,5.0,13.0,3609.0,,,27525.0,9105.0,9105.0,2.0,3.0,1.0,225.0,,0.5161,0.6406,,,13.0,,0.6,0.334677419,0.51,0.390625,0.445544555,5500.0,5000.0,6332.0,4500.0,41544.0,5500.0,20474.0,60492.0,53500.0,32168.0,5200.0,16070.0,50877.0,55400.0,0.6,Albizu University-Miami,Miami,0.6667,0.0
19658.0,19658.0,,22226.0,,,,,,18503.0,23308.0,20154.0,21853.0,27591.0,12.0,5.0,21.0,1200.0,8943.0,4206.0,12377.0,4206.0,4206.0,2.0,3.0,0.2332,136.0,,0.4645,0.5613,1928898.0,2125697.0,10.0,940.0,0.2364,0.38047138,0.300911854,0.57480315,0.734375,21500.0,10400.0,14000.0,16250.0,40596.0,6600.0,24899.0,55177.0,58800.0,35649.0,5500.0,22994.0,47372.0,47400.0,0.0727,Johnson University Florida,Kissimmee,0.4848,0.3333
6368.0,22467.0,10650.0,,6170.0,7610.0,10684.0,15473.0,17821.0,,,,,,12.0,5.0,21.0,1000.0,12070.0,5230.0,12070.0,5230.0,5230.0,1.0,3.0,0.3952,59095.0,,0.3342,0.2421,174724636.0,186027257.0,29.0,1277.0,0.7515,0.40505317,0.55489886,0.529740542,0.610713945,18190.0,15000.0,14201.0,15745.0,58308.0,13000.0,38654.0,85651.0,86600.0,47137.0,10500.0,29907.0,66801.0,63600.0,0.5,University of Central Florida,Orlando,0.9216,0.7755
18238.0,18238.0,,20494.0,,,,,,19604.0,,,,26723.0,12.0,5.0,21.0,1500.0,,,8925.0,7914.0,5541.0,3.0,3.0,,284.0,,0.5677,0.6535,,,13.0,,0.2143,0.222162162,0.178076996,0.192723315,0.386992275,26123.0,12643.0,15278.0,14700.0,34421.0,7100.0,17463.0,53014.0,67200.0,34115.0,7600.0,17590.0,54613.0,74600.0,0.0,South University-West Palm Beach,Royal Palm Beach,0.4286,0.3571
50374.0,50374.0,,33011.0,,,,,,26746.0,28782.0,30034.0,32127.0,37419.0,12.0,5.0,11.0,1350.0,14268.0,3100.0,14268.0,3100.0,2530.0,2.0,3.0,0.7869,1984.0,,0.1621,0.3638,75413467.0,83580143.0,11.0,1256.0,0.6756,0.584615385,0.566326531,0.580645161,0.556818182,27000.0,19000.0,23167.0,19500.0,51819.0,8200.0,32964.0,76174.0,82700.0,37505.0,7000.0,20967.0,55775.0,60800.0,0.5842,Eckerd College,Saint Petersburg,0.7735,0.686
14878.0,14878.0,,13580.0,,,,,,12861.0,12887.0,15958.0,14237.0,20001.0,12.0,5.0,11.0,0.0,8010.0,4276.0,8992.0,4276.0,4276.0,2.0,3.0,0.8481,1113.0,,0.7557,0.7242,3482848.0,4331662.0,18.0,,0.2795,,0.143312102,0.0969163,0.093220339,,11686.0,9875.0,7500.0,34782.0,5500.0,20670.0,47585.0,55100.0,29809.0,2200.0,16743.0,44506.0,41800.0,0.1535,Edward Waters University,Jacksonville,0.534,0.2896
42304.0,42304.0,,40289.0,,,,,,35431.0,34066.0,39693.0,42233.0,43073.0,12.0,5.0,13.0,1400.0,13670.0,5562.0,13670.0,5562.0,5562.0,2.0,3.0,0.6628,7535.0,,0.1507,0.3072,166178000.0,195144000.0,18.0,1256.0,0.6736,0.372737887,0.46662367,0.590673575,0.70969697,23666.0,15000.0,13000.0,14750.0,84131.0,22400.0,55392.0,112155.0,115500.0,65391.0,13300.0,45209.0,88729.0,87800.0,0.3919,Embry-Riddle Aeronautical University-Daytona Beach,Daytona Beach,0.8549,0.646
5785.0,17725.0,15847.0,,13203.0,13574.0,17489.0,19721.0,21999.0,,,,,,12.0,5.0,12.0,1138.0,11644.0,5586.0,9872.0,6550.0,6550.0,1.0,3.0,0.2112,7516.0,,0.5557,0.5094,98299059.0,97517038.0,14.0,1100.0,0.5194,0.441411765,0.499436302,0.235181278,0.372865275,23548.0,18500.0,17500.0,17000.0,44349.0,9800.0,27036.0,65195.0,88900.0,36153.0,7100.0,21789.0,53809.0,63000.0,0.2716,Florida Agricultural and Mechanical University,Tallahassee,0.8632,0.5783
4879.0,17324.0,8001.0,,3120.0,4760.0,8772.0,14665.0,16235.0,,,,,,12.0,5.0,13.0,1256.0,12536.0,6174.0,14840.0,7644.0,7644.0,1.0,3.0,0.7344,23458.0,,0.3515,0.2792,334780801.0,354574122.0,23.0,1119.0,0.6433,0.522508591,0.581218712,0.476310484,0.576295936,17236.0,12500.0,12000.0,12618.0,56746.0,11000.0,37067.0,81414.0,84800.0,45647.0,9300.0,27348.0,64377.0,64900.0,0.5011,Florida Atlantic University,Boca Raton,0.8416,0.5709
26610.0,26610.0,,29951.0,,,,,,22668.0,24521.0,25428.0,31814.0,35920.0,12.0,5.0,23.0,1250.0,14350.0,4100.0,12500.0,4100.0,4100.0,2.0,3.0,0.7809,2404.0,,0.2831,0.5362,93200395.0,87754970.0,16.0,1099.0,0.5589,0.610486891,0.580908033,0.548012232,0.602362205,24250.0,16681.0,14500.0,15000.0,49483.0,9800.0,33439.0,68796.0,69300.0,41963.0,8400.0,26450.0,54461.0,51400.0,0.4831,Flagler College,Saint Augustine,0.6767,0.579
20880.0,20880.0,,31885.0,,,,,,29906.0,30931.0,31029.0,,35708.0,12.0,5.0,11.0,3600.0,13728.0,7515.0,18255.0,7515.0,7515.0,2.0,3.0,,1068.0,,0.3739,0.4964,10320727.0,11241909.0,6.0,,0.3562,0.430594901,0.533613445,0.493108729,0.623567921,24590.0,19668.0,16750.0,16540.0,72282.0,13500.0,46439.0,99089.0,83900.0,63230.0,14300.0,39877.0,81489.0,84600.0,0.3438,AdventHealth University,Orlando,0.4839,0.4167
44360.0,44360.0,,35300.0,,,,,,29324.0,29464.0,33611.0,36324.0,39204.0,12.0,5.0,13.0,1200.0,14340.0,3600.0,14340.0,3600.0,4800.0,2.0,3.0,0.6253,3235.0,,0.201,0.398,89442037.0,96580299.0,13.0,1213.0,0.6545,0.270525694,0.220379147,0.307400803,0.8,27000.0,12125.0,17002.0,16250.0,43137.0,20400.0,21924.0,71519.0,92300.0,41941.0,12900.0,23348.0,67534.0,74700.0,0.4755,Florida Institute of Technology,Melbourne,0.7704,0.6708
6565.0,18963.0,9133.0,,7112.0,8379.0,11393.0,14920.0,17313.0,,,,,,12.0,5.0,21.0,1350.0,12156.0,5900.0,12500.0,6984.0,9188.0,1.0,3.0,0.5884,38761.0,,0.4042,0.1778,284292410.0,306631350.0,24.0,1154.0,0.7387,0.51731738,0.539217805,0.470978298,0.5723589,16500.0,14500.0,13750.0,15000.0,60249.0,12500.0,37426.0,87897.0,88000.0,47768.0,9000.0,28218.0,69017.0,67000.0,0.5878,Florida International University,Miami,0.9161,0.7077
19110.0,19110.0,,18675.0,,,,,,17963.0,18120.0,20200.0,21406.0,27605.0,12.0,5.0,21.0,2600.0,9656.0,4400.0,14000.0,7500.0,7000.0,2.0,3.0,0.7431,1299.0,,0.6621,0.5528,5103989.0,6253204.0,16.0,,0.3023,0.199556541,0.207392197,0.127228525,0.164609054,30063.0,18500.0,12625.0,17250.0,36624.0,5500.0,19267.0,54357.0,54300.0,28943.0,4300.0,15001.0,45116.0,44400.0,0.0864,Florida Memorial University,Miami Gardens,0.5688,0.3251
42360.0,42360.0,,29664.0,,,,,,23266.0,25913.0,27634.0,30479.0,34331.0,12.0,5.0,12.0,1250.0,13800.0,3390.0,13800.0,3390.0,3390.0,2.0,3.0,0.5907,2607.0,,0.2602,0.5413,106785429.0,107580305.0,10.0,1263.0,0.6933,0.641481481,0.630252101,0.607555089,0.663366337,25000.0,19000.0,19500.0,19500.0,55294.0,9400.0,37450.0,81883.0,69400.0,47749.0,9400.0,29889.0,63234.0,52400.0,0.6443,Florida Southern College,Lakeland,0.7779,0.6773
5656.0,18786.0,10997.0,,5777.0,7427.0,11131.0,16057.0,17910.0,,,,,,12.0,5.0,12.0,1000.0,12740.0,6556.0,12660.0,6556.0,5774.0,1.0,3.0,0.2538,31812.0,,0.2375,0.2191,898119860.0,947008761.0,17.0,1323.0,0.8299,0.729898804,0.781704095,0.565960495,0.628021421,18000.0,15233.0,15339.0,17061.0,61675.0,14900.0,40653.0,90690.0,87300.0,49814.0,10300.0,31513.0,70725.0,63000.0,0.7273,Florida State University,Tallahassee,0.9564,0.839
6381.0,28659.0,6351.0,,2387.0,3437.0,8189.0,13440.0,15571.0,,,,,,12.0,5.0,12.0,1050.0,11500.0,3670.0,11500.0,4210.0,4210.0,1.0,3.0,0.2403,34102.0,,0.2198,0.1192,2272548000.0,2334070000.0,16.0,1397.0,0.9151,0.741971004,0.834045861,0.640055249,0.687123093,15000.0,13000.0,13397.0,15000.0,71588.0,15900.0,47083.0,106122.0,109000.0,56398.0,10800.0,35867.0,81093.0,81200.0,0.7557,University of Florida,Gainesville,0.9709,0.9143
26417.0,26417.0,,31759.0,,,,,,31667.0,30885.0,31833.0,33377.0,33054.0,12.0,5.0,21.0,530.0,,,16936.0,6970.0,2500.0,3.0,3.0,,25195.0,,0.5669,0.6177,,,31.0,,0.4959,0.438328358,0.427660236,0.201069752,0.397239595,27000.0,11000.0,16379.0,18874.0,38219.0,7300.0,18089.0,62244.0,78000.0,31917.0,6000.0,15140.0,49756.0,61300.0,0.4985,Full Sail University,Winter Park,0.6383,0.4405
9068.0,9068.0,,10888.0,,,,,,9986.0,10603.0,11453.0,13777.0,,12.0,5.0,21.0,500.0,7896.0,3000.0,8500.0,2700.0,600.0,2.0,3.0,,125.0,,0.2667,0.097,2749037.0,2749040.0,10.0,,0.6071,,0.355263158,0.586206897,PS,,,,,39863.0,,17517.0,,,25150.0,,12107.0,43514.0,,0.5,Hobe Sound Bible College,Hobe Sound,0.7083,0.3077
46180.0,46180.0,,26255.0,,,,,,23467.0,23680.0,22141.0,29211.0,30566.0,12.0,5.0,11.0,700.0,16550.0,2626.0,17730.0,3976.0,4350.0,2.0,3.0,0.5729,2649.0,,0.2993,0.478,55653324.0,59546445.0,13.0,1211.0,0.5697,0.442401961,0.476614699,0.471735868,0.586340206,22000.0,12500.0,12750.0,13450.0,68010.0,13800.0,40141.0,99286.0,91700.0,61991.0,8700.0,37299.0,92010.0,75100.0,0.4512,Jacksonville University,Jacksonville,0.7529,0.4828
10538.0,10538.0,,3935.0,,,,,,6232.0,3073.0,2500.0,,,13.0,5.0,21.0,1608.0,,,16736.0,2768.0,4368.0,2.0,3.0,0.3429,195.0,,0.4953,0.5047,1311137.0,1304201.0,10.0,,0.0,0.149425287,0.260504202,0.237373737,0.359375,34153.0,17435.0,17919.0,11334.0,47003.0,,24933.0,68238.0,,39300.0,,22477.0,62277.0,,0.0,Luther Rice College & Seminary,Lithonia,0.6,
14180.0,14180.0,,5455.0,,,,,,5455.0,,,,,12.0,5.0,21.0,1182.0,,,12882.0,8784.0,8784.0,2.0,3.0,,69.0,,0.5738,0.7541,248004.0,228306.0,3.0,,,0.367041199,0.4375,0.463262765,0.593939394,26082.0,19554.0,19343.0,19375.0,46989.0,8800.0,29118.0,68518.0,76100.0,41545.0,6000.0,24769.0,57202.0,55900.0,,Trinity International University-Florida,Miami,1.0,
59926.0,59926.0,,36803.0,,,,,,17790.0,19645.0,20250.0,26355.0,48907.0,12.0,5.0,21.0,1328.0,21580.0,5606.0,22446.0,5606.0,5606.0,2.0,3.0,0.1851,12570.0,,0.154,0.2662,1344283912.0,1365713194.0,11.0,1416.0,0.8423,0.720421394,0.768178546,0.669996158,0.726595745,17500.0,15500.0,16464.0,14500.0,75328.0,12300.0,49163.0,115933.0,112900.0,61508.0,10100.0,34279.0,86061.0,88400.0,0.7264,University of Miami,Coral Gables,0.9215,0.8405
6389.0,20793.0,10353.0,,6465.0,7759.0,11120.0,15886.0,17447.0,,,,,,12.0,5.0,11.0,1200.0,10910.0,4834.0,13009.0,4867.0,4867.0,1.0,3.0,0.6227,13915.0,,0.3075,0.2437,126531762.0,134214881.0,19.0,1115.0,0.6818,0.54496788,0.595300261,0.520426288,0.637155803,15531.0,12043.0,12000.0,11168.0,56343.0,11700.0,37373.0,79957.0,82600.0,46546.0,9800.0,30222.0,65036.0,62100.0,0.485,University of North Florida,Jacksonville,0.8118,0.6372
37080.0,37080.0,,31303.0,,,,,,28140.0,29648.0,30839.0,33872.0,35861.0,12.0,5.0,21.0,2128.0,15950.0,4518.0,18018.0,7911.0,7911.0,2.0,3.0,0.7267,7171.0,,0.3685,0.4387,200766000.0,224941000.0,17.0,1182.0,0.6434,0.596491228,0.600738007,0.399465241,0.528901734,24250.0,19025.0,16750.0,13500.0,59209.0,13300.0,34270.0,92510.0,112300.0,58153.0,10300.0,33941.0,84316.0,89000.0,0.5789,Nova Southeastern University,Fort Lauderdale,0.7642,0.6082
37990.0,37990.0,,32751.0,,,,,,28191.0,26918.0,28473.0,39730.0,36841.0,12.0,5.0,12.0,1186.0,12610.0,6450.0,11629.0,7128.0,7128.0,2.0,3.0,0.8832,2427.0,,0.251,0.3804,97755235.0,101717017.0,13.0,1101.0,0.5895,0.448540707,0.45183175,0.518791452,0.662460568,22500.0,12625.0,13500.0,14520.0,49232.0,7400.0,29283.0,76114.0,81300.0,42366.0,7600.0,26924.0,60176.0,62100.0,0.4867,Palm Beach Atlantic University,West Palm Beach,0.6695,0.6137
55480.0,55480.0,,55390.0,,,,,,50332.0,50588.0,55349.0,57165.0,60033.0,12.0,5.0,13.0,2700.0,17850.0,5179.0,15468.0,5515.0,5515.0,2.0,3.0,0.6737,1719.0,,0.2111,0.3836,61659431.0,60957594.0,11.0,,0.708,0.730337079,0.674641148,0.625668449,0.674796748,27000.0,26421.0,27000.0,27000.0,43325.0,6900.0,21453.0,79118.0,92400.0,39650.0,8300.0,18892.0,62489.0,67900.0,0.5868,Ringling College of Art and Design,Sarasota,0.8434,0.8146
58300.0,58300.0,,33847.0,,,,,,25481.0,28884.0,29454.0,31970.0,41399.0,12.0,5.0,21.0,760.0,16190.0,3010.0,13620.0,3210.0,3210.0,2.0,3.0,0.4056,2582.0,,0.221,0.3754,467238000.0,443592000.0,13.0,1304.0,0.7689,0.640186916,0.699779249,0.501111111,0.554794521,25500.0,22500.0,21500.0,20238.0,58295.0,11200.0,32866.0,89810.0,91400.0,48239.0,7200.0,28895.0,72887.0,63000.0,0.6989,Rollins College,Winter Park,0.8465,0.7149
28360.0,28360.0,,18467.0,,,,,,16216.0,15891.0,17642.0,21839.0,23342.0,12.0,5.0,31.0,910.0,15724.0,4754.0,13392.0,4754.0,4754.0,2.0,3.0,0.721,6999.0,,0.3682,0.3657,67564541.0,72926228.0,20.0,,0.4878,0.288311688,0.375713442,0.279363057,0.409302326,25278.0,13099.0,16417.0,14750.0,48364.0,11900.0,28410.0,70530.0,89400.0,41619.0,10800.0,23653.0,59245.0,75700.0,0.4015,Saint Leo University,Saint Leo,0.578,0.4579
23100.0,23100.0,,,,,,,,,,,,,12.0,5.0,21.0,800.0,12100.0,4000.0,,,,2.0,3.0,1.0,18.0,,0.0,0.0,10608545.0,10926801.0,4.0,,1.0,,,,,,,,,,,,,,,,,,,1.0,St. John Vianney College Seminary,Miami,1.0,1.0
6410.0,17324.0,10043.0,,4785.0,6053.0,10649.0,16385.0,17671.0,,,,,,12.0,5.0,11.0,770.0,13595.0,4850.0,12170.0,4850.0,4850.0,1.0,3.0,0.4096,36299.0,,0.2988,0.2471,604516638.0,637874759.0,22.0,1235.0,0.7458,0.591702257,0.676051188,0.512354278,0.596142107,17988.0,15000.0,14490.0,15000.0,57743.0,12200.0,38636.0,84504.0,81300.0,48328.0,9900.0,31386.0,67226.0,61600.0,0.6263,University of South Florida,Tampa,0.9144,0.7612
34770.0,34770.0,,24275.0,,,,,,23083.0,23471.0,23944.0,28095.0,28725.0,12.0,5.0,21.0,360.0,12478.0,5119.0,14688.0,6934.0,6934.0,2.0,3.0,0.994,1963.0,,0.2498,0.2806,34405192.0,37800542.0,17.0,,0.4342,0.410714286,0.495833333,0.39089482,0.451882845,19125.0,9500.0,8292.0,9250.0,54272.0,9200.0,32619.0,82134.0,90000.0,44435.0,10100.0,25690.0,70879.0,113100.0,0.3509,St. Thomas University,Miami Gardens,0.5487,0.4124
55220.0,55220.0,,21318.0,,,,,,17596.0,15801.0,19475.0,24138.0,32728.0,12.0,5.0,13.0,1200.0,16030.0,1699.0,16030.0,1699.0,2399.0,2.0,3.0,0.8643,2292.0,,0.3542,0.483,352639796.0,363648117.0,10.0,1208.0,0.628,0.583006536,0.621276596,0.565068493,0.633136095,23250.0,16000.0,15000.0,15000.0,51642.0,12300.0,32864.0,76909.0,88300.0,44792.0,11000.0,28977.0,62021.0,63400.0,0.5747,Stetson University,DeLand,0.7278,0.6357
31732.0,31732.0,,30209.0,,,,,,28140.0,28687.0,29297.0,31655.0,31797.0,12.0,5.0,12.0,1600.0,11020.0,7800.0,8920.0,7800.0,7800.0,2.0,3.0,0.7429,4646.0,,0.2214,0.3623,10299383.0,9770732.0,26.0,,0.433,0.430031447,0.382297552,0.482195846,0.610552764,21500.0,12332.0,12500.0,12000.0,46744.0,6000.0,28202.0,63763.0,62600.0,36314.0,8500.0,21080.0,50547.0,49000.0,0.3792,Southeastern University,Lakeland,0.7222,0.4812
16750.0,16750.0,,23529.0,,,,,,20658.0,24129.0,25200.0,,,12.0,5.0,13.0,1000.0,10250.0,5000.0,13000.0,6500.0,7000.0,2.0,3.0,,26.0,,0.3939,0.0,,,4.0,,0.5882,,,PS,PS,,,,,,,,,,,,,,,0.5882,Talmudic College of Florida,Miami Beach,0.75,0.6316
33424.0,33424.0,,35634.0,,,,,,30631.0,29966.0,33645.0,33835.0,37275.0,12.0,5.0,11.0,1500.0,12676.0,4130.0,12000.0,8500.0,8500.0,2.0,3.0,0.4093,10093.0,,0.1561,0.6791,56608582.0,62287141.0,17.0,,0.6192,0.568521843,0.558644068,0.605590062,0.687106918,24211.0,17500.0,19500.0,18500.0,59436.0,11900.0,38879.0,87838.0,88400.0,48397.0,11000.0,29911.0,67311.0,63600.0,0.5222,The University of Tampa,Tampa,0.8009,0.6224
14300.0,14300.0,,19273.0,,,,,,15080.0,16996.0,20370.0,21381.0,21673.0,12.0,5.0,11.0,1250.0,8940.0,2983.0,15000.0,2983.0,3463.0,2.0,3.0,0.625,363.0,,0.4647,0.5971,95233.0,102078.0,12.0,1007.0,0.4423,0.223021583,0.306569343,0.433333333,PS,24250.0,11875.0,12500.0,8846.0,37275.0,5500.0,25053.0,56949.0,56000.0,33640.0,3800.0,22986.0,50075.0,48200.0,0.2326,Trinity Baptist College,Jacksonville,0.5227,0.2121
16300.0,16300.0,,21283.0,,,,,,16912.0,21979.0,22265.0,23938.0,25156.0,12.0,5.0,21.0,1450.0,7600.0,2400.0,6975.0,1800.0,2400.0,2.0,3.0,0.963,187.0,,0.5637,0.7794,862703.0,590400.0,12.0,905.0,0.0,0.38028169,0.341463415,0.348484849,0.434782609,23250.0,15128.0,,,32465.0,,14547.0,52613.0,,29914.0,,10398.0,46397.0,,0.0,Trinity College of Florida,Trinity,0.15,0.3125
28160.0,28160.0,,21007.0,,,,,,19182.0,19481.0,21487.0,24551.0,25429.0,12.0,5.0,41.0,1770.0,10540.0,2500.0,11800.0,3500.0,3500.0,2.0,3.0,0.4779,753.0,,0.5348,0.6715,6604180.0,6803290.0,13.0,937.0,0.3492,0.434895833,0.419618529,0.292825769,0.435064935,22250.0,14250.0,14250.0,11000.0,46086.0,15100.0,26799.0,60997.0,83600.0,39589.0,10800.0,23534.0,53127.0,66600.0,0.2683,Warner University,Lake Wales,0.4519,0.3096
32150.0,32150.0,,29932.0,,,,,,29108.0,27520.0,30975.0,34101.0,31366.0,12.0,5.0,41.0,1380.0,12600.0,5878.0,10496.0,5878.0,5040.0,2.0,3.0,0.7756,879.0,,0.5435,0.7051,6700351.0,6686291.0,18.0,,0.2601,0.294117647,0.406926407,0.364207221,0.484375,25250.0,8250.0,8437.0,9500.0,45606.0,10600.0,26734.0,70198.0,69700.0,37691.0,7200.0,23277.0,52726.0,51100.0,0.1445,Webber International University,Babson Park,0.5529,0.2044
6360.0,19241.0,8155.0,,3367.0,5208.0,8264.0,13090.0,15446.0,,,,,,12.0,5.0,41.0,1600.0,12432.0,3024.0,14082.0,3024.0,3024.0,1.0,3.0,0.5687,9042.0,,0.3255,0.255,86874886.0,92870276.0,22.0,1137.0,0.6176,0.282264779,0.456147893,0.488060876,0.607773852,16624.0,13750.0,13000.0,12618.0,49137.0,9500.0,32366.0,73762.0,74300.0,42204.0,8800.0,25924.0,60741.0,55300.0,0.4742,University of West Florida,Pensacola,0.8764,0.5368
3195.0,10101.0,6061.0,,4191.0,4468.0,7007.0,9865.0,9972.0,,,,,,13.0,5.0,32.0,1000.0,9270.0,3200.0,6200.0,3200.0,3200.0,1.0,3.0,0.7716,3218.0,,0.3412,0.2677,19053103.0,20720950.0,23.0,994.0,0.2912,0.232774674,0.237288136,0.381773399,0.528089888,16750.0,8750.0,8250.0,8751.0,34996.0,8900.0,19421.0,53296.0,64500.0,35495.0,7800.0,20330.0,52854.0,50300.0,0.1614,Abraham Baldwin Agricultural College,Tifton,0.6923,0.3526
48150.0,48150.0,,24224.0,,,,,,20042.0,22896.0,22407.0,25806.0,28583.0,13.0,5.0,21.0,1000.0,13375.0,2287.0,2500.0,2408.0,2408.0,2.0,3.0,0.6731,898.0,,0.3613,0.5283,218548954.0,227301028.0,10.0,1296.0,0.7052,0.647321429,0.664948454,0.543604651,0.633027523,26749.0,16000.0,20427.0,15750.0,56274.0,8200.0,33082.0,77511.0,79600.0,41382.0,8200.0,23755.0,62799.0,54700.0,0.6056,Agnes Scott College,Decatur,0.8007,0.7491
5934.0,16656.0,14251.0,,12993.0,13402.0,16225.0,18897.0,19054.0,,,,,,13.0,5.0,13.0,1220.0,9066.0,3400.0,10406.0,3400.0,3400.0,1.0,3.0,,5829.0,,0.6498,0.624,4043047.0,4519285.0,20.0,,0.2279,0.200436681,0.188247352,0.135287033,0.189290162,25024.0,12000.0,12500.0,13000.0,40674.0,10300.0,23741.0,59552.0,61200.0,35579.0,5400.0,20058.0,54480.0,43400.0,0.1395,Albany State University,Albany,0.7841,0.369
22300.0,22300.0,,20752.0,,,,,,20237.0,21103.0,19802.0,21409.0,22350.0,13.0,5.0,32.0,2000.0,9100.0,2000.0,9000.0,2000.0,1000.0,2.0,3.0,0.6751,2617.0,,0.3217,0.2398,5259269.0,5426988.0,13.0,1059.0,0.4044,0.316115702,0.429928741,0.260143198,0.240223464,25250.0,14250.0,15125.0,14535.0,38740.0,8400.0,19421.0,59089.0,59500.0,36410.0,5000.0,22595.0,53318.0,49300.0,0.2638,Point University,West Point,0.7095,0.2765
26446.0,26446.0,,35115.0,,,,,,33555.0,34611.0,37249.0,38230.0,39940.0,13.0,5.0,11.0,1900.0,12018.0,3312.0,12018.0,3312.0,3312.0,2.0,3.0,0.6463,3482.0,,0.691,0.8786,92509648.0,102650611.0,16.0,,0.478,0.362992922,0.4217119,0.23454367,0.36176066,27000.0,19250.0,19500.0,19500.0,42712.0,6600.0,22235.0,62609.0,71600.0,28097.0,5000.0,13718.0,45248.0,49000.0,0.344,Clark Atlanta University,Atlanta,0.692,0.4227
40416.0,40416.0,,21568.0,,,,,,16036.0,15267.0,20283.0,20748.0,28207.0,13.0,5.0,23.0,1000.0,14230.0,2224.0,11250.0,4084.0,3632.0,2.0,3.0,0.6185,2213.0,,0.2434,0.3883,1236197740.0,1261304012.0,12.0,1223.0,0.7391,0.68973747,0.667304015,0.699059561,0.775862069,23250.0,17314.0,16937.0,19500.0,53800.0,10600.0,36699.0,74990.0,82500.0,45014.0,7300.0,28330.0,63867.0,51100.0,0.6775,Berry College,Mount Berry,0.8297,0.726
8492.0,8492.0,,5970.0,,,,,,5970.0,,,,,13.0,5.0,11.0,1000.0,,,10200.0,2000.0,500.0,2.0,3.0,,158.0,,0.2238,0.2657,,,6.0,,0.1667,,0.068027211,0.164383562,0.23255814,,,,,35236.0,3400.0,,52940.0,54600.0,21108.0,,11199.0,43842.0,,0.0,Beulah Heights University,Atlanta,0.6,0.125
33275.0,33275.0,,20786.0,,,,,,20696.0,19278.0,21551.0,24922.0,19129.0,13.0,5.0,13.0,1240.0,12600.0,2900.0,13950.0,5220.0,4300.0,2.0,3.0,0.8696,981.0,,0.4671,0.7456,50668512.0,54998050.0,11.0,1087.0,0.3536,0.343698854,0.414211438,0.392539965,0.537373737,27000.0,16500.0,19750.0,17500.0,54003.0,14600.0,34083.0,79256.0,77600.0,41664.0,8600.0,25036.0,62234.0,63900.0,0.2806,Brenau University,Gainesville,0.6198,0.5273
21696.0,21696.0,,21983.0,,,,,,20759.0,20890.0,23924.0,24249.0,23318.0,13.0,5.0,42.0,1941.0,10138.0,5258.0,14493.0,5258.0,11364.0,2.0,3.0,0.8635,684.0,,0.461,0.483,7928344.0,8829519.0,14.0,,0.2349,,0.129464286,0.344748858,0.453488372,24990.0,8250.0,8250.0,5500.0,42009.0,8900.0,25920.0,56205.0,63000.0,35732.0,6600.0,19102.0,51803.0,49500.0,0.1145,Brewton-Parker College,Mount Vernon,0.3756,0.1239
3483.0,10389.0,12905.0,,10793.0,11811.0,14440.0,16374.0,16608.0,,,,,,13.0,5.0,13.0,1850.0,13086.0,7038.0,7938.0,7038.0,7038.0,1.0,3.0,0.9851,2794.0,,0.4051,0.3109,11706195.0,9498444.0,20.0,1001.0,0.2556,0.200823893,0.280182232,0.343125,0.535612536,15039.0,8750.0,8750.0,6833.0,39318.0,5600.0,19732.0,59937.0,60000.0,35382.0,4600.0,21494.0,52922.0,51700.0,0.1471,College of Coastal Georgia,Brunswick,0.5251,0.2465
5068.0,15790.0,10145.0,,8685.0,9021.0,11506.0,13966.0,15948.0,,,,,,13.0,5.0,21.0,1822.0,11104.0,3375.0,10881.0,3375.0,2531.0,1.0,3.0,0.7059,4390.0,,0.5191,0.4011,17554648.0,19583154.0,17.0,973.0,0.3539,0.339100346,0.413950829,0.290477393,0.403722262,25706.0,17519.0,15845.0,15750.0,49179.0,10400.0,27996.0,74456.0,73500.0,41633.0,8600.0,22831.0,62850.0,62500.0,0.1544,Clayton  State University,Morrow,0.7321,0.3794
5751.0,16805.0,11889.0,,10370.0,10797.0,13287.0,15598.0,15428.0,,,,,,13.0,5.0,12.0,1600.0,11262.0,6184.0,10122.0,6184.0,6184.0,1.0,3.0,0.9924,5537.0,,0.444,0.4171,86943548.0,95442766.0,18.0,994.0,0.4174,0.351914414,0.384073673,0.329644032,0.468146718,26000.0,15000.0,15073.0,15000.0,44544.0,9900.0,27521.0,62748.0,69100.0,39190.0,7600.0,24100.0,57728.0,51900.0,0.2217,Columbus State University,Columbus,0.7273,0.4626
40464.0,40464.0,,24832.0,,,,,,18897.0,18479.0,22783.0,23277.0,29241.0,13.0,5.0,21.0,1170.0,12272.0,4106.0,11000.0,6406.0,6406.0,2.0,3.0,0.8176,858.0,,0.1845,0.4148,53641234.0,57543710.0,12.0,1254.0,0.7186,0.562874251,0.526785714,0.789237668,0.902439024,22500.0,13750.0,18840.0,19500.0,50412.0,7100.0,33938.0,73784.0,83600.0,39570.0,6500.0,21912.0,52180.0,61900.0,0.616,Covenant College,Lookout Mountain,0.8734,0.7209
3283.0,10189.0,4694.0,,3109.0,3616.0,6260.0,8079.0,9924.0,,,,,,13.0,5.0,13.0,1743.0,10128.0,2200.0,10770.0,2430.0,2430.0,1.0,3.0,,4419.0,,0.4977,0.1497,19963771.0,20257175.0,20.0,,0.2959,0.202391119,0.286277603,0.393782383,0.5944334,12937.0,8293.0,6501.0,7101.0,40251.0,6600.0,24619.0,56194.0,57700.0,37491.0,5600.0,23967.0,51653.0,48400.0,0.1373,Dalton State College,Dalton,0.5951,0.3406
18238.0,18238.0,,24116.0,,,,,,23807.0,26266.0,,27218.0,,13.0,5.0,12.0,1500.0,,,8925.0,7914.0,5541.0,3.0,3.0,,246.0,,0.7231,0.5641,,,11.0,,0.2273,0.222162162,0.178076996,0.192723315,0.386992275,26123.0,12643.0,15278.0,14700.0,34421.0,7100.0,17463.0,53014.0,67200.0,34115.0,7600.0,17590.0,54613.0,74600.0,0.0,South University-Savannah,Savannah,0.5,0.1429
23664.0,23664.0,,19297.0,,,,,,18134.0,15569.0,17824.0,23245.0,21250.0,13.0,5.0,42.0,,10460.0,4492.0,9728.0,8270.0,4828.0,2.0,3.0,0.5336,719.0,,0.2976,0.4429,2015316.0,2210319.0,12.0,,0.346,0.364661654,0.355140187,0.349367089,0.475862069,24325.0,12150.0,14125.0,11000.0,38208.0,7000.0,18566.0,57243.0,60000.0,37595.0,5900.0,23432.0,53047.0,45900.0,0.2946,Emmanuel University,Franklin Springs,0.5745,0.3405
60774.0,60774.0,,23911.0,,,,,,6895.0,8640.0,11687.0,21124.0,54582.0,13.0,5.0,11.0,1250.0,18972.0,2626.0,18972.0,2626.0,2626.0,2.0,3.0,0.111,7275.0,,0.1818,0.1124,11155404520.0,11358435000.0,9.0,1507.0,0.9176,0.876,0.898522167,0.768277571,0.804038893,18250.0,15984.0,16750.0,17500.0,80137.0,18300.0,57523.0,120080.0,135900.0,74980.0,12900.0,46152.0,107505.0,121700.0,0.833,Emory University,Atlanta,0.9617,0.9057
5392.0,16114.0,11609.0,,10128.0,11168.0,12984.0,16414.0,16034.0,,,,,,13.0,5.0,31.0,1500.0,8372.0,5000.0,8000.0,500.0,500.0,1.0,3.0,0.628,2541.0,,0.7195,0.7005,13200000.0,12742420.0,18.0,864.0,0.4519,0.34870317,0.366522367,0.130222222,0.210019268,31000.0,20250.0,18438.0,16000.0,36666.0,7900.0,19149.0,53170.0,58300.0,28649.0,5200.0,13496.0,43821.0,46600.0,0.1807,Fort Valley State University,Fort Valley,0.7256,0.4683
11764.0,32876.0,13289.0,,7491.0,9083.0,13349.0,16601.0,17250.0,,,,,,13.0,5.0,11.0,800.0,12760.0,3200.0,12760.0,3200.0,9200.0,1.0,3.0,0.1646,18260.0,,0.1367,0.193,2927741911.0,2947317406.0,18.0,1447.0,0.9228,0.597126796,0.796589525,0.820097245,0.876005078,21672.0,20048.0,20500.0,19834.0,102772.0,23700.0,73294.0,136204.0,130000.0,89432.0,19000.0,69050.0,111799.0,89700.0,0.5706,Georgia Institute of Technology-Main Campus,Atlanta,0.9774,0.9303
4980.0,15702.0,12052.0,,10602.0,11031.0,13237.0,14813.0,15617.0,,,,,,13.0,5.0,32.0,1240.0,9574.0,5280.0,9400.0,5280.0,11540.0,1.0,3.0,0.7716,2291.0,,0.4066,0.3917,35924941.0,37266054.0,18.0,998.0,0.3191,0.402985075,0.435600579,0.414599575,0.554276316,18851.0,11115.0,11750.0,10090.0,48757.0,9100.0,32438.0,69561.0,69000.0,42047.0,8400.0,27203.0,64123.0,55300.0,0.1955,Georgia Southwestern State University,Americus,0.6393,0.3636
8998.0,28178.0,18809.0,,13152.0,14675.0,18262.0,20684.0,21140.0,,,,,,13.0,5.0,32.0,2000.0,11774.0,7583.0,8926.0,7979.0,7979.0,1.0,3.0,0.8777,5599.0,,0.1637,0.3438,57612368.0,59948555.0,16.0,1150.0,0.6157,0.530357143,0.593518519,0.682548477,0.758556892,22250.0,18231.0,17250.0,15000.0,58140.0,11300.0,39235.0,82395.0,70600.0,50644.0,9200.0,33474.0,71242.0,54000.0,0.5038,Georgia College & State University,Milledgeville,0.8447,0.6216
5905.0,16959.0,16531.0,,13139.0,13922.0,16475.0,19776.0,20259.0,,,,,,13.0,5.0,32.0,1200.0,10993.0,7474.0,9814.0,7742.0,7742.0,1.0,3.0,0.8963,21029.0,,0.3549,0.4004,98401763.0,105792495.0,24.0,1057.0,0.5205,0.421656508,0.486972147,0.478645687,0.589864467,23250.0,15838.0,15250.0,15000.0,53236.0,12000.0,32941.0,79064.0,75900.0,44423.0,9300.0,27338.0,64898.0,57600.0,0.3397,Georgia Southern University,Statesboro,0.7719,0.5651
8478.0,23709.0,15931.0,,13552.0,14546.0,17219.0,19421.0,20338.0,,,,,,13.0,5.0,11.0,2000.0,16328.0,4662.0,14871.0,6593.0,6593.0,1.0,3.0,0.6228,27109.0,,0.5011,0.4147,219510836.0,241713865.0,25.0,1149.0,0.5372,0.310962373,0.338142773,0.388644689,0.494945568,20903.0,12180.0,11500.0,11000.0,47384.0,10200.0,24994.0,72355.0,81800.0,37844.0,8800.0,18862.0,59064.0,62800.0,0.3434,Georgia State University,Atlanta,0.7835,0.5893
11180.0,30220.0,13816.0,,7897.0,9336.0,14400.0,17447.0,17846.0,,,,,,13.0,5.0,12.0,1002.0,11246.0,4678.0,9898.0,5634.0,5634.0,1.0,3.0,0.372,31310.0,,0.1722,0.2165,1685035351.0,1810872356.0,17.0,1301.0,0.8716,0.713911386,0.764719792,0.643979058,0.720332578,18500.0,16250.0,16675.0,16750.0,68726.0,14200.0,45171.0,102181.0,96200.0,57565.0,11200.0,37697.0,79605.0,68900.0,0.7123,University of Georgia,Athens,0.9454,0.8811
34540.0,34540.0,,17805.0,,,,,,10585.0,11752.0,29989.0,22805.0,21286.0,13.0,5.0,32.0,1200.0,12844.0,2905.0,13100.0,2955.0,2905.0,2.0,3.0,0.6321,566.0,,0.4366,0.71,54064652.0,58392413.0,11.0,,0.4176,0.411411411,0.379104478,0.506692161,0.604166667,25730.0,15000.0,18250.0,15000.0,51745.0,14800.0,32714.0,72273.0,70500.0,46599.0,8300.0,29096.0,64427.0,60400.0,0.348,LaGrange College,Lagrange,0.6045,0.4639
15036.0,15036.0,,30257.0,,,,,,29119.0,29737.0,32094.0,32068.0,30316.0,13.0,5.0,13.0,2400.0,13959.0,9900.0,16413.0,9900.0,5100.0,2.0,3.0,0.9381,869.0,,0.3923,0.4907,3477455.0,4038225.0,16.0,994.0,0.3214,0.422764228,0.404320988,0.245398773,0.223776224,16666.0,9500.0,9167.0,7500.0,47397.0,7100.0,25502.0,73921.0,90300.0,37368.0,4400.0,19024.0,56714.0,73200.0,0.1964,Life University,Marietta,0.6258,0.4505
40890.0,40890.0,,22350.0,,,,,,18650.0,20919.0,22627.0,24610.0,26399.0,13.0,5.0,12.0,1200.0,14528.0,2864.0,14528.0,2864.0,2864.0,2.0,3.0,0.6646,4620.0,,0.333,0.61,452556294.0,479944937.0,13.0,1280.0,0.7339,0.596928983,0.579940417,0.398215045,0.505309735,24199.0,18538.0,18500.0,15750.0,58354.0,13400.0,36398.0,85903.0,114200.0,50231.0,13000.0,30624.0,74636.0,107000.0,0.6404,Mercer University,Macon,0.8272,0.737
31725.0,31725.0,,35949.0,,,,,,32679.0,33552.0,37266.0,39484.0,39174.0,13.0,5.0,11.0,2000.0,14964.0,2934.0,16787.0,12312.0,4374.0,2.0,3.0,0.5139,2736.0,,0.4438,0.5979,246017759.0,254125270.0,13.0,1050.0,0.5267,0.362676056,0.435950413,0.254139073,0.385604113,25000.0,20000.0,18500.0,16500.0,52889.0,7000.0,29053.0,82328.0,96300.0,38267.0,6900.0,18548.0,65371.0,68600.0,0.3647,Morehouse College,Atlanta,0.8584,0.5096
9558.0,9558.0,,18898.0,,,,,,17824.0,19728.0,21357.0,23532.0,26005.0,13.0,5.0,11.0,1000.0,,,11561.0,7494.0,8521.0,2.0,3.0,,338.0,,0.6245,0.7036,342181.0,520416.0,14.0,,1.0,,,,,,,,,,,,,,,,,,,0.5,Morris Brown College,Atlanta,0.6364,
45806.0,45806.0,,21735.0,,,,,,17338.0,18628.0,20321.0,24263.0,24561.0,13.0,5.0,21.0,1200.0,15300.0,2750.0,15300.0,4000.0,4000.0,2.0,3.0,0.6006,1429.0,,0.3374,0.6727,41533040.0,46437739.0,14.0,1230.0,0.5392,0.486666667,0.448412698,0.418067227,0.582857143,25000.0,16250.0,14951.0,12375.0,55232.0,7600.0,33088.0,87292.0,91000.0,42691.0,8800.0,26100.0,61285.0,61500.0,0.4578,Oglethorpe University,Atlanta,0.7506,0.575
14596.0,14596.0,,15074.0,,,,,,15133.0,10480.0,20287.0,18051.0,,13.0,5.0,12.0,2500.0,7512.0,3024.0,7512.0,3024.0,3024.0,2.0,3.0,0.8336,338.0,,0.7129,0.7355,12042232.0,11893125.0,11.0,,0.2169,0.06626506,0.14,0.111658457,0.205128205,,11000.0,11000.0,10750.0,33338.0,6400.0,18210.0,49443.0,56000.0,25240.0,4000.0,13055.0,37942.0,35200.0,0.0602,Paine College,Augusta,0.5357,0.096
30680.0,30680.0,,20893.0,,,,,,18494.0,17125.0,17980.0,22397.0,24251.0,13.0,5.0,32.0,1298.0,12300.0,3630.0,10668.0,3630.0,3630.0,2.0,3.0,0.9284,1235.0,,0.4145,0.6795,43570462.0,45412532.0,12.0,1074.0,0.4146,0.509302326,0.535620053,0.431701031,0.496503497,25000.0,18250.0,18863.0,15500.0,49130.0,8100.0,33695.0,70024.0,67100.0,43761.0,8800.0,28150.0,62143.0,62500.0,0.2892,Piedmont University,Demorest,0.7708,0.4907
28420.0,28420.0,,27769.0,,,,,,24424.0,27030.0,27952.0,30689.0,30105.0,13.0,5.0,41.0,1500.0,12950.0,6200.0,8400.0,6200.0,6200.0,2.0,3.0,0.5516,1012.0,,0.3909,0.5826,42400131.0,43290522.0,11.0,,0.3562,0.343137255,0.29707113,0.448275862,PS,23900.0,12885.0,14250.0,13141.0,46541.0,10300.0,29886.0,67335.0,65500.0,40411.0,6100.0,24829.0,58290.0,54200.0,0.2769,Reinhardt University,Waleska,0.5667,0.3571
40595.0,40595.0,,45450.0,,,,,,41693.0,42451.0,45149.0,47652.0,47565.0,13.0,5.0,12.0,2025.0,17493.0,4224.0,13617.0,4224.0,4074.0,2.0,3.0,0.8368,14423.0,,0.1854,0.3456,255300000.0,326681000.0,20.0,1178.0,0.7048,0.623868778,0.668235294,0.519316909,0.615125241,25148.0,15000.0,15500.0,15537.0,45954.0,8100.0,22720.0,74382.0,78400.0,34110.0,5600.0,16488.0,56340.0,53400.0,0.5322,Savannah College of Art and Design,Savannah,0.8683,0.722
5498.0,16218.0,8683.0,,7238.0,7491.0,10852.0,12949.0,13784.0,,,,,,13.0,5.0,12.0,1600.0,9620.0,717.0,7762.0,2450.0,2450.0,1.0,3.0,,2727.0,,0.6485,0.6612,11964916.0,11700047.0,21.0,,0.2517,0.214102564,0.267707083,0.143029815,0.241502683,28000.0,18750.0,14000.0,14000.0,37981.0,8400.0,20193.0,56131.0,64700.0,27494.0,5200.0,14631.0,41943.0,43800.0,0.1667,Savannah State University,Savannah,0.7002,0.2583
24044.0,24044.0,,16286.0,,,,,,14057.0,15131.0,17363.0,18498.0,18784.0,13.0,5.0,13.0,1200.0,9784.0,2160.0,10450.0,6501.0,3735.0,2.0,3.0,0.9693,1091.0,,0.3744,0.4924,14657745.0,14630107.0,15.0,1075.0,0.3708,0.437743191,0.492727273,0.328730749,0.391764706,25000.0,12250.0,12500.0,12500.0,44604.0,12100.0,27477.0,64265.0,85400.0,41860.0,10900.0,25387.0,60038.0,74200.0,0.2734,Shorter University,Rome,0.6716,0.3755
30058.0,30058.0,,36828.0,,,,,,31898.0,31961.0,34390.0,35209.0,42201.0,13.0,5.0,11.0,1500.0,16293.0,3515.0,16293.0,3515.0,3515.0,2.0,3.0,0.3409,3633.0,,0.2937,0.577,497744540.0,513974014.0,11.0,1184.0,0.761,0.63064833,0.657425743,0.370838117,0.447731755,25000.0,22796.0,22469.0,21500.0,59993.0,12100.0,40168.0,86219.0,87400.0,45676.0,8300.0,25898.0,66368.0,64700.0,0.682,Spelman College,Atlanta,0.9376,0.7673
11640.0,11640.0,,19313.0,,,,,,16047.0,18397.0,20893.0,20499.0,,13.0,5.0,32.0,2000.0,8140.0,2200.0,9900.0,12060.0,2200.0,2.0,3.0,0.4316,813.0,,0.4678,0.5574,6654592.0,6350574.0,11.0,1037.0,0.2778,0.357664234,0.422580645,0.311827957,0.355555556,21198.0,17750.0,14000.0,14000.0,49716.0,6200.0,31997.0,74817.0,69400.0,45305.0,7200.0,27706.0,65320.0,57100.0,0.2609,Thomas University,Thomasville,0.6364,0.4545
23250.0,23250.0,,20133.0,,,,,,18552.0,19953.0,20025.0,20916.0,22603.0,13.0,5.0,32.0,1200.0,8600.0,4770.0,9000.0,8370.0,5270.0,2.0,3.0,0.6381,820.0,,0.1972,0.2525,3469987.0,3792432.0,16.0,1155.0,0.4601,0.459915612,0.492248062,0.548165138,0.653658537,22250.0,9500.0,12000.0,12867.0,36630.0,6200.0,21730.0,53553.0,52700.0,33131.0,5900.0,20552.0,48171.0,42500.0,0.3413,Toccoa Falls College,Toccoa Falls,0.5727,0.529
25568.0,25568.0,,22328.0,,,,,,22603.0,19236.0,22086.0,23716.0,23219.0,13.0,5.0,42.0,1600.0,9320.0,3500.0,9320.0,3500.0,3500.0,2.0,3.0,0.9068,768.0,,0.1037,0.1607,6435557.0,6653878.0,16.0,,0.4115,0.313901345,0.443089431,0.504761905,0.638297872,23439.0,9500.0,17169.0,11000.0,46700.0,8200.0,30962.0,63630.0,64600.0,39193.0,4900.0,24329.0,54612.0,45500.0,0.3301,Truett McConnell University,Cleveland,0.5926,0.3527
6007.0,17062.0,11298.0,,9443.0,10072.0,12659.0,14892.0,16028.0,,,,,,13.0,5.0,13.0,1200.0,8922.0,6246.0,10946.0,5936.0,6246.0,1.0,3.0,0.8349,6858.0,,0.5086,0.4657,64362137.0,68762253.0,17.0,1037.0,0.4174,0.321348315,0.325131101,0.35619469,0.478756477,24779.0,14200.0,13750.0,13000.0,49361.0,11300.0,31232.0,69186.0,68600.0,39416.0,9000.0,23717.0,54951.0,53200.0,0.2406,Valdosta State University,Valdosta,0.6747,0.4347
27650.0,27650.0,,14528.0,,,,,,13364.0,12173.0,16475.0,18592.0,20958.0,13.0,5.0,12.0,,11326.0,2500.0,11326.0,2500.0,2500.0,2.0,3.0,0.6207,466.0,,0.4446,0.5147,58240802.0,59147763.0,7.0,905.0,0.6056,0.474820144,0.455284553,0.359832636,0.466666667,24094.0,15425.0,19500.0,12925.0,44317.0,7200.0,25212.0,60741.0,67300.0,35630.0,2400.0,18139.0,52559.0,50500.0,0.5493,Wesleyan College,Macon,0.7524,0.563
5971.0,17024.0,15450.0,,12779.0,13345.0,16015.0,18909.0,19101.0,,,,,,13.0,5.0,32.0,1275.0,11642.0,4752.0,9104.0,8736.0,8736.0,1.0,3.0,0.4937,7485.0,,0.418,0.3983,36358201.0,41693634.0,16.0,1044.0,0.4272,0.388028896,0.490003635,0.392841742,0.504260652,23970.0,15750.0,15500.0,14000.0,49587.0,10000.0,31963.0,69802.0,69000.0,41000.0,8900.0,23977.0,58554.0,56100.0,0.2499,University of West Georgia,Carrollton,0.7602,0.4434
32305.0,32305.0,,11008.0,,,,,,11154.0,7888.0,9309.0,13219.0,12588.0,13.0,5.0,43.0,0.0,13000.0,4193.0,4820.0,4598.0,7885.0,2.0,3.0,0.6402,810.0,,0.2106,0.3269,113872489.0,120608146.0,11.0,,0.4566,0.347079038,0.32010582,0.565310493,0.642276423,27000.0,12000.0,12000.0,12000.0,47195.0,8500.0,28097.0,66894.0,64000.0,36389.0,6600.0,22576.0,48257.0,48900.0,0.4189,Young Harris College,Young Harris,0.668,0.4133
29970.0,29970.0,,28061.0,,,,,,31894.0,19135.0,24488.0,26305.0,27774.0,15.0,8.0,11.0,1600.0,16670.0,2692.0,14740.0,2692.0,2692.0,2.0,3.0,0.9263,1648.0,,0.422,0.3708,34666684.0,40002770.0,11.0,1155.0,0.5814,0.379061372,0.395348837,0.451807229,0.546125461,23250.0,16104.0,19452.0,18699.0,52343.0,10500.0,32180.0,73655.0,77200.0,48660.0,5600.0,27273.0,69967.0,53800.0,0.5095,Chaminade University of Honolulu,Honolulu,0.7397,0.6574
7838.0,20798.0,12063.0,,9081.0,9707.0,12607.0,14862.0,19851.0,,,,,,15.0,8.0,33.0,1350.0,8248.0,3986.0,14524.0,12880.0,5230.0,1.0,3.0,0.8977,2260.0,,0.3953,0.2985,293175.0,325111.0,12.0,1025.0,0.4163,0.350993377,0.430257511,0.55914718,0.675986842,20500.0,14600.0,12500.0,10375.0,47856.0,7300.0,26276.0,68319.0,69000.0,37204.0,6200.0,21515.0,55327.0,53300.0,0.2512,University of Hawaii at Hilo,Hilo,0.6977,0.4514
12186.0,34218.0,13181.0,,7397.0,9971.0,13381.0,16795.0,20462.0,,,,,,15.0,8.0,11.0,1350.0,14936.0,3859.0,17357.0,4975.0,4975.0,1.0,3.0,0.6969,14306.0,,0.2451,0.2736,46589268.0,50792934.0,14.0,1157.0,0.6257,0.524629555,0.581562838,0.642857143,0.737505432,18500.0,14000.0,12500.0,13099.0,57624.0,12200.0,34835.0,84162.0,89000.0,45701.0,7800.0,25993.0,67046.0,68800.0,0.398,University of Hawaii at Manoa,Honolulu,0.7478,0.6145
33020.0,33020.0,,30557.0,,,,,,26082.0,28770.0,28932.0,32793.0,34920.0,15.0,8.0,11.0,1050.0,16042.0,2400.0,12570.0,2400.0,2400.0,2.0,3.0,0.8448,2502.0,,0.2,0.2527,48225650.0,50709869.0,15.0,1180.0,0.4121,0.228395062,0.36122178,0.558650241,0.654632972,22000.0,12500.0,12000.0,11790.0,59593.0,9700.0,35751.0,90587.0,97500.0,48773.0,9700.0,29251.0,76219.0,84500.0,0.302,Hawaii Pacific University,Honolulu,0.5724,0.4362
7584.0,20544.0,10666.0,,8030.0,6161.0,10881.0,13331.0,16928.0,,,,,,15.0,8.0,21.0,1350.0,,,17358.0,4976.0,4976.0,1.0,3.0,0.956,2510.0,,0.2966,0.2012,244196.0,269194.0,16.0,973.0,0.4684,0.473837209,0.436728395,0.543233083,0.643835616,14500.0,12500.0,11775.0,11000.0,52075.0,10400.0,32168.0,71489.0,72000.0,44352.0,6700.0,26761.0,59858.0,59700.0,0.2305,University of Hawaii-West Oahu,Kapolei,0.6898,0.4017
11240.0,11240.0,,16884.0,,,,,,15056.0,15100.0,17175.0,22045.0,,16.0,7.0,21.0,336.0,8252.0,3960.0,9867.0,7368.0,5400.0,2.0,3.0,0.9643,103.0,,0.4688,0.3438,697969.0,725953.0,12.0,1080.0,0.4815,0.486486486,0.461538462,0.55,0.675,,,,,33140.0,,15380.0,52277.0,,32662.0,,22003.0,54703.0,,0.1429,Boise Bible College,Boise,0.6429,0.5
8782.0,26976.0,19182.0,,15387.0,16200.0,19197.0,22131.0,22767.0,,,,,,16.0,7.0,12.0,1226.0,16610.0,5723.0,13080.0,6064.0,5529.0,1.0,3.0,0.8396,17081.0,,0.1794,0.2526,135302476.0,146169823.0,19.0,,0.6187,0.476040353,0.5191659,0.473926784,0.592675159,20500.0,15489.0,14000.0,12909.0,51658.0,7800.0,32650.0,76483.0,75100.0,45251.0,6700.0,30218.0,66072.0,57800.0,0.3967,Boise State University,Boise,0.7786,0.5589
8356.0,27466.0,17324.0,,14678.0,15971.0,17797.0,20328.0,21084.0,,,,,,16.0,7.0,13.0,1000.0,7924.0,5930.0,8370.0,5930.0,5930.0,1.0,3.0,,7260.0,,0.2684,0.2479,88703400.0,86222690.0,13.0,,0.383,0.357107232,0.396628656,0.425688387,0.558176944,20039.0,13000.0,12755.0,11033.0,45608.0,6800.0,26351.0,70935.0,82600.0,41377.0,5200.0,25466.0,61873.0,64100.0,0.2381,Idaho State University,Pocatello,0.7363,0.3918
8816.0,29784.0,13782.0,,9930.0,11390.0,12902.0,16256.0,18322.0,,,,,,16.0,7.0,32.0,1232.0,10380.0,3552.0,10380.0,3552.0,3552.0,1.0,3.0,0.7909,7363.0,,0.2276,0.3053,372857803.0,396374514.0,17.0,1088.0,0.609,0.508264463,0.543189369,0.552580331,0.657831325,21982.0,18500.0,15477.0,15000.0,54670.0,11100.0,34494.0,80860.0,83100.0,42602.0,8900.0,28235.0,60684.0,62500.0,0.4122,University of Idaho,Moscow,0.7513,0.6052
36030.0,36030.0,,20566.0,,,,,,15367.0,18437.0,17013.0,21946.0,25125.0,16.0,7.0,22.0,1200.0,11935.0,2200.0,7500.0,2200.0,2200.0,2.0,3.0,0.4722,1049.0,,0.2405,0.5152,111180504.0,117737164.0,10.0,1166.0,0.6412,0.546961326,0.64137931,0.665822785,0.785365854,24500.0,19000.0,18500.0,14795.0,48473.0,10800.0,28152.0,71310.0,79600.0,42097.0,8600.0,28624.0,54418.0,53000.0,0.5687,The College of Idaho,Caldwell,0.7649,0.5606
7388.0,21386.0,12832.0,,11234.0,10191.0,13343.0,14039.0,16387.0,,,,,,16.0,7.0,13.0,1570.0,12330.0,3430.0,10226.0,3430.0,2170.0,1.0,3.0,0.8978,2277.0,,0.2401,0.2631,11514532.0,12791174.0,16.0,,0.4472,0.417594655,0.395715896,0.465182378,0.620603015,18500.0,11976.0,10908.0,9736.0,46001.0,6700.0,27168.0,66552.0,65200.0,42133.0,6400.0,26383.0,62552.0,54500.0,0.2329,Lewis-Clark State College,Lewiston,0.6414,0.3401
39370.0,39370.0,,25537.0,,,,,,22918.0,21975.0,24101.0,26385.0,28028.0,16.0,7.0,22.0,1320.0,11550.0,4346.0,11862.0,6200.0,6200.0,2.0,3.0,0.6295,1138.0,,0.2947,0.5991,53597223.0,60417621.0,14.0,1184.0,0.5993,0.590643275,0.608069164,0.581589958,0.682352941,23750.0,18500.0,16901.0,15750.0,51719.0,8700.0,32147.0,76869.0,72900.0,45488.0,10400.0,30625.0,68841.0,61600.0,0.4831,Northwest Nazarene University,Nampa,0.7872,0.6318
4656.0,4656.0,,7131.0,,,,,,3102.0,4175.0,5457.0,8757.0,12309.0,16.0,7.0,32.0,550.0,5068.0,5096.0,5068.0,5096.0,5096.0,2.0,3.0,0.9695,42090.0,,0.2487,0.1154,163625000.0,133652000.0,20.0,1123.0,0.5508,0.326196293,0.462232052,0.665217391,0.779274224,13969.0,8539.0,8540.0,9230.0,53406.0,4500.0,26332.0,85303.0,88300.0,40447.0,3900.0,20341.0,63010.0,64000.0,0.2086,Brigham Young University-Idaho,Rexburg,0.6963,0.5618
39510.0,39510.0,,34298.0,,,,,,31011.0,31834.0,33296.0,34820.0,43705.0,17.0,3.0,11.0,1600.0,,,6354.0,2800.0,3065.0,3.0,3.0,,90.0,,0.6306,0.8378,,,6.0,,0.45,0.416666667,0.495327103,0.405315615,0.603448276,27000.0,28338.0,27000.0,19000.0,34324.0,7900.0,15996.0,47746.0,60000.0,25368.0,4200.0,11390.0,38549.0,39600.0,0.4,American Academy of Art College,Chicago,0.5,0.569
7650.0,7650.0,,,,,,,,,,,,,17.0,3.0,11.0,600.0,,,5400.0,1600.0,500.0,2.0,3.0,1.0,6.0,,0.0,0.0,,,2.0,,,,,,,,,,,,,,,,,,,,,,American Islamic College,Chicago,0.0,0.5
54530.0,54530.0,,49822.0,,,,,,43080.0,45357.0,48571.0,52086.0,55898.0,17.0,3.0,11.0,2380.0,16100.0,4180.0,10370.0,2310.0,2130.0,2.0,3.0,0.7642,2762.0,,0.1911,0.3698,312399000.0,360556000.0,10.0,,0.6402,0.474654378,0.651685393,0.545741325,0.607843137,27000.0,21363.0,19500.0,18456.0,40151.0,3900.0,19505.0,65300.0,68500.0,26742.0,5600.0,11671.0,48869.0,50600.0,0.3941,School of the Art Institute of Chicago,Chicago,0.824,0.6702
49834.0,49834.0,,12437.0,,,,,,15549.0,14949.0,17567.0,20075.0,6658.0,17.0,3.0,13.0,1000.0,12166.0,1848.0,12166.0,1848.0,1848.0,2.0,3.0,0.6765,2418.0,,0.2192,0.5837,196811090.0,207983239.0,11.0,1133.0,0.7918,0.764604811,0.678362573,0.759439051,0.824175824,27000.0,25000.0,25280.0,26000.0,62971.0,19900.0,45347.0,87097.0,89900.0,49849.0,12200.0,33951.0,67609.0,58800.0,0.7306,Augustana College,Rock Island,0.828,0.7876
28220.0,28220.0,,18992.0,,,,,,13980.0,14079.0,16984.0,22070.0,25042.0,17.0,3.0,21.0,1200.0,13240.0,3204.0,4248.0,3420.0,7668.0,2.0,3.0,0.8514,4021.0,,0.4345,0.4884,45525480.0,48830875.0,18.0,1072.0,0.5832,0.635585971,0.635678392,0.567823344,0.688221709,20318.0,16000.0,16000.0,15000.0,58709.0,12100.0,41124.0,82940.0,79500.0,51237.0,11000.0,35653.0,73049.0,61300.0,0.4618,Aurora University,Aurora,0.7784,0.56
26758.0,26758.0,,21814.0,,,,,,19146.0,17130.0,20872.0,23289.0,25005.0,17.0,3.0,32.0,500.0,9120.0,2700.0,10000.0,3900.0,3900.0,2.0,3.0,0.8014,341.0,,0.544,0.5052,30001668.0,32435612.0,9.0,,0.5241,0.424107143,0.343195266,0.525525526,0.746153846,24242.0,13546.0,13600.0,18500.0,46802.0,11400.0,32912.0,63312.0,71600.0,36665.0,10100.0,21660.0,50709.0,50200.0,0.4276,Blackburn College,Carlinville,0.5769,0.4591
,,,,,,,,,,,,,,17.0,3.0,33.0,,,,,,,2.0,3.0,,176.0,,0.366,0.4575,,,10.0,,,,0.7,0.743055556,PS,13000.0,13000.0,13000.0,10316.0,72430.0,,52110.0,95088.0,,67602.0,,50569.0,81509.0,,,Blessing Rieman College of Nursing and Health Sciences,Quincy,,
39680.0,39680.0,,23572.0,,,,,,17762.0,16472.0,19392.0,25476.0,29736.0,17.0,3.0,12.0,1200.0,12850.0,2240.0,12850.0,2240.0,5850.0,2.0,3.0,0.7666,3865.0,,0.2942,0.6358,345573676.0,345009371.0,11.0,1237.0,0.7214,0.703872437,0.728456914,0.726093224,0.812845304,27000.0,23250.0,23250.0,23250.0,66852.0,18200.0,44657.0,91207.0,96700.0,59114.0,13800.0,39544.0,79440.0,71500.0,0.5675,Bradley University,Peoria,0.8446,0.7551
20844.0,20844.0,,,,,,,,,,,,,17.0,3.0,11.0,2184.0,,,18536.0,8568.0,7504.0,2.0,3.0,0.3333,31.0,,0.4706,0.7941,14681577.0,14667863.0,8.0,,,0.456349206,0.586206897,PS,PS,20000.0,9500.0,10500.0,11250.0,56899.0,,37351.0,81942.0,,51817.0,,30052.0,69847.0,,,The Chicago School at Chicago,Chicago,,
12754.0,12754.0,10133.0,,8025.0,10674.0,12729.0,16801.0,9392.0,,,,,,17.0,3.0,11.0,2400.0,11550.0,5000.0,11550.0,5000.0,5000.0,1.0,3.0,0.4052,1414.0,,0.5497,0.6131,7644688.0,7727159.0,10.0,,0.1695,0.249142857,0.271232877,0.175565874,0.26394052,30625.0,23000.0,19000.0,15000.0,42778.0,6800.0,21510.0,64024.0,70700.0,33805.0,6000.0,15483.0,52337.0,59800.0,0.0678,Chicago State University,Chicago,0.4675,0.2407
66939.0,66939.0,,18967.0,,,,,,-1428.0,-294.0,770.0,12816.0,54800.0,17.0,3.0,11.0,1800.0,19221.0,2400.0,,,,2.0,3.0,0.0479,7540.0,,0.1447,0.0506,8569802385.0,8552674498.0,5.0,1554.0,0.9491,0.910526316,0.91440501,0.830146232,0.861930295,15000.0,8250.0,12000.0,14500.0,91885.0,16700.0,60576.0,158433.0,195000.0,80870.0,11900.0,48014.0,138142.0,160400.0,0.8641,University of Chicago,Chicago,0.9942,0.9616
32520.0,32520.0,,26788.0,,,,,,21821.0,22285.0,27380.0,32896.0,36054.0,17.0,3.0,11.0,1800.0,16838.0,3130.0,22000.0,3130.0,3130.0,2.0,3.0,0.9117,6294.0,,0.4318,0.5732,192071841.0,201842538.0,15.0,,0.4846,0.523377213,0.548038431,0.410269276,0.512396694,25000.0,18000.0,15548.0,15750.0,42195.0,5900.0,20974.0,65271.0,68900.0,32596.0,5900.0,15904.0,50402.0,51200.0,0.3911,Columbia College Chicago,Chicago,0.6397,0.5153
36258.0,36258.0,,16774.0,,,,,,13573.0,14000.0,17318.0,19478.0,23731.0,17.0,3.0,21.0,1200.0,11140.0,1400.0,7650.0,1700.0,1700.0,2.0,3.0,0.9336,1337.0,,0.4458,0.5858,25404270.0,28476305.0,13.0,,0.474,0.435779817,0.514652015,0.525821596,0.675879397,23000.0,12500.0,14250.0,15000.0,54089.0,9100.0,36112.0,75178.0,76900.0,44405.0,7900.0,26730.0,62666.0,53800.0,0.3456,Concordia University-Chicago,River Forest,0.6255,0.4315
44460.0,44460.0,,29141.0,,,,,,23758.0,24181.0,26576.0,30294.0,35894.0,17.0,3.0,11.0,1104.0,18468.0,2766.0,18468.0,2766.0,5307.0,2.0,3.0,0.7353,14283.0,,0.3066,0.4717,817889000.0,906947000.0,17.0,1254.0,0.7,0.629003559,0.707964602,0.570694444,0.681807806,23168.0,20702.0,19333.0,18500.0,68751.0,12200.0,42705.0,101987.0,99700.0,54695.0,10000.0,32838.0,77881.0,70300.0,0.5597,DePaul University,Chicago,0.8669,0.708
26100.0,26100.0,,21055.0,,,,,,18975.0,25766.0,27556.0,27304.0,,17.0,3.0,11.0,900.0,,,8991.0,3300.0,1650.0,2.0,3.0,,528.0,,0.8015,0.8601,,,29.0,,0.2295,0.113122172,0.094562648,0.124454149,0.25,26986.0,7334.0,,,29963.0,5700.0,12703.0,47010.0,50400.0,21236.0,4000.0,11464.0,37813.0,41000.0,0.1066,East-West University,Chicago,0.3651,0.1377
13403.0,15879.0,14093.0,,11412.0,9774.0,12371.0,19132.0,21672.0,,,,,,17.0,3.0,33.0,150.0,11298.0,2768.0,10602.0,2768.0,3944.0,1.0,3.0,0.6775,4398.0,,0.3087,0.3495,66617761.0,70517759.0,15.0,1010.0,0.4517,0.523376623,0.556593977,0.540091763,0.641802642,21500.0,15075.0,15091.0,16750.0,51989.0,14000.0,35825.0,72492.0,77000.0,42694.0,11300.0,28414.0,57654.0,53700.0,0.2884,Eastern Illinois University,Charleston,0.7003,0.5139
41628.0,41628.0,,21063.0,,,,,,14641.0,15866.0,20115.0,24551.0,28795.0,17.0,3.0,21.0,1240.0,11858.0,4710.0,11300.0,6030.0,6030.0,2.0,3.0,0.7574,2954.0,,0.368,0.5084,152576718.0,153997364.0,14.0,1116.0,0.6519,0.650773196,0.686695279,0.683489546,0.748155954,20489.0,15000.0,16750.0,14236.0,61462.0,12700.0,41317.0,84145.0,85700.0,52803.0,10900.0,35577.0,72793.0,67400.0,0.497,Elmhurst University,Elmhurst,0.7585,0.6904
28400.0,28400.0,,22048.0,,,,,,21076.0,22074.0,24524.0,22111.0,,17.0,3.0,31.0,1200.0,10542.0,1250.0,10542.0,3100.0,3100.0,2.0,3.0,0.8847,522.0,,0.2272,0.3381,32975181.0,34407159.0,14.0,,0.4057,0.519230769,0.478947368,0.642696629,0.731132076,23250.0,14875.0,15000.0,15750.0,51641.0,10200.0,35183.0,66939.0,72100.0,42968.0,10500.0,28388.0,57342.0,56800.0,0.3208,Eureka College,Eureka,0.6309,0.5061
11320.0,11320.0,9477.0,,8982.0,8419.0,11856.0,10513.0,18292.0,,,,,,17.0,3.0,21.0,1000.0,11360.0,3100.0,11360.0,3100.0,3100.0,1.0,3.0,,2518.0,,0.524,0.3986,3363463.0,3639709.0,11.0,,0.196,0.389830508,0.560189573,0.387455741,0.462345091,18618.0,15702.0,13000.0,13000.0,58169.0,10900.0,37592.0,84427.0,80400.0,45435.0,7200.0,27153.0,64037.0,71100.0,0.1307,Governors State University,University Park,0.5944,0.1724
30598.0,30598.0,,21270.0,,,,,,18493.0,14536.0,19800.0,24786.0,24745.0,17.0,3.0,32.0,976.0,10658.0,3332.0,8924.0,8022.0,6166.0,2.0,3.0,0.9537,873.0,,0.3766,0.5738,29729957.0,28645053.0,12.0,1034.0,0.5136,0.498591549,0.533149171,0.556480381,0.711409396,23875.0,17125.0,16500.0,14906.0,46827.0,8500.0,31411.0,64428.0,70500.0,40307.0,6800.0,25521.0,56088.0,52500.0,0.4636,Greenville University,Greenville,0.7018,0.4885
14700.0,14700.0,,11197.0,,,,,,,,,,11197.0,17.0,3.0,13.0,2024.0,14400.0,6010.0,20926.0,6010.0,6010.0,2.0,3.0,0.92,81.0,,0.1188,0.1313,1347737.0,1044958.0,5.0,,0.7308,,0.059322034,0.813559322,PS,14000.0,,,,33291.0,,20241.0,59275.0,,32793.0,2600.0,22191.0,48533.0,42400.0,0.6538,Hebrew Theological College,Skokie,1.0,0.0608
14338.0,29360.0,12313.0,,9257.0,9945.0,12887.0,18806.0,25479.0,,,,,,17.0,3.0,11.0,1400.0,14600.0,6026.0,14400.0,6026.0,5826.0,1.0,3.0,0.785,21814.0,,0.4957,0.2496,540812282.0,525011103.0,17.0,1242.0,0.603,0.619583687,0.672150139,0.639190771,0.72504658,16704.0,12750.0,13000.0,15000.0,68740.0,14300.0,44790.0,95794.0,106700.0,53218.0,10500.0,32597.0,76529.0,72300.0,0.3975,University of Illinois Chicago,Chicago,0.7837,0.6434
34290.0,34290.0,,23529.0,,,,,,19282.0,19035.0,23587.0,27639.0,28307.0,17.0,3.0,21.0,1900.0,10266.0,3488.0,12498.0,4770.0,4770.0,2.0,3.0,0.7722,1817.0,,0.3918,0.4936,41680677.0,40152347.0,13.0,,0.5095,0.533701657,0.484581498,0.51193634,0.684210526,22500.0,18750.0,18000.0,15608.0,63446.0,15400.0,40888.0,87863.0,97500.0,50222.0,7900.0,32611.0,71792.0,74700.0,0.3762,Benedictine University,Lisle,0.6916,0.4821
16004.0,34501.0,15201.0,,3883.0,5955.0,10065.0,20205.0,28358.0,,,,,,17.0,3.0,13.0,1200.0,13938.0,2500.0,,,,1.0,3.0,0.4369,34623.0,,0.2381,0.2897,2233438413.0,2514041122.0,20.0,1418.0,0.8489,0.797046414,0.823867403,0.762186844,0.809044423,19500.0,13613.0,16985.0,17500.0,81054.0,20800.0,54886.0,116541.0,112000.0,64802.0,13900.0,42569.0,90437.0,80100.0,0.7349,University of Illinois Urbana-Champaign,Champaign,0.9432,0.8598
55704.0,55704.0,,29550.0,,,,,,21011.0,24494.0,24284.0,28757.0,35699.0,17.0,3.0,13.0,800.0,12930.0,1700.0,12930.0,1700.0,1000.0,2.0,3.0,0.4517,1570.0,,0.2318,0.6313,269244872.0,262018691.0,11.0,1242.0,0.8254,0.775075988,0.737789203,0.818862275,0.862823062,27000.0,22250.0,24738.0,22624.0,70871.0,19400.0,50689.0,98120.0,104500.0,56082.0,16700.0,37013.0,80087.0,69400.0,0.7778,Illinois Wesleyan University,Bloomington,0.8455,0.8222
37470.0,37470.0,,17945.0,,,,,,11197.0,11627.0,14241.0,18505.0,23362.0,17.0,3.0,32.0,,10264.0,1500.0,6300.0,1500.0,2750.0,2.0,3.0,0.7467,925.0,,0.3512,0.8531,146550216.0,139414288.0,11.0,1082.0,0.6109,0.650793651,0.613475177,0.69451074,0.76635514,25565.0,12500.0,14000.0,18838.0,52575.0,16100.0,37164.0,78809.0,73600.0,40110.0,11000.0,29099.0,53760.0,51200.0,0.5525,Illinois College,Jacksonville,0.6996,0.6444
51763.0,51763.0,,19353.0,,,,,,13222.0,15488.0,16566.0,22765.0,31456.0,17.0,3.0,11.0,1200.0,16528.0,3500.0,15300.0,5200.0,5200.0,2.0,3.0,0.5542,2812.0,,0.2906,0.3261,289121000.0,254920000.0,17.0,1296.0,0.7244,0.613733906,0.681514477,0.755151515,0.848659004,25000.0,22500.0,19000.0,20500.0,82592.0,22400.0,56428.0,113769.0,118200.0,70803.0,13500.0,44506.0,90293.0,93100.0,0.3547,Illinois Institute of Technology,Chicago,0.8692,0.7332
16021.0,28086.0,18996.0,,11075.0,11994.0,16424.0,23818.0,26853.0,,,,,,17.0,3.0,22.0,830.0,11584.0,5874.0,12048.0,7338.0,5880.0,1.0,3.0,0.8901,18414.0,,0.3005,0.4536,193093113.0,204784271.0,19.0,1127.0,0.6632,0.644597701,0.695148978,0.709755769,0.780436447,20482.0,16500.0,15200.0,15845.0,62117.0,16500.0,44007.0,86157.0,81200.0,50599.0,12800.0,35463.0,69164.0,61700.0,0.5134,Illinois State University,Normal,0.8133,0.6811
30910.0,30910.0,,25027.0,,,,,,24510.0,26181.0,23558.0,22704.0,29047.0,17.0,3.0,12.0,1270.0,11820.0,2500.0,9500.0,2500.0,2500.0,2.0,3.0,0.6312,780.0,,0.3972,0.4436,6962603.0,6555247.0,11.0,985.0,0.5325,0.486013986,0.534818942,0.592356688,0.718120805,25000.0,12579.0,14000.0,14875.0,56313.0,10400.0,37531.0,79120.0,86400.0,45374.0,11300.0,27773.0,63684.0,64700.0,0.432,Judson University,Elgin,0.7375,0.6759
55587.0,55587.0,,24875.0,,,,,,15705.0,24006.0,20692.0,30078.0,30717.0,17.0,3.0,32.0,1200.0,10407.0,1432.0,8895.0,1152.0,2250.0,2.0,3.0,0.7113,997.0,,0.2972,0.7198,182154504.0,164675942.0,10.0,1250.0,0.6751,0.6816609,0.622222222,0.726337449,0.747851003,27000.0,22155.0,25000.0,21500.0,54820.0,11500.0,35617.0,80037.0,87000.0,37757.0,6800.0,21996.0,50770.0,49000.0,0.5182,Knox College,Galesburg,0.7992,0.7565
54202.0,54202.0,,27499.0,,,,,,19067.0,19086.0,23694.0,28799.0,34614.0,17.0,3.0,21.0,1350.0,12480.0,3318.0,12480.0,3318.0,12480.0,2.0,3.0,0.5941,1782.0,,0.3515,0.7082,105290305.0,112193194.0,12.0,1309.0,0.7042,0.730994152,0.76945245,0.730703259,0.806878307,26158.0,21267.0,19500.0,23250.0,61825.0,14300.0,41213.0,88777.0,99500.0,51324.0,6800.0,33967.0,72217.0,62400.0,0.6366,Lake Forest College,Lake Forest,0.8629,0.7303
,,,,,,,,,,,,,,17.0,3.0,32.0,,,,,,,2.0,3.0,,81.0,,0.4828,0.5948,22415266.0,19781082.0,8.0,,,0.896907216,0.893129771,0.724137931,0.802030457,15000.0,20000.0,15000.0,12500.0,84522.0,,60508.0,111009.0,,74789.0,18900.0,56539.0,93299.0,82100.0,,Lakeview College of Nursing,Danville,,
37882.0,37882.0,,18370.0,,,,,,10995.0,13255.0,17911.0,21501.0,24497.0,17.0,3.0,21.0,1500.0,12140.0,2190.0,7500.0,2785.0,2785.0,2.0,3.0,0.7273,3665.0,,0.3089,0.4645,100755611.0,112260885.0,14.0,1117.0,0.6256,0.442434211,0.340214699,0.623154982,0.684952978,21500.0,18500.0,19112.0,18500.0,66099.0,12300.0,44698.0,91311.0,91900.0,56095.0,11900.0,38400.0,77721.0,69800.0,0.4809,Lewis University,Romeoville,0.8364,0.6058
15400.0,15400.0,,17610.0,,,,,,,,,17610.0,,17.0,3.0,32.0,1000.0,,,8528.0,4080.0,4080.0,2.0,3.0,,44.0,,0.3908,0.2989,5422682.0,5469723.0,2.0,,0.5823,0.377622378,0.34,0.519900498,0.668965517,20250.0,17750.0,15250.0,13000.0,43038.0,6400.0,25614.0,66012.0,60700.0,35416.0,8500.0,23822.0,49715.0,54600.0,0.4225,Lincoln Christian University,Lincoln,0.0,0.4286
51716.0,51716.0,,35196.0,,,,,,28666.0,29489.0,32527.0,36217.0,40370.0,17.0,3.0,11.0,1200.0,16894.0,1600.0,15556.0,1600.0,1600.0,2.0,3.0,0.8139,11576.0,,0.2324,0.4794,900070383.0,971355346.0,13.0,1283.0,0.7692,0.582852066,0.702871411,0.704154728,0.792603336,24157.0,22000.0,22000.0,19500.0,71530.0,15900.0,49691.0,99274.0,96900.0,58411.0,12500.0,38612.0,79129.0,70300.0,0.6868,Loyola University Chicago,Chicago,0.8421,0.7247
,,,,,,,,,,,,,,17.0,3.0,13.0,,,,,,,2.0,3.0,,59.0,,0.5432,0.9753,3157009.0,3292386.0,4.0,,,0.632075472,0.711111111,0.722972973,0.757575758,24000.0,25000.0,21250.0,17625.0,58743.0,,40887.0,80204.0,,62487.0,18400.0,49158.0,77059.0,65000.0,,Trinity College of Nursing & Health Sciences,Rock Island,,0.0
34070.0,34070.0,,24190.0,,,,,,23363.0,21177.0,21276.0,27472.0,26682.0,17.0,3.0,21.0,1000.0,12270.0,2710.0,7810.0,3980.0,3890.0,2.0,3.0,0.6388,1600.0,,0.2909,0.4455,33877586.0,36552733.0,16.0,,0.5954,0.468123862,0.548286604,0.509214355,0.607476636,23250.0,15813.0,14522.0,18500.0,58572.0,12200.0,39892.0,83018.0,77100.0,49439.0,10200.0,31830.0,67379.0,66900.0,0.4957,McKendree University,Lebanon,0.6816,0.5585
18008.0,18008.0,,14867.0,,,,,,14867.0,,,,,17.0,3.0,12.0,1700.0,17280.0,10562.0,16614.0,10552.0,6572.0,2.0,3.0,0.3111,374.0,,0.5589,0.7044,2647684.0,2722014.0,8.0,,0.75,0.568047337,0.658536585,0.579514825,0.712,31250.0,29000.0,27325.0,24257.0,69800.0,,46643.0,89313.0,,64709.0,,41582.0,80252.0,,0.75,Methodist College,Peoria,0.0,0.5556
26892.0,43670.0,,8837.0,,,,,,2842.0,5247.0,7953.0,11190.0,14631.0,17.0,3.0,13.0,1000.0,13330.0,2100.0,12710.0,2100.0,2100.0,2.0,3.0,0.5405,1458.0,,0.3472,0.6089,102221463.0,90489114.0,10.0,1050.0,0.5907,0.539347409,0.561594203,0.590531562,0.68852459,27000.0,20000.0,20000.0,16207.0,51262.0,15000.0,33474.0,72474.0,81900.0,43100.0,10900.0,27347.0,57980.0,60800.0,0.4873,Millikin University,Decatur,0.7376,0.555
43520.0,43520.0,,18034.0,,,,,,12780.0,14353.0,15568.0,18615.0,22788.0,17.0,3.0,32.0,900.0,11116.0,2350.0,11100.0,2350.0,2350.0,2.0,3.0,0.8662,725.0,,0.3091,0.7195,121881403.0,124783301.0,10.0,1128.0,0.6014,0.529850746,0.628865979,0.648571429,0.754716981,27000.0,20500.0,17272.0,21750.0,51110.0,13900.0,33309.0,69258.0,74900.0,43158.0,12000.0,29847.0,58465.0,55700.0,0.5018,Monmouth College,Monmouth,0.6957,0.5667
15356.0,15356.0,,25007.0,,,,,,26309.0,25436.0,24872.0,23741.0,23883.0,17.0,3.0,11.0,1027.0,12820.0,4960.0,12210.0,6575.0,6575.0,2.0,3.0,0.9754,1586.0,,0.3272,0.3891,43452478.0,50179495.0,18.0,,0.6199,0.557692308,0.554104478,,,18149.0,13504.0,12000.0,11000.0,45399.0,,26858.0,66567.0,,40210.0,,25241.0,56632.0,,0.397,Moody Bible Institute,Chicago,0.8978,0.5754
12345.0,12345.0,,16157.0,,,,,,15357.0,14584.0,17887.0,21414.0,25279.0,17.0,3.0,11.0,0.0,,,13950.0,7320.0,5490.0,2.0,3.0,0.9312,4100.0,,0.5728,0.4709,45738448.0,59249889.0,17.0,,0.3687,0.399146211,0.471115538,0.354654845,0.443804035,19750.0,13248.0,10508.0,11835.0,45799.0,9600.0,26351.0,68973.0,101300.0,43562.0,10300.0,25380.0,61185.0,79100.0,0.2926,National Louis University,Chicago,0.5643,0.35
,,,,,,,,,,,,,,17.0,3.0,21.0,,,,,,,2.0,3.0,,22.0,,0.1818,0.2727,8957831.0,9179702.0,7.0,,,0.771929825,0.709677419,0.364197531,0.391752577,12500.0,12500.0,,,58723.0,6800.0,25044.0,80105.0,95900.0,44332.0,5400.0,22698.0,75004.0,75400.0,,National University of Health Sciences,Lombard,,
44394.0,44394.0,,23033.0,,,,,,13752.0,16536.0,18725.0,23967.0,27279.0,17.0,3.0,12.0,1200.0,12434.0,1934.0,10208.0,9038.0,5166.0,2.0,3.0,0.5831,2360.0,,0.247,0.7981,119133580.0,127696747.0,12.0,1165.0,0.7114,0.677069199,0.699867198,0.71021021,0.757192175,24500.0,20000.0,19000.0,17625.0,60123.0,13000.0,41286.0,83972.0,82200.0,51762.0,11600.0,35935.0,69316.0,63500.0,0.6434,North Central College,Naperville,0.817,0.6477
35325.0,35325.0,,18191.0,,,,,,17309.0,15518.0,17712.0,18776.0,23154.0,17.0,3.0,11.0,1000.0,10775.0,2500.0,12000.0,4500.0,4500.0,2.0,3.0,0.7284,1844.0,,0.432,0.5373,99496350.0,102913367.0,11.0,,0.5596,0.56152513,0.481989708,0.601867572,0.712031558,25500.0,20832.0,19875.0,19500.0,59572.0,9600.0,37927.0,81814.0,79000.0,49326.0,10500.0,30511.0,70659.0,63500.0,0.4171,North Park University,Chicago,0.6878,0.6173
12700.0,12700.0,12909.0,,9047.0,9740.0,12674.0,17806.0,21307.0,,,,,,17.0,3.0,23.0,1300.0,12800.0,2836.0,12800.0,2836.0,3936.0,1.0,3.0,0.7045,11277.0,,0.4555,0.4886,93856638.0,100766375.0,14.0,,0.4965,0.542162162,0.564079008,0.55998617,0.71079258,22162.0,18000.0,16000.0,15000.0,57808.0,13000.0,37890.0,83290.0,82800.0,46113.0,11400.0,27951.0,67518.0,63700.0,0.3342,Northern Illinois University,Dekalb,0.7038,0.5253
65997.0,65997.0,,27143.0,,,,,,1243.0,3373.0,6485.0,14059.0,48837.0,17.0,3.0,13.0,1686.0,20334.0,3273.0,20334.0,3273.0,6234.0,2.0,3.0,0.0715,8960.0,,0.187,0.1877,10879850000.0,10553989000.0,6.0,1526.0,0.9589,0.882787751,0.891504606,0.846587994,0.890384615,15000.0,12500.0,12369.0,15000.0,89363.0,16800.0,61037.0,139122.0,173600.0,76844.0,15200.0,48122.0,107715.0,118400.0,0.8768,Northwestern University,Evanston,0.9744,0.9592
12383.0,22726.0,13550.0,,10691.0,12769.0,15777.0,19805.0,21771.0,,,,,,17.0,3.0,11.0,2400.0,10742.0,7218.0,5040.0,7218.0,7218.0,1.0,3.0,0.704,3869.0,,0.5377,0.2168,13315469.0,13748519.0,12.0,,0.1679,0.425404434,0.476425439,0.513879004,0.659128978,14600.0,11754.0,11875.0,12500.0,52234.0,8000.0,32480.0,75431.0,72000.0,43801.0,6600.0,26539.0,61851.0,58600.0,0.0404,Northeastern Illinois University,Chicago,0.6104,0.2238
37940.0,37940.0,,21539.0,,,,,,17617.0,17148.0,19653.0,23922.0,26174.0,17.0,3.0,23.0,850.0,10590.0,3584.0,16840.0,1000.0,5600.0,2.0,3.0,0.669,2485.0,,0.3533,0.6804,52057993.0,58739543.0,14.0,1103.0,0.6027,0.526315789,0.575221239,0.622857143,0.758043758,25000.0,14250.0,19000.0,21430.0,53213.0,9600.0,34206.0,80621.0,73500.0,49278.0,8400.0,32749.0,72566.0,60900.0,0.5227,Olivet Nazarene University,Bourbonnais,0.6814,0.6411
33280.0,33280.0,,,,,,,,,,,,,17.0,3.0,41.0,1000.0,13370.0,1000.0,10000.0,1000.0,1000.0,2.0,3.0,0.444,337.0,,0.0,0.0,538922082.0,549147000.0,5.0,1096.0,0.7619,,,,,,,,,,,,,,,,,,,0.5476,Principia College,Elsah,0.7541,0.859
35740.0,35740.0,,17324.0,,,,,,11549.0,17317.0,15110.0,20733.0,20306.0,17.0,3.0,33.0,,12160.0,2900.0,16000.0,3900.0,3900.0,2.0,3.0,0.4989,1038.0,,0.2964,0.5231,23301971.0,22671625.0,14.0,1157.0,0.4274,0.325966851,0.498644986,0.567073171,0.693467337,24000.0,10955.0,14000.0,14000.0,50369.0,11700.0,34763.0,67726.0,73200.0,43331.0,9700.0,29993.0,64825.0,52600.0,0.312,Quincy University,Quincy,0.6403,0.4173
37300.0,37300.0,,23066.0,,,,,,21950.0,20840.0,21448.0,24280.0,26869.0,17.0,3.0,12.0,1200.0,10940.0,3460.0,7750.0,3900.0,3900.0,2.0,3.0,0.5723,956.0,,0.4175,0.5983,26769658.0,28676053.0,10.0,984.0,0.3826,0.510447761,0.585227273,0.537271449,0.680722892,22274.0,18204.0,15000.0,13000.0,54794.0,9900.0,37948.0,75592.0,70900.0,45847.0,8900.0,31285.0,69141.0,63000.0,0.0537,Rockford University,Rockford,0.7006,0.4024
20280.0,20280.0,,20152.0,,,,,,15863.0,16288.0,19274.0,23967.0,30033.0,17.0,3.0,11.0,1200.0,15525.0,6410.0,10768.0,6892.0,5500.0,2.0,3.0,0.9427,2583.0,,0.4642,0.5433,145347000.0,137144000.0,11.0,1000.0,0.4099,0.418293936,0.424818108,0.406674428,0.529761905,22000.0,14750.0,14500.0,14626.0,48712.0,10400.0,27597.0,71216.0,83000.0,42896.0,8200.0,25120.0,62834.0,67100.0,0.3716,Roosevelt University,Chicago,0.6173,0.385
37844.0,37844.0,,15113.0,,,,,,10934.0,13149.0,15342.0,20088.0,21367.0,17.0,3.0,21.0,1200.0,12552.0,850.0,12554.0,1350.0,1350.0,2.0,3.0,0.798,2271.0,,0.4934,0.5838,47176105.0,50479480.0,12.0,1022.0,0.6236,0.526002972,0.615499255,0.585315409,0.659300184,24411.0,17617.0,19000.0,19422.0,60327.0,12000.0,39029.0,81636.0,78800.0,47907.0,9500.0,34551.0,68320.0,58300.0,0.4898,Dominican University,River Forest,0.7926,0.5238
,,,,,,,,,,,,,,17.0,3.0,11.0,,,,,,,2.0,3.0,,120.0,,0.3565,0.4957,787786000.0,835062000.0,5.0,,,,,0.807228916,PS,21988.0,23750.0,,,75194.0,33600.0,51402.0,104359.0,242500.0,86865.0,35300.0,56804.0,111879.0,110200.0,,Rush University,Chicago,,
,,,,,,,,,,,,,,17.0,3.0,12.0,,,,,,,2.0,3.0,,267.0,,0.3238,0.4795,,,8.0,,,0.899224806,,0.74137931,0.778325123,15000.0,17565.0,15000.0,13000.0,72850.0,,52913.0,96255.0,,69519.0,24300.0,58426.0,81541.0,64700.0,,Saint Francis Medical Center College of Nursing,Peoria,,
37000.0,37000.0,,16284.0,,,,,,9707.0,13378.0,15264.0,19548.0,20057.0,17.0,3.0,21.0,800.0,11980.0,3000.0,7200.0,4120.0,4120.0,2.0,3.0,0.6393,1292.0,,0.3706,0.7977,26620483.0,27711129.0,13.0,1055.0,0.6463,0.609022556,0.631355932,0.591265398,0.68762279,21079.0,16600.0,17160.0,15750.0,63926.0,12500.0,45128.0,90346.0,85300.0,56648.0,15100.0,38556.0,78396.0,76100.0,0.4716,University of St Francis,Joliet,0.7336,0.6519
,,,,,,,,,,,,,,17.0,3.0,12.0,,,,,,,2.0,3.0,,76.0,,0.3171,0.622,3376101.0,3466424.0,8.0,,,,,PS,PS,18750.0,25000.0,15000.0,15000.0,86331.0,,69989.0,110781.0,,68248.0,,49136.0,82164.0,,,St. John's College-Department of Nursing,Springfield,,
36840.0,36840.0,,12093.0,,,,,,9181.0,8699.0,11794.0,16705.0,18294.0,17.0,3.0,11.0,1200.0,12480.0,2328.0,8672.0,3706.0,2882.0,2.0,3.0,0.8575,3030.0,,0.5599,0.8662,33079230.0,43552092.0,15.0,,0.59,0.566486486,0.597664544,0.534635879,0.654800432,22223.0,15086.0,17535.0,18000.0,58656.0,13100.0,39439.0,84749.0,81800.0,50784.0,11500.0,31406.0,72408.0,68100.0,0.4767,Saint Xavier University,Chicago,0.7439,0.5258
12252.0,22017.0,8916.0,,4473.0,5333.0,7999.0,11191.0,15232.0,,,,,,17.0,3.0,12.0,1260.0,12088.0,2840.0,,,3490.0,1.0,3.0,0.8437,2292.0,,0.3585,0.3832,28369606.0,30409466.0,14.0,1118.0,0.6137,0.483547926,0.520050125,0.52284264,0.63451087,19128.0,12653.0,15000.0,14000.0,57103.0,12600.0,38573.0,81440.0,75100.0,47432.0,11500.0,30997.0,67272.0,66600.0,0.4344,University of Illinois Springfield,Springfield,0.8066,0.5236
27811.0,27811.0,,,,,,,,,,,,,17.0,3.0,12.0,2000.0,,,8766.0,3300.0,3900.0,2.0,3.0,1.0,152.0,,0.3481,0.6575,6683722.0,7478481.0,6.0,,,0.806451613,,0.763513514,PS,20000.0,22000.0,21250.0,15000.0,77709.0,,55822.0,98232.0,,76111.0,,62438.0,86858.0,,,Saint Anthony College of Nursing,Rockford,,1.0
13244.0,13244.0,16177.0,,12928.0,12082.0,13206.0,22819.0,23582.0,,,,,,17.0,3.0,32.0,1100.0,12114.0,2951.0,12668.0,2951.0,2951.0,1.0,3.0,0.9044,8116.0,,0.3665,0.481,174737614.0,187728739.0,11.0,1060.0,0.563,0.466197614,0.51147541,0.451994681,0.593147135,21543.0,19750.0,17500.0,15000.0,53390.0,10800.0,34030.0,77347.0,83600.0,43087.0,9500.0,26370.0,63339.0,62400.0,0.3986,Southern Illinois University-Carbondale,Carbondale,0.6869,0.4605
12922.0,12922.0,13696.0,,7459.0,9208.0,11954.0,18190.0,20503.0,,,,,,17.0,3.0,21.0,980.0,10562.0,5782.0,10562.0,5782.0,5782.0,1.0,3.0,0.9721,8836.0,,0.3157,0.4037,33704893.0,35482415.0,15.0,1063.0,0.5497,0.475669958,0.516582552,0.548355521,0.714692715,20500.0,17048.0,15000.0,15000.0,56346.0,11300.0,37805.0,82428.0,80100.0,46384.0,10900.0,30292.0,67351.0,62700.0,0.3273,Southern Illinois University-Edwardsville,Edwardsville,0.7222,0.5184
15000.0,15000.0,,6182.0,,,,,,,7350.0,4017.0,7163.0,7600.0,17.0,3.0,11.0,300.0,2000.0,6000.0,16700.0,8000.0,9800.0,2.0,3.0,1.0,78.0,,0.3797,0.0,,,15.0,,0.0769,,,,,,,,,,,,,,,,,,,0.0,Telshe Yeshiva-Chicago,Chicago,0.8788,0.0476
20325.0,20325.0,,16381.0,,,,,,12034.0,9624.0,11213.0,18986.0,23771.0,17.0,3.0,21.0,1100.0,11200.0,5200.0,5800.0,5200.0,5200.0,2.0,3.0,0.8865,796.0,,0.3329,0.6441,15249658.0,11098773.0,10.0,1154.0,0.6387,0.515669516,0.586206897,0.625586855,0.811634349,25009.0,21429.0,21850.0,20150.0,55700.0,11300.0,37795.0,75406.0,73700.0,48107.0,11400.0,34609.0,66158.0,62800.0,0.5131,Trinity Christian College,Palos Heights,0.792,0.6579
12320.0,12320.0,,21386.0,,,,,,17250.0,16898.0,22119.0,21398.0,25030.0,17.0,3.0,21.0,1392.0,6090.0,2695.0,12250.0,2803.0,2803.0,2.0,3.0,0.9318,140.0,,0.3288,0.6914,50065977.0,27599534.0,9.0,,0.4565,0.367041199,0.4375,0.463262765,0.593939394,26082.0,19554.0,19343.0,19375.0,46989.0,8800.0,29118.0,68518.0,76100.0,41545.0,6000.0,24769.0,57202.0,55900.0,0.3623,Trinity International University-Illinois,Deerfield,0.0465,0.4595
30910.0,30910.0,,17094.0,,,,,,18642.0,14418.0,11378.0,15875.0,29850.0,17.0,3.0,11.0,1200.0,,,7500.0,4500.0,4500.0,2.0,3.0,0.973,70.0,,0.2766,0.5,410792.0,410793.0,4.0,,0.4667,0.607142857,,0.606557377,0.694444444,27000.0,,,,47863.0,,30624.0,64978.0,,45704.0,,35978.0,55962.0,,0.4667,VanderCook College of Music,Chicago,0.6667,0.65
14952.0,14952.0,11592.0,,6968.0,7391.0,11608.0,16515.0,17621.0,,,,,,17.0,3.0,33.0,1200.0,10920.0,1776.0,10920.0,3341.0,3341.0,1.0,3.0,0.7496,4939.0,,0.2812,0.3089,79273445.0,85633337.0,14.0,,0.4477,0.504946237,0.565315315,0.547086845,0.681833502,25251.0,23496.0,20350.0,17500.0,54163.0,13400.0,37122.0,76551.0,77400.0,43057.0,11000.0,28205.0,60430.0,59300.0,0.3111,Western Illinois University,Macomb,0.5873,0.5233
43930.0,43930.0,,26984.0,,,,,,17966.0,18623.0,20430.0,24968.0,35320.0,17.0,3.0,21.0,910.0,12390.0,2440.0,14362.0,3070.0,3070.0,2.0,3.0,0.8998,2087.0,,0.202,0.4652,529360236.0,558231860.0,10.0,1363.0,0.8655,0.837837838,0.888361045,0.866295265,0.898366606,23250.0,21500.0,21000.0,19500.0,63756.0,7700.0,38482.0,91183.0,101000.0,50270.0,8200.0,34142.0,68855.0,62500.0,0.8224,Wheaton College,Wheaton,0.9384,0.8793
35640.0,35640.0,,22144.0,,,,,,19260.0,19931.0,20975.0,23204.0,25576.0,18.0,3.0,13.0,1500.0,12250.0,3200.0,8300.0,3200.0,3200.0,2.0,3.0,0.5342,1070.0,,0.3587,0.6129,40596000.0,33207000.0,10.0,1054.0,0.4942,0.524691358,0.535123967,0.559021922,0.721283784,27000.0,17500.0,19063.0,20000.0,48899.0,10100.0,30753.0,72582.0,71900.0,44396.0,8800.0,29871.0,59538.0,54300.0,0.4249,Anderson University,Anderson,0.6966,0.6318
10758.0,28766.0,15898.0,,7233.0,9717.0,14882.0,19748.0,21756.0,,,,,,18.0,3.0,13.0,1360.0,12064.0,2552.0,12064.0,2552.0,5176.0,1.0,3.0,0.716,13770.0,,0.3358,0.7275,240976230.0,237731096.0,15.0,1172.0,0.6327,0.576849051,0.608787718,0.581118115,0.686755952,23250.0,14487.0,16500.0,18500.0,51833.0,12500.0,36578.0,72407.0,69300.0,44394.0,10700.0,29676.0,59335.0,52600.0,0.5098,Ball State University,Muncie,0.7719,0.6864
33320.0,33320.0,,19726.0,,,,,,14050.0,14913.0,19984.0,25516.0,23916.0,18.0,3.0,13.0,1260.0,10560.0,1680.0,8930.0,7200.0,2580.0,2.0,3.0,0.9868,1069.0,,0.3522,0.4861,10183492.0,10835293.0,12.0,1073.0,0.5721,0.596153846,0.506521739,0.564255319,0.442857143,25000.0,19061.0,20500.0,17320.0,48860.0,8500.0,29348.0,72745.0,70900.0,44271.0,9500.0,30220.0,63190.0,58700.0,0.5134,Bethel University,Mishawaka,0.7004,0.6357
45980.0,45980.0,,38472.0,,,,,,28607.0,31406.0,36016.0,39491.0,42961.0,18.0,3.0,11.0,1300.0,15870.0,4060.0,15870.0,4060.0,4060.0,2.0,3.0,0.8587,4383.0,,0.1378,0.4199,265591000.0,265097000.0,11.0,1282.0,0.8015,0.779349364,0.808943089,0.8121713,0.86790393,26000.0,22000.0,21500.0,22812.0,77235.0,19500.0,50535.0,124552.0,122100.0,61627.0,14400.0,43145.0,86924.0,113300.0,0.7188,Butler University,Indianapolis,0.8807,0.8244
22650.0,22650.0,,20739.0,,,,,,19752.0,19938.0,22838.0,23258.0,21254.0,18.0,3.0,21.0,2070.0,10000.0,1550.0,5600.0,2350.0,2350.0,2.0,3.0,,560.0,,0.4849,0.5861,4853582.0,5301603.0,13.0,,0.299,0.359447005,0.372413793,0.260162602,0.3375,21534.0,9000.0,10500.0,11000.0,46945.0,6900.0,22559.0,70968.0,91800.0,39342.0,8800.0,20904.0,57970.0,80200.0,0.2128,Calumet College of Saint Joseph,Whiting,0.3962,0.1754
57070.0,57070.0,,24546.0,,,,,,12267.0,16184.0,17459.0,24646.0,33816.0,18.0,3.0,32.0,1200.0,14850.0,1200.0,10000.0,2100.0,2100.0,2.0,3.0,0.5406,1804.0,,0.1575,0.3961,719982432.0,752406035.0,10.0,1287.0,0.8,0.8,0.826315789,0.814940577,0.875576037,27000.0,24000.0,24750.0,25000.0,70527.0,16700.0,47395.0,104082.0,102600.0,58476.0,11300.0,38459.0,85544.0,66200.0,0.7311,DePauw University,Greencastle,0.8916,0.8255
51840.0,51840.0,,24516.0,,,,,,18306.0,20515.0,22527.0,25618.0,29101.0,18.0,3.0,32.0,1000.0,13193.0,2345.0,8140.0,2345.0,2345.0,2.0,3.0,0.7422,612.0,,0.25,0.4232,426217096.0,419497008.0,7.0,1250.0,0.6794,0.612244898,0.580645161,0.714673913,0.810526316,23488.0,19500.0,19500.0,19500.0,50797.0,9800.0,29949.0,74089.0,71700.0,35430.0,4900.0,17136.0,47529.0,42500.0,0.6098,Earlham College,Richmond,0.7977,0.7302
42676.0,42676.0,,20230.0,,,,,,14270.0,17162.0,20027.0,20240.0,26264.0,18.0,3.0,12.0,1200.0,14270.0,2140.0,13438.0,3350.0,3350.0,2.0,3.0,0.7765,1477.0,,0.2296,0.4365,156822698.0,148445157.0,10.0,,0.7127,0.623409669,0.647058824,0.718390805,0.781976744,24606.0,15087.0,19000.0,19500.0,53770.0,12000.0,35569.0,81201.0,78600.0,46734.0,11600.0,32436.0,68834.0,66900.0,0.5955,University of Evansville,Evansville,0.7745,0.6971
37350.0,37350.0,,22762.0,,,,,,19031.0,18645.0,18436.0,25471.0,28694.0,18.0,3.0,21.0,1300.0,11290.0,4910.0,10504.0,9246.0,9246.0,2.0,3.0,0.7058,872.0,,0.385,0.6127,87037997.0,94106819.0,12.0,1119.0,0.634,0.601449275,0.643122677,0.653483993,0.743506494,27000.0,12000.0,19000.0,19500.0,55376.0,16600.0,41613.0,75979.0,75000.0,45635.0,10700.0,33048.0,61145.0,51000.0,0.6075,Franklin College,Franklin,0.7102,0.6125
37760.0,37760.0,,15725.0,,,,,,11059.0,13394.0,15681.0,17823.0,19195.0,18.0,3.0,13.0,1350.0,11320.0,2800.0,9580.0,2800.0,2800.0,2.0,3.0,0.8894,761.0,,0.3738,0.5216,122498360.0,128138783.0,9.0,1049.0,0.6047,0.537735849,0.583333333,0.789346247,0.854014599,22974.0,13625.0,12791.0,15500.0,51943.0,8000.0,34174.0,78266.0,72200.0,43218.0,8100.0,29607.0,64258.0,55500.0,0.4837,Goshen College,Goshen,0.7818,0.6591
30034.0,30034.0,,18406.0,,,,,,6409.0,10952.0,15080.0,22537.0,26101.0,18.0,3.0,32.0,1000.0,10712.0,1000.0,9000.0,3200.0,2800.0,2.0,3.0,0.8078,1511.0,,0.2873,0.5132,23802818.0,27614716.0,23.0,1088.0,0.6991,0.670353982,0.647058824,0.734094617,0.791044776,19500.0,16750.0,16000.0,16750.0,45411.0,6400.0,30731.0,64018.0,68200.0,41463.0,8000.0,27768.0,55711.0,48700.0,0.6782,Grace College and Theological Seminary,Winona Lake,0.8038,0.7208
42894.0,42894.0,,21826.0,,,,,,16238.0,16137.0,19624.0,23666.0,26545.0,18.0,3.0,32.0,1200.0,13558.0,1500.0,13558.0,1500.0,1500.0,2.0,3.0,0.8397,958.0,,0.26,0.5347,159262743.0,161289725.0,11.0,1197.0,0.6356,0.565737052,0.690839695,0.68226601,0.740740741,25250.0,16767.0,19072.0,20500.0,53957.0,16500.0,39840.0,72874.0,78000.0,42876.0,11500.0,28816.0,57266.0,55100.0,0.5918,Hanover College,Hanover,0.8321,0.6414
35500.0,35500.0,,26470.0,,,,,,13969.0,15859.0,18845.0,24241.0,33940.0,18.0,3.0,21.0,1100.0,12300.0,3296.0,14070.0,2276.0,4676.0,2.0,3.0,0.7371,533.0,,0.2897,0.6799,16919739.0,15478523.0,12.0,1229.0,0.2947,0.440789474,0.5,0.551181102,0.663043478,24000.0,11317.0,19750.0,5500.0,50416.0,10700.0,29455.0,72234.0,85000.0,41335.0,10800.0,27545.0,59606.0,54400.0,0.2368,Holy Cross College,Notre Dame,0.7928,0.382
29982.0,29982.0,,13710.0,,,,,,10313.0,10338.0,10726.0,14351.0,19550.0,18.0,3.0,32.0,1000.0,9880.0,2620.0,8346.0,2662.0,1996.0,2.0,3.0,0.7115,1016.0,,0.2937,0.7714,32017229.0,29305647.0,10.0,1124.0,0.682,0.553648069,0.621848739,0.746376812,0.864341085,25576.0,16485.0,19410.0,18250.0,46672.0,9400.0,30290.0,68756.0,65800.0,40702.0,9900.0,27134.0,52526.0,50000.0,0.6129,Huntington University,Huntington,0.7698,0.6908
9254.0,22220.0,11513.0,,6813.0,7481.0,11933.0,16700.0,17670.0,,,,,,18.0,3.0,11.0,2940.0,10332.0,3776.0,10332.0,3776.0,3776.0,1.0,3.0,0.8566,5450.0,,0.2305,0.2344,78129799.0,78284100.0,13.0,1078.0,0.3247,0.321851453,0.386452242,0.467264422,0.654166667,21500.0,10500.0,10547.0,10918.0,45872.0,9200.0,28749.0,65825.0,70200.0,42873.0,8000.0,28226.0,59748.0,54600.0,0.215,Purdue University Fort Wayne,Fort Wayne,0.6425,0.3879
10449.0,33717.0,11408.0,,5748.0,6752.0,11445.0,18012.0,19866.0,,,,,,18.0,3.0,11.0,690.0,13010.0,2536.0,13010.0,4550.0,4550.0,1.0,3.0,0.8139,16582.0,,0.3627,0.3528,2180644869.0,2342605594.0,14.0,1146.0,0.5387,0.437872171,0.458616484,0.480218779,0.628865979,20000.0,13770.0,13500.0,13000.0,55198.0,9600.0,36193.0,78569.0,77500.0,47173.0,9900.0,31086.0,65965.0,67600.0,0.3868,Indiana University-Indianapolis,Indianapolis,0.7248,0.587
36136.0,36136.0,,18748.0,,,,,,14352.0,13702.0,17093.0,23380.0,26125.0,18.0,3.0,11.0,1068.0,15878.0,2620.0,11390.0,4454.0,4454.0,2.0,3.0,0.7276,3147.0,,0.3596,0.4735,123277355.0,120433137.0,12.0,,0.5581,0.529636711,0.514780836,0.455816051,0.660818714,26864.0,15582.0,16909.0,19690.0,53610.0,13200.0,35018.0,75851.0,75400.0,46452.0,10400.0,30622.0,62795.0,61900.0,0.45,University of Indianapolis,Indianapolis,0.6816,0.6381
30446.0,30446.0,,21318.0,,,,,,17346.0,17260.0,19579.0,24780.0,24341.0,18.0,3.0,11.0,,12579.0,5019.0,11496.0,6354.0,6354.0,2.0,3.0,0.5689,1361.0,,0.3383,0.7698,64392793.0,62861161.0,16.0,,0.3139,0.099727706,0.127740304,0.249852507,0.415966387,26391.0,13392.0,13521.0,9830.0,47327.0,9600.0,28223.0,70604.0,82000.0,29717.0,9700.0,13190.0,49550.0,69300.0,0.2132,Indiana Institute of Technology,Fort Wayne,0.6583,0.4062
10136.0,22573.0,12621.0,,7102.0,9159.0,13194.0,17062.0,17421.0,,,,,,18.0,3.0,22.0,1200.0,10798.0,2450.0,11976.0,2990.0,2990.0,1.0,3.0,0.9465,5344.0,,0.2228,0.2877,127727513.0,140274067.0,14.0,1131.0,0.5195,0.416943522,0.454301075,0.543531128,0.714932127,20105.0,12500.0,12891.0,14000.0,47605.0,10500.0,32217.0,68038.0,66200.0,42323.0,8700.0,29465.0,57689.0,53000.0,0.3784,University of Southern Indiana,Evansville,0.6948,0.513
9992.0,21734.0,12188.0,,7702.0,8876.0,11400.0,17908.0,19574.0,,,,,,18.0,3.0,13.0,1200.0,11483.0,2380.0,11483.0,2824.0,2824.0,1.0,3.0,0.915,6620.0,,0.3905,0.5118,73552657.0,83097516.0,17.0,,0.4107,0.383964923,0.416472933,0.438768828,0.651801029,24000.0,13000.0,14250.0,16066.0,48387.0,9800.0,32998.0,69512.0,67400.0,41047.0,9200.0,26750.0,56526.0,56100.0,0.3021,Indiana State University,Terre Haute,0.6864,0.4247
8179.0,22043.0,6276.0,,1299.0,3450.0,7224.0,10847.0,11854.0,,,,,,18.0,3.0,13.0,644.0,,,10244.0,4550.0,1734.0,1.0,3.0,0.8469,2308.0,,0.3469,0.3331,11793240.0,11886973.0,14.0,1063.0,0.4475,0.37236534,0.426787741,0.431093008,0.631578947,16961.0,9286.0,9507.0,11000.0,49917.0,7800.0,31897.0,71848.0,65000.0,42134.0,10300.0,27711.0,61393.0,59900.0,0.3124,Indiana University-Kokomo,Kokomo,0.6688,0.4552
8179.0,22043.0,8364.0,,4347.0,5039.0,9272.0,14551.0,15174.0,,,,,,18.0,3.0,12.0,644.0,11216.0,2536.0,10244.0,4550.0,1734.0,1.0,3.0,0.8599,3807.0,,0.4117,0.365,34793837.0,35945249.0,14.0,1072.0,0.3574,0.275779376,0.356174161,0.422360248,0.611111111,21355.0,11703.0,12212.0,12000.0,44947.0,8000.0,28497.0,64093.0,61300.0,41388.0,7500.0,27279.0,56033.0,51300.0,0.2014,Indiana University-South Bend,South Bend,0.6682,0.4198
11790.0,40482.0,15342.0,,6125.0,7383.0,12311.0,20828.0,24018.0,,,,,,18.0,3.0,13.0,690.0,13380.0,3040.0,13380.0,3040.0,4550.0,1.0,3.0,0.8037,36571.0,,0.1669,0.2748,1669099260.0,1874953052.0,18.0,1308.0,0.8117,0.653023824,0.654597819,0.677056277,0.789080728,19509.0,12000.0,14000.0,18438.0,63742.0,14000.0,41928.0,95667.0,94200.0,53417.0,11000.0,35256.0,77398.0,66400.0,0.715,Indiana University-Bloomington,Bloomington,0.9055,0.8206
8179.0,22043.0,5970.0,,2164.0,2616.0,8589.0,12463.0,13021.0,,,,,,18.0,3.0,21.0,644.0,,,10244.0,4550.0,4550.0,1.0,3.0,0.767,2582.0,,0.4255,0.3469,17562589.0,17251556.0,14.0,1067.0,0.3685,0.301052632,0.309076043,0.307244267,0.50862069,21710.0,12500.0,12856.0,12000.0,43361.0,10400.0,22336.0,65135.0,70400.0,39714.0,5700.0,24113.0,59316.0,61300.0,0.2228,Indiana University-Northwest,Gary,0.6872,0.3986
8179.0,22043.0,8257.0,,4253.0,4592.0,8343.0,12726.0,12852.0,,,,,,18.0,3.0,21.0,644.0,11654.0,2536.0,10244.0,4550.0,1734.0,1.0,3.0,0.8312,3088.0,,0.3381,0.3189,27213540.0,29200878.0,13.0,1097.0,0.3341,0.273219814,0.317997294,0.432315979,0.614457831,19684.0,12445.0,10500.0,12000.0,47596.0,7600.0,31303.0,66990.0,64700.0,42290.0,7900.0,28079.0,57844.0,55900.0,0.2602,Indiana University-Southeast,New Albany,0.6979,0.4161
8179.0,22043.0,9082.0,,5216.0,6260.0,11061.0,13497.0,14863.0,,,,,,18.0,3.0,32.0,644.0,,,10244.0,4550.0,1734.0,1.0,3.0,0.7124,2446.0,,0.3378,0.3496,9359376.0,9409476.0,14.0,1135.0,0.4536,0.454138702,0.442386831,0.367909238,0.501333333,18000.0,12099.0,11881.0,11850.0,47156.0,5800.0,28677.0,68202.0,61200.0,44827.0,5700.0,30117.0,64857.0,52800.0,0.3342,Indiana University-East,Richmond,0.6314,0.4421
37090.0,37090.0,,19268.0,,,,,,12895.0,13031.0,16949.0,21089.0,25938.0,18.0,3.0,32.0,1000.0,11154.0,1458.0,7060.0,3462.0,4993.0,2.0,3.0,0.913,895.0,,0.4374,0.9172,72815030.0,76087832.0,13.0,,0.4484,0.503896104,0.467836257,0.663109756,0.76875,26854.0,11000.0,12000.0,17750.0,51504.0,12900.0,36585.0,71309.0,67400.0,43024.0,10200.0,30642.0,58650.0,50600.0,0.3703,Manchester University,North Manchester,0.716,0.5385
39100.0,39100.0,,23594.0,,,,,,24435.0,20235.0,22711.0,25398.0,24074.0,18.0,3.0,11.0,1200.0,13200.0,4468.0,9126.0,4441.0,3676.0,2.0,3.0,0.9534,2336.0,,0.2305,0.6141,90375206.0,103490905.0,13.0,,0.6095,0.553680982,0.412563667,0.520760028,0.608910891,27000.0,18750.0,20500.0,20330.0,58759.0,11000.0,39146.0,84617.0,73700.0,55704.0,12900.0,38379.0,77814.0,66100.0,0.4349,Marian University,Indianapolis,0.7745,0.6447
31168.0,31168.0,,23069.0,,,,,,18803.0,18267.0,18962.0,23495.0,27229.0,18.0,3.0,32.0,1384.0,10554.0,2084.0,7032.0,2700.0,5484.0,2.0,3.0,0.8221,1927.0,,0.2549,0.7182,229901930.0,265768494.0,12.0,1074.0,0.6633,0.39982679,0.469792606,0.480081978,0.579101563,24250.0,10044.0,17104.0,17747.0,59986.0,12300.0,38195.0,88091.0,93300.0,51329.0,13900.0,32817.0,77304.0,81200.0,0.5791,Indiana Wesleyan University-Marion,Marion,0.7879,0.7174
12830.0,12830.0,,13879.0,,,,,,10379.0,15628.0,,,,18.0,3.0,11.0,650.0,,,8140.0,2889.0,2889.0,2.0,3.0,,164.0,,0.6554,0.6419,,,11.0,,0.3333,0.2,,0.074074074,0.12195122,42002.0,26998.0,,,22544.0,4900.0,10062.0,39790.0,49700.0,25539.0,2200.0,9554.0,42807.0,43300.0,0.2667,Martin University,Indianapolis,0.75,0.25
62693.0,62693.0,,27823.0,,,,,,8873.0,6216.0,14841.0,20449.0,46879.0,18.0,3.0,21.0,1250.0,17378.0,1950.0,17378.0,1950.0,1950.0,2.0,3.0,0.1238,8923.0,,0.1247,0.2566,17101110000.0,16960542000.0,9.0,1510.0,0.9683,0.9462486,0.950146628,0.91671032,0.933033202,19000.0,14260.0,17500.0,19000.0,99980.0,26000.0,67690.0,141307.0,154400.0,86210.0,21400.0,60394.0,108772.0,117500.0,0.9273,University of Notre Dame,Notre Dame,0.9818,0.96
27150.0,27150.0,,12820.0,,,,,,9787.0,9218.0,10898.0,22171.0,16881.0,18.0,3.0,42.0,1500.0,10610.0,3705.0,8252.0,3705.0,3705.0,2.0,3.0,0.6821,470.0,,0.3185,0.3471,11034282.0,10593368.0,12.0,,0.7,0.507142857,0.598930481,0.543209877,0.734513274,16758.0,9195.0,13113.0,14000.0,43283.0,6900.0,25495.0,60601.0,72900.0,43190.0,6200.0,25867.0,60601.0,56100.0,0.551,Oakland City University,Oakland City,0.68,0.6711
56674.0,56674.0,,40665.0,,,,,,33862.0,32345.0,34656.0,37396.0,45616.0,18.0,3.0,13.0,1500.0,17718.0,1998.0,17718.0,1998.0,1998.0,2.0,3.0,0.7281,2224.0,,0.1171,0.4094,250558322.0,269309024.0,11.0,1389.0,0.8169,0.840361446,0.850877193,0.899700599,0.949019608,25000.0,23000.0,24500.0,20500.0,101253.0,31300.0,80529.0,124107.0,116000.0,85935.0,22700.0,70906.0,99806.0,98500.0,0.6786,Rose-Hulman Institute of Technology,Terre Haute,0.9064,0.8729
35420.0,35420.0,,20361.0,,,,,,19135.0,16075.0,18814.0,22032.0,24003.0,18.0,3.0,11.0,1200.0,11540.0,3000.0,10830.0,3000.0,4500.0,2.0,3.0,0.9756,1599.0,,0.427,0.6263,33875041.0,35674400.0,11.0,1040.0,0.6067,0.530120482,0.554404145,0.528350516,0.649762282,25976.0,16000.0,19000.0,19599.0,55362.0,10900.0,38198.0,77897.0,76600.0,47944.0,11900.0,31033.0,66145.0,57100.0,0.4964,University of Saint Francis-Fort Wayne,Fort Wayne,0.6568,0.5669
33490.0,33490.0,,43465.0,,,,,,40812.0,41307.0,44117.0,46408.0,46639.0,18.0,3.0,41.0,1600.0,13010.0,3657.0,7312.0,3561.0,4243.0,2.0,3.0,0.7614,896.0,,0.5055,0.6687,11035079.0,10474598.0,9.0,966.0,0.5227,0.517766497,0.483870968,0.421311475,0.518292683,19512.0,12209.0,14950.0,15250.0,43845.0,7000.0,28158.0,57132.0,54200.0,41863.0,5800.0,27350.0,56528.0,48800.0,0.4809,Saint Mary-of-the-Woods College,Saint Mary of the Woods,0.6734,0.6176
51430.0,51430.0,,28552.0,,,,,,17918.0,26610.0,21529.0,30396.0,33026.0,18.0,3.0,21.0,250.0,13850.0,1650.0,11300.0,1650.0,1650.0,2.0,3.0,0.8111,1399.0,,0.239,0.5917,330806222.0,298096695.0,8.0,1233.0,0.7652,0.726351351,0.770897833,0.847341338,0.878524946,27000.0,18000.0,19500.0,25000.0,59354.0,13400.0,42254.0,82518.0,85200.0,53470.0,13100.0,36862.0,74136.0,60500.0,0.7072,Saint Mary's College,Notre Dame,0.8363,0.747
39104.0,39104.0,,24327.0,,,,,,12612.0,16511.0,21003.0,25647.0,28408.0,18.0,3.0,42.0,1100.0,10888.0,2400.0,9242.0,2400.0,2400.0,2.0,3.0,0.7611,1890.0,,0.1312,0.3259,117969612.0,115712191.0,14.0,1232.0,0.7656,0.665847666,0.671309192,0.766140603,0.877030162,20500.0,12781.0,14983.0,17009.0,52198.0,6200.0,36142.0,72651.0,80800.0,45142.0,8300.0,30250.0,59995.0,56000.0,0.6897,Taylor University,Upland,0.9126,0.7741
35600.0,35600.0,,25580.0,,,,,,18615.0,16845.0,21043.0,25080.0,29763.0,18.0,3.0,32.0,1010.0,12250.0,3700.0,8200.0,3700.0,3700.0,2.0,3.0,0.8469,2344.0,,0.1555,0.4082,31533686.0,31430967.0,18.0,,0.6761,0.577419355,0.581395349,0.575174825,0.684867395,25000.0,14250.0,18622.0,19500.0,57165.0,11400.0,38069.0,82880.0,79800.0,53010.0,9400.0,37442.0,73286.0,62700.0,0.5648,Trine University,Angola,0.8536,0.634
46588.0,46588.0,,21583.0,,,,,,14476.0,15334.0,20556.0,23539.0,26871.0,18.0,3.0,23.0,1200.0,13306.0,1620.0,11800.0,1620.0,1620.0,2.0,3.0,0.9222,2229.0,,0.2593,0.5266,326748000.0,315553000.0,11.0,1226.0,0.6704,0.723910172,0.721794872,0.688483844,0.795425667,26942.0,22500.0,22500.0,21500.0,63191.0,17000.0,42013.0,89612.0,88700.0,55216.0,12200.0,36829.0,76750.0,66300.0,0.5812,Valparaiso University,Valparaiso,0.7877,0.7476
49125.0,49125.0,,21906.0,,,,,,15586.0,15820.0,14117.0,19613.0,29968.0,18.0,3.0,32.0,1250.0,13300.0,1550.0,7200.0,1550.0,1550.0,2.0,3.0,0.6278,845.0,,0.2251,0.5988,385199753.0,391058250.0,9.0,1210.0,0.7706,0.797814208,0.698412698,0.662650602,0.734234234,27000.0,21500.0,23073.0,26868.0,69952.0,19300.0,43277.0,97893.0,101800.0,52667.0,12700.0,37546.0,72038.0,74400.0,0.7056,Wabash College,Crawfordsville,0.856,0.8383
20444.0,20444.0,,,,,,,,,,,,,19.0,4.0,13.0,800.0,,,8800.0,5600.0,5600.0,2.0,3.0,,279.0,,0.2662,0.6223,9850563.0,10577809.0,8.0,,,0.704225352,0.632258065,0.813148789,0.871681416,18750.0,15000.0,16460.0,15000.0,71261.0,16600.0,47892.0,98634.0,79700.0,65078.0,26400.0,50914.0,81631.0,68400.0,,Allen College,Waterloo,,
35534.0,35534.0,,21590.0,,,,,,19435.0,17357.0,23260.0,23338.0,25265.0,19.0,4.0,13.0,1544.0,10208.0,4556.0,9894.0,4556.0,9078.0,2.0,3.0,,626.0,,0.295,0.5499,21130677.0,21982649.0,12.0,,0.4937,0.333333333,0.351265823,0.605177994,0.79020979,23250.0,17250.0,16978.0,13750.0,54475.0,15100.0,37025.0,74880.0,74200.0,48338.0,11200.0,32978.0,65296.0,53700.0,0.3544,Briar Cliff University,Sioux City,0.6034,0.5568
40190.0,40190.0,,18321.0,,,,,,14583.0,15328.0,16286.0,19059.0,22791.0,19.0,4.0,33.0,1132.0,10896.0,2561.0,8913.0,7989.0,4723.0,2.0,3.0,0.7176,1378.0,,0.4254,0.6879,150992944.0,150420047.0,13.0,1090.0,0.4729,0.564473684,0.497782705,0.517692681,0.610309278,25000.0,15250.0,18723.0,18750.0,49156.0,11200.0,33767.0,64964.0,65900.0,43572.0,10700.0,30128.0,57147.0,56000.0,0.3498,Buena Vista University,Storm Lake,0.7627,0.6323
20988.0,20988.0,,22353.0,,,,,,14745.0,16426.0,19418.0,22308.0,25764.0,19.0,4.0,32.0,1275.0,12220.0,3242.0,12220.0,3242.0,3242.0,2.0,3.0,0.7897,1062.0,,0.2139,0.6553,97697890.0,95466372.0,12.0,1115.0,0.6916,0.602076125,0.608058608,0.730411687,0.810933941,26984.0,17500.0,23250.0,21500.0,54317.0,11700.0,38298.0,71084.0,77700.0,49115.0,13800.0,33476.0,64470.0,53500.0,0.5888,Central College,Pella,0.7265,0.6646
39600.0,39600.0,,20068.0,,,,,,23570.0,23640.0,22569.0,26435.0,10870.0,19.0,4.0,13.0,1160.0,11000.0,3728.0,11000.0,3728.0,3728.0,2.0,3.0,0.6816,782.0,,0.3592,0.7185,31325938.0,29754571.0,10.0,1060.0,0.5494,0.519480519,0.595959596,0.692156863,0.784313726,26717.0,16000.0,19500.0,19500.0,55396.0,15200.0,41376.0,75443.0,75300.0,49157.0,13200.0,35108.0,66767.0,63600.0,0.4383,Clarke University,Dubuque,0.6736,0.5449
52576.0,52576.0,,19155.0,,,,,,12657.0,13250.0,16889.0,20555.0,27413.0,19.0,4.0,12.0,1000.0,11336.0,2800.0,11000.0,2800.0,2800.0,2.0,3.0,0.7067,1246.0,,0.3568,0.7255,103235111.0,102626190.0,11.0,1206.0,0.59,0.596638655,0.640540541,0.757624398,0.798927614,27000.0,19500.0,18875.0,21500.0,57125.0,16600.0,40127.0,80381.0,72700.0,47136.0,14700.0,32796.0,63348.0,59500.0,0.5025,Coe College,Cedar Rapids,0.7652,0.6472
50634.0,50634.0,,25079.0,,,,,,18285.0,17873.0,22174.0,26134.0,30897.0,19.0,4.0,31.0,1200.0,11358.0,3160.0,11358.0,3160.0,2710.0,2.0,3.0,0.8066,1074.0,,0.2896,0.6354,82014619.0,92001160.0,12.0,1246.0,0.7167,0.613168724,0.683333333,0.706751055,0.740131579,27000.0,14000.0,21750.0,21500.0,53460.0,12300.0,36797.0,75013.0,77200.0,39299.0,9200.0,25099.0,57085.0,49200.0,0.67,Cornell College,Mount Vernon,0.7416,0.6377
15000.0,15000.0,,,,,,,,,,,,,19.0,4.0,42.0,300.0,4200.0,3000.0,4200.0,3000.0,3000.0,2.0,3.0,,61.0,,0.1176,0.0,34250702.0,35271403.0,5.0,,1.0,,,PS,PS,,,,,,,,,,,,,,,1.0,Divine Word College,Epworth,,1.0
35960.0,35960.0,,25383.0,,,,,,20966.0,20971.0,23110.0,26192.0,31607.0,19.0,4.0,33.0,1010.0,11430.0,3500.0,11500.0,4490.0,4490.0,2.0,3.0,0.7116,1547.0,,0.1827,0.4321,59142707.0,66392986.0,14.0,1175.0,0.6533,0.726666667,0.642642643,0.882165605,0.93877551,21500.0,16313.0,18750.0,17164.0,52559.0,7500.0,36110.0,72670.0,74500.0,50551.0,13300.0,34894.0,66829.0,60100.0,0.6287,Dordt University,Sioux Center,0.8516,0.7607
49944.0,49944.0,,30042.0,,,,,,27372.0,25335.0,26358.0,32215.0,32993.0,19.0,4.0,12.0,1100.0,11858.0,4178.0,9360.0,4619.0,4619.0,2.0,3.0,0.6413,2669.0,,0.2095,0.4709,245420135.0,266901955.0,10.0,1288.0,0.7731,0.614886731,0.432766615,0.785714286,0.858744395,23000.0,17500.0,19000.0,19500.0,71901.0,20100.0,47785.0,110436.0,130200.0,58233.0,15200.0,41441.0,81129.0,97800.0,0.6753,Drake University,Des Moines,0.8392,0.7765
40065.0,40065.0,,23250.0,,,,,,16617.0,19871.0,20992.0,22386.0,26752.0,19.0,4.0,13.0,1200.0,11470.0,1700.0,11470.0,3950.0,1700.0,2.0,3.0,0.8692,1473.0,,0.4037,0.7022,229372702.0,222719314.0,11.0,1119.0,0.4105,0.390651085,0.426202322,0.553758325,0.725701944,25750.0,14290.0,18790.0,19250.0,51190.0,10000.0,36142.0,72876.0,65100.0,44960.0,8600.0,30243.0,62642.0,52900.0,0.3171,University of Dubuque,Dubuque,0.7143,0.411
19530.0,19530.0,,17819.0,,,,,,15556.0,15882.0,17038.0,20565.0,23509.0,19.0,4.0,21.0,1240.0,7950.0,4518.0,7950.0,4518.0,4518.0,2.0,3.0,0.4968,371.0,,0.374,0.2573,4292585.0,4726833.0,15.0,1088.0,0.6105,0.557142857,0.465517241,0.868055556,PS,12971.0,,10000.0,,40650.0,2500.0,17198.0,59192.0,60400.0,33372.0,5400.0,22784.0,47635.0,51800.0,0.36,Faith Baptist Bible College and Theological Seminary,Ankeny,0.8,0.5532
33220.0,33220.0,,15975.0,,,,,,14414.0,15979.0,14173.0,17970.0,19613.0,19.0,4.0,43.0,1200.0,10540.0,3500.0,10540.0,3500.0,3500.0,2.0,3.0,0.8322,901.0,,0.4516,0.7331,58079158.0,52552964.0,14.0,,0.3834,0.523178808,0.524654832,0.502986858,0.593333333,21212.0,12500.0,14469.0,15750.0,47361.0,12100.0,31336.0,72886.0,67100.0,40792.0,7000.0,26380.0,60581.0,58100.0,0.3004,Graceland University-Lamoni,Lamoni,0.6436,0.4775
33450.0,33450.0,,21616.0,,,,,,19216.0,20268.0,19778.0,19911.0,25025.0,19.0,4.0,12.0,1248.0,12880.0,4298.0,12790.0,5404.0,5404.0,2.0,3.0,0.9838,1472.0,,0.3811,0.6889,32818661.0,34088456.0,12.0,,0.5579,0.560553633,0.6022187,0.558038933,0.67862069,22500.0,15658.0,15000.0,15750.0,52824.0,9500.0,37007.0,72589.0,66000.0,47582.0,12600.0,32816.0,65911.0,55800.0,0.4634,Grand View University,Des Moines,0.7295,0.515
64862.0,64862.0,,15608.0,,,,,,6739.0,6235.0,6220.0,16891.0,36265.0,19.0,4.0,33.0,800.0,15878.0,1950.0,,,,2.0,3.0,0.1268,1705.0,,0.1688,0.116,2484419000.0,2505851000.0,9.0,1486.0,0.8747,0.857740586,0.879518072,0.853185596,0.905405405,17500.0,12052.0,13600.0,15250.0,62830.0,12300.0,38836.0,90289.0,96600.0,49004.0,6100.0,28906.0,78489.0,57900.0,0.7427,Grinnell College,Grinnell,0.931,0.873
10497.0,27683.0,18165.0,,11734.0,12465.0,15430.0,19807.0,21827.0,,,,,,19.0,4.0,13.0,1091.0,9726.0,2890.0,9726.0,2890.0,2890.0,1.0,3.0,0.8913,25033.0,,0.1846,0.4591,1407463791.0,1469663420.0,18.0,1199.0,0.7547,0.657633243,0.692644483,0.71473851,0.80576045,22869.0,18500.0,18420.0,19500.0,63386.0,17800.0,43544.0,90188.0,90100.0,53873.0,14800.0,37823.0,73335.0,69100.0,0.5446,Iowa State University,Ames,0.8756,0.7684
10964.0,32927.0,21398.0,,13811.0,16220.0,20136.0,22711.0,24580.0,,,,,,19.0,4.0,13.0,950.0,12616.0,4066.0,12616.0,4066.0,4332.0,1.0,3.0,0.8467,21691.0,,0.1775,0.4168,3053761000.0,3260464000.0,15.0,1220.0,0.7306,0.632129514,0.662007269,0.671260122,0.763515245,22500.0,18000.0,18268.0,18187.0,64762.0,17300.0,44345.0,93325.0,101700.0,52696.0,14600.0,36583.0,71990.0,68600.0,0.5717,University of Iowa,Iowa City,0.893,0.7492
38298.0,38298.0,,21057.0,,,,,,18571.0,14851.0,16930.0,22489.0,23295.0,19.0,4.0,13.0,800.0,9668.0,2075.0,8281.0,2257.0,2257.0,2.0,3.0,0.9183,1087.0,,0.2527,0.5932,53469186.0,52453111.0,12.0,,0.6985,0.632022472,0.606382979,0.78962536,0.846681922,26000.0,13667.0,17750.0,21250.0,58289.0,17400.0,43268.0,82689.0,81900.0,46069.0,15500.0,35211.0,59734.0,55500.0,0.4896,Loras College,Dubuque,0.8287,0.6848
50320.0,50320.0,,25635.0,,,,,,16937.0,17977.0,22180.0,25995.0,31047.0,19.0,4.0,33.0,1040.0,11180.0,3015.0,11180.0,3015.0,3015.0,2.0,3.0,0.7327,1454.0,,0.1925,0.6043,195931642.0,192639936.0,10.0,1238.0,0.75,0.689804772,0.718940937,0.803571429,0.851963746,27000.0,22000.0,21875.0,22225.0,59850.0,14200.0,42196.0,82716.0,80200.0,49541.0,11300.0,35806.0,64431.0,58700.0,0.6337,Luther College,Decorah,0.7925,0.7255
16530.0,16530.0,,18225.0,,,,,,17578.0,14774.0,22627.0,,24730.0,19.0,4.0,33.0,1000.0,7400.0,3800.0,8000.0,3800.0,3800.0,2.0,3.0,0.969,774.0,,0.5521,0.6432,11627000.0,11228000.0,13.0,,0.1765,0.466666667,0.358024691,0.41025641,0.528571429,24781.0,13165.0,8792.0,10394.0,27981.0,,11123.0,56573.0,,26468.0,,7732.0,39935.0,,0.1765,Maharishi International University,Fairfield,0.65,0.35
17328.0,17328.0,,23417.0,,,,,,21177.0,19440.0,24028.0,24859.0,28966.0,19.0,4.0,12.0,2246.0,,,9450.0,7146.0,7146.0,2.0,3.0,0.9878,905.0,,0.3388,0.6381,9804093.0,11051236.0,7.0,,0.4857,0.613496933,0.503597122,0.621417798,0.779411765,14745.0,12500.0,12500.0,9975.0,62234.0,8700.0,42673.0,82563.0,77300.0,53375.0,16800.0,39691.0,70614.0,63800.0,0.4545,Mercy College of Health Sciences,Des Moines,0.5263,0.5
38190.0,38190.0,,23169.0,,,,,,20667.0,21418.0,22086.0,24653.0,25258.0,19.0,4.0,13.0,1250.0,11204.0,3026.0,12338.0,3026.0,3026.0,2.0,3.0,0.7057,1166.0,,0.3153,0.688,59589258.0,57301893.0,12.0,910.0,0.5284,0.533957845,0.574257426,0.708683473,0.828337875,26028.0,11625.0,15000.0,18374.0,55494.0,13300.0,38502.0,76503.0,61600.0,47687.0,13100.0,34082.0,63704.0,54300.0,0.4205,Morningside University,Sioux City,0.6936,0.5418
39070.0,39070.0,,23435.0,,,,,,17255.0,25779.0,21217.0,25021.0,25996.0,19.0,4.0,12.0,1200.0,11030.0,4700.0,10000.0,10000.0,6000.0,2.0,3.0,0.7876,1135.0,,0.2589,0.5696,34358994.0,39156711.0,13.0,1120.0,0.5588,0.657894737,0.716707022,0.673835125,0.75313059,23699.0,18750.0,17500.0,18750.0,60787.0,17000.0,44476.0,83487.0,75000.0,52871.0,14500.0,38976.0,71039.0,62300.0,0.5168,Mount Mercy University,Cedar Rapids,0.7014,0.5991
9728.0,21272.0,14609.0,,10170.0,11136.0,13872.0,16058.0,16396.0,,,,,,19.0,4.0,13.0,800.0,9648.0,2550.0,9648.0,2500.0,2500.0,1.0,3.0,0.944,7599.0,,0.238,0.4381,167662993.0,203262326.0,17.0,1120.0,0.6894,0.610340479,0.622111464,0.680610627,0.774958264,19691.0,15131.0,16667.0,16721.0,55177.0,17600.0,40595.0,72594.0,74100.0,47222.0,14600.0,35340.0,60839.0,58700.0,0.4518,University of Northern Iowa,Cedar Falls,0.846,0.6982
35300.0,35300.0,,23519.0,,,,,,21342.0,22811.0,20674.0,21234.0,26036.0,19.0,4.0,32.0,1100.0,10700.0,3200.0,10700.0,3200.0,3200.0,2.0,3.0,0.8701,1125.0,,0.2274,0.5418,63190062.0,69790821.0,14.0,,0.6357,0.529661017,0.534050179,0.851327434,0.937888199,23249.0,9453.0,15060.0,19875.0,49802.0,10800.0,35860.0,69611.0,65900.0,46731.0,10800.0,33748.0,66115.0,52200.0,0.5714,Northwestern College,Orange City,0.7986,0.7115
,,,,,,,,,,,,,,19.0,4.0,12.0,,,,,,,2.0,3.0,,41.0,,0.375,0.75,65726584.0,72625667.0,10.0,,0.0,,,0.304761905,PS,,7500.0,,,59483.0,8600.0,40256.0,76303.0,100200.0,40025.0,6700.0,26002.0,60613.0,89300.0,,Palmer College of Chiropractic,Davenport,,
35598.0,35598.0,,22750.0,,,,,,20300.0,17945.0,20111.0,24236.0,25806.0,19.0,4.0,12.0,1320.0,12348.0,3538.0,11592.0,7488.0,4406.0,2.0,3.0,0.7332,2101.0,,0.279,0.6667,194047309.0,219272990.0,11.0,,0.6285,0.578125,0.585298197,0.638266069,0.725231176,25000.0,22487.0,18750.0,19500.0,59531.0,16400.0,40633.0,80745.0,82000.0,51616.0,12900.0,34400.0,70838.0,67200.0,0.5416,Saint Ambrose University,Davenport,0.8362,0.6443
46212.0,46212.0,,22231.0,,,,,,15172.0,17775.0,19007.0,24744.0,26854.0,19.0,4.0,31.0,1134.0,10088.0,4130.0,8926.0,4070.0,4070.0,2.0,3.0,0.8888,1130.0,,0.3265,0.7045,87868760.0,81930607.0,11.0,1410.0,0.6566,0.707571802,0.74904943,0.703140831,0.787301587,26000.0,15473.0,17500.0,22738.0,59274.0,17700.0,42841.0,81432.0,79500.0,49946.0,15700.0,38798.0,65694.0,57900.0,0.5253,Simpson College,Indianola,0.76,0.6925
19000.0,19000.0,,23172.0,,,,,,27503.0,19324.0,19842.0,21127.0,25690.0,19.0,4.0,43.0,1000.0,9770.0,4252.0,9770.0,4252.0,4252.0,2.0,3.0,0.9338,2021.0,,0.3252,0.4901,19769502.0,20437639.0,22.0,929.0,0.4147,0.424966799,0.318438914,0.445,0.592161017,25000.0,19255.0,17500.0,15000.0,52766.0,10500.0,34231.0,73435.0,74800.0,48776.0,10900.0,32413.0,67934.0,64500.0,0.2944,Upper Iowa University,Fayette,0.5936,0.3797
25220.0,25220.0,,21683.0,,,,,,19354.0,19450.0,23887.0,24358.0,24590.0,19.0,4.0,43.0,1578.0,9448.0,3720.0,9448.0,3720.0,3720.0,3.0,3.0,0.726,2103.0,,0.339,0.3865,,,22.0,,0.2897,0.449799197,0.43125,0.468376068,0.594936709,18752.0,9500.0,12407.0,14025.0,51165.0,13000.0,31771.0,79077.0,66000.0,50515.0,9200.0,32508.0,78650.0,49600.0,0.1357,Waldorf University,Forest City,0.5175,0.3417
51040.0,51040.0,,22604.0,,,,,,16146.0,16390.0,19521.0,22654.0,26429.0,19.0,4.0,32.0,1100.0,11062.0,1300.0,11062.0,1300.0,1300.0,2.0,3.0,0.9941,1446.0,,0.2147,0.6399,94173822.0,89676640.0,13.0,1136.0,0.6682,0.690322581,0.591280654,0.741813602,0.848421053,27000.0,13564.0,19500.0,21375.0,56201.0,15500.0,41047.0,77239.0,80900.0,48795.0,13400.0,36469.0,65041.0,59400.0,0.5412,Wartburg College,Waverly,0.8029,0.6978
28750.0,28750.0,,22115.0,,,,,,19613.0,19318.0,21898.0,22454.0,24384.0,19.0,4.0,33.0,1504.0,7712.0,5834.0,7448.0,6098.0,7626.0,2.0,3.0,0.5701,1391.0,,0.4558,0.8818,7403742.0,8275725.0,13.0,996.0,0.2924,0.365546218,0.28125,0.428205128,0.575052854,22415.0,12500.0,11844.0,12039.0,48936.0,10700.0,29672.0,69661.0,76800.0,40189.0,7800.0,22720.0,56860.0,63300.0,0.2166,William Penn University,Oskaloosa,0.5623,0.3247
33900.0,33900.0,,22500.0,,,,,,18256.0,15729.0,20669.0,24365.0,27999.0,20.0,4.0,42.0,1250.0,10720.0,5190.0,9720.0,5190.0,4090.0,2.0,3.0,0.921,1080.0,,0.2386,0.4407,49600633.0,51488474.0,12.0,950.0,0.5938,0.57719715,0.578021978,0.585249802,0.688435374,25000.0,18445.0,20000.0,16815.0,63855.0,15000.0,42665.0,90310.0,89300.0,54747.0,14100.0,36827.0,76048.0,77600.0,0.4727,Baker University,Baldwin City,0.7424,0.6209
34800.0,34800.0,,27477.0,,,,,,22718.0,21531.0,23404.0,26224.0,30253.0,20.0,4.0,32.0,1200.0,11820.0,4450.0,10000.0,4350.0,4350.0,2.0,3.0,0.7645,2236.0,,0.1621,0.63,41986243.0,49256470.0,15.0,1244.0,0.6507,0.48960739,0.513647643,0.727272727,0.855769231,24599.0,17136.0,19000.0,18500.0,53175.0,10100.0,34898.0,74536.0,73100.0,45000.0,9200.0,31444.0,65983.0,50800.0,0.5662,Benedictine College,Atchison,0.8044,0.6391
31946.0,31946.0,,29203.0,,,,,,28825.0,25052.0,27685.0,30367.0,32651.0,20.0,4.0,43.0,960.0,13338.0,7914.0,6662.0,7914.0,7914.0,2.0,3.0,0.786,583.0,,0.4328,0.6828,11395817.0,13068214.0,12.0,,0.2867,0.374501992,0.359375,0.602702703,0.737226277,23250.0,9500.0,9500.0,9500.0,49694.0,10800.0,32608.0,65722.0,77900.0,40805.0,8500.0,25974.0,53882.0,52000.0,0.2401,Bethany College,Lindsborg,0.4903,0.323
34002.0,34002.0,,24392.0,,,,,,25905.0,22911.0,21747.0,22800.0,24435.0,20.0,4.0,32.0,1200.0,10330.0,6988.0,13324.0,11815.0,8827.0,2.0,3.0,0.957,499.0,,0.3879,0.7071,27577842.0,30554330.0,11.0,,0.4309,0.43814433,0.439153439,0.625441696,PS,24000.0,12000.0,12000.0,12803.0,49898.0,12700.0,33144.0,70949.0,62200.0,40808.0,11600.0,26352.0,54722.0,58200.0,0.2764,Bethel College-North Newton,North Newton,0.6036,0.4729
21000.0,21000.0,,12473.0,,,,,,9369.0,8529.0,12873.0,17717.0,14195.0,20.0,4.0,33.0,1200.0,8950.0,2570.0,11836.0,3952.0,3070.0,2.0,3.0,,394.0,,0.4311,0.6007,5215433.0,5338137.0,11.0,,0.2303,0.28009828,0.32304038,0.4,0.693693694,27000.0,14750.0,16328.0,15874.0,44468.0,6000.0,25841.0,67221.0,61600.0,37685.0,7300.0,19599.0,57080.0,45800.0,0.2222,Central Christian College of Kansas,McPherson,0.5946,0.1875
7356.0,15669.0,15702.0,,10658.0,10763.0,15438.0,18019.0,18347.0,,,,,,20.0,4.0,33.0,1160.0,10542.0,4248.0,10542.0,4248.0,4248.0,1.0,3.0,0.9774,2328.0,,0.3401,0.6062,97388972.0,99892170.0,17.0,1090.0,0.543,0.480662983,0.466399198,0.518097208,0.690348526,19500.0,14202.0,13375.0,14257.0,47601.0,10100.0,32486.0,63000.0,64500.0,41389.0,8800.0,27221.0,53647.0,52100.0,0.3858,Emporia State University,Emporia,0.6742,0.5144
5633.0,16811.0,13493.0,,9964.0,10228.0,12389.0,16573.0,16847.0,,,,,,20.0,4.0,33.0,1000.0,8772.0,4972.0,8772.0,4972.0,3922.0,1.0,3.0,0.9177,9792.0,,0.2227,0.27,137188977.0,153083066.0,14.0,1118.0,0.4785,0.36178682,0.371175166,0.525605796,0.704456094,21000.0,14250.0,14250.0,14000.0,48928.0,11600.0,32233.0,68294.0,69000.0,44428.0,9100.0,30111.0,61387.0,59100.0,0.3273,Fort Hays State University,Hays,0.7684,0.5174
26590.0,26590.0,,28827.0,,,,,,27413.0,27766.0,34150.0,37980.0,,20.0,4.0,43.0,1200.0,12100.0,3000.0,8000.0,3000.0,3000.0,2.0,3.0,0.5449,161.0,,0.6513,0.6184,7048498.0,5986142.0,7.0,,0.5517,0.5,0.457627119,0.545454546,0.64,27000.0,18900.0,24760.0,25000.0,36355.0,,24174.0,52119.0,,35820.0,,24710.0,47748.0,,0.3103,Barclay College,Haviland,0.4762,0.4848
32748.0,32748.0,,25752.0,,,,,,17538.0,18122.0,23404.0,27432.0,33926.0,20.0,4.0,11.0,1500.0,10828.0,4548.0,11344.0,4548.0,4548.0,2.0,3.0,0.5564,1015.0,,0.3365,0.5,58722366.0,62735229.0,14.0,1014.0,0.6149,0.411764706,0.431654676,0.441764301,0.551282051,25000.0,16750.0,18375.0,16000.0,52113.0,12300.0,34181.0,78208.0,85900.0,42960.0,10600.0,24299.0,58811.0,68700.0,0.523,Friends University,Wichita,0.6962,0.4146
10950.0,10950.0,,15686.0,,,,,,13965.0,13451.0,15844.0,20096.0,20301.0,20.0,4.0,12.0,600.0,9650.0,4278.0,11300.0,4841.0,5420.0,2.0,3.0,,143.0,,0.5798,0.6117,,,15.0,,0.2857,,,,,,9500.0,,,,,,,,,,,,,0.1429,Kansas Christian College,Overland Park,0.4815,1.0
11700.0,29412.0,17365.0,,10908.0,12702.0,16097.0,20649.0,21310.0,,,,,,20.0,4.0,13.0,1224.0,10818.0,3390.0,10936.0,3390.0,3390.0,1.0,3.0,0.882,19857.0,,0.1953,0.3736,2303429732.0,2383250024.0,17.0,1186.0,0.6879,0.453403447,0.562604341,0.610356663,0.724334601,21000.0,15017.0,15500.0,15750.0,61945.0,13700.0,40390.0,88093.0,91600.0,51217.0,11200.0,33429.0,70455.0,69200.0,0.5366,University of Kansas,Lawrence,0.8513,0.673
35500.0,35500.0,,19045.0,,,,,,18579.0,15764.0,17055.0,19477.0,21726.0,20.0,4.0,11.0,1393.0,10279.0,3376.0,11846.0,6177.0,6177.0,2.0,3.0,0.4761,857.0,,0.124,0.18,25432124.0,26962544.0,13.0,,0.5377,0.596091205,0.539589443,0.492084433,0.641361257,20801.0,17365.0,15625.0,14039.0,55041.0,9300.0,36017.0,73763.0,76100.0,47051.0,12700.0,32005.0,62689.0,58300.0,0.3816,Newman University,Wichita,0.7073,0.6139
10942.0,27816.0,17883.0,,10742.0,11964.0,14458.0,19880.0,21843.0,,,,,,20.0,4.0,13.0,1056.0,12020.0,5268.0,9392.0,5268.0,5602.0,1.0,3.0,0.7936,14835.0,,0.1934,0.3664,912833425.0,952275233.0,18.0,1149.0,0.7047,0.546298984,0.585549288,0.644067797,0.782900027,21250.0,17500.0,17086.0,17300.0,57262.0,13200.0,38852.0,82952.0,85600.0,49330.0,11400.0,33965.0,67907.0,65100.0,0.4688,Kansas State University,Manhattan,0.8716,0.6969
33470.0,33470.0,,23369.0,,,,,,19098.0,21369.0,24994.0,23583.0,26027.0,20.0,4.0,33.0,1400.0,11340.0,2000.0,7328.0,4040.0,3040.0,2.0,3.0,0.8498,894.0,,0.4083,0.7358,38075690.0,41344727.0,13.0,,0.3846,0.428030303,0.421052632,0.543560606,0.600823045,23250.0,14375.0,16557.0,15000.0,51152.0,9900.0,34126.0,77736.0,63200.0,44811.0,9300.0,28890.0,61383.0,55000.0,0.3352,Kansas Wesleyan University,Salina,0.5983,0.3924
18424.0,18424.0,,23608.0,,,,,,21548.0,15838.0,22654.0,25913.0,26089.0,20.0,4.0,13.0,1300.0,9244.0,7000.0,14452.0,3700.0,4500.0,2.0,3.0,1.0,132.0,,0.4483,0.6345,4406765.0,4442004.0,12.0,1020.0,0.5479,0.433962264,0.346153846,0.604278075,0.6875,24250.0,20000.0,12066.0,12000.0,48860.0,4400.0,31461.0,62911.0,73100.0,40023.0,9000.0,22602.0,50975.0,55300.0,0.3443,Manhattan Christian College,Manhattan,0.6786,0.3582
35162.0,35162.0,,24837.0,,,,,,20869.0,21172.0,25387.0,27314.0,28232.0,20.0,4.0,33.0,1420.0,10322.0,3762.0,10144.0,8996.0,8996.0,2.0,3.0,0.8379,786.0,,0.3362,0.6356,53371147.0,692122437.0,13.0,1068.0,0.52,0.443965517,0.43153527,0.6,0.791946309,25242.0,13375.0,14521.0,14000.0,52084.0,7300.0,34701.0,71211.0,67500.0,41446.0,8200.0,24859.0,58012.0,54000.0,0.435,McPherson College,McPherson,0.6466,0.5365
36120.0,36120.0,,29520.0,,,,,,25447.0,24595.0,27986.0,32035.0,34162.0,20.0,4.0,21.0,1446.0,10760.0,10455.0,13324.0,11816.0,11816.0,2.0,3.0,0.7346,977.0,,0.2847,0.5306,14056637.0,15162888.0,10.0,1016.0,0.4615,0.490566038,0.539772727,0.626517274,0.718038529,15000.0,12500.0,13620.0,12883.0,62972.0,10100.0,38927.0,90384.0,85600.0,57433.0,10400.0,36152.0,84722.0,66800.0,0.371,MidAmerica Nazarene University,Olathe,0.6137,0.4486
35300.0,35300.0,,28083.0,,,,,,21092.0,25749.0,28099.0,29480.0,30254.0,20.0,4.0,32.0,1200.0,12160.0,3640.0,10000.0,3640.0,3640.0,2.0,3.0,0.8003,935.0,,0.3529,0.8535,4902615.0,3954340.0,15.0,1011.0,0.2872,0.406649616,0.27471384,0.376561827,0.558421851,21500.0,12975.0,13726.0,12000.0,55552.0,11200.0,35894.0,79726.0,78100.0,49139.0,11000.0,31477.0,69164.0,68900.0,0.2308,Ottawa University-Ottawa,Ottawa,0.5761,0.3355
,,,,,,,,,,,,,,20.0,4.0,12.0,,,,,,,2.0,3.0,,223.0,,0.4618,0.6182,1252623.0,1010338.0,5.0,,,0.406649616,0.27471384,0.376561827,0.558421851,21500.0,12975.0,13726.0,12000.0,55552.0,11200.0,35894.0,79726.0,78100.0,49139.0,11000.0,31477.0,69164.0,68900.0,,Ottawa University-Kansas City,Overland Park,,
8008.0,19692.0,18889.0,,17392.0,17369.0,18833.0,20287.0,19715.0,,,,,,20.0,4.0,32.0,1200.0,9398.0,5396.0,9984.0,5396.0,5396.0,1.0,3.0,0.8817,4162.0,,0.3226,0.4451,103278157.0,106203333.0,15.0,1090.0,0.5758,0.349581112,0.453114754,0.550418761,0.727005151,18969.0,13000.0,14000.0,14442.0,50579.0,12800.0,34185.0,71917.0,74800.0,43793.0,10400.0,28898.0,59426.0,61100.0,0.3358,Pittsburg State University,Pittsburg,0.7784,0.5208
33890.0,33890.0,,23335.0,,,,,,24278.0,19319.0,22716.0,22476.0,24862.0,20.0,4.0,31.0,2550.0,10032.0,3200.0,11384.0,3200.0,3200.0,2.0,3.0,0.8984,889.0,,0.3688,0.7353,17969961.0,19433787.0,12.0,1047.0,0.4406,0.471014493,0.486055777,0.543290043,0.694063927,22018.0,14250.0,14000.0,15000.0,59483.0,15300.0,38980.0,85139.0,71200.0,54827.0,6800.0,32685.0,79014.0,53400.0,0.3566,University of Saint Mary,Leavenworth,0.6429,0.4741
38480.0,38480.0,,27310.0,,,,,,24537.0,26844.0,24641.0,27101.0,31218.0,20.0,4.0,32.0,1000.0,11356.0,7914.0,9323.0,8827.0,8827.0,2.0,3.0,0.6497,1026.0,,0.3946,0.4892,26656485.0,26255731.0,11.0,,0.3351,0.442408377,0.491442543,0.47133758,0.621468927,25000.0,12218.0,13560.0,12000.0,55646.0,14500.0,38550.0,81142.0,88100.0,48034.0,11700.0,31668.0,68444.0,73200.0,0.2979,Southwestern College,Winfield,0.5306,0.4045
32200.0,32200.0,,22403.0,,,,,,18043.0,20530.0,21760.0,25757.0,25938.0,20.0,4.0,43.0,1240.0,9532.0,4300.0,9532.0,4300.0,4300.0,2.0,3.0,0.5303,569.0,,0.3167,0.4971,13468512.0,12214542.0,9.0,,0.2903,0.34375,0.48046875,0.539719626,0.72972973,24625.0,11500.0,12000.0,12650.0,45846.0,4800.0,29191.0,64510.0,63200.0,40722.0,5000.0,23887.0,54779.0,46400.0,0.1889,Sterling College,Sterling,0.5894,0.4296
35050.0,35050.0,,19868.0,,,,,,18085.0,17138.0,22280.0,21255.0,21354.0,20.0,4.0,43.0,0.0,10800.0,4500.0,11100.0,5215.0,5215.0,2.0,3.0,0.6462,530.0,,0.3783,0.5744,14712200.0,19066597.0,15.0,1049.0,0.3289,0.150627615,0.331950207,0.561403509,0.751515152,23887.0,12000.0,15000.0,15000.0,54058.0,9500.0,33453.0,76326.0,72700.0,42896.0,10600.0,28089.0,62563.0,60300.0,0.3221,Tabor College,Hillsboro,0.6556,0.4733
9578.0,20582.0,13046.0,,9589.0,10136.0,13702.0,17518.0,17323.0,,,,,,20.0,4.0,12.0,970.0,10759.0,2480.0,10931.0,3149.0,3477.0,1.0,3.0,,4093.0,,0.3052,0.3467,190594225.0,196891618.0,13.0,,0.5263,0.462780899,0.470472441,0.432113001,0.61549101,18127.0,12500.0,12500.0,13000.0,49774.0,10300.0,32138.0,69324.0,70200.0,42881.0,10500.0,27945.0,59847.0,59600.0,0.2541,Washburn University,Topeka,0.6924,0.4617
9322.0,19240.0,13776.0,,10914.0,11084.0,14240.0,17670.0,18751.0,,,,,,20.0,4.0,11.0,1250.0,13790.0,3450.0,12750.0,3450.0,3450.0,1.0,3.0,0.9494,10493.0,,0.2973,0.3488,320097999.0,330968000.0,20.0,1118.0,0.5143,0.43140429,0.4678935,0.47994703,0.645937358,20500.0,15303.0,14304.0,14000.0,51532.0,9700.0,33001.0,72524.0,78100.0,44043.0,9000.0,29322.0,61818.0,63300.0,0.3111,Wichita State University,Wichita,0.6759,0.5111
14400.0,14400.0,,33243.0,,,,,,,33447.0,,33040.0,,20.0,4.0,12.0,1500.0,,,13560.0,4528.0,4840.0,2.0,3.0,0.8,79.0,,0.5667,0.9111,18793937.0,19250069.0,5.0,,0.3333,,0.70212766,0.426751592,0.5,12500.0,9000.0,10250.0,9795.0,52304.0,8700.0,26568.0,74953.0,84500.0,,,,,,0.3333,Cleveland University-Kansas City,Overland Park,0.5,0.6667
6438.0,6438.0,,13884.0,,,,,,13884.0,,,,,15.0,8.0,31.0,1310.0,9916.0,8160.0,6440.0,8160.0,2306.0,2.0,3.0,0.3787,2812.0,,0.2969,0.2095,229633000.0,205857000.0,16.0,1104.0,0.5439,0.151898734,0.375,0.659863946,0.740909091,9413.0,4500.0,6250.0,5500.0,52064.0,4600.0,25782.0,82636.0,87300.0,39316.0,3800.0,17760.0,62869.0,63700.0,0.2741,Brigham Young University-Hawaii,Laie,0.6701,0.5102
6110.0,11414.0,9424.0,,8170.0,8437.0,10688.0,13415.0,,,,,,,66.0,9.0,22.0,2150.0,3888.0,2300.0,11844.0,4327.0,4327.0,1.0,3.0,,2573.0,,0.311,0.1203,25978718.0,25719311.0,14.0,,0.4211,0.068627451,0.072273325,0.527590848,0.613636364,16786.0,10500.0,13600.0,14286.0,35946.0,10000.0,20340.0,50179.0,57700.0,28270.0,4800.0,13771.0,40646.0,41200.0,0.1507,University of Guam,Mangilao,0.7563,0.4714
9992.0,28794.0,13945.0,,4927.0,5925.0,8948.0,18919.0,21130.0,,,,,,18.0,3.0,13.0,1030.0,11650.0,2210.0,12390.0,2210.0,4140.0,1.0,3.0,0.503,39637.0,,0.1298,0.2321,3547305269.0,3675737850.0,14.0,1342.0,0.831,0.711170342,0.772974372,0.743492665,0.821917808,19500.0,12000.0,13125.0,16750.0,72424.0,17700.0,47140.0,103038.0,103200.0,60838.0,13900.0,40713.0,85209.0,76100.0,0.6436,Purdue University-Main Campus,West Lafayette,0.9203,0.8389
6916.0,29944.0,4536.0,,1528.0,3287.0,2632.0,6901.0,12891.0,,,,,,12.0,5.0,13.0,1200.0,13805.0,3270.0,23197.0,3270.0,3270.0,1.0,3.0,0.74,707.0,,0.3034,0.1734,45480122.0,48064213.0,8.0,1137.0,0.6181,0.561728395,0.52,0.675675676,0.744,17375.0,11383.0,13191.0,12153.0,48082.0,,30400.0,71697.0,,32611.0,5700.0,19232.0,49772.0,51100.0,0.5528,New College of Florida,Sarasota,0.6489,0.6705
9300.0,9300.0,,11581.0,,,,,,10305.0,,12006.0,,,12.0,5.0,13.0,0.0,9500.0,500.0,,,,2.0,3.0,,77.0,,0.3864,0.0,,,12.0,,0.3636,,,,,,,,,30667.0,,,80589.0,,29286.0,,14262.0,50610.0,,0.3636,Yeshivah Gedolah Rabbinical College,Miami Beach,0.8333,0.0
15580.0,15580.0,,22602.0,,,,,,22678.0,22450.0,21610.0,24125.0,,12.0,5.0,13.0,1200.0,,,12000.0,4600.0,4600.0,2.0,3.0,,171.0,,0.2465,0.3662,2923606.0,3037863.0,8.0,,0.2239,0.227731864,0.280201342,0.253310551,0.363919129,27675.0,17500.0,17505.0,18749.0,37052.0,8400.0,19688.0,55729.0,78900.0,32533.0,6400.0,17498.0,48784.0,64000.0,0.0317,Hodges University,Fort Myers,1.0,0.1739
49230.0,49230.0,,36576.0,,,,,,28819.0,33856.0,23282.0,33590.0,45193.0,12.0,5.0,22.0,1000.0,14842.0,6070.0,14842.0,4570.0,2544.0,2.0,3.0,0.6037,497.0,,0.2601,0.4032,1682950.0,1863582.0,12.0,,0.5732,0.618421053,0.536585366,0.45,PS,25000.0,21500.0,20125.0,15749.0,29420.0,,,44653.0,,19919.0,,,36045.0,,0.4133,Beacon College,Leesburg,0.7647,0.72
20768.0,20768.0,,27704.0,,,,,,26784.0,27219.0,29715.0,31583.0,32266.0,12.0,5.0,13.0,2000.0,,,9596.0,9596.0,5768.0,2.0,3.0,0.8644,2369.0,,0.5147,0.6073,,,17.0,,0.5775,0.375,0.411899314,0.247697032,0.310096154,38996.0,14750.0,21961.0,25000.0,47597.0,7900.0,23905.0,81263.0,99400.0,38557.0,6300.0,18765.0,73696.0,78100.0,0.4494,Everglades University,Boca Raton,0.775,0.6427
13680.0,13680.0,,24840.0,,,,,,,24840.0,,,,12.0,5.0,11.0,,,,8000.0,3000.0,3000.0,3.0,3.0,,35.0,,0.1071,0.2143,,,10.0,,0.5,0.448275862,0.220338983,0.18,0.407407407,35758.0,35758.0,,,35529.0,,15725.0,47939.0,,37538.0,,14777.0,58810.0,,0.5,Schiller International University,Tampa,0.5,0.0
16088.0,16088.0,,23629.0,,,,,,23350.0,24025.0,26950.0,,,12.0,5.0,21.0,200.0,,,14337.0,5700.0,9719.0,3.0,3.0,,2354.0,,0.8362,0.6843,,,16.0,,0.2811,0.433001755,0.415982076,0.234098019,0.256013746,27554.0,16512.0,16435.0,14680.0,33928.0,4900.0,16196.0,53955.0,49200.0,29347.0,5100.0,14963.0,49905.0,45000.0,0.274,Florida National University-Main Campus,Hialeah,0.6195,0.486
9576.0,9576.0,,21976.0,,,,,,,,,,21976.0,18.0,3.0,32.0,900.0,,,13560.0,2750.0,2750.0,2.0,3.0,0.2162,273.0,,0.1298,0.1766,17737698.0,17679918.0,8.0,,1.0,0.577419355,0.581395349,0.575174825,0.684867395,25000.0,14250.0,18622.0,19500.0,57165.0,11400.0,38069.0,82880.0,79800.0,53010.0,9400.0,37442.0,73286.0,62700.0,0.0,Trine University-Regional/Non-Traditional Campuses,Angola,1.0,0.0
,,,,,,,,,,,,,,15.0,8.0,21.0,,,,,,,3.0,3.0,,10.0,,0.125,0.1667,,,5.0,,0.6667,0.219897166,0.241965106,0.218911048,0.342430963,31553.0,15000.0,19953.0,18466.0,37752.0,13300.0,18569.0,59631.0,110100.0,35359.0,9000.0,16841.0,56259.0,84700.0,0.0,University of Phoenix-Hawaii,Kapolei,,0.2
11665.0,11665.0,,19733.0,,,,,,18761.0,18701.0,20836.0,24015.0,24015.0,12.0,5.0,13.0,1600.0,,,10160.0,5196.0,5196.0,2.0,3.0,0.6175,8786.0,,0.2506,0.105,5556000.0,6465000.0,22.0,1193.0,0.2156,0.372737887,0.46662367,0.590673575,0.70969697,23666.0,15000.0,13000.0,14750.0,84131.0,22400.0,55392.0,112155.0,115500.0,65391.0,13300.0,45209.0,88729.0,87800.0,0.1363,Embry-Riddle Aeronautical University-Worldwide,Daytona Beach,0.6667,0.2177
6118.0,25162.0,10319.0,,6146.0,7093.0,9954.0,14265.0,16165.0,,,,,,12.0,5.0,21.0,1200.0,10914.0,5500.0,10914.0,5500.0,5500.0,1.0,3.0,0.7675,13809.0,,0.2857,0.2623,92023565.0,95628690.0,21.0,1120.0,0.5602,0.467403736,0.47826087,0.525154457,0.645778364,17622.0,11025.0,11000.0,12050.0,54560.0,13500.0,36485.0,77458.0,75600.0,45029.0,12400.0,29485.0,60667.0,60800.0,0.4191,Florida Gulf Coast University,Fort Myers,0.8303,0.5755
,,,,,,,,,,,,,,12.0,5.0,12.0,,,,,,,2.0,3.0,,74.0,,0.0,0.0,,,15.0,,,,,0.344827586,PS,,,,,,,,,,,,,,,,Atlantic Institute of Oriental Medicine,Fort Lauderdale,,
7203.0,7203.0,,6746.0,,,,,,6746.0,,,,,66.0,9.0,22.0,300.0,4564.0,2250.0,10503.0,4244.0,4244.0,2.0,3.0,0.3944,55.0,,0.3333,0.058,,,15.0,,0.5,,,,,,,,,20902.0,,,41560.0,,,,,,,0.0,Pacific Islands University,Mangilao,1.0,0.25
15700.0,15700.0,,,,,,,,,,,,,16.0,7.0,32.0,1400.0,,,4000.0,1650.0,1650.0,2.0,3.0,0.8571,273.0,,0.0,0.0,47862.0,151701.0,15.0,1245.0,0.697,,,,,,,,,,,,,,,,,,,0.4828,New Saint Andrews College,Moscow,0.8767,0.5455
28222.0,28222.0,,23655.0,,,,,,19716.0,18784.0,22156.0,24553.0,25967.0,12.0,5.0,42.0,1320.0,14125.0,3050.0,15437.0,3050.0,9437.0,2.0,3.0,0.4481,1229.0,,0.2318,0.4996,8682351.0,8989288.0,12.0,,0.5548,0.559055118,0.493927126,0.458937198,0.641975309,20776.0,10875.0,12000.0,12676.0,49520.0,,31575.0,76050.0,,43572.0,5100.0,23419.0,62542.0,55000.0,0.4912,Ave Maria University,Ave Maria,0.75,0.6146
4458.0,13244.0,11696.0,,10362.0,10832.0,12810.0,16049.0,16240.0,,,,,,13.0,5.0,21.0,1550.0,15320.0,8760.0,15320.0,8760.0,8760.0,1.0,3.0,0.9557,11156.0,,0.5034,0.2447,,,20.0,,0.198,0.030251142,0.0476047,0.280742459,0.539184953,20076.0,9500.0,8250.0,8250.0,47730.0,,27153.0,68748.0,,36756.0,,20268.0,54706.0,,0.0607,Georgia Gwinnett College,Lawrenceville,0.6879,0.2542
13920.0,13920.0,,17518.0,,,,,,17118.0,16343.0,19093.0,,,12.0,5.0,21.0,675.0,,,9438.0,1125.0,1125.0,3.0,3.0,,1314.0,,0.7009,0.1082,,,39.0,,0.0,0.133444207,0.154570325,0.170581897,0.337864078,40621.0,12667.0,20636.0,22364.0,40092.0,11500.0,20698.0,62129.0,106500.0,36582.0,9600.0,18625.0,56532.0,83200.0,0.0,Strayer University-Florida,Tampa,0.75,0.1429
,,,,,,,,,,,,,,18.0,3.0,11.0,,,,,,,3.0,3.0,,277.0,,0.0,0.0,,,14.0,,,,,,,,,,,,,,,,,,,,,,American College of Education,Indianapolis,,
18238.0,18238.0,,24280.0,,,,,,23538.0,27919.0,28071.0,,,12.0,5.0,11.0,1500.0,,,8925.0,7914.0,5541.0,3.0,3.0,,390.0,,0.4774,0.5772,,,14.0,,0.0455,0.222162162,0.178076996,0.192723315,0.386992275,26123.0,12643.0,15278.0,14700.0,34421.0,7100.0,17463.0,53014.0,67200.0,34115.0,7600.0,17590.0,54613.0,74600.0,0.0833,South University-Tampa,Tampa,0.1111,0.3
20604.0,20604.0,,26933.0,,,,,,23886.0,23216.0,25851.0,35946.0,36221.0,17.0,3.0,21.0,600.0,,,14540.0,7808.0,7808.0,3.0,3.0,0.8857,12188.0,,0.2994,0.5584,,,20.0,868.0,0.5,0.49228169,0.503994394,0.541874536,0.622781457,20919.0,16577.0,15795.0,17250.0,92405.0,13200.0,66826.0,120947.0,94100.0,84533.0,27800.0,62630.0,108596.0,98800.0,0.5,Chamberlain University-Illinois,Addison,0.7692,0.7333
,,,,,,,,,,,,,,20.0,4.0,12.0,,,,,,,2.0,3.0,,328.0,,0.2955,0.4518,5102393.0,4115477.0,8.0,,,0.406649616,0.27471384,0.376561827,0.558421851,21500.0,12975.0,13726.0,12000.0,55552.0,11200.0,35894.0,79726.0,78100.0,49139.0,11000.0,31477.0,69164.0,68900.0,,Ottawa University-Online,Overland Park,,
14082.0,14082.0,,,,,,,,,,,,,12.0,5.0,13.0,2463.0,,,13407.0,3620.0,3620.0,2.0,3.0,,29.0,,0.7059,1.0,,,3.0,,0.0,0.049222798,0.114325069,0.480916031,0.632794457,22564.0,12542.0,12666.0,15500.0,47540.0,4600.0,25266.0,69091.0,61600.0,37753.0,3500.0,16176.0,59481.0,50500.0,0.0,Polytechnic University of Puerto Rico-Miami,Miami,,
14262.0,14262.0,,20040.0,,,,,,16211.0,,,21955.0,21955.0,12.0,5.0,21.0,2775.0,,,12781.0,5974.0,5974.0,2.0,3.0,,102.0,,0.5913,0.687,,,5.0,,0.0833,0.049222798,0.114325069,0.480916031,0.632794457,22564.0,12542.0,12666.0,15500.0,47540.0,4600.0,25266.0,69091.0,61600.0,37753.0,3500.0,16176.0,59481.0,50500.0,0.0,Polytechnic University of Puerto Rico-Orlando,Orlando,0.2,0.5
19686.0,19686.0,,29539.0,,,,,,28118.0,27262.0,,34657.0,,12.0,5.0,11.0,600.0,,,14540.0,7808.0,7808.0,3.0,3.0,1.0,839.0,,0.5327,0.8094,,,9.0,,0.3333,0.49228169,0.503994394,0.541874536,0.622781457,20919.0,16577.0,15795.0,17250.0,92405.0,13200.0,66826.0,120947.0,94100.0,84533.0,27800.0,62630.0,108596.0,98800.0,0.3333,Chamberlain University-Florida,Jacksonville,1.0,0.0
9810.0,9810.0,,15245.0,,,,,,15245.0,,,,,12.0,5.0,21.0,1500.0,,,12400.0,6900.0,6900.0,2.0,3.0,,259.0,,0.5812,0.3682,,,10.0,,0.75,,,PS,PS,,,,,38062.0,,,59548.0,,,,,,,0.25,University of Fort Lauderdale,Lauderhill,,
12380.0,12380.0,,22668.0,,,,,,21726.0,22353.0,,23401.0,,15.0,8.0,11.0,850.0,9900.0,5000.0,7537.0,5000.0,5000.0,2.0,3.0,,113.0,,0.8632,0.5474,,,7.0,,0.5238,0.653846154,,,,,,,,40523.0,,8202.0,58963.0,,,,,,,0.1905,Pacific Rim Christian University,Honolulu,0.8571,0.5714
13920.0,13920.0,,18224.0,,,,,,18224.0,,,,,13.0,5.0,21.0,675.0,,,9438.0,1125.0,1125.0,3.0,3.0,,4878.0,,0.7837,0.1551,,,39.0,,0.2308,0.133444207,0.154570325,0.170581897,0.337864078,40621.0,12667.0,20636.0,22364.0,40092.0,11500.0,20698.0,62129.0,106500.0,36582.0,9600.0,18625.0,56532.0,83200.0,0.25,Strayer University-Georgia,Chamblee,0.5,0.0909
12978.0,12978.0,,,,,,,,,,,,,12.0,5.0,13.0,1800.0,,,12088.0,11160.0,7472.0,3.0,3.0,,104.0,,0.0714,0.119,,,6.0,,1.0,,,PS,PS,,,,,,,,,,,,,,,1.0,Millennia Atlantic University,Doral,0.0,
16546.0,16546.0,,26308.0,,,,,,26081.0,27245.0,28281.0,30132.0,31716.0,13.0,5.0,12.0,1500.0,,,8925.0,7914.0,5541.0,3.0,3.0,,6492.0,,0.7625,0.6804,,,31.0,,0.0506,0.222162162,0.178076996,0.192723315,0.386992275,26123.0,12643.0,15278.0,14700.0,34421.0,7100.0,17463.0,53014.0,67200.0,34115.0,7600.0,17590.0,54613.0,74600.0,0.0303,South University-Savannah Online,Savannah,0.2378,0.0425
19686.0,19686.0,,31471.0,,,,,,31217.0,31896.0,,,,13.0,5.0,12.0,600.0,,,14540.0,7808.0,7808.0,3.0,3.0,0.9615,1588.0,,0.4828,0.7664,,,13.0,,,0.49228169,0.503994394,0.541874536,0.622781457,20919.0,16577.0,15795.0,17250.0,92405.0,13200.0,66826.0,120947.0,94100.0,84533.0,27800.0,62630.0,108596.0,98800.0,,Chamberlain University-Georgia,Sandy Springs,0.7778,0.4
19686.0,19686.0,,36219.0,,,,,,,,30822.0,41617.0,,18.0,3.0,11.0,600.0,,,14540.0,7808.0,7808.0,3.0,3.0,1.0,177.0,,0.4851,0.7376,,,14.0,,1.0,0.49228169,0.503994394,0.541874536,0.622781457,20919.0,16577.0,15795.0,17250.0,92405.0,13200.0,66826.0,120947.0,94100.0,84533.0,27800.0,62630.0,108596.0,98800.0,1.0,Chamberlain University-Indiana,Indianapolis,0.5,0.0
12240.0,12240.0,,25374.0,,,,,,24825.0,25572.0,25488.0,,27916.0,12.0,5.0,13.0,1200.0,,,14340.0,3600.0,3600.0,2.0,3.0,0.4444,628.0,,0.4852,0.611,,,13.0,,,0.270525694,0.220379147,0.307400803,0.8,27000.0,12125.0,17002.0,16250.0,43137.0,20400.0,21924.0,71519.0,92300.0,41941.0,12900.0,23348.0,67534.0,74700.0,,Florida Institute of Technology-Online,Melbourne,0.2222,
8122.0,23500.0,13347.0,,10597.0,11947.0,13829.0,16848.0,16901.0,,,,,,13.0,5.0,12.0,1240.0,11935.0,4946.0,11176.0,5687.0,5687.0,1.0,3.0,0.8931,5282.0,,0.3838,0.3847,328832564.0,355326108.0,16.0,1113.0,0.4865,0.479966611,0.488607595,0.51884058,0.708683473,20500.0,14461.0,12000.0,13000.0,48472.0,24000.0,29866.0,72758.0,129400.0,45037.0,21700.0,27493.0,65598.0,90500.0,0.2698,Augusta University,Augusta,0.7347,0.5225
4432.0,14032.0,13922.0,,12194.0,13045.0,14948.0,17887.0,18331.0,,,,,,13.0,5.0,12.0,1240.0,8850.0,7153.0,10982.0,7153.0,7153.0,1.0,3.0,0.9977,6655.0,,0.4092,0.3441,14136569.0,15246082.0,18.0,1055.0,0.256,0.191985089,0.236878774,0.288612836,0.5175,19000.0,9500.0,9728.0,9375.0,40863.0,8800.0,24759.0,61811.0,63500.0,39624.0,6000.0,22625.0,60004.0,51300.0,0.1081,Middle Georgia State University,Macon,0.6085,0.2857
8992.0,8992.0,,13539.0,,,,,,13539.0,,,,,18.0,3.0,31.0,800.0,,,6416.0,15648.0,12248.0,2.0,3.0,1.0,114.0,,0.3333,0.087,,,4.0,,0.2857,,,,,,,,,,,,,,30634.0,,21479.0,,,0.125,Veritas Baptist College,Lawrenceburg,0.6,0.3333
17488.0,17488.0,,,,,,,,,,,,,12.0,5.0,11.0,400.0,,,14536.0,7708.0,7708.0,3.0,3.0,1.0,188.0,,0.5267,0.7046,,,8.0,,0.4,0.218566206,0.195822076,0.282223068,0.443987851,24807.0,11756.0,14317.0,14750.0,45987.0,11500.0,25449.0,71271.0,91000.0,42178.0,7700.0,23114.0,63768.0,73100.0,0.2,DeVry University-Florida,Orlando,,0.2143
17488.0,17488.0,,30243.0,,,,,,29275.0,,31212.0,,,13.0,5.0,21.0,400.0,,,14536.0,7708.0,7708.0,3.0,3.0,0.8125,472.0,,0.611,0.7387,,,11.0,,0.3636,0.218566206,0.195822076,0.282223068,0.443987851,24807.0,11756.0,14317.0,14750.0,45987.0,11500.0,25449.0,71271.0,91000.0,42178.0,7700.0,23114.0,63768.0,73100.0,0.2222,DeVry University-Georgia,Decatur,1.0,0.1071
5009.0,15441.0,10785.0,,7958.0,9023.0,11167.0,13074.0,13702.0,,,,,,13.0,5.0,32.0,1460.0,12310.0,3680.0,9610.0,4300.0,4300.0,1.0,3.0,0.7216,15542.0,,0.2769,0.2088,69195299.0,74995940.0,18.0,1136.0,0.3685,0.292688851,0.368222282,0.596219931,0.73083779,17750.0,10000.0,9891.0,9124.0,50135.0,12400.0,31299.0,72196.0,76500.0,43085.0,9800.0,26228.0,60404.0,61500.0,0.3469,University of North Georgia,Dahlonega,0.7272,0.4799
4940.0,21005.0,9899.0,,6261.0,8232.0,11322.0,14621.0,14127.0,,,,,,12.0,5.0,41.0,1200.0,12940.0,4000.0,12940.0,4000.0,4000.0,1.0,3.0,0.5573,1556.0,,0.3305,0.2495,3532862.0,3617791.0,17.0,1294.0,0.5302,0.720588235,,,,14250.0,8625.0,8750.0,6500.0,,,,,,77545.0,,61700.0,98450.0,,0.3841,Florida Polytechnic University,Lakeland,0.7536,0.5638
13575.0,13575.0,,,,,,,,,,,,,12.0,5.0,11.0,2010.0,,,10063.0,4548.0,4548.0,2.0,3.0,,4897.0,,0.455,0.3408,,,34.0,,,,,,,12188.0,6250.0,,,,,,,,,,,,,,Ana G. Mendez University,Orlando,0.6325,
3876.0,16579.0,4702.0,,1035.0,3690.0,5162.0,10187.0,12178.0,,,,,,12.0,5.0,12.0,1050.0,,,11500.0,2770.0,2770.0,1.0,3.0,0.6438,4577.0,,0.2039,0.1281,,,51.0,1331.0,0.7766,0.741971004,0.834045861,0.640055249,0.687123093,15000.0,13000.0,13397.0,15000.0,71588.0,15900.0,47083.0,106122.0,109000.0,56398.0,10800.0,35867.0,81093.0,81200.0,0.2222,University of Florida-Online,Gainesville,0.935,0.4706
23691.0,23691.0,,38218.0,,,,,,32277.0,,41349.0,41027.0,,12.0,5.0,13.0,3977.0,,,9920.0,8800.0,8800.0,3.0,3.0,,900.0,,0.6389,0.9147,,,12.0,,0.5,0.652895909,0.747831116,0.597508591,0.686904762,32946.0,26500.0,24145.0,20630.0,102672.0,,61405.0,132904.0,,96114.0,32100.0,65076.0,122867.0,125100.0,0.375,West Coast University-Miami,Doral,0.6667,0.0
12720.0,12720.0,,20767.0,,,,,,20802.0,20721.0,19658.0,21728.0,,12.0,5.0,11.0,400.0,,,9288.0,9100.0,7180.0,3.0,3.0,,313.0,,0.4944,0.5643,,,25.0,,0.6129,,,,,25870.0,14640.0,,,,,,,,,,,,,0.5909,Atlantis University,Miami,0.3571,0.7794
10405.0,10405.0,,9433.0,,,,,,,,9433.0,,,12.0,5.0,13.0,1280.0,,,16269.0,5250.0,4499.0,3.0,3.0,,75.0,,0.0588,0.0252,,,5.0,,0.7037,,,,,,,,,,,,,,,,,,,0.1579,San Ignacio University,Doral,0.6667,1.0
10320.0,10320.0,,,,,,,,,,,,,12.0,5.0,21.0,1000.0,,,39100.0,37200.0,25100.0,3.0,3.0,,175.0,,0.0,0.0,,,20.0,,0.92,,,,,,,,,,,,,,,,,,,0.36,United International College,Miramar,0.75,1.0
5786.0,17040.0,16972.0,,13754.0,14822.0,17890.0,20179.0,20512.0,,,,,,13.0,5.0,21.0,1500.0,13027.0,5614.0,14915.0,6546.0,6546.0,1.0,3.0,0.6918,39503.0,,0.3538,0.3507,94030700.0,111393917.0,23.0,1120.0,0.4806,0.379488613,0.472046955,0.472878111,0.631392405,23833.0,15750.0,14009.0,13000.0,57552.0,9000.0,36258.0,86280.0,80700.0,47863.0,9500.0,29030.0,70813.0,60500.0,0.2112,Kennesaw State University,Kennesaw,0.7874,0.5267
8216.0,8216.0,,16767.0,,,,,,16113.0,16787.0,17685.0,19318.0,21679.0,18.0,3.0,41.0,264.0,,,12000.0,2512.0,4320.0,2.0,3.0,,5808.0,,0.4758,0.5456,,,19.0,,0.3722,0.39982679,0.469792606,0.480081978,0.579101563,24250.0,10044.0,17104.0,17747.0,59986.0,12300.0,38195.0,88091.0,93300.0,51329.0,13900.0,32817.0,77304.0,81200.0,,Indiana Wesleyan University-National & Global,Marion,,
19520.0,19520.0,,23304.0,,,,,,23304.0,,,,,18.0,3.0,12.0,1078.0,,,13600.0,10824.0,10824.0,3.0,3.0,1.0,289.0,,0.175,0.4875,,,8.0,,,,,,,,,,,,,,,,,,,,,,John Patrick University of Health and Applied Sciences,South Bend,0.3333,
5360.0,5360.0,,,,,,,,,,,,,13.0,5.0,21.0,750.0,,,10000.0,5100.0,5100.0,2.0,3.0,0.7342,287.0,,0.0,0.0,,,15.0,,0.5,,,,,,,,,,,,,,,,,,,0.5,Reformed University,Lawrenceville,0.75,
8419.0,15620.0,8463.0,,4256.0,4935.0,10143.0,13805.0,14972.0,,,,,,18.0,3.0,21.0,598.0,9097.0,4212.0,9070.0,5023.0,5023.0,1.0,3.0,0.7063,5786.0,,0.277,0.2707,51198269.0,51584831.0,17.0,1034.0,0.4402,0.328305235,0.400513479,0.359806002,0.541346974,21229.0,13767.0,12765.0,13000.0,48318.0,8900.0,27192.0,75170.0,78500.0,48439.0,6100.0,29480.0,74539.0,63500.0,0.2794,Purdue University Northwest,Hammond,0.6769,0.4232
9900.0,9900.0,,19086.0,,,,,,18579.0,19149.0,19942.0,22460.0,19520.0,18.0,3.0,11.0,,,,10354.0,5779.0,5779.0,2.0,3.0,,2446.0,,0.5261,0.6286,100294655.0,97909071.0,13.0,,,0.099727706,0.127740304,0.249852507,0.415966387,26391.0,13392.0,13521.0,9830.0,47327.0,9600.0,28223.0,70604.0,82000.0,29717.0,9700.0,13190.0,49550.0,69300.0,,Indiana Institute of Technology-College of Professional Studies,Fort Wayne,0.4,0.1527
9050.0,9050.0,,,,,,,,,,,,,13.0,5.0,22.0,800.0,,,9800.0,2700.0,2700.0,2.0,3.0,,70.0,,0.0,0.0,,,4.0,,,,,,,,,,,,,,,,,,,,,,College of Athens,Watkinsville,0.5,
23093.0,23093.0,,30580.0,,,,,,30569.0,30620.0,,,,12.0,5.0,11.0,,,,11844.0,10503.0,7037.0,3.0,3.0,1.0,337.0,,0.5311,0.8106,,,20.0,,,0.586859688,0.590994371,0.261904762,0.337078652,9500.0,9500.0,9500.0,10250.0,34657.0,5100.0,17281.0,48422.0,45700.0,32840.0,4000.0,17567.0,43637.0,39100.0,,Arizona College of Nursing-Tampa,Tampa,0.6667,
25973.0,25973.0,,35522.0,,,,,,35427.0,35836.0,,,,12.0,5.0,12.0,,,,11844.0,10503.0,7037.0,3.0,3.0,,412.0,,0.6667,0.8723,,,20.0,,,0.586859688,0.590994371,0.261904762,0.337078652,9500.0,9500.0,9500.0,10250.0,34657.0,5100.0,17281.0,48422.0,45700.0,32840.0,4000.0,17567.0,43637.0,39100.0,,Arizona College of Nursing-Fort Lauderdale,Fort Lauderdale,0.7857,
18645.0,18645.0,,29546.0,,,,,,27146.0,34345.0,34345.0,,,16.0,7.0,12.0,,,,11100.0,9840.0,5055.0,3.0,3.0,,467.0,,0.4866,0.7893,,,27.0,,,0.599423631,0.595121951,0.217100868,0.287410926,43021.0,17946.0,24000.0,24862.0,37518.0,4600.0,20717.0,54175.0,58000.0,36393.0,4700.0,20649.0,51015.0,43300.0,,Eagle Gate College-Boise Campus,Boise,0.7143,
30550.0,30550.0,,,,,,,,,,,,,12.0,5.0,21.0,200.0,,,6000.0,500.0,500.0,3.0,3.0,,28.0,,0.0,0.0,,,4.0,,0.6111,,,,,,,,,,,,,,,,,,,0.6111,URBE University,Sweetwater,0.8571,
23093.0,23093.0,,,,,,,,,,,,,12.0,5.0,21.0,,,,11844.0,10503.0,7037.0,3.0,3.0,1.0,98.0,,0.6,0.8,,,20.0,,,0.586859688,0.590994371,0.261904762,0.337078652,9500.0,9500.0,9500.0,10250.0,34657.0,5100.0,17281.0,48422.0,45700.0,32840.0,4000.0,17567.0,43637.0,39100.0,,Arizona College of Nursing-Sarasota,University Park,,
12498.0,12498.0,,,,,,,,,,,,,27.0,4.0,11.0,900.0,,,17496.0,4464.0,4464.0,3.0,3.0,,7337.0,,0.5043,0.6564,,,30.0,,0.0,0.365153538,0.345521472,0.231261139,0.435132957,20834.0,10500.0,12500.0,12500.0,42810.0,,22490.0,68123.0,,50657.0,13900.0,27525.0,88342.0,94900.0,0.0,Walden University,Minneapolis,,
14080.0,14080.0,,17839.0,,,,,,16717.0,16334.0,17436.0,20709.0,20723.0,21.0,5.0,43.0,1600.0,8732.0,7100.0,5000.0,7100.0,7100.0,2.0,3.0,0.8557,528.0,,0.5565,0.4846,57103324.0,60558040.0,14.0,980.0,0.2636,0.337078652,0.447619048,0.416988417,0.507246377,19599.0,7150.0,8750.0,8500.0,40573.0,7200.0,26009.0,56879.0,76400.0,35174.0,5600.0,22027.0,48156.0,47000.0,0.1773,Alice Lloyd College,Pippa Passes,0.5824,0.3022
33640.0,33640.0,,20428.0,,,,,,15895.0,15167.0,20098.0,21455.0,26463.0,21.0,5.0,31.0,1462.0,9616.0,3272.0,6158.0,3852.0,2674.0,2.0,3.0,0.6406,1369.0,,0.2631,0.4284,68574686.0,72424602.0,12.0,,0.65,0.552777778,0.597938144,0.592644979,0.722543353,24028.0,16250.0,19500.0,16750.0,42368.0,6100.0,26611.0,60619.0,64900.0,35563.0,10000.0,24207.0,48016.0,48700.0,0.5656,Asbury University,Wilmore,0.8427,0.6527
47180.0,47180.0,,23587.0,,,,,,18542.0,18905.0,20870.0,25093.0,29302.0,21.0,5.0,11.0,,10250.0,7914.0,10250.0,7914.0,7914.0,2.0,3.0,0.9359,2286.0,,0.2501,0.5237,71030451.0,59434525.0,13.0,1208.0,0.6775,0.633126935,0.675425039,0.700400802,0.814132105,25000.0,21500.0,19500.0,19500.0,62069.0,16500.0,42145.0,86137.0,84000.0,49819.0,13100.0,34655.0,68129.0,65300.0,0.592,Bellarmine University,Louisville,0.7509,0.6577
49326.0,49326.0,,4483.0,,,,,,4070.0,3613.0,5844.0,7570.0,,21.0,5.0,32.0,700.0,7892.0,2800.0,7892.0,2800.0,2800.0,2.0,3.0,0.3271,1472.0,,0.8101,0.1201,1418870700.0,1487170000.0,9.0,1248.0,0.6204,0.590697674,0.671568627,0.651612903,0.75862069,3591.0,,4478.0,,43150.0,10400.0,26672.0,63165.0,65000.0,35676.0,7400.0,19964.0,49750.0,46300.0,0.412,Berea College,Berea,0.8778,0.6605
30450.0,30450.0,,14626.0,,,,,,14897.0,10651.0,12467.0,14790.0,20215.0,21.0,5.0,13.0,3000.0,10935.0,2100.0,11500.0,2100.0,2100.0,2.0,3.0,0.3461,538.0,,0.4283,0.5681,15810956.0,15199816.0,8.0,,0.4597,0.41503268,0.337579618,0.413580247,0.569230769,29430.0,25000.0,20574.0,13699.0,45500.0,12200.0,30932.0,61499.0,65700.0,39897.0,10700.0,24752.0,56651.0,58500.0,0.3619,Brescia University,Owensboro,0.5684,0.4818
26990.0,26990.0,,18246.0,,,,,,16491.0,17707.0,16425.0,20863.0,22636.0,21.0,5.0,32.0,1200.0,9170.0,5372.0,8150.0,7588.0,7588.0,2.0,3.0,0.9833,2641.0,,0.2154,0.2068,35720002.0,36455948.0,21.0,,0.4713,0.324,0.341991342,0.367501898,0.557544757,17156.0,8330.0,11005.0,11500.0,41583.0,9300.0,25458.0,58771.0,60800.0,34639.0,5300.0,20847.0,50304.0,45700.0,0.4024,Campbellsville University,Campbellsville,0.5979,0.427
50550.0,50550.0,,21497.0,,,,,,10779.0,13431.0,17317.0,22346.0,28164.0,21.0,5.0,32.0,1200.0,13770.0,2515.0,11370.0,4185.0,1895.0,2.0,3.0,0.5434,1346.0,,0.2122,0.4473,408796421.0,391321451.0,10.0,1345.0,0.8529,0.820895522,0.796954315,0.788161994,0.828685259,27000.0,22059.0,24781.0,25991.0,66240.0,18000.0,45965.0,98933.0,94000.0,50073.0,8300.0,34022.0,74184.0,57000.0,0.808,Centre College,Danville,0.875,0.8663
10120.0,10120.0,,10255.0,,,,,,10750.0,8273.0,,,,21.0,5.0,42.0,1400.0,5129.0,5124.0,10767.0,5124.0,5124.0,2.0,3.0,,132.0,,0.4436,0.0,21047310.0,22091982.0,11.0,,0.3333,,0.4,,,,,,,41623.0,,26378.0,67737.0,,35559.0,,19678.0,50160.0,,0.25,Clear Creek Baptist Bible College,Pineville,0.625,0.4375
,,,,,,,,,,,,,,21.0,5.0,11.0,,,,,,,3.0,3.0,,4184.0,,0.2591,0.3942,,,12.0,,0.6316,0.583057265,0.562531646,0.348591549,0.408108108,24166.0,16190.0,17444.0,16166.0,61480.0,7200.0,39823.0,83347.0,62800.0,58951.0,13200.0,37875.0,80534.0,65600.0,0.3793,Galen College of Nursing-Louisville,Louisville,0.6739,
9875.0,9875.0,,11286.0,,,,,,4895.0,5965.0,11476.0,17072.0,18953.0,21.0,5.0,33.0,0.0,9300.0,6968.0,12285.0,7929.0,9504.0,2.0,3.0,0.7139,5468.0,,0.4848,0.6916,164485925.0,222441780.0,19.0,,0.4624,0.423963134,0.450832073,0.458383595,0.621794872,14911.0,7773.0,9112.0,9500.0,45036.0,8000.0,28579.0,63134.0,64200.0,39046.0,5900.0,26191.0,54928.0,48800.0,0.3017,University of the Cumberlands,Williamsburg,0.8113,0.4827
10130.0,20820.0,9962.0,,7107.0,7006.0,9326.0,14213.0,15362.0,,,,,,21.0,5.0,32.0,0.0,11735.0,2800.0,11735.0,4300.0,4300.0,1.0,3.0,0.7809,11674.0,,0.3861,0.4277,78572624.0,87926494.0,15.0,1089.0,0.4974,0.380371661,0.4077983,0.430739758,0.595390071,22500.0,14257.0,15000.0,15000.0,45795.0,8200.0,29173.0,66400.0,64500.0,38611.0,7000.0,24692.0,54649.0,54900.0,0.3971,Eastern Kentucky University,Richmond,0.7962,0.5328
42010.0,42010.0,,13485.0,,,,,,8926.0,8329.0,9698.0,16607.0,19770.0,21.0,5.0,31.0,1250.0,11385.0,2456.0,9594.0,4608.0,3528.0,2.0,3.0,0.7388,1180.0,,0.3439,0.528,37421335.0,37379331.0,15.0,1149.0,0.4754,0.442906574,0.396,0.606884058,0.680327869,25200.0,11867.0,13500.0,14808.0,52074.0,14400.0,35634.0,77834.0,79900.0,40393.0,10600.0,27188.0,53451.0,55100.0,0.423,Georgetown College,Georgetown,0.677,0.5674
10060.0,10060.0,,9904.0,,,,,,9650.0,6042.0,11820.0,13395.0,13495.0,21.0,5.0,43.0,500.0,5370.0,500.0,6500.0,750.0,750.0,2.0,3.0,0.3571,72.0,,0.5513,0.359,5492671.0,5569566.0,9.0,980.0,0.3571,,,0.375,PS,,,,,21256.0,,10649.0,40370.0,,21778.0,,12457.0,24823.0,,0.0833,Kentucky Mountain Bible College,Jackson,0.8182,0.7273
9214.0,13260.0,8900.0,,6809.0,5703.0,9471.0,15362.0,17285.0,,,,,,21.0,5.0,32.0,1332.0,8186.0,2995.0,7034.0,5112.0,5112.0,1.0,3.0,0.9255,1317.0,,0.5652,0.5503,19063354.0,20238450.0,14.0,910.0,0.2714,0.344512195,0.266666667,0.167270531,0.314371258,25938.0,12344.0,12000.0,10997.0,36382.0,4100.0,18939.0,51649.0,55200.0,29640.0,5000.0,14725.0,44660.0,46400.0,0.1525,Kentucky State University,Frankfort,0.6079,0.3824
33393.0,33393.0,,36431.0,,,,,,35694.0,35651.0,36301.0,37446.0,37533.0,21.0,5.0,13.0,1298.0,11526.0,3125.0,11913.0,3125.0,3125.0,2.0,3.0,0.67,794.0,,0.4157,0.5166,38714749.0,35846906.0,13.0,1043.0,0.526,0.486607143,0.433179724,0.516806723,0.654255319,23250.0,9500.0,9126.0,13964.0,46747.0,12000.0,32704.0,66119.0,72900.0,35895.0,10400.0,22835.0,51773.0,52500.0,0.3904,Kentucky Wesleyan College,Owensboro,0.6486,0.4641
13212.0,33406.0,17218.0,,10267.0,11329.0,14557.0,20655.0,24687.0,,,,,,21.0,5.0,11.0,1200.0,15242.0,5444.0,15242.0,5444.0,8600.0,1.0,3.0,0.9238,23189.0,,0.215,0.348,1754167989.0,1888185496.0,17.0,1213.0,0.6993,0.578692494,0.604759441,0.580773043,0.699572127,22500.0,17007.0,17471.0,15946.0,59025.0,12600.0,38233.0,86281.0,86400.0,47266.0,10100.0,31747.0,67887.0,68500.0,0.5387,University of Kentucky,Lexington,0.8667,0.689
25000.0,25000.0,,22139.0,,,,,,20475.0,20363.0,20416.0,22198.0,25111.0,21.0,5.0,32.0,1400.0,9400.0,4648.0,9400.0,15796.0,9324.0,2.0,3.0,0.6238,438.0,,0.3704,0.5926,7041656.0,7306068.0,12.0,1044.0,0.3377,0.36,0.391304348,0.457627119,0.575221239,22250.0,6250.0,8171.0,9500.0,42375.0,6300.0,28315.0,63027.0,57300.0,39921.0,6200.0,25453.0,57916.0,51500.0,0.2922,Kentucky Christian University,Grayson,0.4528,0.3645
27274.0,27274.0,,13811.0,,,,,,12601.0,12219.0,12466.0,17054.0,18013.0,21.0,5.0,33.0,1000.0,9978.0,5243.0,12000.0,5243.0,5243.0,2.0,3.0,,1649.0,,0.4988,0.5023,32761864.0,36940462.0,17.0,,0.3808,0.414364641,0.406666667,0.363829787,0.45540797,16784.0,11250.0,11147.0,12250.0,41129.0,7600.0,24160.0,55997.0,53900.0,34861.0,4700.0,21367.0,48803.0,40000.0,0.2902,Lindsey Wilson College,Columbia,0.6275,0.4043
12828.0,29174.0,17634.0,,13768.0,14494.0,16510.0,22938.0,25116.0,,,,,,21.0,5.0,11.0,1274.0,11690.0,7914.0,11124.0,8828.0,8828.0,1.0,3.0,0.8054,14187.0,,0.288,0.2852,883606000.0,921547000.0,14.0,1147.0,0.6068,0.484497445,0.520493066,0.524774775,0.673930269,20500.0,13840.0,13000.0,14000.0,53899.0,10200.0,36512.0,79132.0,76600.0,46571.0,9900.0,31221.0,66759.0,60100.0,0.4346,University of Louisville,Louisville,0.8058,0.6394
26080.0,26080.0,,23863.0,,,,,,22513.0,19767.0,21880.0,27318.0,26810.0,21.0,5.0,42.0,1800.0,9500.0,11900.0,13300.0,11900.0,11900.0,2.0,3.0,0.9518,1250.0,,0.4613,0.6234,28926670.0,31643217.0,15.0,1145.0,0.4638,0.344947735,0.432176656,0.348778433,0.524774775,21301.0,14318.0,12000.0,11000.0,44246.0,10300.0,29241.0,65285.0,66400.0,40738.0,6900.0,25551.0,58769.0,56200.0,0.4553,Midway University,Midway,0.6883,0.587
9838.0,14706.0,10089.0,,7561.0,7152.0,9920.0,13796.0,14197.0,,,,,,21.0,5.0,33.0,480.0,8942.0,2894.0,11920.0,3226.0,3850.0,1.0,3.0,0.8212,4689.0,,0.2873,0.3428,56141302.0,62117229.0,14.0,,0.4769,0.415485278,0.439795444,0.393632417,0.518720218,22250.0,14250.0,15250.0,14957.0,43197.0,6700.0,27519.0,63693.0,62900.0,37131.0,5700.0,23244.0,53966.0,48800.0,0.3726,Morehead State University,Morehead,0.6948,0.4614
9708.0,19452.0,9121.0,,5594.0,5703.0,9616.0,13423.0,14282.0,,,,,,21.0,5.0,32.0,900.0,10594.0,5717.0,12534.0,5717.0,5717.0,1.0,3.0,0.8617,6646.0,,0.3135,0.3663,106596412.0,114945955.0,16.0,1110.0,0.5953,0.50994152,0.50993022,0.504775687,0.676742751,20500.0,14708.0,14250.0,15000.0,44737.0,9100.0,30046.0,66231.0,71900.0,38473.0,9100.0,25424.0,54776.0,56200.0,0.4807,Murray State University,Murray,0.7614,0.5755
10896.0,21480.0,7168.0,,1813.0,3022.0,6638.0,11227.0,13270.0,,,,,,21.0,5.0,21.0,800.0,11660.0,2500.0,11660.0,7220.0,2500.0,1.0,3.0,0.9603,8065.0,,0.2355,0.3091,119757000.0,126372000.0,18.0,1114.0,0.4828,0.422187982,0.456153013,0.486092033,0.644332069,23000.0,16012.0,15000.0,15000.0,50220.0,8800.0,34271.0,71430.0,67600.0,42105.0,7900.0,27459.0,59099.0,53800.0,0.3455,Northern Kentucky University,Highland Heights,0.7782,0.5172
24150.0,24150.0,,13591.0,,,,,,11218.0,12537.0,13903.0,15821.0,15953.0,21.0,5.0,33.0,190.0,8600.0,3040.0,8600.0,3040.0,3040.0,2.0,3.0,,1140.0,,0.397,0.6673,26197115.0,30539068.0,14.0,,0.3907,0.331753555,0.333333333,0.372771475,0.609195402,20679.0,13000.0,13000.0,11000.0,48231.0,8300.0,32010.0,70429.0,65800.0,34508.0,5300.0,19052.0,52071.0,57600.0,0.2882,University of Pikeville,Pikeville,0.645,0.3321
13086.0,13086.0,,,,,,,,,,,,,21.0,5.0,11.0,1700.0,8142.0,1500.0,2460.0,1500.0,1500.0,2.0,3.0,0.9689,844.0,,0.0,0.0,94824550.0,96731683.0,16.0,1118.0,0.4386,,,,,,,,,,,,,,,,,,,0.4019,The Southern Baptist Theological Seminary,Louisville,0.8069,0.4298
27850.0,27850.0,,24264.0,,,,,,21467.0,18835.0,23416.0,25555.0,29032.0,21.0,5.0,11.0,1100.0,8480.0,7914.0,14656.0,11816.0,11816.0,2.0,3.0,0.9864,597.0,,0.3559,0.5737,22595678.0,28250023.0,11.0,1014.0,0.5732,0.436746988,0.452777778,0.356877323,0.534591195,25250.0,23000.0,19874.0,19500.0,49438.0,12300.0,32269.0,75339.0,75800.0,42870.0,9000.0,28030.0,64218.0,70100.0,0.4573,Spalding University,Louisville,0.697,0.4302
38400.0,38400.0,,20701.0,,,,,,14407.0,15773.0,19388.0,21643.0,23299.0,21.0,5.0,21.0,500.0,9530.0,3956.0,7650.0,7914.0,4882.0,2.0,3.0,0.9703,1305.0,,0.2247,0.597,34267985.0,33220333.0,14.0,1140.0,0.4011,0.436548223,0.446096654,0.572591588,0.722929936,26236.0,12283.0,13090.0,17500.0,59384.0,12500.0,40106.0,82627.0,97100.0,47148.0,16100.0,31774.0,66116.0,78100.0,0.2923,Thomas More University,Crestview Hills,0.6702,0.5188
44980.0,44980.0,,23560.0,,,,,,17035.0,17574.0,21414.0,23700.0,29681.0,21.0,5.0,11.0,1000.0,14195.0,2540.0,14195.0,2540.0,3440.0,2.0,3.0,0.8499,1014.0,,0.2405,0.4995,220712248.0,244769343.0,10.0,1285.0,0.6975,0.714912281,0.691176471,0.684659091,0.756302521,27000.0,19500.0,20905.0,20435.0,54705.0,11300.0,35279.0,82391.0,79200.0,40447.0,8900.0,26946.0,54685.0,47900.0,0.6477,Transylvania University,Lexington,0.8345,0.7338
30946.0,30946.0,,23906.0,,,,,,12372.0,15306.0,25500.0,44375.0,44375.0,21.0,5.0,33.0,1500.0,8261.0,4100.0,8261.0,4100.0,4000.0,2.0,3.0,0.5504,736.0,,0.5062,0.6483,30236161.0,31796460.0,14.0,965.0,0.3603,0.359550562,0.326797386,0.385454546,0.479166667,24250.0,14250.0,13250.0,15000.0,42002.0,6000.0,27509.0,59113.0,55200.0,36529.0,4400.0,22748.0,52098.0,45400.0,0.2389,Union College,Barbourville,0.575,0.3756
11436.0,27000.0,10916.0,,10075.0,16624.0,17417.0,18219.0,18601.0,,,,,,21.0,5.0,13.0,1000.0,12043.0,2409.0,12043.0,6062.0,2409.0,1.0,3.0,0.9705,12267.0,,0.2871,0.3625,19854237.0,16744356.0,18.0,977.0,0.5367,0.41202346,0.434199008,0.407683837,0.602476377,22095.0,14250.0,14750.0,15000.0,43889.0,8300.0,27981.0,62583.0,66800.0,38156.0,7300.0,23151.0,54350.0,52200.0,0.4236,Western Kentucky University,Bowling Green,0.7797,0.608
40000.0,40000.0,,25159.0,,,,,,22875.0,21245.0,24985.0,25486.0,28530.0,22.0,5.0,12.0,1300.0,14360.0,5300.0,11300.0,5500.0,5500.0,2.0,3.0,0.5442,615.0,,0.3891,0.6748,123340027.0,131358861.0,9.0,1171.0,0.593,0.482014388,0.487394958,0.691449814,0.766233766,27000.0,11000.0,15250.0,16625.0,50330.0,9600.0,32109.0,69045.0,87000.0,42821.0,8100.0,26609.0,58065.0,60100.0,0.4767,Centenary College of Louisiana,Shreveport,0.7514,0.586
22194.0,22194.0,,18553.0,,,,,,18801.0,16532.0,19888.0,21306.0,17604.0,22.0,5.0,11.0,1300.0,11786.0,5924.0,11337.0,5924.0,5924.0,2.0,3.0,0.4051,1111.0,,0.6781,0.9297,92755906.0,95653436.0,11.0,1089.0,0.451,0.460176991,0.427672956,0.593167702,0.716894977,31000.0,22443.0,24000.0,21728.0,39196.0,8300.0,19843.0,60794.0,69300.0,28507.0,6700.0,13180.0,44588.0,50400.0,0.3472,Dillard University,New Orleans,0.696,0.5405
7683.0,16706.0,19125.0,,16447.0,19923.0,23591.0,24096.0,24356.0,,,,,,22.0,5.0,32.0,1800.0,10990.0,5190.0,9932.0,5190.0,5130.0,1.0,3.0,0.2368,4144.0,,0.7217,0.7709,8181377.0,15281361.0,25.0,955.0,0.3234,0.23880597,0.361261261,0.440068493,0.565072303,36500.0,25750.0,20000.0,17625.0,41109.0,6300.0,21673.0,59505.0,62200.0,25589.0,5000.0,13462.0,40134.0,48600.0,0.0894,Grambling State University,Grambling,0.7619,0.3241
,,,,,,,,,,,,,,22.0,5.0,11.0,,,,,,,1.0,3.0,,843.0,,0.2193,0.3136,38982019.0,39656038.0,3.0,,,0.820512821,0.858823529,0.801864802,0.866468843,19500.0,20713.0,19500.0,15000.0,78495.0,25400.0,57168.0,107549.0,117200.0,74290.0,31700.0,55396.0,96431.0,118000.0,,Louisiana State University Health Sciences Center-New Orleans,New Orleans,,
7050.0,14650.0,8365.0,,6038.0,8090.0,9509.0,11661.0,12093.0,,,,,,22.0,5.0,41.0,1200.0,9598.0,3332.0,9530.0,4059.0,3999.0,1.0,3.0,0.9263,4414.0,,0.3563,0.3856,20073359.0,23054605.0,14.0,1048.0,0.3552,0.296448087,0.333873582,0.641420118,0.803921569,19000.0,9840.0,11781.0,10357.0,42205.0,6500.0,25873.0,59050.0,64400.0,37284.0,7400.0,23195.0,54884.0,57200.0,0.3315,Louisiana State University-Alexandria,Alexandria,0.6783,0.2834
11954.0,28631.0,20015.0,,14035.0,17014.0,21261.0,25140.0,26244.0,,,,,,22.0,5.0,12.0,1084.0,14296.0,7884.0,16222.0,7884.0,7884.0,1.0,3.0,0.74,29207.0,,0.2565,0.2956,632722297.0,668448655.0,20.0,1248.0,0.7096,0.567090579,0.62585593,0.738694587,0.82688697,20500.0,12250.0,12981.0,13182.0,61251.0,14400.0,39003.0,90619.0,96600.0,49218.0,10900.0,30742.0,71522.0,72200.0,0.4602,Louisiana State University and Agricultural & Mechanical College,Baton Rouge,0.8401,0.6728
7327.0,20481.0,8130.0,,7302.0,6758.0,7613.0,12616.0,14034.0,,,,,,22.0,5.0,12.0,1300.0,11030.0,4898.0,11337.0,5924.0,5924.0,1.0,3.0,0.8272,2150.0,,0.3781,0.3164,24591153.0,26983101.0,27.0,1119.0,0.3321,0.310144928,0.349788434,0.608486789,0.712643678,22500.0,16116.0,15142.0,13113.0,47477.0,9400.0,30632.0,67472.0,74100.0,38467.0,7300.0,23108.0,55032.0,63300.0,0.1929,Louisiana State University-Shreveport,Shreveport,0.625,0.4035
19740.0,19740.0,,16874.0,,,,,,16046.0,16040.0,17685.0,16983.0,18102.0,22.0,5.0,23.0,1300.0,7956.0,5470.0,10468.0,5470.0,5470.0,2.0,3.0,0.8379,750.0,,0.4075,0.595,41881314.0,43291657.0,10.0,,0.4128,0.310469314,0.360501567,0.651600753,0.847682119,21875.0,9500.0,10973.0,12000.0,51700.0,14000.0,32404.0,71453.0,77600.0,40615.0,9800.0,23961.0,56919.0,67000.0,0.2847,Louisiana Christian University,Pineville,0.6082,0.2732
10125.0,16866.0,12209.0,,8529.0,9010.0,11846.0,15442.0,15634.0,,,,,,22.0,5.0,32.0,1590.0,9447.0,3603.0,10023.0,4830.0,8319.0,1.0,3.0,0.7257,7819.0,,0.205,0.2865,86292776.0,92228921.0,22.0,1190.0,0.5762,0.412988651,0.553259141,0.668292683,0.719008265,22135.0,14083.0,14850.0,15091.0,52279.0,11700.0,32547.0,79643.0,87400.0,44903.0,9100.0,27395.0,66045.0,69700.0,0.4067,Louisiana Tech University,Ruston,0.8399,0.6025
47240.0,47240.0,,22762.0,,,,,,19013.0,19826.0,20476.0,24269.0,30947.0,22.0,5.0,11.0,1300.0,15000.0,3500.0,15000.0,3500.0,3500.0,2.0,3.0,0.8772,2999.0,,0.3721,0.5375,236132884.0,235855948.0,13.0,,0.6742,0.576856649,0.564831261,0.656880734,0.777183601,26000.0,15875.0,19460.0,19500.0,52927.0,12500.0,29186.0,75942.0,85100.0,34092.0,6600.0,16140.0,52874.0,65300.0,0.5905,Loyola University New Orleans,New Orleans,0.7737,0.6303
8460.0,9960.0,11257.0,,8431.0,8219.0,12263.0,15353.0,17328.0,,,,,,22.0,5.0,13.0,1300.0,10596.0,5924.0,11337.0,5924.0,5924.0,1.0,3.0,0.6755,4846.0,,0.3112,0.3091,18915693.0,19745794.0,18.0,1080.0,0.5201,0.344748858,0.429403202,0.65752286,0.788867562,23000.0,14450.0,13829.0,11000.0,46453.0,9700.0,26345.0,71043.0,83300.0,38713.0,8100.0,22324.0,55842.0,60500.0,0.3357,McNeese State University,Lake Charles,0.7075,0.4341
9172.0,14008.0,11147.0,,9768.0,11045.0,11955.0,15481.0,15674.0,,,,,,22.0,5.0,11.0,1300.0,12174.0,5924.0,11515.0,5924.0,5924.0,1.0,3.0,0.6677,4479.0,,0.4044,0.2819,23378960.0,24939417.0,18.0,1056.0,0.4251,0.3187841,0.458397535,0.651660839,0.751915709,18750.0,10500.0,12025.0,11000.0,47872.0,9500.0,27393.0,72915.0,77600.0,38410.0,6700.0,20346.0,56534.0,58400.0,0.2458,University of New Orleans,New Orleans,0.7021,0.4177
8173.0,9266.0,12091.0,,8822.0,10582.0,12659.0,15504.0,15799.0,,,,,,22.0,5.0,13.0,1300.0,10938.0,5996.0,11338.0,5996.0,5996.0,1.0,3.0,0.9602,4772.0,,0.3498,0.4306,16807980.0,16919938.0,17.0,1088.0,0.5429,0.392581144,0.429571984,0.738049713,0.863368669,22675.0,13750.0,12233.0,13319.0,45454.0,9200.0,27918.0,65192.0,74500.0,38829.0,8000.0,22865.0,58055.0,63000.0,0.302,Nicholls State University,Thibodaux,0.7664,0.5049
9190.0,21290.0,11633.0,,9709.0,9617.0,12001.0,14910.0,15747.0,,,,,,22.0,5.0,13.0,1300.0,10182.0,5976.0,11337.0,5976.0,5976.0,1.0,3.0,0.7456,4891.0,,0.3341,0.3474,35112696.0,38257472.0,16.0,1102.0,0.506,0.443414957,0.465232975,0.678215472,0.76384535,21500.0,14959.0,15250.0,14599.0,46769.0,9000.0,29939.0,68912.0,90500.0,40430.0,7000.0,24291.0,58424.0,69700.0,0.2885,University of Louisiana at Monroe,Monroe,0.7227,0.5509
8864.0,19652.0,13809.0,,12129.0,12307.0,14216.0,17311.0,18107.0,,,,,,22.0,5.0,33.0,1300.0,10617.0,5924.0,11337.0,5924.0,5924.0,1.0,3.0,0.9374,5840.0,,0.3488,0.3668,16816137.0,17702752.0,16.0,1090.0,0.4463,0.39556962,0.436103152,0.639214444,0.754074074,25000.0,14750.0,15750.0,14000.0,47021.0,8100.0,29131.0,67829.0,72900.0,39485.0,6000.0,22758.0,57623.0,60600.0,0.322,Northwestern State University of Louisiana,Natchitoches,0.7042,0.4583
16160.0,16160.0,,16780.0,,,,,,16852.0,18852.0,13949.0,17623.0,16177.0,22.0,5.0,11.0,1300.0,10166.0,5924.0,11337.0,5924.0,5924.0,2.0,3.0,0.9901,405.0,,0.2842,0.3579,22693408.0,22701900.0,6.0,,0.3582,0.243027888,0.408888889,0.737739872,0.891304348,26995.0,20099.0,18750.0,19301.0,49316.0,12400.0,32571.0,72373.0,69800.0,46296.0,11100.0,32073.0,65158.0,63300.0,0.2615,University of Holy Cross,New Orleans,0.6905,0.3976
15690.0,15690.0,,17797.0,,,,,,17186.0,15035.0,16493.0,19626.0,21287.0,22.0,5.0,12.0,1200.0,,,15000.0,5924.0,4032.0,2.0,3.0,0.8294,826.0,,0.3575,0.4853,11112553.0,11854409.0,10.0,,0.5132,0.31,0.334061135,0.743119266,0.820224719,27672.0,17420.0,17500.0,15000.0,59419.0,11900.0,39310.0,86054.0,79100.0,55851.0,17200.0,36883.0,77551.0,73500.0,0.2632,Franciscan Missionaries of Our Lady University,Baton Rouge,0.6,0.3175
26770.0,26770.0,,39513.0,,,,,,,,43395.0,35632.0,,22.0,5.0,41.0,1300.0,15950.0,5924.0,,,,2.0,3.0,,91.0,,0.0748,0.028,547014.0,594042.0,5.0,,0.4,,,PS,PS,,,,,38366.0,,,58068.0,,24003.0,,13334.0,39986.0,,0.3333,Saint Joseph Seminary College,St. Benedict,0.875,0.3529
8373.0,20851.0,12174.0,,8806.0,9979.0,12638.0,16321.0,16196.0,,,,,,22.0,5.0,13.0,1300.0,10240.0,5924.0,11812.0,5924.0,5924.0,1.0,3.0,0.9428,9514.0,,0.33,0.3437,20049485.0,21735686.0,20.0,1090.0,0.448,0.328255903,0.392544694,0.686467066,0.810840708,22113.0,11000.0,11838.0,12000.0,46482.0,8400.0,29383.0,68123.0,70200.0,37124.0,7100.0,22082.0,53386.0,57100.0,0.2546,Southeastern Louisiana University,Hammond,0.7624,0.4088
9940.0,17198.0,19740.0,,18473.0,19314.0,21614.0,23583.0,23940.0,,,,,,22.0,5.0,12.0,1300.0,9366.0,5470.0,10468.0,5470.0,5470.0,1.0,3.0,0.4987,5323.0,,0.6458,0.701,11051970.0,12017647.0,21.0,938.0,0.2845,0.258175559,0.362537764,0.576451078,0.68988955,29251.0,15250.0,15000.0,16750.0,43371.0,9400.0,24178.0,63976.0,66900.0,33033.0,6600.0,17611.0,50784.0,54300.0,0.0981,Southern University and A & M College,Baton Rouge,0.6035,0.3526
7490.0,16390.0,15260.0,,15247.0,,16748.0,,,,,,,,22.0,5.0,11.0,1300.0,10340.0,5924.0,11337.0,5924.0,5924.0,1.0,3.0,0.6021,1095.0,,0.4458,0.378,3137803.0,3266304.0,13.0,910.0,0.1786,0.304347826,0.358843537,0.620029455,0.730858469,31000.0,20500.0,17248.0,15625.0,34042.0,6000.0,16298.0,51450.0,56200.0,29148.0,6700.0,12943.0,45085.0,43000.0,0.0816,Southern University at New Orleans,New Orleans,0.4839,0.2458
10418.0,24146.0,14118.0,,11226.0,12427.0,15448.0,18180.0,18398.0,,,,,,22.0,5.0,12.0,1300.0,11988.0,5470.0,13959.0,5470.0,5470.0,1.0,3.0,0.8883,12269.0,,0.3877,0.4359,154721046.0,162724225.0,18.0,1219.0,0.52,0.44784689,0.527232308,0.738452977,0.846062759,22902.0,14000.0,14750.0,15617.0,47089.0,10600.0,29444.0,69312.0,80000.0,42668.0,9200.0,26342.0,65798.0,59700.0,0.2723,University of Louisiana at Lafayette,Lafayette,0.7601,0.5283
65538.0,65538.0,,43939.0,,,,,,20957.0,22974.0,26839.0,36543.0,58219.0,22.0,5.0,11.0,1200.0,18088.0,2620.0,18088.0,2620.0,6720.0,2.0,3.0,0.1459,7759.0,,0.0928,0.2092,2001112000.0,2087671000.0,8.0,1443.0,0.8891,0.601300108,0.633502538,0.685543964,0.780869565,20500.0,19937.0,19000.0,19000.0,63268.0,13700.0,35855.0,94584.0,126000.0,50220.0,10100.0,27116.0,74238.0,99500.0,0.8234,Tulane University of Louisiana,New Orleans,0.9441,0.8644
27868.0,27868.0,,18285.0,,,,,,15365.0,16545.0,19008.0,22829.0,25054.0,22.0,5.0,11.0,1300.0,10086.0,2500.0,15480.0,2500.0,2500.0,2.0,3.0,0.7448,2534.0,,0.5171,0.5464,162713397.0,170871174.0,11.0,1077.0,0.5021,0.392405063,0.472032742,0.526956522,0.66367713,24053.0,14000.0,14750.0,13750.0,52184.0,13300.0,32235.0,91378.0,127300.0,40643.0,8400.0,21581.0,73235.0,119800.0,0.3613,Xavier University of Louisiana,New Orleans,0.7078,0.5036
46179.0,46179.0,,24028.0,,,,,,11886.0,12998.0,14569.0,24880.0,35148.0,23.0,1.0,43.0,600.0,10101.0,1386.0,5772.0,1386.0,1386.0,2.0,3.0,0.6502,358.0,,0.2653,0.4987,67786884.0,77106414.0,10.0,,0.6923,0.526315789,0.455357143,0.714285714,0.831168831,25050.0,21500.0,18809.0,14833.0,40264.0,,27366.0,65816.0,,,,,,,0.5165,College of the Atlantic,Bar Harbor,0.8316,0.6667
63478.0,63478.0,,30703.0,,,,,,4263.0,6296.0,8602.0,22744.0,49109.0,23.0,1.0,13.0,900.0,17904.0,1250.0,,,,2.0,3.0,0.1302,1753.0,,0.1022,0.1503,418543930.0,428495127.0,10.0,1446.0,0.9059,0.890804598,0.926315789,0.807086614,0.828703704,14275.0,12156.0,15059.0,12000.0,69498.0,17500.0,50952.0,104523.0,114000.0,59202.0,13100.0,40626.0,78068.0,73700.0,0.851,Bates College,Lewiston,0.9402,0.9205
64910.0,64910.0,,20786.0,,,,,,3275.0,3464.0,6764.0,20899.0,42867.0,23.0,1.0,31.0,840.0,17690.0,1660.0,,,,2.0,3.0,0.0802,1846.0,,0.1614,0.1023,2472818000.0,2422201000.0,9.0,1514.0,0.956,0.941860465,,0.88559322,PS,18500.0,8250.0,12000.0,13000.0,82735.0,15300.0,50534.0,126498.0,135100.0,61692.0,11600.0,36756.0,89313.0,78400.0,0.822,Bowdoin College,Brunswick,0.9763,0.9398
66600.0,66600.0,,23939.0,,,,,,6072.0,1331.0,2247.0,15937.0,52893.0,23.0,1.0,33.0,850.0,17120.0,850.0,6100.0,850.0,850.0,2.0,3.0,0.0683,2282.0,,0.1318,0.087,1122451000.0,1116123000.0,9.0,1500.0,0.9022,0.88209607,0.922155689,0.864516129,0.904411765,19157.0,4525.0,12210.0,19313.0,80490.0,15400.0,58383.0,134924.0,111700.0,60052.0,10600.0,40647.0,88905.0,72300.0,0.8207,Colby College,Waterville,0.9064,0.8681
8618.0,21548.0,11353.0,,10744.0,10167.0,11676.0,13470.0,14913.0,,,,,,23.0,1.0,32.0,1200.0,8700.0,3600.0,8700.0,3600.0,3600.0,1.0,3.0,,2759.0,,0.3196,0.2847,7895000.0,8496000.0,15.0,,0.2328,0.208955224,0.229147571,0.351446718,0.536903039,22734.0,14748.0,12500.0,12000.0,40342.0,5900.0,24632.0,59426.0,53500.0,36467.0,3700.0,20380.0,51774.0,47000.0,0.103,University of Maine at Augusta,Augusta,0.6265,0.1818
10989.0,23079.0,14873.0,,12043.0,10482.0,12501.0,19002.0,20505.0,,,,,,23.0,1.0,43.0,960.0,10970.0,3444.0,10970.0,3444.0,3444.0,1.0,3.0,0.9763,1131.0,,0.3248,0.448,15355000.0,16262000.0,12.0,1040.0,0.5275,0.431411531,0.485239852,0.594669118,0.722440945,24499.0,16500.0,17125.0,15828.0,44433.0,10400.0,27409.0,59145.0,55900.0,31513.0,9500.0,17266.0,46566.0,43200.0,0.3761,University of Maine at Farmington,Farmington,0.7871,0.5593
9045.0,14325.0,10865.0,,6655.0,9350.0,11580.0,14945.0,15699.0,,,,,,23.0,1.0,43.0,1000.0,8740.0,2792.0,6100.0,2792.0,2792.0,1.0,3.0,0.9907,638.0,,0.139,0.2085,4697000.0,5109000.0,19.0,,0.3984,0.398523985,0.447183099,0.573200993,0.732758621,20160.0,14750.0,12250.0,12500.0,51077.0,10600.0,,87257.0,58600.0,61217.0,7400.0,41691.0,83010.0,57700.0,0.2524,University of Maine at Fort Kent,Fort Kent,0.6531,0.4239
12606.0,35346.0,18045.0,,13800.0,13707.0,16408.0,20101.0,21756.0,,,,,,23.0,1.0,23.0,1000.0,12696.0,2270.0,12696.0,2270.0,2270.0,1.0,3.0,0.9571,8341.0,,0.2196,0.4284,456236000.0,411588000.0,15.0,,0.5643,0.464190981,0.498756219,0.673067076,0.783401733,25000.0,15500.0,17500.0,16760.0,48653.0,13500.0,33048.0,75674.0,78400.0,43124.0,11100.0,26980.0,64109.0,62500.0,0.4,University of Maine,Orono,0.7701,0.5829
14746.0,30226.0,21185.0,,12499.0,16642.0,18372.0,22427.0,25342.0,,,,,,23.0,1.0,42.0,1300.0,11926.0,3200.0,11926.0,3200.0,3200.0,1.0,3.0,0.614,888.0,,0.2472,0.6595,44837944.0,47635686.0,10.0,1185.0,0.6141,0.642533937,0.620408163,0.84725537,PS,27000.0,24575.0,27000.0,26584.0,89964.0,22900.0,57712.0,124580.0,151100.0,93944.0,17600.0,46065.0,114487.0,138700.0,0.4644,Maine Maritime Academy,Castine,0.8203,0.7282
8990.0,14270.0,10028.0,,7458.0,7343.0,9953.0,14420.0,14409.0,,,,,,23.0,1.0,41.0,900.0,10300.0,2500.0,6100.0,2500.0,2500.0,1.0,3.0,0.9709,1362.0,,0.2559,0.2537,1281000.0,1354000.0,28.0,,0.3766,0.305343511,0.329710145,0.460573477,0.543209877,16000.0,8275.0,8250.0,8628.0,40956.0,5500.0,27152.0,65875.0,52400.0,33793.0,6900.0,14347.0,48722.0,47000.0,0.2388,University of Maine at Presque Isle,Presque Isle,0.7282,0.3466
42550.0,42550.0,,37109.0,,,,,,33195.0,33547.0,31278.0,35033.0,40310.0,23.0,1.0,22.0,1500.0,16740.0,2900.0,13500.0,2700.0,4700.0,2.0,3.0,0.8884,2189.0,,0.1189,0.5315,84452651.0,176069053.0,12.0,,0.6083,0.653450808,0.677710843,0.683289589,0.754385965,25250.0,19250.0,22625.0,19500.0,55921.0,14200.0,40794.0,83771.0,79300.0,48957.0,14400.0,29610.0,75665.0,63000.0,0.5625,University of New England,Biddeford,0.7462,0.6678
41398.0,41398.0,,36443.0,,,,,,29849.0,31197.0,34323.0,37820.0,38490.0,23.0,1.0,13.0,1250.0,15650.0,2100.0,8100.0,2100.0,2100.0,2.0,3.0,0.7755,415.0,,0.2658,0.7079,13869461.0,15489525.0,8.0,,0.4874,0.44137931,0.528,0.634615385,0.7,27000.0,22824.0,17002.0,19500.0,40778.0,4300.0,24199.0,55585.0,45100.0,24333.0,7200.0,9522.0,36470.0,37600.0,0.1176,Maine College of Art & Design,Portland,0.7789,0.4404
42834.0,42834.0,,24666.0,,,,,,22105.0,29805.0,31494.0,33369.0,38452.0,23.0,1.0,41.0,1200.0,14936.0,1700.0,7200.0,2700.0,2700.0,2.0,3.0,0.8172,930.0,,0.201,0.597,15523555.0,16482838.0,10.0,1030.0,0.6855,0.58677686,0.547619048,0.670673077,0.803030303,27000.0,12000.0,16750.0,23250.0,59045.0,14800.0,37291.0,96691.0,67000.0,52884.0,10700.0,28817.0,79950.0,64600.0,0.5887,Saint Joseph's College of Maine,Standish,0.801,0.6844
10920.0,27104.0,11729.0,,7226.0,8330.0,10828.0,14704.0,17346.0,,,,,,23.0,1.0,13.0,1000.0,11650.0,3242.0,11650.0,3242.0,3242.0,1.0,3.0,0.7931,4245.0,,0.2628,0.3406,42013000.0,46350000.0,14.0,1130.0,0.4634,0.401816911,0.472556894,0.576999715,0.712795549,19060.0,13665.0,13001.0,12000.0,49958.0,11100.0,29640.0,79076.0,70100.0,47107.0,9500.0,32072.0,67798.0,60800.0,0.0293,University of Southern Maine,Portland,0.7558,0.3722
30896.0,30896.0,,19223.0,,,,,,14911.0,14423.0,16595.0,20590.0,24441.0,23.0,1.0,33.0,800.0,13678.0,2900.0,9000.0,4000.0,4000.0,2.0,3.0,0.9707,688.0,,0.1534,0.3395,18608816.0,21046818.0,23.0,,0.5136,0.501683502,0.627240143,0.545833333,0.603921569,24250.0,15450.0,20500.0,20000.0,44991.0,12300.0,30577.0,53883.0,67200.0,40495.0,8200.0,29988.0,53691.0,52500.0,0.4545,Thomas College,Waterville,0.7906,0.5251
12640.0,12640.0,,18217.0,,,,,,17474.0,18360.0,19172.0,20661.0,20915.0,23.0,1.0,42.0,800.0,12156.0,1280.0,8760.0,1280.0,1280.0,2.0,3.0,0.818,5619.0,,0.5925,0.5157,15715242.0,15865309.0,36.0,,0.5698,0.46875,0.571428571,0.664739884,0.764102564,25000.0,3560.0,5500.0,6558.0,37852.0,11100.0,24175.0,53204.0,61200.0,31698.0,6400.0,20356.0,41735.0,47700.0,0.4916,Unity Environmental University,New Gloucester,0.4203,0.5505
9772.0,23490.0,17546.0,,14900.0,21339.0,17265.0,19477.0,21327.0,,,,,,24.0,2.0,11.0,1600.0,,,19350.0,4150.0,4150.0,1.0,3.0,0.8555,1276.0,,0.4317,0.3996,62812787.0,68642308.0,10.0,1060.0,0.4673,0.393129771,0.416475973,0.367647059,0.511988717,23250.0,19500.0,20000.0,15284.0,61335.0,14600.0,40267.0,90667.0,104700.0,48197.0,14600.0,28328.0,68063.0,87700.0,0.243,University of Baltimore,Baltimore,0.6538,0.4088
8999.0,19889.0,19335.0,,16935.0,16967.0,19731.0,23194.0,23943.0,,,,,,24.0,2.0,21.0,2500.0,13272.0,1660.0,16611.0,1660.0,1660.0,1.0,3.0,0.8354,5207.0,,0.439,0.4087,41247594.0,45694415.0,16.0,935.0,0.3814,0.347073372,0.304277643,0.240331492,0.391752577,22985.0,12500.0,13750.0,12917.0,54537.0,11800.0,32913.0,78678.0,92900.0,43877.0,8500.0,22853.0,64913.0,66400.0,0.1488,Bowie State University,Bowie,0.6991,0.4472
27318.0,27318.0,,24678.0,,,,,,14397.0,28755.0,31680.0,29054.0,32011.0,24.0,2.0,21.0,1600.0,13676.0,3200.0,19276.0,3920.0,3840.0,2.0,3.0,0.7794,259.0,,0.3523,0.6611,4978506.0,5402570.0,9.0,,0.4667,0.426086957,0.494252874,0.606451613,0.769230769,20264.0,12500.0,12000.0,11000.0,85035.0,12600.0,41086.0,120194.0,103800.0,76545.0,15600.0,46989.0,104223.0,94000.0,0.2833,Capitol Technology University,Laurel,0.7317,0.5366
25200.0,25200.0,,15026.0,,,,,,15209.0,12307.0,15195.0,13232.0,19295.0,24.0,2.0,21.0,1200.0,10440.0,1000.0,4800.0,1000.0,1000.0,2.0,3.0,0.4536,522.0,,0.4605,0.5412,2888883.0,4086798.0,7.0,920.0,0.4,0.397058824,0.164948454,0.329561528,0.376021798,30500.0,23250.0,22875.0,20000.0,64249.0,11100.0,41754.0,94418.0,98700.0,40114.0,7400.0,19500.0,60481.0,76200.0,0.2524,Washington Adventist University,Takoma Park,0.8214,0.4101
7001.0,13789.0,6007.0,,4635.0,5960.0,8140.0,6586.0,15238.0,,,,,,24.0,2.0,11.0,1915.0,11875.0,4976.0,14905.0,7419.0,5504.0,1.0,3.0,0.4956,1756.0,,0.5304,0.4183,15195191.0,16261536.0,10.0,,0.2559,0.332838039,0.383091149,0.197935641,0.380952381,25000.0,15750.0,15750.0,14750.0,46490.0,9700.0,25684.0,70148.0,69100.0,42243.0,8300.0,23813.0,61363.0,61100.0,0.0966,Coppin State University,Baltimore,0.7349,0.2686
9998.0,25180.0,15323.0,,8930.0,12850.0,17130.0,20905.0,22754.0,,,,,,24.0,2.0,33.0,1500.0,12502.0,3056.0,12502.0,3056.0,4556.0,1.0,3.0,0.8944,2849.0,,0.3285,0.3779,38315197.0,44168879.0,13.0,,0.5207,0.519584333,0.58077879,0.526993561,0.623420388,21105.0,15000.0,14750.0,14596.0,55493.0,14000.0,37071.0,77104.0,79700.0,43638.0,8800.0,27382.0,62910.0,55700.0,0.3346,Frostburg State University,Frostburg,0.6613,0.4876
51250.0,51250.0,,23774.0,,,,,,13998.0,14176.0,22034.0,27178.0,35948.0,24.0,2.0,13.0,1200.0,16650.0,2800.0,10000.0,2800.0,2800.0,2.0,3.0,0.729,948.0,,0.3123,0.5115,243311000.0,239770000.0,8.0,1225.0,0.6,0.556776557,0.652733119,0.694779117,0.794212219,26000.0,18500.0,17875.0,17764.0,53023.0,14100.0,31717.0,75128.0,86200.0,40563.0,7800.0,20588.0,56105.0,53500.0,0.5214,Goucher College,Baltimore,0.7658,0.5876
45870.0,45870.0,,23707.0,,,,,,15019.0,21666.0,25892.0,26388.0,27254.0,24.0,2.0,13.0,1430.0,14250.0,3592.0,14382.0,3736.0,2350.0,2.0,3.0,0.7813,1202.0,,0.3627,0.6373,127676673.0,124802106.0,11.0,,0.5529,0.633663366,0.636871508,0.627300614,0.680555556,25000.0,19125.0,17125.0,17500.0,57089.0,11600.0,33533.0,79463.0,80500.0,48415.0,7500.0,27459.0,64416.0,56700.0,0.4588,Hood College,Frederick,0.8027,0.6602
63340.0,63340.0,,18161.0,,,,,,1473.0,2708.0,4431.0,12085.0,38745.0,24.0,2.0,11.0,1345.0,19910.0,1470.0,14498.0,1470.0,1470.0,2.0,3.0,0.0756,5617.0,,0.1976,0.1145,8244472000.0,10538865000.0,6.0,1553.0,0.9463,0.88372093,0.867595819,0.801197605,0.83031182,10250.0,7395.0,8297.0,10000.0,87555.0,23400.0,64509.0,135223.0,148600.0,86306.0,16900.0,55687.0,117673.0,108900.0,0.8708,Johns Hopkins University,Baltimore,0.9786,0.9492
55480.0,55480.0,,29633.0,,,,,,19154.0,24194.0,27472.0,28097.0,34010.0,24.0,2.0,11.0,800.0,18240.0,1070.0,9980.0,1070.0,5160.0,2.0,3.0,0.7633,3975.0,,0.177,0.5271,301817062.0,293782938.0,12.0,1292.0,0.8049,0.803519062,0.81871345,0.781753131,0.798888889,27000.0,21500.0,27000.0,23250.0,82652.0,24400.0,57714.0,113065.0,123600.0,64453.0,17200.0,43624.0,84475.0,74000.0,0.7559,Loyola University Maryland,Baltimore,0.8589,0.807
7992.0,12336.0,14514.0,,14514.0,,,,,,,,,,24.0,2.0,21.0,0.0,,,13324.0,10080.0,10080.0,1.0,3.0,,48238.0,,0.2844,0.1757,54472455.0,55967018.0,20.0,,0.2958,0.282017648,0.333333333,0.370997594,0.58275463,21000.0,9500.0,11698.0,12000.0,65287.0,11900.0,38516.0,97764.0,102200.0,58051.0,7200.0,37746.0,83679.0,88200.0,0.0763,University of Maryland Global Campus,Adelphi,0.528,0.1208
,,,,,,,,,,,,,,24.0,2.0,11.0,,,,,,,1.0,3.0,,959.0,,0.2534,0.3977,466849036.0,490317395.0,5.0,,,0.932270916,,0.813559322,0.837988827,15000.0,18241.0,15000.0,13338.0,88174.0,35900.0,58693.0,118170.0,158600.0,82754.0,38100.0,67110.0,102849.0,141700.0,,University of Maryland Baltimore,Baltimore,,
12952.0,30308.0,18328.0,,7048.0,11374.0,18506.0,24763.0,27013.0,,,,,,24.0,2.0,21.0,1600.0,14204.0,3414.0,15906.0,4732.0,4732.0,1.0,3.0,0.7424,10434.0,,0.296,0.2915,146753148.0,159915577.0,18.0,1299.0,0.7055,0.596068796,0.637842864,0.632572298,0.758104738,19500.0,17094.0,15000.0,15304.0,69960.0,17700.0,45352.0,100927.0,98700.0,55137.0,10800.0,33431.0,79452.0,72000.0,0.481,University of Maryland-Baltimore County,Baltimore,0.8714,0.7185
11505.0,40306.0,15590.0,,3603.0,7327.0,12237.0,20855.0,26239.0,,,,,,24.0,2.0,21.0,1250.0,15416.0,2714.0,15902.0,4258.0,4258.0,1.0,3.0,0.4484,30246.0,,0.1859,0.2269,965446224.0,1025687276.0,18.0,1463.0,0.8862,0.728467153,0.755131265,0.76691953,0.829950383,19000.0,15125.0,16490.0,17750.0,82860.0,19100.0,56860.0,115984.0,111500.0,67785.0,13800.0,44364.0,92078.0,78800.0,0.7574,University of Maryland-College Park,College Park,0.9566,0.8849
55150.0,55150.0,,38429.0,,,,,,27796.0,31148.0,38922.0,45577.0,44851.0,24.0,2.0,11.0,1500.0,19924.0,1650.0,21674.0,1905.0,1500.0,2.0,3.0,0.7729,1319.0,,0.2081,0.402,109355771.0,105280729.0,8.0,1207.0,0.7133,0.703448276,0.686217009,0.693959732,0.759223301,26500.0,17313.0,15750.0,15890.0,45212.0,6600.0,21148.0,68654.0,69800.0,33451.0,6700.0,15218.0,54509.0,49200.0,0.5166,Maryland Institute College of Art,Baltimore,0.8502,0.7518
8898.0,19728.0,14035.0,,10634.0,12164.0,14886.0,18771.0,22204.0,,,,,,24.0,2.0,31.0,2020.0,10636.0,5000.0,12512.0,5000.0,5000.0,1.0,3.0,0.9036,2165.0,,0.5261,0.5184,65229324.0,68498054.0,9.0,,0.3464,0.300653595,0.463803681,0.214733542,0.313323573,27000.0,18750.0,19500.0,15540.0,47697.0,8000.0,28118.0,69685.0,74400.0,34624.0,5500.0,18860.0,51573.0,52600.0,0.1875,University of Maryland Eastern Shore,Princess Anne,0.6626,0.3571
8118.0,18800.0,15015.0,,10666.0,13284.0,16670.0,19600.0,16768.0,,,,,,24.0,2.0,11.0,2000.0,12755.0,3565.0,14655.0,3565.0,3565.0,1.0,3.0,0.8296,8293.0,,0.5445,0.6533,91221445.0,93985146.0,17.0,984.0,0.4161,0.385714286,0.45172181,0.188646288,0.291666667,27250.0,20578.0,19000.0,17682.0,50698.0,10100.0,27900.0,75737.0,77600.0,40065.0,5600.0,21612.0,60359.0,53500.0,0.2156,Morgan State University,Baltimore,0.7082,0.4728
47240.0,47240.0,,24987.0,,,,,,14674.0,18842.0,24088.0,27028.0,31050.0,24.0,2.0,42.0,950.0,14750.0,1800.0,10050.0,2600.0,2600.0,2.0,3.0,0.7186,1806.0,,0.269,0.5965,59202444.0,61013510.0,12.0,1141.0,0.5802,0.602197802,0.687022901,0.731092437,0.793911007,25391.0,17845.0,15000.0,15000.0,64072.0,15300.0,45644.0,92305.0,95600.0,48915.0,13700.0,31930.0,68848.0,68500.0,0.4905,Mount St. Mary's University,Emmitsburg,0.7083,0.6166
14400.0,14400.0,,5548.0,,,,,,5259.0,4750.0,5823.0,,,24.0,2.0,21.0,250.0,7600.0,4500.0,17700.0,4500.0,4500.0,2.0,3.0,0.7941,292.0,,0.2073,0.0,,,20.0,,0.439,,0.35483871,PS,PS,,,,,66330.0,,,109563.0,,,,,,,0.3415,Ner Israel Rabbinical College,Baltimore,0.9474,0.4118
41910.0,41910.0,,24536.0,,,,,,17820.0,20697.0,24228.0,30606.0,28315.0,24.0,2.0,11.0,1200.0,13335.0,4100.0,12835.0,5500.0,5500.0,2.0,3.0,0.8649,684.0,,0.3227,0.7742,49321528.0,48012466.0,8.0,,0.5195,0.61722488,0.643153527,0.513134851,0.605177994,22666.0,16666.0,19839.0,17745.0,65344.0,12800.0,45601.0,97657.0,90100.0,63918.0,12400.0,43093.0,88863.0,82900.0,0.4481,Notre Dame of Maryland University,Baltimore,0.7679,0.5914
10638.0,21332.0,16456.0,,7351.0,12779.0,14904.0,20344.0,23689.0,,,,,,24.0,2.0,23.0,1300.0,13416.0,4176.0,13416.0,4176.0,4176.0,1.0,3.0,0.8863,6056.0,,0.2405,0.3962,93445415.0,105291660.0,13.0,1250.0,0.6745,0.665110852,0.692307692,0.641966512,0.733296521,21000.0,16564.0,15289.0,16063.0,61515.0,16000.0,40522.0,86247.0,83300.0,51926.0,12600.0,34730.0,70810.0,63200.0,0.4887,Salisbury University,Salisbury,0.8031,0.7342
15236.0,31312.0,18362.0,,3618.0,9370.0,14955.0,20010.0,25256.0,,,,,,24.0,2.0,41.0,950.0,14672.0,1661.0,12887.0,1661.0,1661.0,1.0,3.0,0.7539,1566.0,,0.2017,0.4222,40034496.0,41250174.0,10.0,1232.0,0.6804,0.60625,0.754901961,0.771894094,0.807065217,21000.0,14883.0,16750.0,18088.0,60110.0,13700.0,43526.0,83103.0,92300.0,52286.0,9000.0,33499.0,71083.0,60600.0,0.5777,St. Mary's College of Maryland,St. Mary's City,0.8137,0.7277
39126.0,39126.0,,27934.0,,,,,,21627.0,16625.0,24052.0,25716.0,38362.0,24.0,2.0,21.0,680.0,14984.0,750.0,13000.0,1080.0,1080.0,2.0,3.0,0.4429,488.0,,0.2208,0.4935,149227172.0,158213539.0,8.0,1381.0,0.6741,0.632911392,0.61627907,0.740540541,0.775193798,27000.0,15000.0,14977.0,20475.0,51584.0,4800.0,27968.0,69532.0,84500.0,34483.0,6700.0,16651.0,54072.0,51300.0,0.4963,St. John's College,Annapolis,0.8846,0.7745
11306.0,28326.0,16791.0,,6677.0,10748.0,16686.0,22490.0,25031.0,,,,,,24.0,2.0,13.0,960.0,15644.0,3480.0,15644.0,3480.0,3480.0,1.0,3.0,0.828,16400.0,,0.3346,0.4312,95700858.0,99591930.0,14.0,1166.0,0.6762,0.610415623,0.69057377,0.655379483,0.732648459,18718.0,14616.0,16018.0,15370.0,64390.0,15100.0,43971.0,88498.0,88700.0,54302.0,12900.0,35992.0,74039.0,65700.0,0.4548,Towson University,Towson,0.8321,0.7376
,,,,,,,,,,,,,,24.0,0.0,21.0,,,,,,,1.0,3.0,0.0936,4465.0,,,,341837755.0,330215291.0,8.0,1308.0,0.9185,,,,,,,,,,,,,,,,,,,0.8952,United States Naval Academy,Annapolis,0.9614,0.9132
39708.0,39708.0,,26806.0,,,,,,18681.0,23022.0,27788.0,30786.0,32505.0,24.0,2.0,21.0,2000.0,14978.0,3300.0,11759.0,3500.0,3500.0,2.0,3.0,0.832,3027.0,,0.2894,0.47,103541347.0,106097046.0,15.0,,0.6642,0.600235849,0.622080679,0.550863724,0.714110429,26000.0,20500.0,21500.0,22400.0,62079.0,17500.0,39840.0,86344.0,91100.0,54574.0,12200.0,34831.0,76868.0,70000.0,0.6012,Stevenson University,Owings Mills,0.7779,0.5995
54356.0,54356.0,,29095.0,,,,,,13498.0,18675.0,25670.0,31138.0,35886.0,24.0,2.0,32.0,900.0,15814.0,2826.0,14888.0,2826.0,3804.0,2.0,3.0,0.6554,890.0,,0.2052,0.5016,267150417.0,281135336.0,9.0,1274.0,0.7411,0.76816609,0.717054264,0.808641975,0.873493976,26956.0,20500.0,19500.0,21425.0,65518.0,13500.0,47119.0,93980.0,92000.0,48763.0,13000.0,29074.0,67208.0,57400.0,0.6649,Washington College,Chestertown,0.8658,0.7494
49647.0,49647.0,,20923.0,,,,,,11334.0,14397.0,19417.0,22293.0,27501.0,24.0,2.0,31.0,1450.0,12594.0,2454.0,8594.0,4560.0,4126.0,2.0,3.0,0.8358,1652.0,,0.3381,0.6127,143062000.0,138625000.0,13.0,,0.6376,0.556410256,0.661654135,0.734254992,0.792838875,25000.0,12250.0,15819.0,16250.0,60663.0,16200.0,40571.0,81977.0,84700.0,47879.0,11800.0,29087.0,66319.0,60700.0,0.5615,McDaniel College,Westminster,0.7888,0.6527
54890.0,54890.0,,42402.0,,,,,,36605.0,41980.0,42430.0,43993.0,49896.0,25.0,1.0,12.0,1050.0,19400.0,3735.0,19400.0,3735.0,3735.0,2.0,3.0,0.5335,694.0,,0.0836,0.085,,,12.0,,0.6582,,,PS,PS,,,,,,,,,,,,,,,0.6329,Hult International Business School,Cambridge,0.7278,0.2353
42970.0,42970.0,,25299.0,,,,,,17645.0,19398.0,21234.0,21847.0,37851.0,25.0,1.0,12.0,1200.0,16260.0,1870.0,6060.0,4200.0,4200.0,2.0,3.0,0.969,1097.0,,0.5004,0.8055,28023986.0,31895135.0,16.0,,0.4228,0.434689507,0.470037453,0.40952381,0.536324786,27000.0,19353.0,21125.0,21500.0,53124.0,10000.0,29972.0,78679.0,84700.0,41451.0,7600.0,23496.0,63585.0,70400.0,0.3198,American International College,Springfield,0.6778,0.4303
67280.0,67280.0,,18246.0,,,,,,1888.0,1868.0,6112.0,20179.0,50358.0,25.0,1.0,13.0,1000.0,17560.0,1800.0,17560.0,1800.0,1800.0,2.0,3.0,0.0982,1907.0,,0.216,0.0875,3321852777.0,3341667395.0,7.0,1494.0,0.9342,0.842639594,0.874439462,0.805555556,0.836065574,13740.0,9100.0,11561.0,12718.0,77644.0,18200.0,60184.0,153382.0,172500.0,62537.0,9200.0,34007.0,111087.0,98200.0,0.7261,Amherst College,Amherst,0.9679,0.9389
43064.0,43064.0,,29396.0,,,,,,24807.0,27406.0,27834.0,33441.0,33624.0,25.0,1.0,41.0,1000.0,17310.0,2000.0,11000.0,2000.0,2000.0,2.0,3.0,0.8956,948.0,,0.3424,0.6324,5821338.0,1410071.0,13.0,,0.4044,0.41091954,0.417867435,0.528593509,0.66779661,25000.0,17206.0,18329.0,17500.0,46651.0,13000.0,27952.0,86559.0,76900.0,63110.0,10700.0,40984.0,100071.0,59500.0,0.2941,Anna Maria College,Paxton,0.6169,0.4784
49414.0,49414.0,,28853.0,,,,,,18025.0,17319.0,25004.0,28551.0,32130.0,25.0,1.0,12.0,1000.0,15146.0,1800.0,15146.0,1800.0,1800.0,2.0,3.0,0.8654,1664.0,,0.1937,0.8421,108227034.0,102793975.0,11.0,,0.7459,0.660377358,0.658153242,0.796858639,0.843234323,27000.0,21417.0,24250.0,25000.0,74895.0,20000.0,48203.0,105117.0,89400.0,46029.0,15200.0,30219.0,69760.0,63900.0,0.7134,Assumption University,Worcester,0.8347,0.7211
56032.0,56032.0,,38876.0,,,,,,21270.0,14369.0,21924.0,35383.0,58685.0,25.0,1.0,21.0,1292.0,20786.0,2082.0,20786.0,2082.0,10686.0,2.0,3.0,0.1974,2696.0,,0.1423,0.2601,663315949.0,684902668.0,16.0,1435.0,0.9236,0.890510949,0.91954023,0.868534483,0.906417112,20000.0,16250.0,19000.0,19250.0,123938.0,36700.0,80814.0,175333.0,186700.0,91354.0,24300.0,72444.0,117088.0,110500.0,0.8782,Babson College,Wellesley,0.9421,0.9371
14304.0,14304.0,,16321.0,,,,,,19546.0,13096.0,,,,25.0,1.0,11.0,800.0,7800.0,6291.0,9657.0,6291.0,4383.0,2.0,3.0,1.0,31.0,,0.575,0.4,,,4.0,,0.4444,,0.392857143,0.555555556,PS,,,,,34159.0,,,56719.0,,,,,,,0.125,Boston Baptist College,Boston,0.8,0.8
37227.0,37227.0,,14590.0,,,,,,10194.0,10976.0,12851.0,25076.0,25198.0,25.0,1.0,21.0,1800.0,13316.0,1900.0,3500.0,2400.0,2400.0,2.0,3.0,0.735,1186.0,,0.6616,0.8395,64645290.0,67320492.0,7.0,,0.5694,0.448863636,0.627560521,0.487511563,0.585123967,24901.0,18651.0,18993.0,19831.0,55383.0,10100.0,37023.0,80430.0,78600.0,51548.0,13600.0,34613.0,62865.0,60400.0,0.5069,Bay Path University,Longmeadow,0.6906,0.5056
58150.0,58150.0,,38787.0,,,,,,24239.0,23482.0,25331.0,35581.0,49750.0,25.0,1.0,13.0,1300.0,19200.0,1310.0,19200.0,1310.0,6530.0,2.0,3.0,0.4844,4288.0,,0.1508,0.4268,333061000.0,333900000.0,12.0,1340.0,0.8821,0.865,0.90430622,0.891788181,0.922862454,25023.0,24250.0,24250.0,23680.0,120959.0,30100.0,90680.0,160802.0,130700.0,86679.0,26200.0,67579.0,108164.0,86000.0,0.7868,Bentley University,Waltham,0.929,0.8885
50270.0,50270.0,,50404.0,,,,,,38537.0,39205.0,46723.0,50150.0,56371.0,25.0,1.0,11.0,1085.0,19440.0,2623.0,19440.0,2475.0,2475.0,2.0,3.0,0.4991,7510.0,,0.1536,0.326,406592352.0,390021654.0,10.0,,0.6635,0.442442442,0.537234043,0.579096045,0.61821366,25000.0,16036.0,15750.0,15250.0,33647.0,6000.0,12235.0,61842.0,70900.0,26462.0,3400.0,10587.0,47628.0,47900.0,0.5021,Berklee College of Music,Boston,0.8544,0.7061
67680.0,67680.0,,39866.0,,,,,,5851.0,7655.0,12554.0,23325.0,56247.0,25.0,1.0,13.0,1250.0,18475.0,2200.0,14641.0,2200.0,5158.0,2.0,3.0,0.1565,9865.0,,0.1273,0.3199,3715412313.0,3547245333.0,13.0,1501.0,0.9099,0.884201077,0.925858951,0.885714286,0.917391304,19000.0,16250.0,18000.0,18500.0,103937.0,24200.0,68220.0,161815.0,160300.0,85717.0,21300.0,58151.0,114283.0,102900.0,0.8825,Boston College,Chestnut Hill,0.9537,0.9109
65168.0,65168.0,,26996.0,,,,,,11453.0,11167.0,13639.0,25501.0,48018.0,25.0,1.0,11.0,1000.0,18110.0,2085.0,18110.0,2085.0,3935.0,2.0,3.0,0.1085,17850.0,,0.1797,0.2261,2973352000.0,3138326000.0,10.0,1473.0,0.8997,0.763843648,0.806688418,0.792328042,0.836902317,23250.0,20821.0,21500.0,21500.0,83238.0,19500.0,56723.0,122012.0,119600.0,65655.0,14200.0,42379.0,90651.0,80400.0,0.8337,Boston University,Boston,0.9451,0.8987
64946.0,64946.0,,33885.0,,,,,,12366.0,15077.0,17974.0,26231.0,53720.0,25.0,1.0,13.0,1000.0,19096.0,1200.0,12648.0,1200.0,2100.0,2.0,3.0,0.3531,3663.0,,0.144,0.2834,1205167500.0,1216216620.0,11.0,1473.0,0.8611,0.76,0.820560748,0.768378651,0.807272727,25648.0,19719.0,23500.0,24500.0,77231.0,17900.0,51787.0,116723.0,121300.0,52967.0,7000.0,31153.0,90421.0,72400.0,0.783,Brandeis University,Waltham,0.9026,0.8803
11389.0,17529.0,17970.0,,11267.0,12771.0,16464.0,19161.0,22091.0,,,,,,25.0,1.0,21.0,1000.0,14586.0,3170.0,14586.0,3670.0,3670.0,1.0,3.0,0.8919,7899.0,,0.3031,0.7135,60993492.0,67739841.0,17.0,1127.0,0.5461,0.584476844,0.626769627,0.596172481,0.68860424,24286.0,18500.0,19140.0,18325.0,57466.0,11800.0,32347.0,78949.0,71100.0,46673.0,11600.0,29653.0,59170.0,56100.0,0.3381,Bridgewater State University,Bridgewater,0.7687,0.6398
18072.0,18072.0,,,,,,,,,,,,,25.0,1.0,11.0,1500.0,,,12000.0,2500.0,2500.0,2.0,3.0,,591.0,,0.331,0.4393,41731928.0,42938391.0,11.0,,0.125,0.314516129,0.377431907,0.341715976,0.34965035,21791.0,16791.0,12112.0,12196.0,45998.0,7700.0,28280.0,62727.0,69100.0,49215.0,6400.0,,70066.0,55900.0,0.125,Cambridge College,Boston,,0.0
55160.0,55160.0,,27711.0,,,,,,16629.0,15377.0,20719.0,25104.0,38832.0,25.0,1.0,12.0,900.0,11690.0,950.0,11690.0,1050.0,1050.0,2.0,3.0,0.4167,2336.0,,0.2126,0.5776,487169000.0,451185000.0,9.0,1339.0,0.7712,0.767058824,0.760775862,0.779947917,0.836036036,26759.0,23442.0,22144.0,20500.0,62381.0,13600.0,44684.0,89149.0,83300.0,49022.0,8700.0,25494.0,68546.0,59000.0,0.7141,Clark University,Worcester,0.8791,0.7925
46220.0,46220.0,,29504.0,,,,,,23553.0,24290.0,28670.0,32212.0,32878.0,25.0,1.0,21.0,1100.0,17600.0,2200.0,10400.0,2650.0,2650.0,2.0,3.0,0.9205,1757.0,,0.2831,0.7119,91414240.0,88342735.0,11.0,1130.0,0.4825,0.53264095,0.561827957,0.631381381,0.734375,25000.0,14497.0,17000.0,21625.0,54400.0,10400.0,32659.0,88666.0,87500.0,46746.0,10100.0,28887.0,71026.0,69600.0,0.4293,Curry College,Milton,0.6756,0.5483
44960.0,44960.0,,30236.0,,,,,,26727.0,23546.0,28970.0,32261.0,32868.0,25.0,1.0,21.0,1000.0,19192.0,1500.0,9775.0,1700.0,2000.0,2.0,3.0,0.7371,1142.0,,0.296,0.7115,64555302.0,62873147.0,15.0,,0.4317,0.442731278,0.416149068,0.455650061,0.58,25000.0,12000.0,12000.0,12156.0,38109.0,7400.0,19982.0,59888.0,66100.0,30046.0,4700.0,16731.0,44568.0,47000.0,0.3097,Dean College,Franklin,0.7555,0.4372
28610.0,28610.0,,17733.0,,,,,,13669.0,17411.0,20471.0,23450.0,16131.0,25.0,1.0,21.0,400.0,11350.0,3500.0,11350.0,3500.0,3500.0,2.0,3.0,0.5896,378.0,,0.3496,0.5844,19100262.0,18639692.0,8.0,1035.0,0.3529,0.505813953,0.452,0.57298475,0.717171717,26000.0,19875.0,18500.0,20000.0,54727.0,11900.0,38504.0,77942.0,84800.0,43488.0,7100.0,25232.0,62859.0,62900.0,0.268,Eastern Nazarene College,Quincy,0.6164,0.5688
55392.0,55392.0,,46766.0,,,,,,31412.0,34742.0,39297.0,43628.0,55833.0,25.0,1.0,11.0,1200.0,20310.0,3710.0,16650.0,3904.0,3904.0,2.0,3.0,0.4748,4145.0,,0.1499,0.4662,224902734.0,240725036.0,14.0,1359.0,0.7927,0.782666667,0.808959157,0.749034749,0.784313726,23000.0,16375.0,19500.0,18988.0,62832.0,10600.0,33763.0,89059.0,88600.0,42799.0,8600.0,20658.0,62008.0,59700.0,0.7261,Emerson College,Boston,0.8782,0.7954
46686.0,46686.0,,31569.0,,,,,,26767.0,27336.0,29300.0,30863.0,34351.0,25.0,1.0,11.0,1000.0,17500.0,1868.0,17500.0,1868.0,2228.0,2.0,3.0,0.806,1874.0,,0.2034,0.6174,160956937.0,166862151.0,13.0,1263.0,0.6582,0.703557312,0.706365503,0.678921569,0.741573034,27000.0,25000.0,22573.0,22250.0,68245.0,12400.0,45943.0,93132.0,79100.0,50180.0,13000.0,26744.0,68181.0,63300.0,0.5949,Emmanuel College,Boston,0.7905,0.7027
39212.0,39212.0,,39324.0,,,,,,29799.0,28318.0,33068.0,37557.0,42234.0,25.0,1.0,21.0,1304.0,17372.0,2000.0,14175.0,2000.0,2000.0,2.0,3.0,0.7229,3101.0,,0.1313,0.6464,119158126.0,130663794.0,13.0,1263.0,0.7543,0.742698192,0.718600954,0.80798274,0.859756098,27000.0,19067.0,23248.0,23250.0,58336.0,15300.0,38702.0,86105.0,76900.0,57286.0,15900.0,34921.0,74100.0,64000.0,0.724,Endicott College,Beverly,0.8764,0.7796
35013.0,35013.0,,25702.0,,,,,,23879.0,24290.0,25874.0,26290.0,31032.0,25.0,1.0,11.0,2000.0,17687.0,3200.0,10000.0,3200.0,3200.0,2.0,3.0,0.7075,1138.0,,0.42,0.6288,,,14.0,,0.2844,0.353305785,0.325242718,0.384171476,0.556962025,25000.0,12503.0,12778.0,12000.0,49669.0,4900.0,25469.0,72974.0,60100.0,44366.0,7100.0,26305.0,59143.0,54500.0,0.2308,Fisher College,Boston,0.5444,0.3814
11046.0,17126.0,15432.0,,10430.0,10705.0,15224.0,19690.0,22603.0,,,,,,25.0,1.0,22.0,1500.0,14225.0,2100.0,10400.0,2500.0,2500.0,1.0,3.0,0.8994,2825.0,,0.3101,0.4997,18876660.0,22184023.0,11.0,1114.0,0.5273,0.515515516,0.538674033,0.63410596,0.731026786,24239.0,17790.0,19250.0,17282.0,53874.0,11800.0,36940.0,76793.0,79300.0,41999.0,10500.0,27560.0,55893.0,58200.0,0.3808,Fitchburg State University,Fitchburg,0.7277,0.5826
11630.0,17710.0,16698.0,,10802.0,11399.0,15863.0,21658.0,23914.0,,,,,,25.0,1.0,13.0,1200.0,13784.0,2380.0,13784.0,2380.0,7090.0,1.0,3.0,0.8487,2556.0,,0.3448,0.5475,54656953.0,59632351.0,11.0,1150.0,0.4954,0.487735849,0.590027701,0.683959451,0.804651163,25000.0,17500.0,17500.0,16696.0,52349.0,14700.0,33919.0,81787.0,78000.0,46611.0,10400.0,31404.0,68735.0,56200.0,0.3686,Framingham State University,Framingham,0.7152,0.5113
28100.0,28100.0,,24817.0,,,,,,18678.0,21394.0,23051.0,24738.0,27522.0,25.0,1.0,41.0,800.0,12650.0,1400.0,12650.0,2000.0,2200.0,2.0,3.0,0.5878,1247.0,,0.2102,0.5611,87072779.0,105587979.0,11.0,1268.0,0.6763,0.631736527,0.648293963,0.803921569,0.865753425,26250.0,19000.0,20982.0,23250.0,52119.0,9200.0,36773.0,72581.0,77500.0,45839.0,9100.0,31779.0,65256.0,59600.0,0.6043,Gordon College,Wenham,0.829,0.7277
56630.0,56630.0,,25810.0,,,,,,14636.0,15008.0,22586.0,26760.0,35849.0,25.0,1.0,41.0,1000.0,15154.0,1490.0,15154.0,1490.0,1490.0,2.0,3.0,0.7035,716.0,,0.376,0.5846,39686592.0,32042529.0,13.0,,0.5723,0.633333333,0.655172414,0.667293233,0.706790124,26893.0,24000.0,26000.0,22982.0,46938.0,7600.0,23026.0,68981.0,70600.0,22195.0,3700.0,11165.0,39400.0,44500.0,0.5108,Hampshire College,Amherst,0.75,0.627
59076.0,59076.0,,16816.0,,,,,,2895.0,2496.0,2167.0,13937.0,53571.0,25.0,1.0,12.0,1000.0,20374.0,6255.0,,,,2.0,3.0,0.0345,7755.0,,0.1579,0.0488,50877680000.0,50748594000.0,7.0,1553.0,0.9733,0.773694391,0.872727273,0.667493797,0.777292576,14000.0,12500.0,13250.0,11535.0,101817.0,24700.0,65309.0,200054.0,250000.0,99572.0,18800.0,54333.0,157388.0,233800.0,0.658,Harvard University,Cambridge,0.986,0.9837
22490.0,22490.0,,14334.0,,,,,,,,,,14334.0,25.0,1.0,21.0,600.0,16192.0,2000.0,18500.0,2100.0,4000.0,2.0,3.0,0.9048,49.0,,0.1795,0.359,43001396.0,44356862.0,7.0,,0.4444,0.611111111,,0.633333333,PS,21500.0,,,11750.0,51724.0,,27287.0,88520.0,,30988.0,,,59143.0,,0.4444,Hellenic College-Holy Cross Greek Orthodox School of Theology,Brookline,1.0,0.6207
60850.0,60850.0,,36868.0,,,,,,14900.0,6282.0,20722.0,29535.0,51228.0,25.0,1.0,12.0,1000.0,17750.0,900.0,17750.0,900.0,11500.0,2.0,3.0,0.211,3015.0,,0.1473,0.4019,992626923.0,1043310792.0,9.0,1354.0,0.8961,0.930022573,0.916666667,0.858516484,0.87480916,27000.0,19000.0,26200.0,26976.0,90543.0,31000.0,65874.0,134575.0,136800.0,69984.0,18800.0,52568.0,95309.0,78500.0,0.8765,College of the Holy Cross,Worcester,0.9302,0.9268
26000.0,26000.0,,24944.0,,,,,,15374.0,19185.0,22986.0,27843.0,33233.0,25.0,1.0,13.0,1000.0,13500.0,2500.0,6500.0,2500.0,3000.0,2.0,3.0,0.8225,1152.0,,0.3224,0.733,46128982.0,36701339.0,11.0,1159.0,0.5317,0.62398374,0.607723577,0.63968073,0.705020921,26000.0,19500.0,21980.0,21500.0,49705.0,12200.0,32233.0,69850.0,71400.0,45468.0,13200.0,25580.0,57741.0,52300.0,0.4927,Lasell University,Newton,0.707,0.6667
32780.0,32780.0,,31805.0,,,,,,26173.0,27225.0,31594.0,34465.0,34726.0,25.0,1.0,12.0,1500.0,19060.0,2240.0,12600.0,1350.0,4140.0,2.0,3.0,0.9442,1252.0,,0.2825,0.5129,186630620.0,188022581.0,10.0,,0.6174,0.577966102,0.576923077,0.560204082,0.666666667,21000.0,14250.0,17125.0,15000.0,51173.0,8200.0,32463.0,74412.0,67300.0,40150.0,5800.0,18015.0,65023.0,51700.0,0.438,Lesley University,Cambridge,0.7689,0.6183
16570.0,35396.0,18627.0,,10460.0,11220.0,15576.0,21633.0,26648.0,,,,,,25.0,1.0,21.0,1200.0,15424.0,1370.0,6400.0,2370.0,3870.0,1.0,3.0,0.8524,11632.0,,0.2739,0.5352,160107000.0,181906000.0,17.0,1253.0,0.701,0.576695652,0.628182144,0.585743381,0.711972731,23704.0,18500.0,18629.0,17750.0,64874.0,15700.0,40834.0,100222.0,91300.0,61467.0,11000.0,37717.0,82929.0,74200.0,0.4799,University of Massachusetts-Lowell,Lowell,0.819,0.7121
17357.0,39293.0,23691.0,,11103.0,13259.0,16738.0,24016.0,31297.0,,,,,,25.0,1.0,13.0,1000.0,14869.0,1440.0,15437.0,1440.0,3840.0,1.0,3.0,0.5777,23694.0,,0.2029,0.4789,442469956.0,506854978.0,18.0,1393.0,0.8316,0.508978196,0.691003102,0.733466229,0.80625543,22763.0,20000.0,21250.0,19500.0,71631.0,14700.0,43210.0,103346.0,92600.0,60347.0,11800.0,34745.0,85663.0,68000.0,0.7624,University of Massachusetts-Amherst,Amherst,0.91,0.8451
15496.0,37174.0,18282.0,,13072.0,14215.0,17572.0,22332.0,25375.0,,,,,,25.0,1.0,11.0,1000.0,17512.0,3066.0,14292.0,3066.0,3066.0,1.0,3.0,0.8296,11848.0,,0.4269,0.5171,126413000.0,147456000.0,15.0,1188.0,0.5115,0.413744741,0.510262874,0.542902333,0.481481482,21974.0,15250.0,15409.0,13750.0,65865.0,10700.0,38650.0,101088.0,88300.0,53521.0,9400.0,29799.0,78806.0,72700.0,0.3072,University of Massachusetts-Boston,Boston,0.7285,0.5248
38850.0,38850.0,,35084.0,,,,,,31100.0,32292.0,36538.0,38023.0,38839.0,25.0,1.0,11.0,948.0,23988.0,3936.0,23988.0,3936.0,11484.0,2.0,3.0,0.8521,3474.0,,0.2822,0.6584,1512276636.0,1676213708.0,10.0,1216.0,0.6332,0.707983193,0.768939394,0.787747525,0.84307446,25000.0,25000.0,25000.0,21250.0,125557.0,36200.0,84640.0,152747.0,155500.0,77171.0,31600.0,39320.0,104548.0,143300.0,0.4946,MCPHS University,Boston,0.7865,0.6667
14960.0,42180.0,23764.0,,14993.0,15162.0,21708.0,27239.0,31058.0,,,,,,25.0,1.0,11.0,2000.0,18000.0,900.0,18000.0,900.0,4500.0,1.0,3.0,0.7747,1812.0,,0.2761,0.5057,16667670.0,18543628.0,9.0,,0.6919,0.705501618,0.673796791,0.635977337,0.701456311,25755.0,19500.0,21500.0,18449.0,43582.0,7000.0,23238.0,72340.0,71500.0,27090.0,7500.0,13992.0,43417.0,51100.0,0.5261,Massachusetts College of Art and Design,Boston,0.8399,0.7466
60156.0,60156.0,,19813.0,,,,,,-4129.0,-2483.0,4621.0,13696.0,46627.0,25.0,1.0,12.0,880.0,19390.0,2304.0,,,2304.0,2.0,3.0,0.0474,4571.0,,0.1896,0.0657,24600809000.0,23453446000.0,3.0,1553.0,0.9608,0.88547486,0.93776824,0.898954704,0.930894309,14768.0,6500.0,9950.0,13837.0,143372.0,30400.0,88222.0,243025.0,242300.0,131633.0,19400.0,93246.0,203864.0,203700.0,0.8233,Massachusetts Institute of Technology,Cambridge,0.9903,0.9693
10816.0,23910.0,26661.0,,5269.0,9843.0,13919.0,23991.0,33261.0,,,,,,25.0,1.0,21.0,1500.0,14526.0,4525.0,,,,1.0,3.0,0.9455,1270.0,,0.1697,0.7926,40570073.0,53829468.0,12.0,,0.7912,0.730245232,0.744868035,0.825095057,0.926760563,25000.0,16540.0,20123.0,21500.0,82392.0,26300.0,55062.0,123345.0,136200.0,80424.0,17200.0,58029.0,114446.0,123400.0,0.683,Massachusetts Maritime Academy,Buzzards Bay,0.7886,0.8026
,,,,,,,,,,,,,,25.0,1.0,13.0,,,,,,,2.0,3.0,,36.0,,0.35,0.425,990297.0,927410.0,4.0,,,,,,,,,,,,,,,,,,,,,,William James College,Newton,,
51786.0,51786.0,,37899.0,,,,,,27376.0,30509.0,32926.0,37097.0,41477.0,25.0,1.0,21.0,1000.0,19995.0,1500.0,19995.0,1500.0,1500.0,2.0,3.0,0.7361,4043.0,,0.1518,0.6108,65709445.0,76251129.0,14.0,,0.7213,0.68685567,0.722294654,0.747300216,0.815286624,27000.0,24125.0,24660.0,23250.0,75584.0,18800.0,52191.0,106878.0,94000.0,54316.0,17600.0,32237.0,72351.0,69900.0,0.6534,Merrimack College,North Andover,0.8426,0.6941
,,,,,,,,,,,,,,25.0,1.0,11.0,,,,,,,2.0,3.0,,112.0,,0.0,0.6643,47462000.0,50511000.0,10.0,,,,,0.802120141,PS,24961.0,25000.0,25000.0,15000.0,87130.0,,62399.0,100798.0,,93187.0,,73586.0,112285.0,,,MGH Institute of Health Professions,Boston,,
39000.0,39000.0,,34725.0,,,,,,30337.0,25745.0,38246.0,39867.0,36684.0,25.0,1.0,21.0,1900.0,15475.0,4400.0,14475.0,4400.0,4400.0,2.0,3.0,,261.0,,0.3277,0.7635,2858176.0,3510374.0,8.0,,0.6154,0.608695652,0.601694915,0.561643836,0.578947368,27000.0,25625.0,23500.0,23250.0,33022.0,2200.0,,44796.0,50700.0,24780.0,6400.0,17142.0,34899.0,40100.0,0.4396,Montserrat College of Art,Beverly,0.7547,0.642
64142.0,64142.0,,29562.0,,,,,,17365.0,17670.0,21565.0,31425.0,42389.0,25.0,1.0,21.0,1000.0,18838.0,1000.0,14920.0,1000.0,3400.0,2.0,3.0,0.3829,2198.0,,0.2029,0.4277,1002548528.0,1036214880.0,9.0,1422.0,0.8504,0.809968847,0.79245283,0.761904762,0.793939394,22902.0,18763.0,19500.0,15996.0,58418.0,11900.0,36010.0,77587.0,81600.0,48590.0,9600.0,28775.0,71392.0,59000.0,0.7424,Mount Holyoke College,South Hadley,0.8971,0.8535
58550.0,58550.0,,42556.0,,,,,,26175.0,,33525.0,46237.0,49187.0,25.0,1.0,11.0,500.0,19287.0,2940.0,19287.0,2940.0,2940.0,2.0,3.0,0.4275,371.0,,0.0752,0.2549,138423418.0,150987507.0,5.0,,0.7778,0.777777778,0.762711864,0.685185185,PS,27000.0,24000.0,21625.0,19000.0,34483.0,5500.0,12465.0,64792.0,68400.0,18830.0,5700.0,8014.0,,56500.0,0.6389,The New England Conservatory of Music,Boston,0.9362,0.814
,,,,,,,,,,,,,,25.0,1.0,11.0,,,,,,,2.0,3.0,,,,,,10679228.0,11019273.0,,,,,,,,,,,,,,,,,,28200.0,,,123800.0,,New England College of Optometry,Boston,,
40375.0,40375.0,,31065.0,,,,,,27176.0,27084.0,28420.0,31323.0,34586.0,25.0,1.0,21.0,1500.0,14950.0,2200.0,8400.0,2850.0,2850.0,2.0,3.0,0.8814,1152.0,,0.3041,0.7405,27334716.0,30234512.0,15.0,1110.0,0.6364,0.545454545,0.564792176,0.644836272,0.730027548,27000.0,15750.0,19500.0,19500.0,58063.0,18100.0,36543.0,75311.0,81900.0,47830.0,10800.0,27463.0,72447.0,60900.0,0.5749,Nichols College,Dudley,0.7184,0.5789
11884.0,20559.0,18707.0,,14440.0,16990.0,15698.0,19147.0,23800.0,,,,,,25.0,1.0,31.0,1000.0,14634.0,2150.0,8400.0,2325.0,2325.0,1.0,3.0,0.9235,748.0,,0.4045,0.605,16824632.0,19409210.0,8.0,,0.4913,0.583554377,0.613065327,0.548502994,0.6575,23750.0,17000.0,15115.0,15000.0,48102.0,9700.0,32972.0,67133.0,66000.0,36803.0,6600.0,25685.0,50724.0,46400.0,0.3868,Massachusetts College of Liberal Arts,North Adams,0.6893,0.5911
63141.0,63141.0,,32116.0,,,,,,5900.0,6383.0,10482.0,20109.0,51753.0,25.0,1.0,11.0,1000.0,18790.0,1800.0,18790.0,1800.0,1800.0,2.0,3.0,0.0565,15719.0,,0.1234,0.2834,1434085996.0,1564916053.0,16.0,1505.0,0.9038,0.735017123,0.692244898,0.752573596,0.833333333,24250.0,21950.0,22601.0,21500.0,92538.0,18800.0,61560.0,135313.0,112700.0,78413.0,15700.0,52640.0,103012.0,85600.0,0.0,Northeastern University,Boston,0.9752,0.9107
42061.0,42061.0,,21436.0,,,,,,18824.0,18265.0,18376.0,26565.0,27882.0,25.0,1.0,21.0,1500.0,15150.0,2366.0,11098.0,2766.0,2766.0,2.0,3.0,0.8766,951.0,,0.4184,0.7092,17361311.0,20988104.0,11.0,1240.0,0.6474,0.699052133,0.720554273,0.538071066,0.675595238,25000.0,20750.0,21065.0,19500.0,51540.0,14700.0,31411.0,72563.0,73400.0,54087.0,13900.0,37277.0,93830.0,76500.0,0.5491,College of Our Lady of the Elms,Chicopee,0.7622,0.6813
47770.0,47770.0,,28346.0,,,,,,18783.0,25303.0,26175.0,28431.0,34543.0,25.0,1.0,21.0,1200.0,17080.0,2070.0,17080.0,3060.0,3060.0,2.0,3.0,0.8928,1061.0,,0.2774,0.669,39605519.0,48734592.0,11.0,,0.6949,0.634005764,0.652866242,0.572916667,0.781725888,25500.0,23750.0,24272.0,23192.0,52873.0,10700.0,27339.0,82569.0,80300.0,56223.0,14400.0,35545.0,83470.0,83400.0,0.5735,Regis College,Weston,0.8119,0.609
,,,,,,,,,,,,,,25.0,1.0,11.0,,,,,,,2.0,3.0,,14.0,,0.0,0.0,34854047.0,36909880.0,6.0,,,,,,,,,,,,,,,,,,,,,,Saint John's Seminary,Brighton,,
11978.0,18961.0,18441.0,,13384.0,14747.0,17712.0,21398.0,24642.0,,,,,,25.0,1.0,21.0,1200.0,16378.0,1784.0,10588.0,3660.0,6758.0,1.0,3.0,0.9557,4286.0,,0.3531,0.5675,110000.0,110000.0,11.0,1090.0,0.5499,0.525498891,0.586167147,0.562089356,0.677063028,25000.0,20000.0,19500.0,18310.0,56662.0,10600.0,29605.0,93086.0,74700.0,48209.0,9700.0,31394.0,71153.0,61900.0,0.4094,Salem State University,Salem,0.7366,0.5804
45538.0,45538.0,,27313.0,,,,,,19518.0,20142.0,22473.0,28297.0,33812.0,25.0,1.0,11.0,1280.0,17104.0,2550.0,17104.0,2550.0,2550.0,2.0,3.0,0.66,1750.0,,0.2984,0.6384,212281646.0,225575769.0,9.0,1332.0,0.7125,0.49475891,0.805479452,0.738728324,0.786377709,24840.0,20916.0,23136.0,21500.0,63494.0,14900.0,46140.0,91123.0,92500.0,61420.0,14500.0,38673.0,82775.0,74600.0,0.67,Simmons University,Boston,0.8177,0.7134
61568.0,61568.0,,26181.0,,,,,,7033.0,9382.0,12149.0,17628.0,39722.0,25.0,1.0,13.0,800.0,21310.0,2352.0,10418.0,2352.0,12146.0,2.0,3.0,0.1973,2501.0,,0.1815,0.1268,2467994699.0,2470415647.0,8.0,1480.0,0.8966,0.895121951,0.884803922,0.776510832,0.798115747,17550.0,14750.0,13500.0,13471.0,64027.0,10700.0,37521.0,94865.0,86200.0,45731.0,8900.0,27555.0,69187.0,63300.0,0.7524,Smith College,Northampton,0.9257,0.913
43707.0,43707.0,,29187.0,,,,,,21252.0,25092.0,24226.0,28385.0,32494.0,25.0,1.0,12.0,1300.0,14202.0,2350.0,14202.0,2350.0,2350.0,2.0,3.0,0.7023,1916.0,,0.2166,0.7151,91832544.0,99125167.0,11.0,1120.0,0.6763,0.561844864,0.598796389,0.488715634,0.588419405,26250.0,20315.0,23000.0,25000.0,48036.0,13200.0,29321.0,69087.0,83100.0,43692.0,10900.0,26171.0,61716.0,67400.0,0.6366,Springfield College,Springfield,0.8362,0.7326
15208.0,31750.0,20605.0,,14122.0,16161.0,19022.0,24748.0,26993.0,,,,,,25.0,1.0,22.0,1400.0,17940.0,1772.0,12810.0,2772.0,4389.0,1.0,3.0,0.9216,5289.0,,0.3564,0.658,90217112.0,102722116.0,15.0,1152.0,0.4897,0.507504169,0.566648964,0.615448505,0.750806972,25000.0,17500.0,19500.0,17437.0,68804.0,13300.0,41246.0,91962.0,84600.0,51475.0,10400.0,32396.0,69879.0,62900.0,0.3501,University of Massachusetts-Dartmouth,North Dartmouth,0.6373,0.5477
54500.0,54500.0,,29969.0,,,,,,17388.0,17643.0,21229.0,29268.0,34474.0,25.0,1.0,21.0,893.0,15300.0,3312.0,12000.0,2254.0,2829.0,2.0,3.0,0.7256,2477.0,,0.1479,0.6179,295106757.0,290568570.0,12.0,,0.8081,0.821721311,0.796370968,0.82124617,0.845771144,25000.0,24648.0,22611.0,23251.0,77745.0,26300.0,57153.0,98944.0,104800.0,63285.0,14700.0,43938.0,86000.0,70300.0,0.7541,Stonehill College,Easton,0.8524,0.8521
45380.0,45380.0,,30031.0,,,,,,25575.0,26678.0,27191.0,29230.0,35802.0,25.0,1.0,11.0,1200.0,19562.0,2098.0,26054.0,3222.0,6026.0,2.0,3.0,0.8474,4434.0,,0.2741,0.5597,253973639.0,249936630.0,15.0,1197.0,0.5985,0.585824082,0.615183246,0.651793161,0.724114441,26889.0,22635.0,22750.0,19500.0,67506.0,14800.0,38432.0,99147.0,96400.0,55856.0,10700.0,30325.0,78215.0,67300.0,0.4418,Suffolk University,Boston,0.7552,0.6079
67844.0,67844.0,,35435.0,,,,,,10526.0,11995.0,14963.0,26964.0,53400.0,25.0,1.0,21.0,1000.0,17660.0,1796.0,17660.0,1796.0,9834.0,2.0,3.0,0.1013,6804.0,,0.1158,0.1909,2350755000.0,2405498000.0,10.0,1513.0,0.9333,0.895027624,0.880829016,0.905982906,0.936868687,16250.0,10465.0,15000.0,15626.0,83214.0,21600.0,47081.0,132294.0,170300.0,68337.0,18500.0,43241.0,102983.0,133100.0,0.8557,Tufts University,Medford,0.9592,0.9418
64320.0,64320.0,,25008.0,,,,,,5695.0,634.0,15511.0,24314.0,50305.0,25.0,1.0,21.0,800.0,19920.0,1250.0,19920.0,2250.0,6650.0,2.0,3.0,0.1391,2318.0,,0.2056,0.1712,2846865000.0,2888870000.0,7.0,1513.0,0.9121,0.904458599,0.927444795,0.882857143,0.924528302,10000.0,5468.0,7000.0,10000.0,84803.0,18600.0,55457.0,141028.0,121300.0,65961.0,12600.0,42255.0,103087.0,72500.0,0.8043,Wellesley College,Wellesley,0.9625,0.9258
41010.0,41010.0,,34170.0,,,,,,29805.0,29954.0,32278.0,34868.0,36660.0,25.0,1.0,11.0,1500.0,18670.0,2000.0,18670.0,2000.0,5450.0,2.0,3.0,0.8537,3641.0,,0.2257,0.5187,143897385.0,149625584.0,16.0,1226.0,0.6863,0.631399317,0.698754247,0.786127168,0.871323529,25028.0,19000.0,19000.0,18186.0,82721.0,17100.0,58416.0,112775.0,95900.0,71868.0,16300.0,53230.0,90983.0,74900.0,0.5467,Wentworth Institute of Technology,Boston,0.8627,0.7175
46430.0,46430.0,,31170.0,,,,,,28987.0,26284.0,27102.0,30277.0,33983.0,25.0,1.0,12.0,1000.0,14900.0,2060.0,8100.0,3300.0,3530.0,2.0,3.0,0.8326,2508.0,,0.2502,0.8042,59527823.0,62127725.0,12.0,1231.0,0.6389,0.600276625,0.586350975,0.696872494,0.777117385,25500.0,19500.0,20059.0,19500.0,73157.0,24400.0,48898.0,104001.0,98800.0,51771.0,13900.0,33773.0,78774.0,71400.0,0.5854,Western New England University,Springfield,0.7487,0.6412
11882.0,17962.0,18561.0,,11168.0,13563.0,16154.0,21803.0,24459.0,,,,,,25.0,1.0,21.0,1140.0,13510.0,3164.0,13065.0,4352.0,4352.0,1.0,3.0,0.8074,3481.0,,0.3336,0.5454,11843315.0,13010863.0,15.0,,0.5486,0.593198992,0.60858743,0.661016949,0.747175141,22457.0,13687.0,15250.0,17126.0,57346.0,15100.0,38609.0,76747.0,73700.0,46861.0,11500.0,27931.0,64906.0,55400.0,0.4415,Westfield State University,Westfield,0.7071,0.6181
62080.0,62080.0,,30934.0,,,,,,19884.0,22445.0,25454.0,28584.0,35859.0,25.0,1.0,21.0,940.0,15430.0,1060.0,15430.0,1060.0,8290.0,2.0,3.0,0.7133,1744.0,,0.1962,0.7337,241464278.0,256218480.0,12.0,1321.0,0.757,0.704318937,0.775919732,0.799196787,0.8203125,26000.0,21750.0,23000.0,23000.0,67725.0,16800.0,42510.0,93181.0,85000.0,51607.0,11100.0,26322.0,75689.0,57300.0,0.6853,Wheaton College (Massachusetts),Norton,0.8583,0.7338
64860.0,64860.0,,14852.0,,,,,,-2421.0,-919.0,-123.0,8825.0,48374.0,25.0,1.0,31.0,1000.0,16300.0,2700.0,,,,2.0,3.0,0.0999,2060.0,,0.1715,0.0604,3341413367.0,3309875461.0,6.0,1527.0,0.9655,0.888888889,0.945147679,0.81124498,0.845410628,12761.0,6043.0,7950.0,13203.0,88665.0,16800.0,62574.0,145323.0,167700.0,71754.0,7100.0,41820.0,116482.0,93300.0,0.7405,Williams College,Williamstown,0.9653,0.9492
59070.0,59070.0,,43273.0,,,,,,23870.0,22286.0,29195.0,37713.0,51567.0,25.0,1.0,12.0,1200.0,18072.0,1200.0,18072.0,1200.0,2700.0,2.0,3.0,0.585,5344.0,,0.1029,0.505,589684000.0,631031000.0,13.0,,0.8843,0.827445652,0.869565217,0.898724083,0.954075775,27000.0,27000.0,27000.0,26902.0,103470.0,28200.0,77738.0,129699.0,117100.0,85038.0,20800.0,67089.0,104138.0,86900.0,0.8265,Worcester Polytechnic Institute,Worcester,0.9372,0.8792
11286.0,17366.0,14738.0,,9035.0,10061.0,12665.0,17378.0,19939.0,,,,,,25.0,1.0,12.0,1368.0,12999.0,1892.0,9368.0,2190.0,2190.0,1.0,3.0,0.8986,3963.0,,0.289,0.4763,21148406.0,24032999.0,15.0,1145.0,0.5551,0.470820189,0.287693562,0.62275756,0.736462094,19500.0,11879.0,14051.0,14950.0,60624.0,13800.0,38887.0,89010.0,77800.0,50233.0,10300.0,34576.0,66265.0,64700.0,0.4004,Worcester State University,Worcester,0.7652,0.6314
40556.0,40556.0,,21504.0,,,,,,15688.0,15581.0,19528.0,24062.0,26926.0,26.0,3.0,32.0,1100.0,13424.0,1924.0,13424.0,1924.0,1924.0,2.0,3.0,0.6837,1635.0,,0.3114,0.7029,41060715.0,50551776.0,15.0,1030.0,0.5595,0.393536122,0.399103139,0.576144835,0.723529412,27000.0,12000.0,14990.0,19500.0,55504.0,10700.0,39042.0,77195.0,72300.0,42805.0,9900.0,28462.0,57944.0,49600.0,0.4367,Adrian College,Adrian,0.6008,0.5102
55746.0,55746.0,,16882.0,,,,,,11241.0,10541.0,14936.0,20176.0,25793.0,26.0,3.0,32.0,850.0,12570.0,950.0,12570.0,1420.0,1420.0,2.0,3.0,0.8316,1347.0,,0.4526,0.6655,176126977.0,149894316.0,11.0,,0.5709,0.604774536,0.674911661,0.687394958,0.774104683,27000.0,18250.0,21345.0,19500.0,58799.0,11900.0,40306.0,85694.0,89400.0,48203.0,8000.0,31209.0,65515.0,59800.0,0.4583,Albion College,Albion,0.689,0.6571
47430.0,47430.0,,24663.0,,,,,,18726.0,21279.0,22322.0,24627.0,26994.0,26.0,3.0,32.0,850.0,13128.0,2532.0,9154.0,2532.0,2532.0,2.0,3.0,0.6566,1208.0,,0.2092,0.6618,128521753.0,132927901.0,14.0,,0.6373,0.457142857,0.56424581,0.6718507,0.744382023,27000.0,25625.0,25000.0,21594.0,54742.0,16000.0,36251.0,77064.0,89700.0,45720.0,8700.0,31039.0,60762.0,55000.0,0.5147,Alma College,Alma,0.7635,0.628
33710.0,33710.0,,18597.0,,,,,,17008.0,15853.0,13563.0,17761.0,24813.0,26.0,3.0,31.0,1100.0,10050.0,1100.0,14566.0,4400.0,1100.0,2.0,3.0,0.874,1262.0,,0.22,0.3471,65553164.0,66259645.0,10.0,1177.0,0.6593,0.551470588,0.56918239,0.43832021,0.530831099,26000.0,22000.0,19000.0,19350.0,53187.0,6300.0,27398.0,81593.0,78000.0,43254.0,5700.0,26239.0,65144.0,60800.0,0.5037,Andrews University,Berrien Springs,0.8326,0.7403
38520.0,38520.0,,18902.0,,,,,,12141.0,12131.0,15423.0,20544.0,23349.0,26.0,3.0,12.0,2098.0,10994.0,2098.0,10932.0,2994.0,2994.0,2.0,3.0,0.7106,1201.0,,0.2301,0.4277,41318389.0,43962214.0,11.0,1087.0,0.625,0.541899441,0.566909976,0.557713053,0.700787402,23000.0,20250.0,18569.0,15500.0,49584.0,9200.0,32142.0,70335.0,69900.0,40161.0,8700.0,24699.0,55573.0,50900.0,0.4263,Aquinas College,Grand Rapids,0.7362,0.606
12810.0,12810.0,,15171.0,,,,,,13061.0,12467.0,15299.0,17482.0,19154.0,26.0,3.0,32.0,1000.0,7600.0,5300.0,8800.0,5300.0,5300.0,2.0,3.0,0.875,3026.0,,0.3811,0.4831,348217506.0,332292988.0,8.0,1080.0,0.3133,0.224088364,0.210613752,0.261757467,0.454320021,25000.0,18422.0,17344.0,12058.0,35833.0,5000.0,17637.0,54694.0,60500.0,33619.0,4100.0,16982.0,50652.0,49900.0,0.1568,Baker College,Owosso,0.7193,0.1841
38670.0,38670.0,,24783.0,,,,,,20249.0,17974.0,21973.0,23732.0,28027.0,26.0,3.0,12.0,1300.0,11950.0,3000.0,9600.0,3000.0,3000.0,2.0,3.0,0.7131,2921.0,,0.144,0.3363,248568000.0,254434000.0,14.0,1205.0,0.7736,0.669616519,0.721333333,0.799113737,0.861431871,23250.0,21500.0,20885.0,19500.0,58375.0,10400.0,38181.0,82853.0,79400.0,48039.0,9600.0,31889.0,69775.0,59200.0,0.6519,Calvin University,Grand Rapids,0.8849,0.7825
14190.0,14190.0,16041.0,,12672.0,11638.0,14182.0,17215.0,18780.0,,,,,,26.0,3.0,32.0,1240.0,12178.0,3450.0,8970.0,4070.0,4070.0,1.0,3.0,0.9101,9916.0,,0.3064,0.6786,230600367.0,244760632.0,16.0,1099.0,0.6184,0.549340498,0.603562341,0.503777778,0.605652759,27000.0,23376.0,23500.0,22500.0,55874.0,12700.0,38496.0,78697.0,75500.0,46567.0,9900.0,31142.0,64149.0,57600.0,0.3928,Central Michigan University,Mount Pleasant,0.7369,0.6313
24842.0,24842.0,,21019.0,,,,,,15486.0,18957.0,22141.0,23854.0,23955.0,26.0,3.0,22.0,,12800.0,5000.0,6600.0,5000.0,5000.0,2.0,3.0,0.4975,774.0,,0.2738,0.436,1304291.0,1341586.0,21.0,,0.3939,0.519736842,0.416,0.397402597,0.509202454,19500.0,12355.0,13128.0,12000.0,54186.0,14200.0,32488.0,84853.0,101200.0,55077.0,15100.0,35491.0,76657.0,81800.0,0.3103,Cleary University,Howell,0.6364,0.4318
34200.0,34200.0,,26409.0,,,,,,17589.0,25585.0,26032.0,26223.0,29926.0,26.0,3.0,12.0,2400.0,12310.0,3700.0,12310.0,3700.0,8200.0,2.0,3.0,0.7209,918.0,,0.2419,0.5521,23176850.0,24999361.0,14.0,1250.0,0.5,0.475589226,0.458492003,0.472448058,0.67948718,25750.0,17750.0,19500.0,20500.0,56075.0,11500.0,37673.0,78409.0,78200.0,49761.0,10300.0,34250.0,70550.0,67300.0,0.1755,Concordia University Ann Arbor,Ann Arbor,0.6622,0.4868
51355.0,51355.0,,33342.0,,,,,,29648.0,27176.0,32467.0,33869.0,37605.0,26.0,3.0,11.0,2154.0,11040.0,3316.0,11040.0,3316.0,3316.0,2.0,3.0,0.9276,1285.0,,0.2826,0.5334,87761448.0,81924503.0,10.0,,0.6962,0.526315789,0.631746032,0.517241379,0.648648649,26000.0,15125.0,18500.0,21500.0,44860.0,7500.0,22591.0,75526.0,84800.0,33691.0,7500.0,15231.0,56831.0,64600.0,0.4515,College for Creative Studies,Detroit,0.7649,0.6178
23324.0,23324.0,,19988.0,,,,,,19021.0,25217.0,23986.0,17614.0,24791.0,26.0,3.0,21.0,904.0,11366.0,3648.0,5080.0,5968.0,5968.0,2.0,3.0,0.9705,3213.0,,0.301,0.476,29404298.0,30009003.0,18.0,,0.4952,0.378889567,0.361451692,0.277952855,0.494565217,26000.0,18000.0,17500.0,15813.0,45099.0,6200.0,24736.0,67837.0,65400.0,47041.0,4900.0,29268.0,66753.0,56800.0,0.3665,Davenport University,Grand Rapids,0.7367,0.5
32300.0,32300.0,,16179.0,,,,,,12616.0,12414.0,15090.0,17762.0,22663.0,26.0,3.0,11.0,1376.0,10738.0,3076.0,12198.0,9416.0,5056.0,2.0,3.0,0.8014,2289.0,,0.2513,0.3061,83263247.0,95365208.0,12.0,1136.0,0.681,0.61809816,0.631578947,0.598183089,0.756823821,23250.0,21931.0,21000.0,19000.0,71030.0,9600.0,44340.0,97869.0,81000.0,64534.0,11300.0,40261.0,84314.0,74300.0,0.5336,University of Detroit Mercy,Detroit,0.8248,0.6779
15510.0,15510.0,17084.0,,14925.0,14959.0,16268.0,20089.0,22274.0,,,,,,26.0,3.0,21.0,1000.0,12440.0,2904.0,11920.0,3728.0,4778.0,1.0,3.0,0.8135,10751.0,,0.3656,0.4579,92105005.0,97834281.0,15.0,1046.0,0.4549,0.398812469,0.454346876,0.368917308,0.530030446,25000.0,19463.0,18750.0,18500.0,51793.0,9400.0,30031.0,75153.0,70700.0,43148.0,8800.0,25437.0,61447.0,57900.0,0.2296,Eastern Michigan University,Ypsilanti,0.6785,0.5074
13630.0,13630.0,12202.0,,5957.0,7962.0,12303.0,17193.0,19308.0,,,,,,26.0,3.0,33.0,862.0,10660.0,2564.0,8700.0,3186.0,3046.0,1.0,3.0,0.8058,8087.0,,0.3358,0.4698,113015293.0,119719300.0,15.0,1001.0,0.4787,0.485877499,0.51594533,0.5268757,0.661984197,21000.0,15213.0,16195.0,15250.0,54735.0,11000.0,34587.0,80060.0,79600.0,47339.0,10300.0,30181.0,67838.0,67600.0,0.3127,Ferris State University,Big Rapids,0.7284,0.5584
46380.0,46380.0,,33092.0,,,,,,27584.0,24373.0,32117.0,34414.0,35912.0,26.0,3.0,13.0,1100.0,9500.0,4270.0,9500.0,4270.0,4270.0,2.0,3.0,0.7909,1279.0,,0.1681,0.4613,102189065.0,110070878.0,11.0,1219.0,0.7054,0.620991254,0.5625,0.846625767,0.951298701,27000.0,28000.0,27000.0,26000.0,94823.0,31400.0,66125.0,115611.0,106100.0,80275.0,27800.0,61982.0,93499.0,85700.0,0.1595,Kettering University,Flint,0.9252,0.7436
14992.0,14992.0,,13996.0,,,,,,12048.0,10618.0,11218.0,18203.0,19185.0,26.0,3.0,13.0,600.0,9540.0,2184.0,8586.0,2970.0,2970.0,2.0,3.0,0.9931,707.0,,0.4979,0.5711,,,15.0,,0.4286,0.292841649,0.338762215,0.41046832,0.680555556,24375.0,8268.0,12000.0,14000.0,41663.0,,24613.0,57913.0,,31450.0,,15249.0,48963.0,,0.2254,Grace Christian University,Wyoming,0.589,0.5
29100.0,29100.0,,22384.0,,,,,,17129.0,18158.0,21507.0,23345.0,25522.0,26.0,3.0,12.0,840.0,12200.0,2330.0,8900.0,2330.0,2330.0,2.0,3.0,0.732,1387.0,,0.2973,0.5457,16402621.0,16507899.0,15.0,,0.6157,0.455795678,0.422442244,0.554339328,0.66552901,25000.0,14850.0,18873.0,19753.0,47314.0,5800.0,28589.0,66987.0,74200.0,42598.0,8300.0,28288.0,58605.0,56300.0,0.5592,Cornerstone University,Grand Rapids,0.8375,0.6102
14628.0,20820.0,17096.0,,11395.0,11390.0,14507.0,20860.0,23541.0,,,,,,26.0,3.0,31.0,780.0,11142.0,2477.0,8829.0,2477.0,2477.0,1.0,3.0,0.9469,19073.0,,0.2577,0.4856,169199257.0,184023776.0,15.0,1079.0,0.6865,0.55217575,0.615070451,0.585016287,0.670423056,24500.0,20785.0,19523.0,19245.0,56118.0,11100.0,38569.0,78636.0,73200.0,47840.0,11100.0,32394.0,64801.0,58000.0,0.4456,Grand Valley State University,Allendale,0.7674,0.6896
19990.0,19990.0,,18700.0,,,,,,20032.0,17294.0,15589.0,18664.0,25214.0,26.0,3.0,21.0,1100.0,10000.0,850.0,12087.0,2003.0,850.0,2.0,3.0,,130.0,,0.6241,0.6165,1093074.0,1004455.0,13.0,,0.2593,0.206896552,0.188405797,0.299319728,PS,18779.0,17545.0,,,31053.0,,18403.0,49692.0,,28240.0,,15009.0,43047.0,,0.2222,Great Lakes Christian College,Lansing,0.3947,0.2273
32092.0,32092.0,,,,,,,,,,,,,26.0,3.0,32.0,1200.0,13180.0,2000.0,13180.0,2000.0,2000.0,2.0,3.0,0.2059,1563.0,,0.0,0.0,924423912.0,1002503208.0,8.0,1433.0,0.8482,,,,,,,,,,,,,,,,,,,0.7209,Hillsdale College,Hillsdale,0.9608,0.8757
40420.0,40420.0,,25749.0,,,,,,14365.0,16069.0,20837.0,26104.0,31356.0,26.0,3.0,13.0,1150.0,12180.0,2040.0,3450.0,2610.0,2610.0,2.0,3.0,0.7585,3274.0,,0.1643,0.4632,282642000.0,296649000.0,11.0,1237.0,0.8226,0.776119403,0.772972973,0.759059745,0.823899371,26800.0,24187.0,24125.0,23136.0,58427.0,15200.0,41745.0,82041.0,79700.0,49727.0,10600.0,31163.0,68041.0,60000.0,0.6902,Hope College,Holland,0.9025,0.8153
58764.0,58764.0,,18873.0,,,,,,14732.0,12833.0,17500.0,22143.0,29188.0,26.0,3.0,13.0,900.0,12084.0,2460.0,12084.0,2460.0,3000.0,2.0,3.0,0.7623,1175.0,,0.2322,0.4686,267031405.0,286769775.0,10.0,1270.0,0.817,0.734883721,0.782312925,0.778846154,0.809677419,26077.0,19041.0,22500.0,24500.0,65590.0,10600.0,44517.0,91093.0,90900.0,46137.0,6800.0,22376.0,66080.0,54700.0,0.7232,Kalamazoo College,Kalamazoo,0.8351,0.7775
14266.0,14266.0,14368.0,,9949.0,8477.0,12862.0,18261.0,20766.0,,,,,,26.0,3.0,33.0,2000.0,11207.0,1510.0,9130.0,3060.0,2480.0,1.0,3.0,0.6801,1391.0,,0.2906,0.435,31641300.0,35183677.0,13.0,,0.5694,0.396551724,0.383928571,0.553784861,0.681467182,23250.0,12276.0,15250.0,15993.0,49045.0,8400.0,31520.0,68652.0,71200.0,42767.0,9000.0,28145.0,59396.0,54900.0,0.3785,Lake Superior State University,Sault Ste Marie,0.6883,0.5435
41872.0,41872.0,,33995.0,,,,,,31328.0,29980.0,31375.0,35409.0,35303.0,26.0,3.0,13.0,1762.0,11670.0,5150.0,11670.0,5150.0,5150.0,2.0,3.0,0.8025,1701.0,,0.1654,0.4665,47684469.0,51202540.0,11.0,,0.6257,0.377245509,0.530726257,0.597355769,0.762237762,27000.0,17750.0,23250.0,21000.0,69151.0,13700.0,43512.0,98820.0,95200.0,58827.0,10800.0,37382.0,80167.0,78300.0,0.2458,Lawrence Technological University,Southfield,0.7656,0.5794
27360.0,27360.0,,17815.0,,,,,,10809.0,12979.0,18806.0,20017.0,21909.0,26.0,3.0,13.0,648.0,12840.0,3102.0,12840.0,4102.0,4102.0,2.0,3.0,0.9293,1637.0,,0.295,0.5419,44542478.0,46876787.0,10.0,1000.0,0.5815,0.541108987,0.572504708,0.420598007,0.524324324,23000.0,20396.0,19919.0,16500.0,59058.0,9200.0,38222.0,81197.0,72200.0,49871.0,7600.0,30025.0,71271.0,64600.0,0.3933,Madonna University,Livonia,0.7177,0.6457
27938.0,27938.0,,19245.0,,,,,,15716.0,13338.0,19451.0,22280.0,21860.0,26.0,3.0,21.0,2134.0,9800.0,4042.0,14040.0,4856.0,4856.0,2.0,3.0,0.6531,827.0,,0.3108,0.5212,4680215.0,4752945.0,13.0,,0.414,0.474842767,0.523391813,0.417391304,0.502976191,24475.0,12500.0,16659.0,15000.0,48707.0,8000.0,29057.0,69551.0,73600.0,40813.0,6300.0,21026.0,60106.0,50200.0,0.2293,Rochester University,Rochester Hills,0.674,0.4132
17228.0,58072.0,14832.0,,4926.0,5389.0,8756.0,16042.0,26787.0,,,,,,26.0,3.0,12.0,1126.0,13856.0,2572.0,13856.0,2572.0,8476.0,1.0,3.0,0.1794,33488.0,,0.1757,0.2101,17104431000.0,17626819000.0,11.0,1473.0,0.9322,0.873534073,0.899014778,0.754178626,0.799120235,19500.0,12042.0,16000.0,19500.0,83648.0,17200.0,56535.0,124806.0,128000.0,73762.0,13000.0,45114.0,105396.0,96000.0,0.8196,University of Michigan-Ann Arbor,Ann Arbor,0.9764,0.9425
15988.0,43372.0,20751.0,,8119.0,13980.0,20378.0,25940.0,28327.0,,,,,,26.0,3.0,13.0,1334.0,11754.0,3592.0,11754.0,3592.0,3592.0,1.0,3.0,0.8392,40243.0,,0.2002,0.3339,4375011965.0,4580074000.0,17.0,1261.0,0.8217,0.725594545,0.789964789,0.626256167,0.70206644,23250.0,16266.0,21250.0,20250.0,67253.0,17200.0,46010.0,96911.0,98200.0,55084.0,12200.0,35397.0,77937.0,71200.0,0.6538,Michigan State University,East Lansing,0.914,0.8349
18392.0,41340.0,15729.0,,5021.0,6773.0,10202.0,16222.0,24344.0,,,,,,26.0,3.0,33.0,1200.0,12774.0,2392.0,12774.0,2392.0,2392.0,1.0,3.0,0.8794,5829.0,,0.1823,0.4569,147630662.0,155891037.0,13.0,1243.0,0.6872,0.584354383,0.659400545,0.765188042,0.865506329,24990.0,20875.0,20093.0,20500.0,78198.0,18100.0,48944.0,102434.0,101300.0,69672.0,15800.0,45087.0,86584.0,79400.0,0.344,Michigan Technological University,Houghton,0.8769,0.7075
14944.0,31360.0,10904.0,,8160.0,8157.0,9589.0,15656.0,19586.0,,,,,,26.0,3.0,12.0,1300.0,,,10803.0,3745.0,3745.0,1.0,3.0,0.5863,5882.0,,0.4385,0.3842,86785000.0,85754000.0,16.0,1127.0,0.5655,0.461648746,0.511612475,0.418137764,0.567525371,22500.0,17250.0,16750.0,16725.0,59649.0,12500.0,37993.0,91490.0,93600.0,50389.0,7800.0,30298.0,75221.0,70900.0,0.2968,University of Michigan-Dearborn,Dearborn,0.8125,0.6027
14014.0,31274.0,12280.0,,5994.0,8152.0,11010.0,15096.0,18709.0,,,,,,26.0,3.0,13.0,700.0,13456.0,1716.0,9016.0,3126.0,3126.0,1.0,3.0,0.6883,4157.0,,0.3467,0.42,165315000.0,163119000.0,14.0,1104.0,0.4456,0.386819484,0.475896168,0.353697749,0.484330484,25000.0,18932.0,17500.0,18750.0,53230.0,10200.0,32439.0,79613.0,76700.0,45453.0,7100.0,26920.0,70669.0,69800.0,0.2021,University of Michigan-Flint,Flint,0.7603,0.3969
13304.0,18800.0,17485.0,,9098.0,11494.0,15948.0,20616.0,22762.0,,,,,,26.0,3.0,33.0,720.0,12752.0,2148.0,10850.0,2482.0,3976.0,1.0,3.0,0.6995,6425.0,,0.2739,0.507,17270347.0,17914946.0,18.0,,0.5084,0.470480828,0.492492492,0.509491446,0.632424538,21474.0,13479.0,14000.0,13670.0,47107.0,9700.0,29421.0,67562.0,69300.0,37996.0,7500.0,22909.0,55011.0,53700.0,0.3304,Northern Michigan University,Marquette,0.7584,0.542
33000.0,33000.0,,26429.0,,,,,,23137.0,21931.0,25179.0,25556.0,29125.0,26.0,3.0,13.0,1342.0,12500.0,3096.0,11572.0,4576.0,4576.0,2.0,3.0,0.839,1900.0,,0.2469,0.6629,100230394.0,105487250.0,13.0,,0.6107,0.572490706,0.486333648,0.483684428,0.605459057,20842.0,17500.0,20522.0,17750.0,63075.0,11700.0,40489.0,92317.0,91200.0,54058.0,11900.0,35973.0,75177.0,72400.0,0.5076,Northwood University,Midland,0.7895,0.628
14694.0,23188.0,13584.0,,9004.0,8807.0,12229.0,18508.0,22034.0,,,,,,26.0,3.0,21.0,700.0,11309.0,2600.0,8232.0,5412.0,5412.0,1.0,3.0,0.7024,12450.0,,0.2983,0.3886,124893354.0,136683871.0,17.0,1110.0,0.5694,0.517795637,0.566998578,0.476137448,0.604337152,22750.0,16500.0,17168.0,16750.0,58612.0,11900.0,36515.0,84827.0,81000.0,49017.0,9500.0,30510.0,72142.0,65200.0,0.3351,Oakland University,Rochester Hills,0.7519,0.5901
33076.0,33076.0,,21158.0,,,,,,20658.0,24502.0,17447.0,21904.0,25220.0,26.0,3.0,42.0,1200.0,11886.0,2766.0,10500.0,2766.0,2766.0,2.0,3.0,0.9711,918.0,,0.4174,0.7545,21930202.0,24884692.0,14.0,,0.3704,0.427586207,0.436813187,0.491202346,0.596273292,27000.0,11000.0,12000.0,17601.0,47907.0,6800.0,30603.0,64105.0,65800.0,42637.0,6700.0,22771.0,59527.0,49000.0,0.2778,The University of Olivet,Olivet,0.573,0.4454
26390.0,26390.0,,28458.0,,,,,,,,23337.0,,30165.0,26.0,3.0,21.0,1000.0,9880.0,2210.0,8540.0,2640.0,2900.0,2.0,3.0,0.3385,119.0,,0.3165,0.3924,5142059.0,5905638.0,18.0,,0.5357,0.442622951,0.52173913,0.63546798,0.745762712,21389.0,14250.0,17250.0,20500.0,41066.0,,23608.0,56153.0,,33956.0,,24109.0,41820.0,,0.4,Kuyper College,Grand Rapids,1.0,0.4211
12240.0,28752.0,14582.0,,10545.0,11338.0,13963.0,16972.0,18491.0,,,,,,26.0,3.0,22.0,1120.0,11700.0,1220.0,11700.0,2740.0,2740.0,1.0,3.0,0.7288,6004.0,,0.3237,0.5121,96122134.0,103731107.0,15.0,1051.0,0.5382,0.338700403,0.393983503,0.451352634,0.603504929,25000.0,17724.0,17304.0,17500.0,51955.0,9300.0,33539.0,73802.0,71500.0,43530.0,9400.0,27453.0,63437.0,60300.0,0.1939,Saginaw Valley State University,University Center,0.7536,0.4544
29778.0,29778.0,,17185.0,,,,,,16529.0,15075.0,17350.0,19918.0,16204.0,26.0,3.0,32.0,1168.0,13240.0,2068.0,13240.0,2068.0,2068.0,2.0,3.0,0.6656,1533.0,,0.309,0.6851,17219189.0,13293717.0,12.0,1033.0,0.5111,0.666666667,0.370414201,0.464670659,0.534383954,18750.0,16018.0,15625.0,15626.0,57529.0,9400.0,37017.0,79860.0,71500.0,49913.0,9200.0,30119.0,71201.0,66800.0,0.3346,Siena Heights University,Adrian,0.721,0.5066
32580.0,32580.0,,20899.0,,,,,,16569.0,18940.0,18556.0,21635.0,23328.0,26.0,3.0,41.0,800.0,10960.0,1780.0,10960.0,1780.0,1780.0,2.0,3.0,0.3733,990.0,,0.2591,0.5129,25774041.0,26389581.0,11.0,1072.0,0.5985,0.489981785,0.490221643,0.504757136,0.651079137,26375.0,25690.0,25000.0,22392.0,51732.0,10200.0,32240.0,74957.0,78200.0,45592.0,8100.0,28443.0,65488.0,70200.0,0.4349,Spring Arbor University,Spring Arbor,0.7357,0.6517
,,,,,,,,,,,,,,26.0,3.0,13.0,,,,,,,2.0,3.0,,535.0,,0.3114,0.5779,11638919.0,12073797.0,12.0,,,0.72972973,0.752851711,0.584690554,0.705882353,16217.0,13500.0,12500.0,12000.0,72081.0,15800.0,46942.0,100874.0,93300.0,64114.0,11500.0,45427.0,85779.0,75800.0,,Walsh College,Troy,,
14297.0,30419.0,14773.0,,12337.0,12560.0,14864.0,19189.0,21543.0,,,,,,26.0,3.0,11.0,1316.0,11762.0,4410.0,12104.0,5854.0,5350.0,1.0,3.0,0.8203,15676.0,,0.4304,0.3972,458465000.0,509239000.0,13.0,1147.0,0.5651,0.452878248,0.459552496,0.318803796,0.518059103,21250.0,18125.0,16176.0,15000.0,53493.0,10100.0,29797.0,79117.0,93500.0,45207.0,6500.0,24919.0,69069.0,67000.0,0.3258,Wayne State University,Detroit,0.8154,0.5985
15298.0,19098.0,18701.0,,9557.0,10010.0,18710.0,23468.0,25313.0,,,,,,26.0,3.0,13.0,1128.0,11713.0,2631.0,11713.0,2631.0,3759.0,1.0,3.0,0.8468,12704.0,,0.2537,0.4791,557113863.0,633647236.0,16.0,1108.0,0.5777,0.488116087,0.576243608,0.496415975,0.612462655,26188.0,22526.0,21204.0,19000.0,53562.0,13200.0,34853.0,76786.0,80600.0,45356.0,10300.0,27712.0,64152.0,60100.0,0.2898,Western Michigan University,Kalamazoo,0.7985,0.5919
18252.0,18252.0,,31307.0,,,,,,31383.0,34240.0,27918.0,,,27.0,4.0,13.0,2102.0,,,8539.0,9250.0,9250.0,3.0,3.0,,112.0,,0.3243,0.5495,,,8.0,,1.0,0.468085106,,0.404109589,0.509090909,29500.0,19621.0,,,48300.0,12000.0,26663.0,66423.0,69700.0,45418.0,4700.0,26240.0,72326.0,61000.0,0.6667,Academy College,Bloomington,0.6667,0.4
43942.0,43942.0,,23875.0,,,,,,21376.0,20901.0,20478.0,24741.0,30427.0,27.0,4.0,11.0,1500.0,16418.0,2750.0,19972.0,2750.0,7750.0,2.0,3.0,0.7653,2429.0,,0.515,0.7664,70632324.0,70765390.0,13.0,,0.5244,0.574593796,0.583573487,0.566457898,0.688751926,25347.0,19500.0,18750.0,20000.0,58829.0,13300.0,38984.0,84780.0,86200.0,48616.0,10300.0,29381.0,66366.0,68800.0,0.4107,Augsburg University,Minneapolis,0.699,0.587
10164.0,10164.0,17050.0,,10918.0,11000.0,13262.0,18000.0,21518.0,,,,,,27.0,4.0,33.0,890.0,10041.0,3000.0,10041.0,3000.0,3000.0,1.0,3.0,0.7066,3120.0,,0.2628,0.4478,30044000.0,33214000.0,16.0,1090.0,0.534,0.441860465,0.440521873,0.606920684,0.744621141,19750.0,13142.0,13018.0,14150.0,53755.0,10900.0,37138.0,74504.0,67000.0,47469.0,9800.0,33063.0,65980.0,53400.0,0.3682,Bemidji State University,Bemidji,0.782,0.4704
30010.0,30010.0,,17680.0,,,,,,15667.0,10224.0,16099.0,17008.0,23753.0,27.0,4.0,13.0,800.0,8270.0,2000.0,8270.0,2000.0,2000.0,2.0,3.0,0.5096,682.0,,0.221,0.4154,48033174.0,49458925.0,12.0,1144.0,0.5956,0.611940299,0.549382716,0.698005698,0.794444444,23000.0,12000.0,16000.0,18082.0,46110.0,8200.0,30114.0,65204.0,63500.0,40652.0,7500.0,29929.0,53150.0,52200.0,0.4265,Bethany Lutheran College,Mankato,0.8011,0.6269
42930.0,42930.0,,28439.0,,,,,,22031.0,20796.0,22279.0,27603.0,33418.0,27.0,4.0,21.0,1340.0,12090.0,3030.0,9270.0,6890.0,5818.0,2.0,3.0,0.9099,2012.0,,0.1898,0.473,92871511.0,89862596.0,12.0,1243.0,0.7522,0.564853556,0.625472888,0.76770041,0.867944622,21500.0,13500.0,17652.0,19500.0,63764.0,11700.0,41260.0,92932.0,88000.0,55145.0,11800.0,37976.0,75418.0,70400.0,0.642,Bethel University,Saint Paul,0.8705,0.7512
65457.0,65457.0,,27320.0,,,,,,12069.0,11350.0,10999.0,17900.0,41028.0,27.0,4.0,32.0,938.0,16710.0,1788.0,,,,2.0,3.0,0.2228,2019.0,,0.1404,0.4342,1093697498.0,1176531478.0,8.0,1491.0,0.9119,0.915841584,0.931330472,0.901818182,PS,16750.0,14178.0,15167.0,16500.0,75525.0,11800.0,52327.0,111608.0,105200.0,53989.0,9100.0,32723.0,86666.0,70500.0,0.8257,Carleton College,Northfield,0.9586,0.9187
30020.0,30020.0,,25651.0,,,,,,20609.0,18518.0,21948.0,26257.0,29795.0,27.0,4.0,22.0,900.0,11880.0,3400.0,11880.0,3400.0,3400.0,2.0,3.0,0.6306,1721.0,,0.1976,0.567,177341871.0,171705611.0,12.0,1192.0,0.7183,0.670428894,0.702846975,0.820882852,0.869618696,26847.0,15875.0,22125.0,21488.0,59317.0,14200.0,43119.0,81521.0,82400.0,48225.0,12800.0,35714.0,64125.0,57400.0,0.6197,Concordia College at Moorhead,Moorhead,0.7815,0.7462
25000.0,25000.0,,17566.0,,,,,,15356.0,15388.0,15449.0,18112.0,22335.0,27.0,4.0,11.0,3000.0,10800.0,3000.0,10800.0,3000.0,3000.0,2.0,3.0,0.7487,2786.0,,0.3403,0.5598,40644955.0,45677631.0,15.0,,0.5878,0.501854141,0.520881671,0.551420176,0.689223058,17832.0,12387.0,12269.0,12000.0,59871.0,13500.0,39108.0,85664.0,97400.0,50646.0,11100.0,33190.0,72077.0,77000.0,0.4527,Concordia University-Saint Paul,Saint Paul,0.6734,0.5284
17770.0,17770.0,,20483.0,,,,,,12474.0,14427.0,17415.0,21090.0,24323.0,27.0,4.0,32.0,600.0,7280.0,3600.0,7280.0,3600.0,3600.0,2.0,3.0,0.8257,718.0,,0.2265,0.698,21303935.0,24011960.0,10.0,1191.0,0.7143,0.685185185,0.69047619,0.869426752,0.93236715,20177.0,8263.0,17063.0,18990.0,47491.0,3100.0,29333.0,70940.0,69800.0,40760.0,5600.0,25363.0,55686.0,47900.0,0.456,Martin Luther College,New Ulm,0.8521,0.7485
54310.0,54310.0,,26895.0,,,,,,15799.0,14251.0,17611.0,26149.0,34227.0,27.0,4.0,31.0,900.0,11290.0,1180.0,11290.0,1180.0,1180.0,2.0,3.0,0.618,1930.0,,0.2138,0.5548,291244740.0,290444612.0,11.0,1320.0,0.7585,0.758985201,0.74796748,0.822318527,0.85511811,26774.0,22950.0,22905.0,23250.0,65607.0,22600.0,48888.0,92889.0,96800.0,51546.0,12600.0,35833.0,70783.0,63500.0,0.6344,Gustavus Adolphus College,Saint Peter,0.8423,0.784
48311.0,48311.0,,21385.0,,,,,,18011.0,15893.0,19628.0,24313.0,27061.0,27.0,4.0,11.0,720.0,12030.0,1200.0,12030.0,1200.0,1200.0,2.0,3.0,0.8983,1685.0,,0.3977,0.587,117220823.0,126516616.0,13.0,1197.0,0.5771,0.616040956,0.648387097,0.652246256,0.743676223,23770.0,16125.0,14250.0,16063.0,61106.0,14700.0,43058.0,81211.0,85200.0,47139.0,10700.0,30190.0,64314.0,69600.0,0.485,Hamline University,Saint Paul,0.7358,0.6216
64908.0,64908.0,,29980.0,,,,,,12877.0,11441.0,13050.0,26584.0,43253.0,27.0,4.0,11.0,926.0,15477.0,1680.0,,,,2.0,3.0,0.2821,2131.0,,0.1733,0.3747,868060000.0,834667000.0,10.0,1424.0,0.9041,0.863501484,0.929775281,0.860236221,0.876847291,23000.0,18912.0,19000.0,19500.0,63878.0,12500.0,41814.0,87495.0,84700.0,46244.0,8500.0,28525.0,65975.0,54300.0,0.8155,Macalester College,Saint Paul,0.9457,0.9038
9490.0,18860.0,18609.0,,11920.0,12568.0,15200.0,19870.0,21860.0,,,,,,27.0,4.0,13.0,1042.0,11224.0,2672.0,11224.0,2672.0,2672.0,1.0,3.0,0.9133,11325.0,,0.2048,0.4246,64486000.0,70920000.0,21.0,1190.0,0.5411,0.441755963,0.511856369,0.652137185,0.779565868,21106.0,12679.0,14000.0,14577.0,56922.0,15200.0,40047.0,77949.0,76700.0,50098.0,12800.0,35047.0,66979.0,59100.0,0.3301,Minnesota State University-Mankato,Mankato,0.7966,0.5368
9780.0,9780.0,19181.0,,17714.0,18480.0,18128.0,22145.0,26057.0,,,,,,27.0,4.0,11.0,1500.0,,,15864.0,9064.0,9064.0,1.0,3.0,0.9649,4998.0,,0.443,0.3372,7536000.0,8653000.0,14.0,1020.0,0.3837,0.487055726,0.525896414,0.504307334,0.636935392,17100.0,13490.0,12500.0,13500.0,64705.0,11500.0,44236.0,89487.0,81100.0,54828.0,11300.0,37276.0,75986.0,70600.0,0.186,Metropolitan State University,Saint Paul,0.7327,0.3836
16488.0,36402.0,17139.0,,7262.0,7634.0,10861.0,17909.0,26623.0,,,,,,27.0,4.0,11.0,1000.0,13028.0,2350.0,13028.0,2350.0,2350.0,1.0,3.0,0.7703,30469.0,,0.1687,0.2906,4901364610.0,5108881887.0,16.0,1359.0,0.8482,0.733665658,0.748058671,0.711148351,0.789753826,19500.0,13990.0,15669.0,17750.0,69020.0,16100.0,47150.0,97410.0,91600.0,57984.0,13100.0,39424.0,79600.0,72400.0,0.7414,University of Minnesota-Twin Cities,Minneapolis,0.9086,0.8507
13120.0,13120.0,10874.0,,3746.0,3498.0,8362.0,13515.0,18544.0,,,,,,27.0,4.0,32.0,1000.0,10400.0,2152.0,10400.0,2152.0,2990.0,1.0,3.0,0.5838,1650.0,,0.1919,0.2814,23942175.0,23375746.0,17.0,,0.4973,0.459302326,0.456043956,0.63493841,0.765957447,20500.0,12500.0,12500.0,13548.0,58056.0,12000.0,41030.0,82100.0,76000.0,51905.0,10100.0,35502.0,72794.0,63300.0,0.4011,University of Minnesota-Crookston,Crookston,0.7654,0.5652
43824.0,43824.0,,25935.0,,,,,,20912.0,20630.0,22690.0,28900.0,31859.0,27.0,4.0,11.0,3640.0,10910.0,2000.0,10910.0,2000.0,2000.0,2.0,3.0,0.4836,701.0,,0.4017,0.735,55064844.0,50555286.0,10.0,1170.0,0.6917,0.692708333,0.689516129,0.628272251,0.676855895,27000.0,21500.0,20500.0,15250.0,40873.0,8600.0,23889.0,59320.0,75900.0,35198.0,3800.0,17490.0,49654.0,54100.0,0.6015,Minneapolis College of Art and Design,Minneapolis,0.8188,0.6621
13420.0,13420.0,,15205.0,,,,,,14559.0,13480.0,12787.0,20183.0,20906.0,27.0,4.0,13.0,,,,8928.0,6066.0,3033.0,2.0,3.0,0.9382,747.0,,0.5186,0.755,,,14.0,,0.7353,0.338302173,0.351520087,0.249672892,0.390226112,21500.0,10662.0,13130.0,15250.0,36909.0,12300.0,19077.0,56514.0,77200.0,35295.0,7200.0,18140.0,54822.0,58300.0,0.3333,Herzing University-Minneapolis,St. Louis Park,0.5714,0.5
14318.0,19762.0,18464.0,,6393.0,7919.0,11619.0,18262.0,24658.0,,,,,,27.0,4.0,13.0,1000.0,10206.0,2448.0,10062.0,2448.0,2448.0,1.0,3.0,0.8175,7475.0,,0.1824,0.4568,278253841.0,282901326.0,16.0,1221.0,0.6445,0.573888092,0.554875177,0.70934092,0.806781236,22024.0,15049.0,15000.0,17500.0,62616.0,15300.0,44422.0,85826.0,84700.0,52840.0,12800.0,38122.0,70850.0,62200.0,0.4637,University of Minnesota-Duluth,Duluth,0.8083,0.6561
14288.0,16438.0,9110.0,,-544.0,753.0,5967.0,10818.0,19048.0,,,,,,27.0,4.0,33.0,1000.0,10074.0,2100.0,10074.0,2100.0,2100.0,1.0,3.0,0.7046,980.0,,0.3081,0.3858,23228312.0,24109848.0,9.0,,0.6193,0.570637119,0.514739229,0.693721286,0.795031056,18995.0,10889.0,12245.0,13000.0,50919.0,11700.0,36020.0,69060.0,76600.0,43163.0,9300.0,28154.0,57585.0,49300.0,0.4659,University of Minnesota-Morris,Morris,0.7286,0.5845
10336.0,10336.0,17816.0,,13260.0,12969.0,14544.0,19410.0,21573.0,,,,,,27.0,4.0,22.0,1000.0,10594.0,3770.0,10594.0,3770.0,3770.0,1.0,3.0,0.5262,3120.0,,0.2746,0.5192,33040000.0,35806000.0,17.0,1090.0,0.5464,0.496212121,0.514104372,0.620467836,0.726415094,20000.0,14000.0,15420.0,15000.0,50527.0,12400.0,35574.0,69031.0,68500.0,45873.0,12400.0,32283.0,59227.0,55300.0,0.3571,Minnesota State University Moorhead,Moorhead,0.7244,0.5902
29460.0,29460.0,,23574.0,,,,,,19345.0,19101.0,21877.0,28667.0,28269.0,27.0,4.0,11.0,1845.0,9380.0,3790.0,9550.0,3790.0,8100.0,2.0,3.0,0.9082,802.0,,0.4251,0.6011,4149449.0,4123927.0,11.0,,0.6359,0.505415162,0.466666667,0.633471646,0.8,23200.0,14125.0,18500.0,16375.0,45064.0,6500.0,29000.0,63039.0,60100.0,37688.0,8000.0,22992.0,49620.0,47900.0,0.5722,North Central University,Minneapolis,0.7751,0.6009
36830.0,36830.0,,25140.0,,,,,,21812.0,19037.0,20077.0,24781.0,29865.0,27.0,4.0,21.0,700.0,11148.0,3584.0,8220.0,3780.0,7430.0,2.0,3.0,0.9188,1495.0,,0.1506,0.2873,21207532.0,22112282.0,15.0,1244.0,0.6837,0.620183486,0.64673913,0.72231405,0.833594977,21325.0,17537.0,18750.0,17356.0,50755.0,5400.0,31895.0,73634.0,72500.0,47544.0,9300.0,30137.0,65984.0,58500.0,0.601,University of Northwestern-St Paul,Saint Paul,0.8414,0.6743
53884.0,53884.0,,28065.0,,,,,,14326.0,15818.0,22544.0,27611.0,32617.0,27.0,4.0,22.0,1000.0,12160.0,1500.0,12160.0,1500.0,1500.0,2.0,3.0,0.9136,1392.0,,0.1871,0.6313,102989504.0,118034432.0,11.0,1185.0,0.8304,0.743589744,0.804195804,0.886456908,0.918149466,26944.0,22667.0,22750.0,23252.0,63260.0,19600.0,47705.0,85878.0,83200.0,54567.0,16400.0,41957.0,73874.0,65000.0,0.7881,College of Saint Benedict,Saint Joseph,0.8796,0.7668
10117.0,10117.0,14485.0,,9772.0,10298.0,13125.0,17908.0,20104.0,,,,,,27.0,4.0,13.0,1400.0,9630.0,2600.0,9630.0,2600.0,2600.0,1.0,3.0,0.9495,5181.0,,0.203,0.254,40585000.0,42366000.0,17.0,1091.0,0.4691,0.396212121,0.458009331,0.619429882,0.748723187,21058.0,14317.0,13250.0,15000.0,55813.0,14000.0,39268.0,76074.0,75600.0,47215.0,13000.0,32079.0,64387.0,56500.0,0.2679,Saint Cloud State University,Saint Cloud,0.6793,0.4758
53942.0,53942.0,,27018.0,,,,,,12907.0,12050.0,17390.0,22575.0,34579.0,27.0,4.0,41.0,1000.0,12130.0,1500.0,12130.0,1500.0,1500.0,2.0,3.0,0.9048,1468.0,,0.1806,0.5661,257884064.0,276143788.0,12.0,1220.0,0.757,0.746438746,0.744845361,0.832326284,0.881944444,27000.0,19500.0,24965.0,23860.0,76786.0,26100.0,51860.0,106406.0,107400.0,59843.0,13300.0,40494.0,76650.0,67000.0,0.6581,Saint Johns University,Collegeville,0.8303,0.7916
43160.0,43160.0,,21034.0,,,,,,14421.0,14972.0,14418.0,21072.0,25934.0,27.0,4.0,32.0,1600.0,10720.0,1900.0,10720.0,1900.0,12620.0,2.0,3.0,0.8881,1061.0,,0.2209,0.5727,73063383.0,67202697.0,18.0,,0.6767,0.594202899,0.67983368,0.636893204,0.753064799,21500.0,12500.0,16101.0,18500.0,58170.0,14200.0,41091.0,83618.0,79800.0,54549.0,12900.0,37761.0,76651.0,61400.0,0.6167,Saint Mary's University of Minnesota,Winona,0.786,0.5704
56970.0,56970.0,,22752.0,,,,,,9504.0,11927.0,15236.0,21245.0,32708.0,27.0,4.0,32.0,1000.0,13000.0,900.0,13000.0,900.0,900.0,2.0,3.0,0.5215,3049.0,,0.2006,0.436,696676006.0,711741089.0,12.0,1373.0,0.835,0.823529412,0.877647059,0.869565217,0.887811634,26000.0,18276.0,21500.0,25000.0,65543.0,14000.0,46256.0,88706.0,92100.0,48373.0,10800.0,31597.0,67549.0,63700.0,0.7928,St Olaf College,Northfield,0.9054,0.8541
30200.0,30200.0,,27324.0,,,,,,25998.0,23578.0,26296.0,28168.0,29489.0,27.0,4.0,41.0,1316.0,10430.0,4820.0,14020.0,6452.0,6452.0,2.0,3.0,0.6281,789.0,,0.2446,0.3781,9836677.0,10400791.0,22.0,,0.6434,0.490774908,0.32885906,0.583458647,0.807106599,22500.0,12500.0,16316.0,15625.0,48057.0,6800.0,28949.0,68776.0,63100.0,39003.0,8200.0,21719.0,54712.0,55200.0,0.5645,Crown College,Saint Bonifacius,0.6702,0.589
40454.0,40454.0,,23949.0,,,,,,14932.0,17452.0,18824.0,25155.0,29389.0,27.0,4.0,13.0,1200.0,11380.0,2696.0,11380.0,2696.0,2696.0,2.0,3.0,0.9378,1725.0,,0.2322,0.5124,94079260.0,102206639.0,10.0,1190.0,0.6299,0.670673077,0.679951691,0.667268351,0.810781078,20000.0,16500.0,16250.0,18750.0,65934.0,13500.0,45164.0,88527.0,84500.0,62332.0,14800.0,43269.0,85556.0,75100.0,0.5385,The College of Saint Scholastica,Duluth,0.7787,0.6599
52284.0,52284.0,,30525.0,,,,,,26922.0,27049.0,26471.0,29807.0,34192.0,27.0,4.0,11.0,1000.0,12932.0,2596.0,15192.0,2596.0,2596.0,2.0,3.0,0.8494,6014.0,,0.1956,0.4495,698880000.0,710223000.0,13.0,1296.0,0.7517,0.662765957,0.620662461,0.765603329,0.844720497,23250.0,18000.0,20500.0,19500.0,73739.0,19100.0,51278.0,104019.0,99200.0,62412.0,15700.0,43441.0,78908.0,67000.0,0.6864,University of St Thomas,Saint Paul,0.8625,0.7859
49758.0,49758.0,,21563.0,,,,,,17519.0,19312.0,19862.0,22036.0,26483.0,27.0,4.0,11.0,1000.0,11636.0,2350.0,11636.0,2350.0,2350.0,2.0,3.0,0.9407,2393.0,,0.3582,0.5936,133127196.0,129354437.0,10.0,1190.0,0.6513,0.576877235,0.59018143,0.603996367,0.740400668,24181.0,20000.0,20000.0,19064.0,59282.0,12300.0,40528.0,84277.0,82900.0,52795.0,15300.0,34942.0,74808.0,70700.0,0.5116,St Catherine University,Saint Paul,0.7813,0.6131
10304.0,10304.0,14760.0,,9440.0,11263.0,12810.0,16813.0,19513.0,,,,,,27.0,4.0,33.0,1200.0,10666.0,3542.0,10666.0,3542.0,3542.0,1.0,3.0,0.6894,2045.0,,0.1081,0.1532,14181000.0,18238000.0,16.0,1020.0,0.4407,0.387722132,0.45648855,0.610108303,0.763888889,20500.0,13947.0,13743.0,15000.0,51342.0,12600.0,35692.0,69380.0,62800.0,43282.0,10600.0,29674.0,57080.0,50900.0,0.2948,Southwest Minnesota State University,Marshall,0.6959,0.4865
10498.0,17230.0,18148.0,,11400.0,12486.0,15495.0,19388.0,21306.0,,,,,,27.0,4.0,32.0,900.0,9924.0,2640.0,9924.0,2640.0,2640.0,1.0,3.0,0.6852,5088.0,,0.2349,0.517,52266000.0,55605000.0,15.0,1119.0,0.6089,0.592760181,0.592896175,0.718033692,0.819923372,21500.0,14000.0,15000.0,15000.0,58532.0,17000.0,43033.0,77702.0,74700.0,51288.0,13800.0,37306.0,69204.0,59700.0,0.4495,Winona State University,Winona,0.7753,0.6281
14160.0,14160.0,,27662.0,,,,,,26358.0,27698.0,29152.0,29636.0,25559.0,25.0,1.0,21.0,1800.0,11802.0,4500.0,16100.0,6000.0,4500.0,2.0,3.0,,89.0,,0.6319,0.5055,703509.0,707796.0,9.0,,0.5085,0.377192982,0.347107438,0.438271605,0.617647059,25000.0,17875.0,16563.0,16250.0,42210.0,,25071.0,68194.0,,34408.0,,20635.0,46366.0,,0.4286,Northpoint Bible College,Haverhill,0.1852,0.5294
8600.0,8600.0,,4913.0,,,,,,5184.0,7620.0,4417.0,,,26.0,3.0,21.0,300.0,5000.0,6000.0,15600.0,8000.0,9800.0,2.0,3.0,0.9259,71.0,,0.3824,0.0,,,12.0,,0.4615,,,,,,,,,,,,,,,,,,,0.4615,Yeshiva Gedolah of Greater Detroit,Oak Park,0.8095,0.0714
14436.0,14436.0,,18305.0,,,,,,17901.0,17057.0,20489.0,22029.0,,27.0,4.0,11.0,422.0,,,6870.0,1092.0,1092.0,3.0,3.0,,16173.0,,0.3657,0.4559,,,36.0,,0.3333,0.217056022,0.210255262,0.246137677,0.513157895,14968.0,8151.0,9178.0,9375.0,42189.0,17600.0,20330.0,69019.0,138200.0,48500.0,12500.0,27928.0,78472.0,109500.0,0.25,Capella University,Minneapolis,0.2273,0.5
13920.0,13920.0,,18092.0,,,,,,18092.0,,,,,24.0,2.0,21.0,675.0,,,9438.0,1125.0,1125.0,3.0,3.0,,1177.0,,0.5955,0.121,,,39.0,,0.0,0.133444207,0.154570325,0.170581897,0.337864078,40621.0,12667.0,20636.0,22364.0,40092.0,11500.0,20698.0,62129.0,106500.0,36582.0,9600.0,18625.0,56532.0,83200.0,0.0,Strayer University-Maryland,Suitland,0.6,0.2222
11100.0,11100.0,,2200.0,,,,,,2200.0,,,,,24.0,2.0,21.0,200.0,12500.0,2000.0,12500.0,2000.0,2000.0,2.0,3.0,,57.0,,0.186,0.0,,,8.0,,0.5,,,,,,,,,,,,,,,,,,,0.5,Yeshiva College of the Nations Capital,Silver  Spring,0.7,0.2857
,,,,,,,,,,,,,,22.0,5.0,12.0,,,,,,,1.0,3.0,,20.0,,0.1739,0.4348,202049403.0,217609822.0,3.0,,,,,0.775510204,PS,,,,,74671.0,,56135.0,100901.0,,65160.0,38000.0,57840.0,81265.0,129000.0,,Louisiana State University Health Sciences Center-Shreveport,Shreveport,,
,,,,,,,,,,,,,,22.0,5.0,12.0,,,,,,,1.0,3.0,,648.0,,,,2096525.0,2232862.0,21.0,,,0.258175559,0.362537764,0.576451078,0.68988955,29251.0,15250.0,15000.0,16750.0,43371.0,9400.0,24178.0,63976.0,66900.0,33033.0,6600.0,17611.0,50784.0,54300.0,,Southern University Law Center,Baton Rouge,0.6011,
64458.0,64458.0,,20575.0,,,,,,7058.0,4690.0,13333.0,21098.0,46317.0,25.0,1.0,21.0,216.0,19820.0,1980.0,,,,2.0,3.0,0.2166,373.0,,0.1347,0.2202,419073000.0,409756000.0,9.0,1540.0,0.9222,,,PS,PS,19500.0,,,15925.0,129455.0,,,,,105483.0,,81838.0,147135.0,,0.7333,Franklin W Olin College of Engineering,Needham,0.9867,0.9737
14400.0,14400.0,12785.0,,3010.0,4452.0,3168.0,16790.0,24800.0,,,,,,27.0,4.0,12.0,1000.0,12990.0,2310.0,12990.0,2310.0,2310.0,1.0,3.0,0.7183,568.0,,0.3556,0.4937,1135858.0,1168550.0,13.0,1220.0,0.5691,0.733665658,0.748058671,0.711148351,0.789753826,19500.0,13990.0,15669.0,17750.0,69020.0,16100.0,47150.0,97410.0,91600.0,57984.0,13100.0,39424.0,79600.0,72400.0,0.5266,University of Minnesota-Rochester,Rochester,0.7211,0.4659
16398.0,16398.0,,19960.0,,,,,,19227.0,19752.0,21973.0,23457.0,,21.0,5.0,11.0,1000.0,,,8136.0,4626.0,3150.0,2.0,3.0,0.9821,381.0,,0.4304,0.3207,,,8.0,,0.34,0.136363636,,,,,,,,,,,,,22732.0,,11710.0,38604.0,,0.04,Simmons College of Kentucky,Louisville,0.5135,0.5714
,,,,,,,,,,,,,,25.0,1.0,12.0,,,,,,,2.0,3.0,,254.0,,0.5621,0.7614,,,7.0,,,0.561844864,0.598796389,0.488715634,0.588419405,26250.0,20315.0,23000.0,25000.0,48036.0,13200.0,29321.0,69087.0,83100.0,43692.0,10900.0,26171.0,61716.0,67400.0,,Springfield College-Regional Online and Continuing Education,Springfield,,
13100.0,13100.0,,9482.0,,,,,,9361.0,7238.0,9612.0,12825.0,,24.0,2.0,21.0,200.0,6000.0,5000.0,,,,2.0,3.0,1.0,91.0,,0.4651,0.0,,,14.0,,0.12,,,,,,,,,,,,,,,,,,,0.12,Bais HaMedrash and Mesivta of Baltimore,Baltimore,0.84,0.5455
,,,,,,,,,,,,,,25.0,1.0,11.0,,,,,,,2.0,3.0,,1674.0,,0.0428,0.0831,107279004.0,117065947.0,14.0,,,0.735017123,0.692244898,0.752573596,0.833333333,24250.0,21950.0,22601.0,21500.0,92538.0,18800.0,61560.0,135313.0,112700.0,78413.0,15700.0,52640.0,103012.0,85600.0,,Northeastern University Professional Programs,Boston,,
7144.0,7144.0,,,,,,,,,,,,,27.0,4.0,11.0,500.0,7000.0,500.0,6000.0,600.0,600.0,2.0,3.0,,92.0,,0.0,0.0,106518.0,126971.0,14.0,,0.5,,,,,,,,,,,,,,,,,,,0.3333,Bethlehem College & Seminary,Minneapolis,1.0,0.6087
20700.0,20700.0,,20833.0,,,,,,20938.0,20555.0,21689.0,21481.0,19542.0,27.0,4.0,13.0,500.0,4930.0,4542.0,12184.0,9832.0,9832.0,2.0,3.0,0.9388,162.0,,0.4685,0.4595,,,10.0,,0.6119,0.744186047,,,,12000.0,10500.0,12000.0,12000.0,,,,,,34385.0,,23500.0,44405.0,,0.3182,Bethany Global University,Bloomington,0.561,0.5581
19686.0,19686.0,,26870.0,,,,,,,,26870.0,,,26.0,3.0,13.0,600.0,,,14540.0,7808.0,7808.0,3.0,3.0,0.8889,643.0,,0.4474,0.7991,,,10.0,,,0.49228169,0.503994394,0.541874536,0.622781457,20919.0,16577.0,15795.0,17250.0,92405.0,13200.0,66826.0,120947.0,94100.0,84533.0,27800.0,62630.0,108596.0,98800.0,,Chamberlain University-Michigan,Troy,0.0,
22194.0,22194.0,,20798.0,,,,,,14178.0,15745.0,16854.0,21654.0,25766.0,23.0,1.0,13.0,1150.0,11964.0,1800.0,11000.0,2450.0,2450.0,2.0,3.0,0.8643,2395.0,,0.3466,0.6962,24236195.0,28156898.0,17.0,1110.0,0.5667,0.521798365,0.536516854,0.563455658,0.725598527,27000.0,22215.0,20500.0,22041.0,45025.0,12100.0,27453.0,69617.0,73700.0,41554.0,7600.0,24585.0,63753.0,56400.0,0.3693,Husson University,Bangor,0.7634,0.5495
9300.0,9300.0,,11230.0,,,,,,8908.0,7610.0,10337.0,20667.0,,24.0,2.0,11.0,300.0,,,16700.0,6000.0,12800.0,2.0,3.0,0.9615,141.0,,0.2428,0.0,,,9.0,,1.0,,,,,,,,,,,,,,,,,,,1.0,Women's Institute of Torah Seminary and College,Baltimore,0.96,0.6667
19686.0,19686.0,,36972.0,,,,,,36972.0,,,,,22.0,5.0,21.0,600.0,,,14540.0,7808.0,7808.0,3.0,3.0,0.9091,516.0,,0.3616,0.5781,,,16.0,,,0.49228169,0.503994394,0.541874536,0.622781457,20919.0,16577.0,15795.0,17250.0,92405.0,13200.0,66826.0,120947.0,94100.0,84533.0,27800.0,62630.0,108596.0,98800.0,,Chamberlain University-Louisiana,Jefferson,1.0,
6600.0,6600.0,,,,,,,,,,,,,22.0,5.0,11.0,150.0,,,14280.0,2992.0,6024.0,2.0,3.0,,108.0,,0.4262,0.0,,,3.0,,,,,,,,,,,,,,,,,,,,,,Bridges Christian College,New Orleans,0.5,
23760.0,23760.0,,33553.0,,,,,,33141.0,32926.0,38951.0,,38951.0,26.0,3.0,13.0,,,,11844.0,10503.0,7037.0,3.0,3.0,1.0,415.0,,0.6667,0.8081,,,20.0,,,0.586859688,0.590994371,0.261904762,0.337078652,9500.0,9500.0,9500.0,10250.0,34657.0,5100.0,17281.0,48422.0,45700.0,32840.0,4000.0,17567.0,43637.0,39100.0,,Arizona College of Nursing-Southfield,Southfield,0.6957,
8549.0,8549.0,14040.0,,13010.0,14640.0,16450.0,17658.0,12089.0,,,,,,28.0,5.0,43.0,1672.0,10255.0,3268.0,10255.0,4746.0,4746.0,1.0,3.0,0.2466,2290.0,,0.7742,0.7055,20252468.0,19282933.0,16.0,1039.0,0.4615,0.321864595,0.323333333,0.340782123,0.462809917,27000.0,18929.0,15000.0,12000.0,36421.0,8000.0,19114.0,56491.0,65000.0,27752.0,5600.0,14705.0,44279.0,56600.0,0.3475,Alcorn State University,Alcorn State,0.7908,0.4305
29195.0,29195.0,,22078.0,,,,,,16855.0,17039.0,24853.0,28359.0,25276.0,28.0,5.0,12.0,650.0,9400.0,1000.0,6500.0,1000.0,4000.0,2.0,3.0,0.5325,1370.0,,0.4454,0.6536,6552352.0,7137355.0,13.0,1050.0,0.5113,0.440860215,0.430609598,0.445264453,0.548183254,26333.0,18817.0,19000.0,15000.0,46440.0,9700.0,30699.0,66973.0,72900.0,38987.0,7400.0,21939.0,56466.0,60100.0,0.3727,Belhaven University,Jackson,0.6887,0.5447
19280.0,19280.0,,18062.0,,,,,,14058.0,15675.0,18309.0,19476.0,23067.0,28.0,5.0,42.0,1200.0,9040.0,3738.0,9040.0,4506.0,4506.0,2.0,3.0,1.0,536.0,,0.2623,0.3094,18062246.0,19210598.0,15.0,1047.0,0.512,0.484126984,0.272222222,0.565957447,0.68,18534.0,13891.0,13875.0,12388.0,40421.0,10200.0,28608.0,51437.0,49800.0,35401.0,11600.0,26664.0,46528.0,37900.0,0.44,Blue Mountain Christian University,Blue Mountain,0.7444,0.5818
8605.0,8605.0,13778.0,,11183.0,11200.0,15514.0,17418.0,17117.0,,,,,,28.0,5.0,33.0,1500.0,8427.0,4000.0,8500.0,5000.0,4200.0,1.0,3.0,0.9968,1613.0,,0.4314,0.4944,34370961.0,35794484.0,11.0,1091.0,0.4686,0.383008357,0.219072165,0.522839072,0.647558386,20390.0,15000.0,15000.0,14806.0,41991.0,8400.0,24798.0,59444.0,66300.0,36265.0,7900.0,21555.0,49869.0,54000.0,0.305,Delta State University,Cleveland,0.7358,0.4455
9090.0,10110.0,20191.0,,19018.0,19006.0,22679.0,26845.0,23333.0,,,,,,28.0,5.0,12.0,1400.0,11782.0,10716.0,11782.0,10716.0,10716.0,1.0,3.0,0.9103,4769.0,,0.6838,0.7804,48933270.0,54082842.0,15.0,974.0,0.3219,0.351160444,0.372609819,0.372774869,0.487139517,30470.0,26250.0,20914.0,18318.0,39060.0,9200.0,23528.0,56884.0,63100.0,30530.0,6100.0,16853.0,46019.0,47600.0,0.1899,Jackson State University,Jackson,0.6845,0.4111
43815.0,43815.0,,25291.0,,,,,,20651.0,20231.0,26671.0,26007.0,32686.0,28.0,5.0,12.0,650.0,14210.0,1792.0,14058.0,1944.0,1944.0,2.0,3.0,0.4903,580.0,,0.3557,0.6124,98495928.0,103359546.0,9.0,,0.5546,0.176470588,0.6875,0.750809062,0.797297297,27000.0,18250.0,16162.0,21500.0,53848.0,13800.0,36701.0,83784.0,89800.0,46137.0,9100.0,29122.0,65844.0,67200.0,0.5775,Millsaps College,Jackson,0.7348,0.6154
9412.0,26980.0,13164.0,,8030.0,9213.0,15525.0,19319.0,20769.0,,,,,,28.0,5.0,33.0,1200.0,12040.0,6300.0,12400.0,6300.0,6300.0,1.0,3.0,0.9778,18995.0,,0.2241,0.3292,780800661.0,835676847.0,17.0,1187.0,0.6849,0.473365966,0.494428152,0.592392392,0.711319218,20000.0,16500.0,15000.0,15000.0,50994.0,13200.0,33733.0,78452.0,96700.0,45336.0,11000.0,29482.0,65926.0,72300.0,0.552,University of Mississippi,University,0.8793,0.6964
8092.0,8092.0,13198.0,,11376.0,13027.0,11964.0,18894.0,18012.0,,,,,,28.0,5.0,33.0,1600.0,8387.0,4800.0,8400.0,4800.0,4800.0,1.0,3.0,1.0,1593.0,,0.4159,0.4087,61567784.0,65481234.0,10.0,1050.0,0.3779,0.584131327,0.58839779,0.531827515,0.627478754,15000.0,15800.0,12500.0,12500.0,46128.0,9800.0,30451.0,71918.0,73400.0,47458.0,7900.0,29705.0,79608.0,58200.0,0.2442,Mississippi University for Women,Columbus,0.7167,0.4549
7912.0,7912.0,11812.0,,11034.0,12613.0,14074.0,12513.0,10335.0,,,,,,28.0,5.0,42.0,2000.0,8112.0,3130.0,8956.0,5695.0,5415.0,1.0,3.0,0.5116,1326.0,,0.5955,0.5393,3263283.0,3697118.0,13.0,910.0,0.2214,0.11323764,0.199134199,0.356989247,0.43537415,28413.0,21113.0,17000.0,13000.0,31919.0,5300.0,20156.0,47197.0,46600.0,25817.0,4300.0,13731.0,41111.0,39400.0,0.1393,Mississippi Valley State University,Itta Bena,0.5756,0.2764
21698.0,21698.0,,20911.0,,,,,,18767.0,17892.0,22204.0,24054.0,22565.0,28.0,5.0,21.0,1800.0,12700.0,5167.0,13037.0,5583.0,5339.0,2.0,3.0,0.4887,2423.0,,0.2617,0.3477,102545404.0,99277607.0,14.0,1120.0,0.6281,0.514726508,0.515191546,0.586941093,0.705794948,22500.0,15750.0,17000.0,19500.0,47485.0,11700.0,30526.0,70680.0,77200.0,42011.0,10000.0,27884.0,59647.0,58800.0,0.5374,Mississippi College,Clinton,0.8027,0.629
9815.0,26580.0,15501.0,,11968.0,12879.0,16750.0,19608.0,20463.0,,,,,,28.0,5.0,33.0,1200.0,12293.0,6146.0,12516.0,6146.0,6146.0,1.0,3.0,0.7632,18092.0,,0.2864,0.392,639484617.0,709409459.0,16.0,1220.0,0.6291,0.494047619,0.547531735,0.60818608,0.751021925,22142.0,16750.0,15295.0,16500.0,51513.0,14400.0,33648.0,77474.0,82500.0,43487.0,10200.0,28834.0,64050.0,61900.0,0.4279,Mississippi State University,Mississippi State,0.8285,0.6132
13840.0,13840.0,,8751.0,,,,,,8487.0,7178.0,11635.0,9226.0,7027.0,28.0,5.0,32.0,500.0,5980.0,3000.0,4400.0,2850.0,2950.0,2.0,3.0,0.3469,428.0,,0.6876,0.6346,42759949.0,45787334.0,11.0,,0.2695,0.249211356,0.290410959,0.180354267,0.298245614,26159.0,13932.0,12000.0,15000.0,32275.0,6200.0,18916.0,47214.0,45200.0,25641.0,2800.0,13188.0,37940.0,34100.0,0.2411,Rust College,Holly Springs,0.0952,0.2468
9618.0,11618.0,14224.0,,12798.0,11574.0,16248.0,18212.0,19561.0,,,,,,28.0,5.0,13.0,840.0,11664.0,4980.0,9868.0,5196.0,5480.0,1.0,3.0,0.9938,9899.0,,0.4659,0.4999,130594735.0,140221302.0,15.0,1120.0,0.5058,0.219636595,0.375221239,0.518114222,0.651006711,22500.0,14550.0,14000.0,14000.0,44140.0,10400.0,28070.0,66054.0,74400.0,37710.0,9300.0,23698.0,54205.0,56800.0,0.3437,University of Southern Mississippi,Hattiesburg,0.705,0.5331
11398.0,11398.0,,15663.0,,,,,,14824.0,15342.0,21637.0,21470.0,22070.0,28.0,5.0,12.0,1400.0,7544.0,4440.0,6400.0,4400.0,4400.0,2.0,3.0,0.5319,681.0,,0.618,0.5799,26434602.0,27120612.0,14.0,,0.3231,0.195238095,0.411764706,0.357917571,0.545454546,30046.0,25000.0,21486.0,15830.0,34724.0,8000.0,20123.0,51844.0,61500.0,25777.0,4900.0,12202.0,38817.0,44700.0,0.2974,Tougaloo College,Tougaloo,0.7109,0.3506
14685.0,14685.0,,17052.0,,,,,,15423.0,16219.0,15717.0,18865.0,19800.0,28.0,5.0,13.0,1899.0,7599.0,6885.0,7599.0,6885.0,6885.0,2.0,3.0,0.5797,1818.0,,0.2458,0.2549,28399508.0,30896691.0,13.0,1120.0,0.4083,0.397333333,0.445767196,0.537078652,0.638297872,20832.0,16666.0,15295.0,15000.0,43087.0,8200.0,26279.0,65483.0,72500.0,37639.0,6700.0,21335.0,55663.0,64500.0,0.3195,William Carey University,Hattiesburg,0.8035,0.607
38672.0,38672.0,,16939.0,,,,,,13998.0,13672.0,15084.0,19985.0,20868.0,29.0,4.0,11.0,1190.0,9065.0,3410.0,10846.0,3410.0,3410.0,2.0,3.0,0.5954,1192.0,,0.4908,0.8517,16273905.0,15093619.0,13.0,942.0,0.4262,0.437799043,0.523041475,0.452784504,0.612068966,25000.0,19000.0,18250.0,19500.0,52773.0,13200.0,36172.0,75165.0,75600.0,48975.0,11400.0,31964.0,67070.0,57300.0,0.2623,Avila University,Kansas City,0.6831,0.396
16230.0,16230.0,,21887.0,,,,,,19958.0,19855.0,22326.0,23839.0,24482.0,29.0,4.0,12.0,1100.0,8260.0,4500.0,7000.0,4100.0,8500.0,2.0,3.0,,342.0,,0.4891,0.7117,385695.0,415784.0,12.0,,0.3824,0.308411215,0.348314607,0.508,0.636363636,26168.0,13000.0,13500.0,20500.0,38641.0,4400.0,25006.0,52102.0,62600.0,30600.0,6000.0,17262.0,43868.0,41400.0,0.2353,Mission University,Springfield,0.7049,0.3068
15599.0,15599.0,,,,,,,,,,,,,29.0,4.0,12.0,1700.0,,,12576.0,2752.0,1472.0,2.0,3.0,0.7143,634.0,,0.3491,0.7411,,,8.0,,1.0,0.72246696,0.600719424,0.538752363,0.721254355,20000.0,18750.0,18240.0,17000.0,56867.0,16700.0,32349.0,78575.0,69900.0,58703.0,10500.0,38233.0,78566.0,60700.0,0.0,Cox College,Springfield,,0.0
13692.0,13692.0,,12860.0,,,,,,9571.0,11240.0,14497.0,16007.0,16444.0,29.0,4.0,11.0,794.0,6304.0,1680.0,14835.0,13155.0,5598.0,2.0,3.0,0.7091,170.0,,0.3584,0.2699,529932.0,453110.0,8.0,1008.0,0.5263,0.230769231,0.375,0.481481482,0.628571429,20839.0,10927.0,11806.0,18625.0,45421.0,,29708.0,66219.0,,33144.0,,14704.0,47471.0,,0.3529,Calvary University,Kansas City,0.6154,0.3704
11200.0,11200.0,,13866.0,,,,,,12073.0,10293.0,13446.0,18725.0,19788.0,29.0,4.0,32.0,1240.0,9400.0,2965.0,13576.0,11629.0,11629.0,2.0,3.0,,145.0,,0.5316,0.462,1634652.0,2090766.0,10.0,,0.4091,0.341176471,0.326732673,0.504545455,0.64,17500.0,11000.0,8911.0,11000.0,34675.0,,21423.0,48802.0,,30223.0,3700.0,15793.0,43268.0,41100.0,0.2121,Central Christian College of the Bible,Moberly,0.8,0.5152
27140.0,27140.0,,25477.0,,,,,,22570.0,24407.0,24195.0,28138.0,28601.0,29.0,4.0,42.0,1000.0,8910.0,7350.0,8140.0,7350.0,7350.0,2.0,3.0,0.879,1015.0,,0.3698,0.6386,45882023.0,48306495.0,11.0,1090.0,0.525,0.424686192,0.470531401,0.542635659,0.63002681,17619.0,12876.0,13750.0,13100.0,48991.0,11200.0,34222.0,74400.0,58200.0,43860.0,11200.0,31377.0,69089.0,53300.0,0.437,Central Methodist University-College of Liberal Arts and Sciences,Fayette,0.6473,0.5018
9739.0,18064.0,15336.0,,11862.0,12458.0,14997.0,17915.0,18752.0,,,,,,29.0,4.0,32.0,1250.0,10206.0,2608.0,10206.0,2608.0,3030.0,1.0,3.0,0.6861,5653.0,,0.2565,0.3619,65431590.0,73753612.0,19.0,1090.0,0.494,0.504266212,0.50726979,0.475985354,0.619831036,21000.0,15508.0,16500.0,15500.0,49560.0,11500.0,34032.0,71073.0,72300.0,41593.0,10100.0,28090.0,58968.0,53300.0,0.3604,University of Central Missouri,Warrensburg,0.704,0.532
24326.0,24326.0,,24051.0,,,,,,26212.0,21960.0,24477.0,21728.0,21856.0,29.0,4.0,12.0,480.0,8874.0,5248.0,8874.0,5280.0,5248.0,2.0,3.0,,5359.0,,0.4412,0.4259,179655066.0,169372373.0,20.0,,0.4567,0.221202608,0.26191349,0.27749731,0.510405257,23879.0,14250.0,15750.0,14289.0,45378.0,9900.0,26967.0,67837.0,79300.0,40747.0,7700.0,22555.0,59021.0,63400.0,0.3042,Columbia College,Columbia,0.674,0.2814
25208.0,25208.0,,33216.0,,,,,,,,33216.0,,,29.0,4.0,43.0,650.0,14990.0,1850.0,,,,2.0,3.0,1.0,32.0,,0.1154,0.1923,8297243.0,8380469.0,5.0,1250.0,0.6429,,0.5,PS,PS,,,,,50430.0,,36254.0,63401.0,,33606.0,,22197.0,46141.0,,0.6429,Conception Seminary College,Conception,1.0,0.3684
26209.0,26209.0,,18154.0,,,,,,17399.0,16718.0,18588.0,18591.0,20118.0,29.0,4.0,33.0,1188.0,9450.0,2808.0,8032.0,2808.0,2808.0,2.0,3.0,0.6631,266.0,,0.4534,0.5627,106709123.0,110107244.0,6.0,1190.0,0.6145,0.472,0.490196078,0.54368932,0.666666667,19043.0,9500.0,9125.0,12000.0,35422.0,7500.0,20139.0,54483.0,52800.0,32903.0,6400.0,20763.0,45453.0,42900.0,0.3833,Cottey College,Nevada,0.6129,0.7391
29915.0,29915.0,,22080.0,,,,,,16859.0,18483.0,22385.0,24019.0,24597.0,29.0,4.0,43.0,1100.0,9505.0,3948.0,9874.0,5560.0,5460.0,2.0,3.0,0.98,884.0,,0.3578,0.6789,34714829.0,38248482.0,17.0,1020.0,0.5017,0.481967213,0.52233677,0.447154472,0.579787234,26000.0,14875.0,16000.0,15000.0,46092.0,13800.0,32798.0,61858.0,68300.0,40673.0,12400.0,27288.0,55191.0,50800.0,0.4323,Culver-Stockton College,Canton,0.673,0.4923
35235.0,35235.0,,21523.0,,,,,,17073.0,17104.0,19602.0,23003.0,25628.0,29.0,4.0,12.0,1200.0,10486.0,3700.0,10486.0,3700.0,3700.0,2.0,3.0,0.5887,1367.0,,0.272,0.528,96442572.0,84107752.0,13.0,1212.0,0.6602,0.351981352,0.374743326,0.399568966,0.563436563,20979.0,12500.0,12000.0,15250.0,40694.0,7400.0,22819.0,61963.0,66800.0,37508.0,5900.0,22351.0,53946.0,49400.0,0.4345,Drury University,Springfield,0.7711,0.6064
27192.0,27192.0,,18705.0,,,,,,13335.0,16026.0,18882.0,19692.0,21472.0,29.0,4.0,12.0,816.0,9176.0,3736.0,7264.0,3736.0,3736.0,2.0,3.0,0.693,1205.0,,0.3612,0.8989,23680777.0,24074556.0,12.0,,0.648,0.512658228,0.575031526,0.573321555,0.696324952,24736.0,15764.0,18750.0,18196.0,46573.0,6100.0,30919.0,66982.0,65700.0,39332.0,6900.0,25411.0,52047.0,55700.0,0.5391,Evangel University,Springfield,0.793,0.5762
28976.0,28976.0,,18251.0,,,,,,13464.0,14682.0,20742.0,23296.0,25373.0,29.0,4.0,21.0,1000.0,11232.0,5594.0,8600.0,7428.0,7428.0,2.0,3.0,0.9503,632.0,,0.4795,0.6462,14138749.0,10570311.0,9.0,,0.5683,0.578571429,0.644859813,0.43620178,0.55010225,25000.0,18730.0,15000.0,17750.0,48825.0,12400.0,33436.0,68930.0,81800.0,44150.0,11300.0,33177.0,58779.0,64500.0,0.4388,Fontbonne University,Saint Louis,0.6409,0.618
26880.0,26880.0,,21123.0,,,,,,9571.0,12221.0,19304.0,22094.0,23435.0,29.0,4.0,33.0,1200.0,9400.0,3600.0,9000.0,5300.0,5300.0,2.0,3.0,0.5874,381.0,,0.2935,0.4391,10060790.0,10367549.0,7.0,1020.0,0.4431,0.509090909,0.468227425,0.581081081,0.698473282,18599.0,12707.0,15000.0,15000.0,42643.0,12800.0,31422.0,63797.0,64400.0,41185.0,9000.0,30840.0,57546.0,49300.0,0.3133,Hannibal-LaGrange University,Hannibal,0.7925,0.3611
6442.0,11074.0,13459.0,,12412.0,13088.0,15521.0,19501.0,19616.0,,,,,,29.0,4.0,11.0,800.0,10084.0,7914.0,8926.0,7914.0,7914.0,1.0,3.0,,1086.0,,0.7288,0.6153,1613116.0,3334255.0,14.0,,0.2741,0.187739464,0.198492462,0.153266332,0.399038462,25930.0,13914.0,13000.0,10500.0,31088.0,6100.0,15173.0,46993.0,53900.0,26634.0,3900.0,14198.0,40920.0,43200.0,0.1351,Harris-Stowe State University,Saint Louis,0.6856,0.2151
,,,,,,,,,,,,,,29.0,4.0,11.0,,,,,,,2.0,3.0,,426.0,,0.2458,0.6651,41674716.0,39204990.0,6.0,,,0.880466472,0.90625,0.799709724,0.839669422,16750.0,20924.0,15000.0,15000.0,84393.0,18800.0,56864.0,107437.0,84600.0,71761.0,18400.0,58353.0,87439.0,75200.0,,Barnes-Jewish College Goldfarb School of Nursing,Saint Louis,,
43550.0,43550.0,,29555.0,,,,,,27374.0,25954.0,27533.0,29454.0,34880.0,29.0,4.0,11.0,800.0,12900.0,2050.0,10000.0,3300.0,2900.0,2.0,3.0,0.6035,782.0,,0.4173,0.7019,72034483.0,76784434.0,10.0,,0.6491,0.607734807,0.614973262,0.543956044,0.62962963,27000.0,25125.0,19682.0,19500.0,37032.0,3400.0,21301.0,53512.0,48400.0,25529.0,3700.0,14330.0,38069.0,45600.0,0.5263,Kansas City Art Institute,Kansas City,0.754,0.6207
9290.0,16882.0,12484.0,,9052.0,10454.0,18340.0,19355.0,21265.0,,,,,,29.0,4.0,13.0,2000.0,10552.0,3554.0,7524.0,3864.0,3624.0,1.0,3.0,,1357.0,,0.463,0.4665,2852874.0,3130947.0,13.0,,0.221,0.240659341,0.277936963,0.257636888,0.487414188,28875.0,21000.0,14868.0,20250.0,39463.0,6900.0,24649.0,56230.0,57700.0,32185.0,5000.0,18607.0,46572.0,46600.0,0.1038,Lincoln University,Jefferson City,0.5046,0.2799
21100.0,21100.0,,18516.0,,,,,,14581.0,15129.0,17960.0,18796.0,20715.0,29.0,4.0,13.0,1400.0,10800.0,2900.0,16200.0,2900.0,2900.0,2.0,3.0,0.6586,4748.0,,0.2889,0.5181,184148418.0,188685883.0,13.0,1120.0,0.5032,0.464899362,0.482708934,0.460751665,0.589108911,26000.0,21875.0,20825.0,20000.0,53278.0,12200.0,35718.0,77533.0,76800.0,45711.0,10400.0,30054.0,63992.0,61400.0,0.3747,Lindenwood University,Saint Charles,0.7306,0.5378
9000.0,9000.0,,18094.0,,,,,,10517.0,24276.0,10034.0,20426.0,24276.0,29.0,4.0,21.0,1500.0,,,11848.0,10504.0,10504.0,2.0,3.0,0.9,258.0,,0.4,0.6452,29747996.0,29970825.0,9.0,998.0,0.0,0.595744681,0.578947368,0.428571429,0.396551724,10250.0,7120.0,8923.0,9540.0,55838.0,6700.0,24680.0,89221.0,89200.0,42378.0,6400.0,17409.0,62907.0,78100.0,0.0,Logan University,Chesterfield,0.5,
27166.0,27166.0,,26047.0,,,,,,21213.0,21377.0,23346.0,28455.0,30216.0,29.0,4.0,21.0,,13300.0,4300.0,12000.0,5600.0,5600.0,2.0,3.0,0.9369,5988.0,,0.3555,0.5426,68302541.0,68824391.0,13.0,,0.7152,0.552447552,0.589984351,0.538461539,0.702811245,22000.0,9000.0,10600.0,13000.0,62105.0,15500.0,42105.0,83389.0,83900.0,55047.0,14100.0,37098.0,72311.0,67900.0,0.6142,Maryville University of Saint Louis,Saint Louis,0.8273,0.7402
9400.0,9400.0,,25140.0,,,,,,23177.0,25389.0,25809.0,26718.0,31765.0,29.0,4.0,11.0,1004.0,11310.0,4464.0,13839.0,5585.0,5585.0,2.0,3.0,0.9433,791.0,,0.3092,0.2626,26749841.0,30581377.0,16.0,,0.7,0.351851852,0.586206897,0.62962963,PS,15675.0,10125.0,11000.0,7375.0,50535.0,,33088.0,65816.0,,39712.0,,25011.0,57888.0,,0.3333,Midwestern Baptist Theological Seminary,Kansas City,0.6452,0.3636
33122.0,33122.0,,25807.0,,,,,,23437.0,24367.0,24627.0,26652.0,27950.0,29.0,4.0,21.0,1298.0,14340.0,3260.0,9466.0,4843.0,4843.0,2.0,3.0,0.641,1452.0,,0.1271,0.2285,4702162.0,4879038.0,21.0,983.0,0.4819,0.456810631,0.480541455,0.438045375,0.593824228,22500.0,19000.0,18098.0,15000.0,46660.0,10100.0,33739.0,66153.0,60000.0,38997.0,8000.0,26552.0,55483.0,52800.0,0.3347,Missouri Baptist University,Saint Louis,0.6656,0.4229
8400.0,16800.0,11653.0,,9021.0,10467.0,12646.0,15035.0,15196.0,,,,,,29.0,4.0,13.0,1020.0,7172.0,3459.0,8141.0,7279.0,4069.0,1.0,3.0,0.9744,3101.0,,0.3497,0.3453,41148112.0,48547412.0,16.0,1090.0,0.3833,0.307392996,0.366275052,0.42638484,0.609544469,19174.0,11000.0,12070.0,12500.0,42620.0,9100.0,27146.0,61890.0,63500.0,37866.0,7100.0,24118.0,54253.0,50300.0,0.2304,Missouri Southern State University,Joplin,0.6964,0.3759
23000.0,23000.0,,17945.0,,,,,,15550.0,17802.0,17712.0,21033.0,20044.0,29.0,4.0,33.0,2000.0,10500.0,2400.0,8420.0,5310.0,5310.0,2.0,3.0,0.5269,1274.0,,0.2991,0.4111,11181713.0,11820604.0,16.0,1018.0,0.2448,0.253438114,0.213051823,0.368681863,0.585964912,25950.0,9500.0,9500.0,12000.0,43221.0,8500.0,26201.0,62900.0,65100.0,36902.0,6900.0,24606.0,52312.0,48700.0,0.1823,Missouri Valley College,Marshall,0.5305,0.2477
9800.0,17500.0,12638.0,,10342.0,11014.0,12834.0,16231.0,17619.0,,,,,,29.0,4.0,13.0,1000.0,10975.0,2870.0,10975.0,2870.0,2870.0,1.0,3.0,,2372.0,,0.2817,0.3033,34756187.0,36657605.0,14.0,,0.398,0.331450094,0.342683851,0.413665433,0.645125958,19968.0,12000.0,11000.0,12000.0,42647.0,8800.0,26153.0,62659.0,65500.0,37499.0,6600.0,23645.0,52421.0,52300.0,0.2402,Missouri Western State University,Saint Joseph,0.5928,0.394
14130.0,34338.0,19889.0,,13599.0,13676.0,15707.0,21455.0,24637.0,,,,,,29.0,4.0,12.0,950.0,13550.0,3642.0,13550.0,3642.0,3778.0,1.0,3.0,0.7702,23118.0,,0.201,0.3493,1314188649.0,1358166509.0,17.0,1247.0,0.7618,0.622676153,0.664903744,0.649910873,0.766093053,20500.0,15000.0,15750.0,17500.0,63403.0,16200.0,42277.0,90496.0,94700.0,52756.0,12500.0,35648.0,72158.0,64200.0,0.5639,University of Missouri-Columbia,Columbia,0.9131,0.7331
11988.0,28788.0,12837.0,,9214.0,9567.0,11602.0,18659.0,20762.0,,,,,,29.0,4.0,11.0,800.0,12118.0,4660.0,13058.0,5316.0,5316.0,1.0,3.0,0.7499,6618.0,,0.2498,0.2435,200936597.0,199982456.0,14.0,1230.0,0.5589,0.455615498,0.504472272,0.48451526,0.664015905,18750.0,16750.0,14000.0,14000.0,59637.0,11200.0,38427.0,87015.0,109500.0,50298.0,10900.0,32302.0,70867.0,75000.0,0.3513,University of Missouri-Kansas City,Kansas City,0.7745,0.5639
14278.0,31678.0,13773.0,,9530.0,10333.0,12585.0,16140.0,16558.0,,,,,,29.0,4.0,33.0,886.0,11762.0,2634.0,,,2634.0,1.0,3.0,0.7307,5467.0,,0.2075,0.4036,252819049.0,257946546.0,19.0,1287.0,0.636,0.520392749,0.656600518,0.768410361,0.908411215,23250.0,19250.0,19500.0,18750.0,82957.0,20800.0,53687.0,106938.0,100500.0,69295.0,15900.0,43323.0,86523.0,86200.0,0.2677,Missouri University of Science and Technology,Rolla,0.8607,0.6521
13440.0,33432.0,12323.0,,10019.0,9080.0,12980.0,19284.0,18260.0,,,,,,29.0,4.0,21.0,1000.0,13104.0,6562.0,13576.0,7914.0,7914.0,1.0,3.0,0.5716,5108.0,,0.1785,0.1988,113994621.0,117774495.0,13.0,1147.0,0.5687,0.533834586,0.569682152,0.468372001,0.621909633,20000.0,18987.0,16500.0,14582.0,53037.0,10800.0,34118.0,78222.0,79700.0,47564.0,10600.0,31834.0,66763.0,65000.0,0.3605,University of Missouri-St Louis,Saint Louis,0.6828,0.6028
9470.0,17870.0,12030.0,,7322.0,7585.0,11125.0,14616.0,15816.0,,,,,,29.0,4.0,33.0,1100.0,10701.0,4180.0,10701.0,4180.0,4180.0,1.0,3.0,0.7996,2666.0,,0.153,0.2753,58743168.0,62112973.0,12.0,1249.0,0.6839,0.556906077,0.65491453,0.732565191,0.815101646,21000.0,14000.0,16609.0,18000.0,56280.0,16100.0,39468.0,76912.0,78600.0,43966.0,11900.0,32179.0,60377.0,55600.0,0.5716,Truman State University,Kirksville,0.835,0.7253
10181.0,16623.0,14824.0,,11120.0,11907.0,13258.0,16939.0,19742.0,,,,,,29.0,4.0,33.0,400.0,11788.0,2576.0,11154.0,2576.0,2576.0,1.0,3.0,0.8591,4550.0,,0.2732,0.4683,42298771.0,44178767.0,19.0,1090.0,0.575,0.476831091,0.498138496,0.570218772,0.715589354,21500.0,13000.0,14250.0,15875.0,47885.0,15200.0,34086.0,66291.0,75800.0,41695.0,12100.0,28377.0,54224.0,50600.0,0.4347,Northwest Missouri State University,Maryville,0.7426,0.5186
15550.0,15550.0,,17931.0,,,,,,15279.0,15868.0,17578.0,18782.0,19161.0,29.0,4.0,13.0,800.0,9070.0,3182.0,9530.0,3762.0,3762.0,2.0,3.0,0.9819,612.0,,0.3849,0.5576,4991927.0,5078069.0,13.0,,0.6792,0.408450704,0.543269231,0.583617747,0.669642857,16772.0,9000.0,10403.0,9500.0,41297.0,5200.0,27607.0,56404.0,58300.0,32528.0,5000.0,21899.0,44534.0,44600.0,0.3564,Ozark Christian College,Joplin,0.7714,0.6015
21290.0,21290.0,,7669.0,,,,,,6214.0,6639.0,7275.0,10273.0,11397.0,29.0,4.0,32.0,1100.0,8500.0,2844.0,8472.0,4308.0,4308.0,2.0,3.0,0.1487,1415.0,,0.4364,0.0,586442373.0,567380345.0,14.0,1125.0,0.6131,0.635014837,0.710601719,,,,,,,41592.0,10000.0,29292.0,58758.0,60400.0,36507.0,7800.0,25346.0,50269.0,42700.0,0.4087,College of the Ozarks,Point Lookout,0.8827,0.6308
16400.0,16400.0,,15529.0,,,,,,13719.0,13687.0,15902.0,18737.0,18018.0,29.0,4.0,21.0,1200.0,8978.0,4000.0,11200.0,5500.0,5500.0,2.0,3.0,,5250.0,,0.3863,0.3131,52114851.0,56871387.0,13.0,,0.2996,0.371084337,0.393218846,0.4217119,0.562535694,21685.0,12500.0,12500.0,13272.0,56309.0,12300.0,36174.0,82603.0,86800.0,50550.0,11400.0,30815.0,69891.0,75900.0,0.1295,Park University,Parkville,0.5749,0.259
,,,,,,,,,,,,,,29.0,4.0,11.0,,,,,,,3.0,3.0,,249.0,,0.1762,0.4846,,,7.0,,,,,0.758389262,PS,13930.0,12500.0,12493.0,13965.0,85910.0,,65343.0,109600.0,,72771.0,23600.0,56308.0,88692.0,86200.0,,Research College of Nursing,Kansas City,,
43420.0,43420.0,,23165.0,,,,,,18557.0,20467.0,20581.0,22063.0,27784.0,29.0,4.0,11.0,2000.0,11540.0,5870.0,18018.0,5870.0,5870.0,2.0,3.0,0.6905,1702.0,,0.1933,0.3352,45733174.0,36005862.0,12.0,1218.0,0.7558,0.758474576,0.763345196,0.695187166,0.787524367,18250.0,12500.0,12500.0,14000.0,67102.0,15800.0,43076.0,88628.0,92100.0,61371.0,14200.0,43235.0,75319.0,69700.0,0.6907,Rockhurst University,Kansas City,0.8415,0.7421
53244.0,53244.0,,27075.0,,,,,,20869.0,20738.0,22950.0,26695.0,33177.0,29.0,4.0,11.0,1070.0,14570.0,5000.0,14570.0,5000.0,5000.0,2.0,3.0,0.8147,7324.0,,0.1537,0.3183,1343808415.0,1731282211.0,8.0,1326.0,0.7975,0.664502165,0.709835064,0.678297278,0.812012012,25000.0,19000.0,19500.0,20000.0,70783.0,19900.0,46594.0,97115.0,103400.0,60716.0,15000.0,40701.0,78817.0,73800.0,0.7288,Saint Louis University,Saint Louis,0.8873,0.8033
31920.0,31920.0,,33596.0,,,,,,27383.0,30342.0,29440.0,35407.0,36448.0,29.0,4.0,11.0,1200.0,15000.0,7212.0,12375.0,12688.0,9418.0,2.0,3.0,0.7513,274.0,,0.2879,0.6818,137232750.0,129667293.0,9.0,1150.0,0.7547,0.630331754,0.816593886,0.897368421,PS,17755.0,12500.0,15500.0,15750.0,137047.0,31800.0,98569.0,155836.0,147900.0,116360.0,29200.0,50767.0,137986.0,139700.0,0.6509,University of Health Sciences and Pharmacy in St. Louis,Saint Louis,0.6321,0.7713
28320.0,28320.0,,21082.0,,,,,,22672.0,18056.0,20785.0,21889.0,21292.0,29.0,4.0,32.0,1500.0,8952.0,2000.0,7884.0,2000.0,2000.0,2.0,3.0,0.9972,1339.0,,0.3513,0.4706,36764343.0,35219605.0,10.0,1084.0,0.5121,0.453910615,0.507565337,0.544885178,0.705047319,20957.0,14518.0,13982.0,14000.0,43112.0,8800.0,28512.0,67324.0,66500.0,38855.0,7800.0,26132.0,56137.0,53200.0,0.5114,Southwest Baptist University,Bolivar,0.6642,0.5059
28200.0,28200.0,,23277.0,,,,,,16807.0,22376.0,22100.0,27781.0,26927.0,29.0,4.0,12.0,1240.0,13098.0,4595.0,13324.0,4595.0,4595.0,2.0,3.0,0.9155,353.0,,0.4171,0.6283,53919550.0,56689943.0,7.0,1104.0,0.4651,0.483606557,0.331707317,0.529661017,0.628,27000.0,23750.0,22500.0,14000.0,43071.0,4200.0,26214.0,64594.0,63700.0,36778.0,7400.0,21534.0,49679.0,51600.0,0.0078,Stephens College,Columbia,0.7105,0.5344
9496.0,9496.0,14532.0,,11453.0,11371.0,13576.0,18253.0,19562.0,,,,,,29.0,4.0,13.0,684.0,11486.0,5616.0,11486.0,5616.0,5616.0,1.0,3.0,0.785,6588.0,,0.2942,0.345,97524500.0,105327222.0,20.0,1018.0,0.5568,0.419307655,0.428383706,0.52059387,0.691501746,21500.0,13998.0,14040.0,15000.0,44030.0,12500.0,29197.0,63909.0,70700.0,38150.0,9900.0,25521.0,54054.0,52900.0,0.3917,Southeast Missouri State University,Cape Girardeau,0.7585,0.5579
9024.0,17928.0,17502.0,,12238.0,13195.0,16688.0,18590.0,19887.0,,,,,,29.0,4.0,12.0,1200.0,10230.0,4594.0,9724.0,6410.0,6410.0,1.0,3.0,0.9105,13407.0,,0.2134,0.3108,,,21.0,1119.0,0.5733,0.483602545,0.519490071,0.568372232,0.715092564,21992.0,15750.0,15750.0,17000.0,49827.0,12600.0,33755.0,71692.0,73500.0,40553.0,10800.0,28001.0,57464.0,54100.0,0.4166,Missouri State University-Springfield,Springfield,0.793,0.6073
62982.0,62982.0,,22117.0,,,,,,4391.0,2321.0,1863.0,19344.0,42712.0,29.0,4.0,21.0,1264.0,20778.0,3464.0,20778.0,3464.0,5629.0,2.0,3.0,0.1196,7897.0,,0.1589,0.1426,12242758000.0,11489314000.0,7.0,1530.0,0.9445,0.876923077,0.909698997,0.852970796,0.895784543,17500.0,9459.0,9500.0,17415.0,86182.0,20200.0,60733.0,137446.0,154300.0,78073.0,12600.0,49600.0,111948.0,106900.0,0.8731,Washington University in St Louis,Saint Louis,0.959,0.9348
30730.0,30730.0,,26196.0,,,,,,21696.0,22251.0,24193.0,26857.0,30453.0,29.0,4.0,21.0,1000.0,12820.0,8558.0,13200.0,11774.0,11774.0,2.0,3.0,0.5799,2180.0,,0.2804,0.4392,143951186.0,86049370.0,15.0,1145.0,0.6106,0.432214765,0.52513369,0.481331988,0.585267407,23000.0,19500.0,18400.0,16750.0,50876.0,9500.0,32114.0,75788.0,81100.0,39656.0,8200.0,23973.0,58319.0,64100.0,0.4951,Webster University,Saint Louis,0.7679,0.5777
34188.0,34188.0,,26111.0,,,,,,22825.0,23593.0,24412.0,26042.0,29055.0,29.0,4.0,32.0,1100.0,12142.0,4676.0,12142.0,4676.0,6988.0,2.0,3.0,0.7758,592.0,,0.3967,0.6754,51591885.0,59331135.0,10.0,1083.0,0.5747,0.405,0.482300885,0.633027523,0.774891775,27000.0,15638.0,17875.0,19598.0,52199.0,20900.0,35548.0,77814.0,81200.0,40992.0,9900.0,29837.0,57409.0,51600.0,0.477,Westminster College,Fulton,0.6335,0.5356
19890.0,19890.0,,16602.0,,,,,,9227.0,7862.0,11954.0,17573.0,23742.0,29.0,4.0,21.0,800.0,11381.0,3868.0,13633.0,4600.0,4600.0,2.0,3.0,0.3429,868.0,,0.2791,0.7985,64442101.0,65347758.0,10.0,1114.0,0.6162,0.698795181,0.659574468,0.748560461,0.85106383,24498.0,18131.0,19500.0,19500.0,59268.0,12600.0,43279.0,84654.0,74200.0,54197.0,13000.0,35974.0,72659.0,64500.0,0.5303,William Jewell College,Liberty,0.7654,0.6531
28860.0,28860.0,,22270.0,,,,,,19042.0,19587.0,21217.0,25359.0,25809.0,29.0,4.0,32.0,1300.0,12402.0,7915.0,8925.0,7915.0,7915.0,2.0,3.0,0.7449,1061.0,,0.3034,0.5019,23002509.0,18803282.0,11.0,,0.5699,0.54,0.582142857,0.638132296,0.704467354,21983.0,12683.0,14548.0,15010.0,42401.0,10600.0,29832.0,62939.0,65500.0,39265.0,10800.0,27761.0,51733.0,52500.0,0.4922,William Woods University,Fulton,0.7371,0.5526
40352.0,40352.0,,24842.0,,,,,,18986.0,16302.0,18494.0,24393.0,29023.0,30.0,7.0,13.0,800.0,11624.0,3268.0,11624.0,3268.0,2410.0,2.0,3.0,0.7264,1052.0,,0.1804,0.4489,65990770.0,70468918.0,11.0,1170.0,0.6633,0.650847458,0.58778626,0.769825919,0.85106383,25757.0,19500.0,21000.0,21500.0,61772.0,11800.0,41237.0,82374.0,81400.0,43507.0,10900.0,29733.0,64188.0,64300.0,0.5408,Carroll College,Helena,0.8108,0.677
6706.0,21347.0,15044.0,,12147.0,13297.0,15803.0,18067.0,18473.0,,,,,,30.0,7.0,12.0,1700.0,9800.0,5490.0,9800.0,5490.0,5490.0,1.0,3.0,,2710.0,,0.2647,0.2955,29957268.0,32590556.0,14.0,,0.282,0.233712513,0.211573237,0.530003727,0.715083799,18209.0,10296.0,9953.0,10250.0,44296.0,6800.0,25006.0,65133.0,68200.0,39531.0,6800.0,25590.0,56577.0,60200.0,0.1497,Montana State University Billings,Billings,0.557,0.2762
29018.0,29018.0,,20907.0,,,,,,16227.0,19896.0,15173.0,25482.0,25724.0,30.0,7.0,13.0,1000.0,10500.0,4000.0,8000.0,6000.0,4000.0,2.0,3.0,0.642,527.0,,0.3103,0.457,19039727.0,19477568.0,7.0,985.0,0.4674,0.325,0.355371901,0.509803922,0.611111111,18750.0,12407.0,14250.0,10076.0,48296.0,5100.0,30699.0,69928.0,53700.0,37734.0,5400.0,26527.0,57917.0,54700.0,0.2935,University of Providence,Great Falls,0.701,0.5521
8050.0,24730.0,16240.0,,11327.0,13539.0,16138.0,17361.0,19093.0,,,,,,30.0,7.0,33.0,1260.0,11530.0,4048.0,11530.0,4048.0,2968.0,1.0,3.0,0.899,1428.0,,0.2136,0.4148,47611239.0,57257465.0,13.0,1126.0,0.5805,0.409586057,0.369047619,0.537313433,0.774919614,18750.0,10500.0,9361.0,9724.0,54329.0,10300.0,31114.0,82037.0,103700.0,48356.0,9000.0,29145.0,73735.0,81900.0,0.3559,Montana Technological University,Butte,0.7622,0.5909
8083.0,31337.0,20593.0,,16713.0,17165.0,20572.0,23456.0,23771.0,,,,,,30.0,7.0,13.0,1450.0,13446.0,3692.0,13446.0,3692.0,3692.0,1.0,3.0,0.8683,14472.0,,0.1673,0.3244,252592976.0,288525485.0,18.0,1154.0,0.5735,0.431882879,0.5,0.643239901,0.802190722,22500.0,15538.0,14175.0,12018.0,53263.0,9700.0,31991.0,78911.0,84200.0,44757.0,9000.0,29406.0,66899.0,62300.0,0.3605,Montana State University,Bozeman,0.7789,0.563
8152.0,31622.0,17118.0,,14521.0,15563.0,17795.0,18911.0,20648.0,,,,,,30.0,7.0,13.0,1100.0,12192.0,3784.0,12192.0,4572.0,4572.0,1.0,3.0,0.956,7079.0,,0.2751,0.4193,253875055.0,255120279.0,18.0,1190.0,0.4544,0.280972417,0.339872068,0.522580645,0.716157205,22400.0,16355.0,15000.0,13000.0,44511.0,9000.0,25532.0,67661.0,74900.0,35729.0,7500.0,22049.0,51250.0,58300.0,0.3084,The University of Montana,Missoula,0.7599,0.5062
6269.0,19385.0,14164.0,,11283.0,11704.0,14599.0,17049.0,17363.0,,,,,,30.0,7.0,33.0,1400.0,7026.0,3200.0,7026.0,3200.0,3200.0,1.0,3.0,,787.0,,0.297,0.2795,9950113.0,11147138.0,13.0,,0.4233,0.224431818,0.344,0.586720867,0.778242678,18500.0,10250.0,8970.0,12000.0,49505.0,8200.0,28299.0,78174.0,71200.0,45045.0,6500.0,28323.0,67817.0,61700.0,0.2308,Montana State University-Northern,Havre,0.6932,0.3875
33252.0,33252.0,,18508.0,,,,,,15604.0,15016.0,15553.0,16833.0,23838.0,30.0,7.0,12.0,1400.0,9576.0,4070.0,9574.0,4070.0,4070.0,2.0,3.0,0.7288,790.0,,0.3172,0.5633,37071580.0,40587952.0,12.0,1093.0,0.4675,0.442804428,0.417322835,0.594704684,0.741935484,26000.0,12500.0,12500.0,12000.0,49036.0,9200.0,32236.0,73711.0,97200.0,41783.0,6300.0,28897.0,59760.0,62200.0,0.3211,Rocky Mountain College,Billings,0.6385,0.5272
6430.0,19038.0,16669.0,,15093.0,15286.0,16516.0,18511.0,18898.0,,,,,,30.0,7.0,33.0,1200.0,9104.0,4978.0,9104.0,4978.0,4978.0,1.0,3.0,0.995,1271.0,,0.3539,0.3216,10610167.0,7622343.0,15.0,,0.4945,0.24205379,0.347457627,0.545454546,0.670103093,21000.0,12137.0,11000.0,12000.0,43229.0,8400.0,27972.0,61326.0,63800.0,37252.0,6200.0,24905.0,50254.0,50400.0,0.3452,The University of Montana-Western,Dillon,0.7917,0.405
8886.0,8886.0,,28345.0,,,,,,28018.0,28266.0,27636.0,30117.0,32115.0,31.0,4.0,21.0,1833.0,10683.0,3924.0,15383.0,3924.0,3924.0,2.0,3.0,,10426.0,,0.2891,0.2415,96628759.0,106319108.0,17.0,,0.5588,0.492788462,0.534050179,0.456941604,0.588932806,20000.0,10500.0,11779.0,11108.0,61289.0,18200.0,39416.0,93809.0,100600.0,57732.0,13600.0,37737.0,81260.0,92100.0,0.1765,Bellevue University,Bellevue,0.5118,0.2642
15168.0,15168.0,,15928.0,,,,,,13568.0,20962.0,20150.0,12637.0,18462.0,31.0,4.0,11.0,814.0,7864.0,2676.0,9260.0,2996.0,2892.0,2.0,3.0,0.6429,611.0,,0.3043,0.7068,5762459.0,5610980.0,18.0,,0.75,0.665158371,0.70212766,0.666026871,0.74789916,23716.0,24508.0,19500.0,18515.0,64876.0,21300.0,46975.0,87488.0,71800.0,62339.0,21000.0,46594.0,78047.0,69900.0,0.5185,Clarkson College,Omaha,0.7692,0.68
20070.0,20070.0,,25884.0,,,,,,26673.0,22110.0,25252.0,26356.0,26339.0,31.0,4.0,11.0,1200.0,,,9891.0,6480.0,6480.0,2.0,3.0,0.6291,534.0,,0.2124,0.5819,8777439.0,7828803.0,9.0,,0.7547,0.725806452,0.678832117,0.776470588,0.865168539,24985.0,24209.0,19979.0,22474.0,70845.0,19500.0,51898.0,90460.0,82900.0,66305.0,24900.0,46937.0,79215.0,61000.0,0.5577,Bryan College of Health Sciences,Lincoln,0.8065,0.6977
8078.0,8078.0,13308.0,,10639.0,10954.0,13550.0,15009.0,15418.0,,,,,,31.0,4.0,33.0,1300.0,9248.0,4512.0,9248.0,4512.0,2912.0,1.0,3.0,,1634.0,,0.3587,0.5295,25122433.0,27881454.0,15.0,,0.3807,0.379251701,0.396638655,0.560041408,0.728045326,18875.0,9500.0,11813.0,12000.0,47002.0,9700.0,30481.0,65068.0,75000.0,39139.0,8800.0,26327.0,53306.0,58100.0,0.2589,Chadron State College,Chadron,0.6975,0.4019
39330.0,39330.0,,24016.0,,,,,,19320.0,20192.0,21880.0,24197.0,26363.0,31.0,4.0,32.0,1070.0,10350.0,2700.0,10350.0,2700.0,1960.0,2.0,3.0,0.9004,1270.0,,0.1136,0.2661,63865774.0,70806731.0,14.0,1148.0,0.6408,0.604719764,0.61971831,0.7582038,0.829479769,25750.0,14250.0,19500.0,19500.0,52415.0,8700.0,34805.0,70805.0,68500.0,44527.0,10700.0,30785.0,57713.0,53500.0,0.4684,Concordia University-Nebraska,Seward,0.7761,0.5937
47000.0,47000.0,,32380.0,,,,,,21202.0,22604.0,25659.0,31439.0,35861.0,31.0,4.0,11.0,1200.0,12790.0,2800.0,11830.0,2800.0,2800.0,2.0,3.0,0.7231,4231.0,,0.0524,0.4455,690797000.0,745399000.0,10.0,1296.0,0.8052,0.742346939,0.795264624,0.783391004,0.851923077,25000.0,24950.0,22000.0,20000.0,73911.0,22800.0,51701.0,108608.0,123300.0,63090.0,16100.0,42380.0,85255.0,82100.0,0.7333,Creighton University,Omaha,0.9218,0.7887
40491.0,40491.0,,28071.0,,,,,,24496.0,21092.0,25256.0,22691.0,31980.0,31.0,4.0,32.0,1000.0,11615.0,4730.0,,,,2.0,3.0,0.8953,981.0,,0.2801,0.7735,124287044.0,124564584.0,11.0,,0.5585,0.53256705,0.522678186,0.584168337,0.657731959,25000.0,14575.0,18971.0,21223.0,53316.0,14600.0,37728.0,72174.0,77400.0,46009.0,10800.0,32691.0,60640.0,56000.0,0.5217,Doane University,Crete,0.7238,0.5909
36130.0,36130.0,,21554.0,,,,,,17273.0,18019.0,18749.0,22393.0,25685.0,31.0,4.0,32.0,110.0,11690.0,4310.0,10690.0,4310.0,4310.0,2.0,3.0,0.6987,957.0,,0.2894,0.6387,101507490.0,103044666.0,14.0,,0.5327,0.40625,0.485804416,0.73655914,0.820512821,27000.0,14645.0,15465.0,16750.0,51303.0,12500.0,36199.0,69057.0,77200.0,45590.0,12900.0,32664.0,60363.0,56300.0,0.4673,Hastings College,Hastings,0.678,0.4949
,,,,,,,,,,,,,,31.0,4.0,11.0,,,,,,,2.0,3.0,,25.0,,0.125,0.5,,,8.0,,,,,PS,PS,,,,,48110.0,,40046.0,62697.0,,,,,,,,CHI Health School of Radiologic Technology,Omaha,,
8302.0,14260.0,16488.0,,13187.0,13627.0,14549.0,18575.0,20731.0,,,,,,31.0,4.0,32.0,770.0,11936.0,5078.0,11936.0,5078.0,5078.0,1.0,3.0,0.8579,4130.0,,0.3354,0.3713,68152926.0,74541936.0,13.0,1089.0,0.5975,0.458834413,0.489270386,0.657824934,0.788328388,19500.0,13350.0,12000.0,14230.0,50105.0,12100.0,35587.0,67898.0,72400.0,43241.0,12300.0,30090.0,56446.0,54100.0,0.3795,University of Nebraska at Kearney,Kearney,0.766,0.5841
18173.0,18173.0,,19474.0,,,,,,19264.0,14688.0,17532.0,21381.0,22298.0,31.0,4.0,11.0,1000.0,11296.0,5812.0,14310.0,7384.0,7384.0,2.0,3.0,0.8829,752.0,,0.323,0.6559,13978774.0,13762134.0,12.0,,0.6667,0.64893617,0.794238683,0.725609756,0.799418605,23417.0,23365.0,18750.0,20000.0,65071.0,11300.0,42399.0,86864.0,80300.0,61249.0,21400.0,43572.0,75723.0,66500.0,0.4571,Nebraska Methodist College of Nursing & Allied Health,Omaha,0.7813,0.7273
40270.0,40270.0,,24229.0,,,,,,19899.0,20021.0,24009.0,25764.0,26119.0,31.0,4.0,32.0,1020.0,10562.0,4296.0,7837.0,7021.0,4096.0,2.0,3.0,0.6692,1191.0,,0.2806,0.6515,24810728.0,24331466.0,13.0,1043.0,0.4321,0.441102757,0.414686825,0.557057057,0.729064039,26134.0,15750.0,17500.0,14000.0,52163.0,12600.0,35105.0,71923.0,72600.0,45145.0,11600.0,31192.0,60024.0,55000.0,0.3519,Midland University,Fremont,0.7253,0.4531
8370.0,22358.0,12791.0,,9908.0,10689.0,12407.0,15900.0,17566.0,,,,,,31.0,4.0,11.0,1120.0,11610.0,3874.0,11998.0,3874.0,3874.0,1.0,3.0,0.869,11573.0,,0.331,0.2823,105767803.0,122089440.0,15.0,1120.0,0.475,0.420894401,0.464710253,0.565389958,0.706040269,19000.0,12500.0,12308.0,13500.0,53909.0,13700.0,37105.0,77577.0,79700.0,45494.0,11300.0,31381.0,61445.0,58900.0,0.275,University of Nebraska at Omaha,Omaha,0.7575,0.5583
,,,,,,,,,,,,,,31.0,4.0,11.0,,,,,,,1.0,3.0,,861.0,,0.2212,0.5068,379110376.0,431448517.0,2.0,,,0.906417112,0.936555891,0.869135803,0.894165536,15000.0,15875.0,13875.0,13000.0,76833.0,29300.0,56130.0,103669.0,159300.0,70417.0,32800.0,56302.0,83100.0,113600.0,,University of Nebraska Medical Center,Omaha,,
41658.0,41658.0,,23140.0,,,,,,20377.0,18737.0,19482.0,24859.0,27670.0,31.0,4.0,11.0,1000.0,9982.0,3500.0,12948.0,3500.0,3500.0,2.0,3.0,0.8375,1514.0,,0.296,0.5563,72527000.0,70406000.0,13.0,1209.0,0.6889,0.532467532,0.565922921,0.697566628,0.775462963,26970.0,17750.0,16516.0,17500.0,56405.0,18300.0,41245.0,80584.0,81700.0,47667.0,11700.0,33629.0,68849.0,60900.0,0.5827,Nebraska Wesleyan University,Lincoln,0.7458,0.6629
10108.0,27748.0,17424.0,,11899.0,12714.0,15125.0,19953.0,22012.0,,,,,,31.0,4.0,11.0,1250.0,13856.0,3442.0,13856.0,3442.0,3442.0,1.0,3.0,0.7707,18887.0,,0.2217,0.3373,1196483117.0,1290770134.0,16.0,1191.0,0.6585,0.559575626,0.596423659,0.69406183,0.785071466,21000.0,13500.0,13318.0,15970.0,56887.0,16100.0,40131.0,80043.0,84500.0,47692.0,12700.0,33958.0,65338.0,61600.0,0.4854,University of Nebraska-Lincoln,Lincoln,0.8427,0.6738
8280.0,8280.0,11401.0,,9266.0,8226.0,12899.0,13364.0,15079.0,,,,,,31.0,4.0,43.0,960.0,10016.0,3220.0,10016.0,3220.0,3220.0,1.0,3.0,,1141.0,,0.3376,0.4038,22060201.0,18318221.0,16.0,,0.3772,0.303317536,0.393822394,0.476821192,0.639664805,21875.0,12608.0,14000.0,10691.0,47071.0,11700.0,32708.0,61491.0,66200.0,39150.0,7500.0,23423.0,52854.0,54500.0,0.2719,Peru State College,Peru,0.6273,0.3952
8278.0,8278.0,,18188.0,,,,,,,18188.0,,,,31.0,4.0,33.0,300.0,6367.0,9618.0,9559.0,16018.0,9618.0,2.0,3.0,0.1429,17.0,,0.3636,0.0,,,3.0,,0.6667,,,,,,,,,,,,,,,,,,,1.0,Summit Christian College,Gering,1.0,1.0
23340.0,23340.0,,14986.0,,,,,,9936.0,10749.0,10242.0,19478.0,22739.0,31.0,4.0,11.0,888.0,8650.0,4400.0,13234.0,5452.0,5172.0,2.0,3.0,0.4395,455.0,,0.3692,0.564,25358520.0,26985164.0,7.0,1120.0,0.5941,0.648888889,0.654618474,0.594356261,0.707792208,24250.0,17500.0,15724.0,19000.0,54338.0,11200.0,36095.0,77863.0,69700.0,59339.0,8700.0,40227.0,75594.0,64200.0,0.4851,College of Saint Mary,Omaha,0.6818,0.5811
27990.0,27990.0,,20884.0,,,,,,18778.0,19177.0,16306.0,22595.0,25861.0,31.0,4.0,11.0,1600.0,8000.0,5000.0,12000.0,5000.0,5000.0,2.0,3.0,0.9989,439.0,,0.2438,0.5157,29755906.0,29971816.0,7.0,,0.4586,0.475,0.466981132,0.573863636,0.742424242,27000.0,24500.0,16938.0,16924.0,55045.0,7600.0,35545.0,76202.0,88500.0,43853.0,7900.0,28925.0,62360.0,66200.0,0.2826,Union Adventist University,Lincoln,0.7975,0.5882
7970.0,7970.0,15108.0,,11461.0,11502.0,14607.0,17749.0,17721.0,,,,,,31.0,4.0,32.0,1488.0,9624.0,3690.0,9624.0,3690.0,3690.0,1.0,3.0,,3041.0,,0.2658,0.3751,27892348.0,30124503.0,19.0,,0.557,0.452036794,0.520496894,0.660656793,0.782312925,19000.0,11898.0,11969.0,13624.0,47075.0,12400.0,33248.0,63570.0,66600.0,40857.0,10900.0,27402.0,52824.0,51400.0,0.405,Wayne State College,Wayne,0.7297,0.5111
21600.0,21600.0,,20129.0,,,,,,15941.0,16730.0,18012.0,22335.0,23714.0,31.0,4.0,33.0,300.0,9600.0,3000.0,7620.0,2750.0,2750.0,2.0,3.0,0.4763,443.0,,0.4374,0.7092,21348924.0,22627370.0,11.0,988.0,0.374,0.328671329,0.28057554,0.550522648,0.736842105,21500.0,15510.0,13375.0,12000.0,44130.0,8500.0,26604.0,57149.0,60100.0,36447.0,6500.0,22686.0,49785.0,42800.0,0.2231,York University,York,0.6667,0.3426
18400.0,18400.0,,25857.0,,,,,,14570.0,17323.0,19084.0,27562.0,30198.0,33.0,1.0,43.0,2000.0,16858.0,1450.0,16840.0,3500.0,3500.0,2.0,3.0,0.8998,778.0,,0.2298,0.6859,55606879.0,65763908.0,10.0,,0.6162,0.475,0.585669782,0.732773109,0.825925926,27000.0,12750.0,22543.0,19500.0,46474.0,12900.0,36418.0,65186.0,72600.0,37935.0,12500.0,26966.0,50828.0,66200.0,0.524,Colby-Sawyer College,New London,0.8077,0.6343
65739.0,65739.0,,28619.0,,,,,,2978.0,-377.0,5841.0,13426.0,51575.0,33.0,1.0,33.0,1005.0,19009.0,2040.0,,,,2.0,3.0,0.0623,4367.0,,0.1483,0.1198,8065742786.0,7930125009.0,7.0,1533.0,0.9604,0.87473904,0.923990499,0.842756184,0.866533865,17500.0,7867.0,9449.0,17483.0,97434.0,16900.0,64562.0,189467.0,210500.0,82541.0,15600.0,46267.0,131339.0,132000.0,0.8425,Dartmouth College,Hanover,0.9778,0.9541
44963.0,44963.0,,26906.0,,,,,,22101.0,27002.0,25652.0,28381.0,28583.0,33.0,1.0,42.0,1110.0,15912.0,2200.0,15912.0,3200.0,3200.0,2.0,3.0,0.9019,1055.0,,0.2716,0.7319,21224074.0,20875701.0,13.0,1030.0,0.461,0.428571429,0.498,0.634831461,0.719907407,27000.0,15460.0,19500.0,20500.0,53353.0,10900.0,30187.0,81765.0,70300.0,45563.0,8500.0,30114.0,69435.0,55000.0,0.4286,Franklin Pierce University,Rindge,0.7296,0.4127
23600.0,23600.0,,15922.0,,,,,,16336.0,13011.0,17447.0,13911.0,,33.0,1.0,42.0,700.0,10900.0,2756.0,10900.0,600.0,600.0,2.0,3.0,0.4444,58.0,,0.4576,0.6441,,,12.0,,0.5333,,,0.714285714,PS,,,,,35809.0,,24415.0,47469.0,,,,,,,0.5333,Magdalen College,Warner,0.8,0.5882
41578.0,41578.0,,30299.0,,,,,,25146.0,28253.0,32928.0,30963.0,33142.0,33.0,1.0,42.0,1000.0,17014.0,2000.0,17006.0,2250.0,2750.0,2.0,3.0,0.9574,980.0,,0.419,0.7344,29784827.0,31958910.0,8.0,,0.3109,0.265909091,0.292108363,0.398734177,0.639534884,26000.0,15000.0,17000.0,15250.0,42092.0,9700.0,22889.0,60577.0,63700.0,31050.0,8900.0,14422.0,49510.0,61600.0,0.2648,New England College,Henniker,0.6,0.223
16450.0,16450.0,,33742.0,,,,,,33202.0,32903.0,34048.0,35992.0,36682.0,33.0,1.0,22.0,1500.0,12800.0,9700.0,13326.0,11916.0,11916.0,2.0,3.0,0.9612,156755.0,,0.469,0.5907,54413950.0,58574978.0,24.0,,0.4487,0.22636377,0.302664688,0.434340869,0.697563874,21082.0,7836.0,9999.0,11083.0,50318.0,10000.0,29434.0,75732.0,82800.0,41945.0,9800.0,22001.0,65846.0,61500.0,0.3847,Southern New Hampshire University,Manchester,0.5989,0.3794
19112.0,38882.0,23261.0,,15393.0,16981.0,19283.0,23182.0,27767.0,,,,,,33.0,1.0,31.0,1000.0,13314.0,2650.0,13314.0,2650.0,3200.0,1.0,3.0,0.8687,11230.0,,0.1773,0.5766,442271919.0,473070874.0,16.0,1229.0,0.7645,0.699776429,0.699603437,0.777876896,0.844959267,26814.0,22704.0,22997.0,21801.0,66479.0,16900.0,43635.0,98059.0,89300.0,53671.0,14100.0,36495.0,75175.0,66900.0,0.6903,University of New Hampshire-Main Campus,Durham,0.864,0.7837
14710.0,26186.0,19164.0,,11111.0,14049.0,15816.0,20423.0,24020.0,,,,,,33.0,1.0,32.0,1000.0,13860.0,1500.0,11974.0,1750.0,1500.0,1.0,3.0,0.8909,2680.0,,0.2371,0.6836,51584518.0,56048927.0,16.0,,0.5844,0.538954109,0.627659574,0.70501836,0.775,25749.0,18865.0,19990.0,20500.0,54368.0,13100.0,36042.0,78820.0,71700.0,46649.0,12000.0,29603.0,65176.0,54500.0,0.4989,Keene State College,Keene,0.7847,0.6024
15820.0,35530.0,13302.0,,11812.0,8490.0,10022.0,15191.0,18744.0,,,,,,33.0,1.0,12.0,1000.0,,,13000.0,3500.0,3200.0,1.0,3.0,0.8733,486.0,,0.32,0.4686,1995728.0,2056380.0,9.0,1140.0,0.6508,0.699776429,0.699603437,0.777876896,0.844959267,26814.0,22704.0,22997.0,21801.0,66479.0,16900.0,43635.0,98059.0,89300.0,53671.0,14100.0,36495.0,75175.0,66900.0,0.5098,University of New Hampshire at Manchester,Manchester,0.6818,0.6429
14558.0,25498.0,19685.0,,14051.0,15343.0,18415.0,21660.0,23617.0,,,,,,33.0,1.0,33.0,1410.0,12104.0,2782.0,12104.0,2782.0,4640.0,1.0,3.0,0.9103,3298.0,,0.2563,0.7291,35602208.0,37651881.0,15.0,,0.4743,0.495014245,0.502798507,0.647427293,0.758889853,26000.0,16260.0,16803.0,17750.0,57304.0,12700.0,38335.0,82952.0,68700.0,46466.0,11700.0,28594.0,62940.0,51800.0,0.4065,Plymouth State University,Plymouth,0.713,0.5421
37791.0,37791.0,,27692.0,,,,,,16807.0,20704.0,24462.0,32788.0,30562.0,33.0,1.0,13.0,1400.0,14943.0,2372.0,13029.0,5552.0,5552.0,2.0,3.0,0.8176,1312.0,,0.2731,0.7306,39862999.0,42378881.0,14.0,,0.5871,0.573446328,0.498746867,0.63451087,0.728506787,26956.0,20925.0,20917.0,21000.0,52248.0,13500.0,35475.0,70095.0,75900.0,54599.0,12900.0,37852.0,79452.0,69700.0,0.4886,Rivier University,Nashua,0.7621,0.6145
46810.0,46810.0,,34744.0,,,,,,23658.0,26360.0,27460.0,33874.0,36648.0,33.0,1.0,22.0,1000.0,16520.0,3560.0,15360.0,3184.0,6096.0,2.0,3.0,0.7832,2032.0,,0.1052,0.683,192714136.0,200158610.0,11.0,1183.0,0.8315,0.764302059,0.782997763,0.810844893,0.879864636,27000.0,26681.0,26000.0,27000.0,73371.0,20200.0,48994.0,103001.0,92200.0,63347.0,16200.0,43781.0,82564.0,72500.0,0.7839,Saint Anselm College,Manchester,0.8958,0.7746
7812.0,9372.0,14106.0,,9654.0,13912.0,15814.0,16562.0,19236.0,,,,,,33.0,1.0,12.0,900.0,,,9828.0,2808.0,2808.0,1.0,3.0,,1019.0,,0.3188,0.4335,10083455.0,10600264.0,13.0,,0.1429,0.699776429,0.699603437,0.777876896,0.844959267,26814.0,22704.0,22997.0,21801.0,66479.0,16900.0,43635.0,98059.0,89300.0,53671.0,14100.0,36495.0,75175.0,66900.0,0.04,University of New Hampshire College of Professional Studies Online,Manchester,0.3333,0.1515
29300.0,29300.0,,21511.0,,,,,,25830.0,19089.0,18222.0,22956.0,19354.0,33.0,1.0,22.0,600.0,11000.0,1800.0,6000.0,2400.0,6000.0,2.0,3.0,,95.0,,0.5053,0.8737,3248174.0,3294711.0,10.0,,0.6154,,,0.677419355,PS,25000.0,,,,53565.0,,,,,40173.0,,30235.0,48063.0,,0.6154,Thomas More College of Liberal Arts,Merrimack,0.9167,0.9
28600.0,28600.0,,20549.0,,,,,,20377.0,18252.0,20005.0,26291.0,30926.0,34.0,2.0,21.0,400.0,,,15360.0,7630.0,7630.0,3.0,3.0,,1798.0,,0.5957,0.7094,,,14.0,,0.4476,0.439276486,0.464190981,0.292998205,0.399837794,23251.0,14645.0,16500.0,18807.0,40251.0,8200.0,20207.0,59554.0,72800.0,37060.0,6500.0,18808.0,52169.0,58500.0,0.3842,Berkeley College-Woodland Park,Woodland Park,0.6875,0.4121
,,,,,,,,,,,,,,34.0,2.0,13.0,,,,,,,2.0,3.0,,3532.0,,0.7274,0.0,13167967.0,12743943.0,20.0,,,0.353507565,0.6,0.480392157,PS,,,,,47544.0,3500.0,19105.0,90795.0,94200.0,40300.0,1600.0,15607.0,70405.0,54100.0,,Beth Medrash Govoha,Lakewood,,
30680.0,30680.0,,18778.0,,,,,,17664.0,14801.0,19185.0,28650.0,24399.0,34.0,2.0,21.0,1410.0,12900.0,2952.0,14254.0,4373.0,2463.0,2.0,3.0,0.6723,901.0,,0.6892,0.9002,14833362.0,15488770.0,13.0,,0.3105,0.368852459,0.363636364,0.302361005,0.488636364,26746.0,18750.0,18750.0,15708.0,45902.0,7800.0,23807.0,68283.0,71900.0,35477.0,6400.0,18323.0,53815.0,66800.0,0.1834,Bloomfield College,Bloomfield,0.5931,0.3972
39450.0,39450.0,,21188.0,,,,,,16458.0,15756.0,18547.0,27111.0,31640.0,34.0,2.0,21.0,2600.0,13774.0,3500.0,14000.0,4900.0,4300.0,2.0,3.0,0.654,1437.0,,0.4592,0.6903,10143000.0,11669094.0,13.0,,0.587,0.199404762,0.611111111,0.447303922,0.551075269,25000.0,17500.0,18750.0,19500.0,53843.0,10600.0,34453.0,74668.0,83800.0,47439.0,7400.0,30026.0,68274.0,63500.0,0.5136,Caldwell University,Caldwell,0.7297,0.5964
37732.0,37732.0,,19037.0,,,,,,13735.0,13416.0,15190.0,19819.0,25288.0,34.0,2.0,21.0,1000.0,12552.0,3960.0,12080.0,4614.0,4614.0,2.0,3.0,0.9668,934.0,,0.3772,0.8109,14414284.0,15536589.0,12.0,,0.5659,0.649595687,0.617816092,0.59978308,0.678571429,23163.0,19408.0,20000.0,19000.0,53726.0,9400.0,32641.0,76677.0,86400.0,46049.0,8200.0,30411.0,66083.0,71900.0,0.4706,Centenary University,Hackettstown,0.7487,0.6844
45360.0,45360.0,,25644.0,,,,,,13177.0,20060.0,19926.0,28090.0,34219.0,34.0,2.0,21.0,2035.0,17640.0,3460.0,17343.0,7086.0,5072.0,2.0,3.0,0.6944,1510.0,,0.2723,0.5753,130757000.0,128610000.0,11.0,1247.0,0.7243,0.665634675,0.670623145,0.648387097,0.751396648,25288.0,19500.0,23000.0,21000.0,63646.0,13100.0,39892.0,88416.0,89200.0,47562.0,6500.0,28617.0,68447.0,66200.0,0.673,Drew University,Madison,0.8447,0.7444
35822.0,35822.0,,15266.0,,,,,,12150.0,12213.0,14926.0,23511.0,27494.0,34.0,2.0,21.0,1576.0,16102.0,5014.0,16102.0,6486.0,6486.0,2.0,3.0,0.9591,2578.0,,0.2151,0.221,46180000.0,48172000.0,14.0,,0.6171,0.56302521,0.538961039,0.527816412,0.660619804,25000.0,19500.0,19500.0,19500.0,57273.0,11600.0,33741.0,85029.0,91100.0,45916.0,8300.0,26336.0,68825.0,71700.0,0.4795,Fairleigh Dickinson University-Metropolitan Campus,Teaneck,0.7576,0.5463
37830.0,37830.0,,41315.0,,,,,,41128.0,41497.0,42782.0,43388.0,38690.0,34.0,2.0,21.0,1000.0,14190.0,1430.0,13600.0,1780.0,3480.0,2.0,3.0,0.9401,1754.0,,0.5155,0.5739,6832279.0,6224407.0,15.0,1020.0,0.4968,0.444672131,0.572151899,0.488017429,0.635135135,25000.0,18750.0,21167.0,20000.0,57602.0,9900.0,34174.0,98153.0,81400.0,56957.0,9600.0,29265.0,92762.0,83000.0,0.2565,Felician University,Lodi,0.8038,0.5439
35822.0,35822.0,,24415.0,,,,,,13308.0,17253.0,24146.0,29164.0,33996.0,34.0,2.0,21.0,1576.0,16102.0,5014.0,16102.0,6486.0,6486.0,2.0,3.0,0.9527,1958.0,,0.3492,0.5728,46180000.0,48172000.0,11.0,,0.723,0.56302521,0.538961039,0.527816412,0.660619804,25000.0,19500.0,19500.0,19500.0,57273.0,11600.0,33741.0,85029.0,91100.0,45916.0,8300.0,26336.0,68825.0,71700.0,0.6435,Fairleigh Dickinson University-Florham Campus,Madison,0.7716,0.6286
37110.0,37110.0,,20218.0,,,,,,15879.0,12381.0,19676.0,23883.0,25703.0,34.0,2.0,13.0,1200.0,12910.0,4700.0,10524.0,4700.0,4700.0,2.0,3.0,0.7052,1174.0,,0.3025,0.4439,48190179.0,51743669.0,10.0,,0.5509,0.644329897,0.610526316,0.497802198,0.617021277,21816.0,16116.0,18625.0,16482.0,53096.0,10100.0,34657.0,68615.0,70300.0,44627.0,10000.0,26649.0,63048.0,58300.0,0.3889,Georgian Court University,Lakewood,0.7602,0.5906
15700.0,25564.0,22185.0,,15180.0,15598.0,19644.0,27596.0,28933.0,,,,,,34.0,2.0,21.0,1665.0,16553.0,5424.0,10288.0,5797.0,6364.0,1.0,3.0,0.7782,14647.0,,0.3129,0.4431,353756210.0,397681905.0,16.0,1216.0,0.6828,0.623416831,0.695154521,0.6262466,0.725619195,20500.0,17683.0,17151.0,15500.0,59988.0,14100.0,40999.0,82759.0,83700.0,50705.0,11200.0,31882.0,68492.0,64300.0,0.5118,Rowan University,Glassboro,0.8158,0.708
13971.0,24888.0,11732.0,,10254.0,10051.0,13160.0,15986.0,17431.0,,,,,,34.0,2.0,11.0,1236.0,16274.0,4808.0,16274.0,10530.0,6406.0,1.0,3.0,0.8918,4076.0,,0.5238,0.3236,15314302.0,16498089.0,14.0,,0.3874,0.434805748,0.499693815,0.435064935,0.587386018,18500.0,13808.0,14250.0,14903.0,52745.0,10600.0,30517.0,76983.0,77700.0,45918.0,7500.0,23537.0,69034.0,62200.0,0.2074,New Jersey City University,Jersey City,0.6658,0.4244
13426.0,21076.0,12168.0,,6593.0,7496.0,12503.0,20592.0,21514.0,,,,,,34.0,2.0,21.0,1200.0,16592.0,3212.0,16108.0,4686.0,4686.0,1.0,3.0,0.7688,10842.0,,0.4631,0.456,66447526.0,71612563.0,17.0,1150.0,0.4338,0.503873358,0.564017293,0.464678977,0.58240612,23250.0,17500.0,17253.0,16250.0,57237.0,11100.0,36530.0,78461.0,80300.0,46603.0,8500.0,26316.0,65495.0,63900.0,0.2405,Kean University,Union,0.7537,0.506
44850.0,44850.0,,31650.0,,,,,,19945.0,18532.0,29142.0,36327.0,38626.0,34.0,2.0,21.0,1000.0,17738.0,4336.0,14959.0,4656.0,4656.0,2.0,3.0,0.8954,3831.0,,0.3036,0.6106,129424000.0,153192000.0,12.0,1204.0,0.7033,0.690695725,0.738118332,0.683026585,0.729591837,27000.0,26000.0,24500.0,22500.0,67991.0,13900.0,48950.0,95681.0,88900.0,55825.0,9700.0,33729.0,73137.0,63800.0,0.622,Monmouth University,West Long Branch,0.8147,0.6959
14766.0,24126.0,14159.0,,9482.0,10729.0,15990.0,21259.0,23607.0,,,,,,34.0,2.0,21.0,1240.0,16822.0,2200.0,17748.0,4810.0,2200.0,1.0,3.0,0.8741,17677.0,,0.4439,0.403,53810000.0,54950000.0,17.0,1080.0,0.6426,0.613445378,0.681505165,0.596904557,0.665712799,22000.0,17250.0,17750.0,17125.0,61415.0,12600.0,38809.0,84277.0,88200.0,47944.0,9600.0,28678.0,65357.0,64500.0,0.4604,Montclair State University,Montclair,0.7972,0.6896
19022.0,35934.0,16496.0,,11534.0,12526.0,16317.0,21967.0,27681.0,,,,,,34.0,2.0,11.0,2750.0,15000.0,4580.0,17200.0,6680.0,6680.0,1.0,3.0,0.669,8762.0,,0.3897,0.3285,148437000.0,160804000.0,16.0,1336.0,0.7311,0.585995086,0.615438108,0.661676647,0.794559099,21000.0,17868.0,16750.0,16626.0,84276.0,20000.0,55991.0,113061.0,110600.0,69591.0,14200.0,43980.0,90488.0,83100.0,0.4943,New Jersey Institute of Technology,Newark,0.9072,0.7766
59710.0,59710.0,,10555.0,,,,,,2518.0,4682.0,7652.0,13849.0,39943.0,34.0,2.0,13.0,1050.0,19380.0,3900.0,,,,2.0,3.0,0.045,5579.0,,0.1872,0.0296,35126217000.0,33380863000.0,5.0,1535.0,0.9709,0.886850153,0.950819672,0.832167832,PS,10320.0,5500.0,5500.0,12000.0,110066.0,20800.0,68313.0,197494.0,217200.0,87815.0,6800.0,52741.0,136499.0,141700.0,0.7963,Princeton University,Princeton,0.9733,0.9802
13000.0,13000.0,,13452.0,,,,,,13835.0,10376.0,14858.0,15785.0,17500.0,34.0,2.0,21.0,300.0,8000.0,6000.0,16700.0,8000.0,9800.0,2.0,3.0,0.8714,197.0,,0.3834,0.0,,,12.0,,0.1833,0.125,0.214285714,,,,,,,34990.0,,16679.0,67530.0,,27418.0,,14170.0,49793.0,,0.0333,Rabbinical College of America,Morristown,0.8814,0.122
15978.0,26388.0,20360.0,,10142.0,12761.0,18536.0,25667.0,26671.0,,,,,,34.0,2.0,21.0,1226.0,15834.0,1712.0,11428.0,5262.0,5262.0,1.0,3.0,0.7322,4664.0,,0.2672,0.3906,,,16.0,1190.0,0.7186,0.572525597,0.643203883,0.680832979,0.758665795,21000.0,16471.0,14500.0,14750.0,67541.0,12900.0,45520.0,94225.0,87400.0,53872.0,12100.0,31994.0,74201.0,69700.0,0.5889,Ramapo College of New Jersey,Mahwah,0.8712,0.7228
38900.0,38900.0,,25287.0,,,,,,17331.0,19245.0,22356.0,28544.0,31746.0,34.0,2.0,21.0,1500.0,16730.0,2000.0,6500.0,2500.0,2500.0,2.0,3.0,0.794,3192.0,,0.3336,0.5988,72801000.0,73183000.0,12.0,1219.0,0.6332,0.624349636,0.674489796,0.655665025,0.735893417,26130.0,20500.0,21362.0,20500.0,62208.0,14400.0,42182.0,84492.0,87600.0,51289.0,11400.0,32435.0,69099.0,65000.0,0.5696,Rider University,Lawrenceville,0.8164,0.6121
17079.0,35841.0,18803.0,,16678.0,11800.0,14931.0,21312.0,27896.0,,,,,,34.0,2.0,13.0,1391.0,13389.0,4372.0,18414.0,11760.0,11760.0,1.0,3.0,0.7775,3819.0,,0.4432,0.4863,73199000.0,82806000.0,12.0,1118.0,0.6645,0.715907928,0.733077641,0.644642972,0.727744737,21500.0,19500.0,19500.0,18012.0,74479.0,15400.0,49127.0,107416.0,108100.0,61263.0,11100.0,38121.0,86201.0,79000.0,0.4663,Rutgers University-Camden,Camden,0.8187,0.7322
17239.0,36001.0,23519.0,,15885.0,15532.0,17578.0,24020.0,33460.0,,,,,,34.0,2.0,13.0,1391.0,14715.0,4372.0,18414.0,11760.0,11760.0,1.0,3.0,0.6535,36357.0,,0.272,0.3679,1486301000.0,1559147000.0,15.0,1383.0,0.8501,0.715907928,0.733077641,0.644642972,0.727744737,21500.0,19500.0,19500.0,18012.0,74479.0,15400.0,49127.0,107416.0,108100.0,61263.0,11100.0,38121.0,86201.0,79000.0,0.7143,Rutgers University-New Brunswick,New Brunswick,0.9263,0.8484
16586.0,35348.0,19407.0,,14840.0,16252.0,17388.0,25608.0,32589.0,,,,,,34.0,2.0,11.0,1391.0,15060.0,4372.0,18414.0,11760.0,11760.0,1.0,3.0,0.7873,7187.0,,0.557,0.3087,221621000.0,228734000.0,13.0,,0.676,0.715907928,0.733077641,0.644642972,0.727744737,21500.0,19500.0,19500.0,18012.0,74479.0,15400.0,49127.0,107416.0,108100.0,61263.0,11100.0,38121.0,86201.0,79000.0,0.4165,Rutgers University-Newark,Newark,0.8425,0.6683
41054.0,41054.0,,12973.0,,,,,,11486.0,10552.0,11494.0,18211.0,20457.0,34.0,2.0,11.0,1000.0,17590.0,1300.0,7500.0,2900.0,3350.0,2.0,3.0,0.9053,1939.0,,0.5418,0.3322,35849523.0,39220636.0,11.0,,0.6313,0.531393568,0.520529801,0.417127072,0.541133455,20500.0,14685.0,16375.0,20000.0,57815.0,9800.0,33169.0,83514.0,82200.0,42470.0,5700.0,23044.0,62688.0,64000.0,0.51,Saint Peter's University,Jersey City,0.7161,0.5926
51370.0,51370.0,,28921.0,,,,,,17681.0,18674.0,24326.0,35089.0,41110.0,34.0,2.0,21.0,1000.0,17350.0,3000.0,17350.0,4200.0,4200.0,2.0,3.0,0.789,5924.0,,0.3026,0.5116,317919000.0,335817000.0,14.0,1308.0,0.7147,0.635053111,0.713972202,0.642756017,0.754504505,22750.0,18500.0,18050.0,17500.0,70196.0,15900.0,46782.0,99356.0,104300.0,60291.0,13000.0,37605.0,83683.0,82300.0,0.6509,Seton Hall University,South Orange,0.8524,0.7229
35942.0,35942.0,,17949.0,,,,,,13266.0,14439.0,21594.0,23648.0,30149.0,34.0,2.0,21.0,1700.0,13126.0,4000.0,14000.0,6000.0,6000.0,2.0,3.0,0.7721,636.0,,0.5414,0.6282,20304195.0,21465334.0,11.0,,0.4024,0.47826087,0.517073171,0.447247706,0.617777778,24934.0,14750.0,13000.0,11500.0,53038.0,11700.0,30946.0,76520.0,76900.0,49479.0,7000.0,28245.0,77166.0,63700.0,0.3354,Saint Elizabeth University,Morristown,0.8049,0.396
60952.0,60952.0,,40468.0,,,,,,26555.0,26938.0,34145.0,38749.0,47748.0,34.0,2.0,21.0,1200.0,18650.0,1050.0,18650.0,1050.0,1550.0,2.0,3.0,0.4344,4084.0,,0.2047,0.5496,269274000.0,318947000.0,10.0,1447.0,0.8988,0.83011583,0.829568789,0.865603645,0.913793103,27000.0,23386.0,24000.0,23250.0,108772.0,32100.0,82965.0,137041.0,135300.0,90326.0,19000.0,70684.0,112169.0,90500.0,0.6859,Stevens Institute of Technology,Hoboken,0.9445,0.8743
15532.0,23420.0,19634.0,,13774.0,13665.0,17407.0,25434.0,28051.0,,,,,,34.0,2.0,41.0,1250.0,15332.0,6920.0,9011.0,8062.0,8062.0,1.0,3.0,0.8817,7770.0,,0.415,0.5117,40438008.0,45357188.0,17.0,1171.0,0.7197,0.68729334,0.729405891,0.594131319,0.660168365,20500.0,15750.0,16014.0,17250.0,57602.0,12400.0,37079.0,80776.0,82200.0,48223.0,8600.0,30236.0,64651.0,60700.0,0.5638,Stockton University,Galloway,0.7716,0.769
15800.0,15800.0,,6666.0,,,,,,6457.0,7614.0,6401.0,,,34.0,2.0,21.0,300.0,3000.0,6000.0,16700.0,8000.0,9800.0,2.0,3.0,0.4167,78.0,,0.5616,0.0,,,20.0,,0.1,,,,,,,,,40344.0,,,69208.0,,,,,,,0.0,Talmudical Academy-New Jersey,Adelphia,1.0,0.0588
6638.0,8598.0,,,,,,,,,,,,,34.0,2.0,13.0,1700.0,,,5103.0,567.0,567.0,1.0,3.0,,6685.0,,0.2068,0.2339,13097435.0,10949021.0,15.0,,,0.333119795,0.356503423,0.474304716,0.558983666,12500.0,7125.0,8332.0,8333.0,69331.0,7000.0,43217.0,102881.0,115000.0,65570.0,10300.0,41890.0,94932.0,97300.0,,Thomas Edison State University,Trenton,,
18685.0,24568.0,25458.0,,12814.0,14506.0,20638.0,28825.0,33080.0,,,,,,34.0,2.0,21.0,1200.0,15569.0,4578.0,15569.0,4578.0,8728.0,1.0,3.0,0.6214,6831.0,,0.2013,0.4735,58018000.0,61052000.0,13.0,1247.0,0.8523,0.833060556,0.823038397,0.80061665,0.857050453,23250.0,19278.0,20500.0,21500.0,73323.0,22100.0,54306.0,106110.0,96700.0,62649.0,13200.0,44957.0,81225.0,72500.0,0.7554,The College of New Jersey,Ewing,0.9018,0.8766
15150.0,24464.0,17764.0,,15420.0,17010.0,17978.0,20823.0,23237.0,,,,,,34.0,2.0,21.0,1600.0,15990.0,3140.0,11330.0,4922.0,4922.0,1.0,3.0,0.9252,6526.0,,0.4447,0.417,30234732.0,36913379.0,17.0,,0.4771,0.470831609,0.577572347,0.510505513,0.624799358,22334.0,14250.0,15500.0,17750.0,57780.0,11200.0,36177.0,80501.0,79400.0,44928.0,9100.0,26674.0,64428.0,64000.0,0.2908,William Paterson University of New Jersey,Wayne,0.7266,0.5551
8450.0,8450.0,,6594.0,,,,,,5592.0,7106.0,7921.0,6410.0,,34.0,2.0,21.0,300.0,3000.0,6000.0,16700.0,8000.0,9800.0,2.0,3.0,1.0,81.0,,0.625,0.0,,,16.0,,0.25,,,,,,,,,,,,,,,,,,,0.0,Rabbinical Seminary Mkor Chaim,Lakewood,0.963,0.0
7541.0,24537.0,16487.0,,8370.0,11507.0,15766.0,20796.0,21991.0,,,,,,37.0,5.0,32.0,800.0,12258.0,2725.0,13378.0,2725.0,2725.0,1.0,3.0,0.8864,19304.0,,0.257,0.3756,190712711.0,192175577.0,16.0,1187.0,0.7311,0.685619735,0.714014552,0.669142615,0.739288069,20231.0,14786.0,15750.0,16583.0,51836.0,12400.0,36495.0,74305.0,69900.0,43663.0,9900.0,29502.0,59548.0,52300.0,0.5806,Appalachian State University,Boone,0.8533,0.7415
35600.0,35600.0,,23665.0,,,,,,22391.0,18835.0,20931.0,23323.0,30183.0,37.0,5.0,31.0,650.0,13050.0,2850.0,14510.0,2850.0,2850.0,2.0,3.0,0.9587,1020.0,,0.369,0.6537,29122201.0,28772743.0,14.0,,0.5152,0.533536585,0.550458716,0.439716312,0.588652482,25877.0,20250.0,12500.0,14976.0,47913.0,11000.0,35224.0,63831.0,64400.0,40785.0,10800.0,26796.0,52192.0,51100.0,0.399,Barton College,Wilson,0.6522,0.5229
19500.0,19500.0,,23613.0,,,,,,17985.0,21339.0,24173.0,24325.0,25375.0,37.0,5.0,22.0,1700.0,12056.0,2900.0,9200.0,4300.0,3700.0,2.0,3.0,0.9038,1454.0,,0.2542,0.4746,12195801.0,11651697.0,12.0,1082.0,0.4637,0.430809399,0.437219731,0.373493976,0.491686461,26000.0,13500.0,14560.0,15250.0,47937.0,16800.0,31040.0,70419.0,70200.0,43816.0,7600.0,26942.0,58194.0,58800.0,0.3985,Belmont Abbey College,Belmont,0.6947,0.4578
19140.0,19140.0,,22858.0,,,,,,21663.0,26755.0,24156.0,22400.0,,37.0,5.0,11.0,422.0,9804.0,12598.0,9804.0,12598.0,12598.0,2.0,3.0,0.3361,191.0,,0.75,0.7202,14267353.0,15341498.0,7.0,890.0,0.2063,0.211180124,0.269767442,0.174940898,0.261146497,28130.0,17500.0,19000.0,14125.0,36654.0,6900.0,19747.0,54181.0,56000.0,23153.0,4300.0,11302.0,34125.0,40200.0,0.1063,Bennett College,Greensboro,0.9,0.223
31250.0,31250.0,,21376.0,,,,,,17493.0,18803.0,21716.0,24695.0,23961.0,37.0,5.0,32.0,1000.0,13400.0,2000.0,13160.0,2000.0,2000.0,2.0,3.0,0.395,760.0,,0.3769,0.7048,34470393.0,33654804.0,11.0,1064.0,0.3902,0.305785124,0.424710425,0.464985994,0.5,25000.0,11375.0,12000.0,10625.0,43545.0,6800.0,29332.0,60200.0,55300.0,34401.0,4800.0,22655.0,46942.0,40000.0,0.2642,Brevard College,Brevard,0.6571,0.3252
40410.0,40410.0,,23991.0,,,,,,18276.0,20251.0,19451.0,26703.0,31975.0,37.0,5.0,31.0,1384.0,15200.0,6717.0,15200.0,6717.0,6717.0,2.0,3.0,0.9429,2790.0,,0.3332,0.3902,190998063.0,188619073.0,13.0,,0.5586,0.488854727,0.542857143,0.52173913,0.628980892,22500.0,16497.0,17000.0,17625.0,54886.0,12400.0,37957.0,80333.0,114900.0,45511.0,9100.0,30333.0,66123.0,88600.0,0.4121,Campbell University,Buies Creek,0.7459,0.5572
33400.0,33400.0,,18210.0,,,,,,15892.0,13838.0,14971.0,19531.0,25348.0,37.0,5.0,21.0,1400.0,12550.0,3449.0,10964.0,3449.0,3449.0,2.0,3.0,0.777,1127.0,,0.3942,0.5983,275881040.0,321799560.0,12.0,1136.0,0.5211,0.597297297,0.551886792,0.517580872,0.590078329,25000.0,12000.0,11667.0,14000.0,48793.0,10800.0,33908.0,66494.0,70700.0,36912.0,7900.0,21774.0,52144.0,53100.0,0.4488,Catawba College,Salisbury,0.7349,0.5981
27110.0,27110.0,,16189.0,,,,,,14377.0,13289.0,18449.0,17407.0,22454.0,37.0,5.0,43.0,1200.0,9710.0,1560.0,9710.0,1560.0,1560.0,2.0,3.0,0.7237,638.0,,0.6075,0.57,29841113.0,28585450.0,15.0,970.0,0.2852,0.289556962,0.317487267,0.255113025,0.511904762,29491.0,16000.0,15000.0,14750.0,38412.0,8700.0,21699.0,55097.0,64000.0,30096.0,6100.0,18358.0,43095.0,44700.0,0.1844,Chowan University,Murfreesboro,0.5674,0.2862
60300.0,60300.0,,18127.0,,,,,,6613.0,3339.0,7610.0,25077.0,40503.0,37.0,5.0,21.0,1000.0,16400.0,1775.0,,,,2.0,3.0,0.1448,1901.0,,0.1655,0.1111,1316042085.0,1322217036.0,9.0,1448.0,0.9189,0.879396985,0.935135135,0.825112108,PS,18688.0,9657.0,17500.0,17479.0,81400.0,10500.0,60136.0,116852.0,131800.0,62866.0,14400.0,37696.0,89293.0,81000.0,0.8919,Davidson College,Davidson,0.9539,0.9
65805.0,65805.0,,34454.0,,,,,,3295.0,242.0,6901.0,16487.0,54375.0,37.0,5.0,11.0,1602.0,17458.0,2207.0,,,,2.0,3.0,0.0678,6417.0,,0.1274,0.1631,12116260000.0,11602230000.0,6.0,1539.0,0.9583,0.937165775,0.940998487,0.879338843,0.902550091,13000.0,13500.0,10596.0,12000.0,97800.0,25900.0,66351.0,171770.0,216800.0,85792.0,19700.0,55723.0,136771.0,176900.0,0.8801,Duke University,Durham,0.9616,0.9628
7361.0,23638.0,16514.0,,11128.0,12290.0,16785.0,20979.0,22787.0,,,,,,37.0,5.0,13.0,1794.0,11000.0,4176.0,11034.0,4176.0,4491.0,1.0,3.0,0.9006,19857.0,,0.3134,0.4042,259073940.0,279529873.0,17.0,1143.0,0.6214,0.570934256,0.642039542,0.570528481,0.657356948,22750.0,18750.0,17750.0,16223.0,55146.0,13100.0,37968.0,78746.0,75400.0,46420.0,10100.0,31426.0,64407.0,57200.0,0.4325,East Carolina University,Greenville,0.8173,0.6701
3412.0,7412.0,7237.0,,4342.0,5202.0,8929.0,14182.0,15821.0,,,,,,37.0,5.0,32.0,1240.0,9079.0,1350.0,7710.0,1350.0,1350.0,1.0,3.0,0.7049,1863.0,,0.5253,0.5332,16946983.0,20125310.0,17.0,,0.4809,0.328320802,0.41563786,0.194010417,0.262345679,21463.0,12626.0,12000.0,14000.0,40026.0,7100.0,23461.0,53814.0,58400.0,33776.0,4300.0,18985.0,47583.0,41000.0,0.2991,Elizabeth City State University,Elizabeth City,0.7421,0.4091
44536.0,44536.0,,41048.0,,,,,,27108.0,23103.0,32133.0,37712.0,48382.0,37.0,5.0,22.0,900.0,14478.0,2600.0,14478.0,2600.0,2250.0,2.0,3.0,0.6731,6402.0,,0.0915,0.2449,317793839.0,322090123.0,11.0,1222.0,0.8296,0.735703246,0.144329897,0.799440299,0.878345499,20500.0,18875.0,17500.0,18500.0,74545.0,16300.0,46849.0,107869.0,87500.0,58082.0,13100.0,37471.0,81751.0,65000.0,0.7813,Elon University,Elon,0.9043,0.8366
3969.0,7969.0,7360.0,,5742.0,6901.0,8806.0,11448.0,13998.0,,,,,,37.0,5.0,12.0,420.0,11302.0,2616.0,11302.0,2616.0,2616.0,1.0,3.0,0.7989,5493.0,,0.5259,0.4589,31970629.0,31279732.0,19.0,972.0,0.352,0.345703125,0.413084112,0.209671965,0.28757108,22987.0,16750.0,15000.0,14934.0,40144.0,8200.0,25067.0,56069.0,59800.0,37831.0,5700.0,21385.0,57029.0,50400.0,0.2069,Fayetteville State University,Fayetteville,0.7769,0.3892
33450.0,33450.0,,24137.0,,,,,,21744.0,19750.0,19334.0,25534.0,27952.0,37.0,5.0,42.0,1000.0,10770.0,2400.0,5700.0,2600.0,5300.0,2.0,3.0,0.8702,1836.0,,0.2682,0.5491,70429816.0,72478059.0,11.0,1146.0,0.6168,0.459574468,0.594953519,0.467371038,0.558189655,24222.0,15832.0,18129.0,15000.0,48039.0,10200.0,33281.0,70715.0,70200.0,43996.0,10400.0,29603.0,61461.0,56400.0,0.056,Gardner-Webb University,Boiling Springs,0.6948,0.4592
20400.0,20400.0,,19314.0,,,,,,17131.0,16279.0,17363.0,20492.0,26481.0,37.0,5.0,11.0,1600.0,11964.0,2881.0,10600.0,3245.0,4659.0,2.0,3.0,0.9205,656.0,,0.4507,0.6685,26476365.0,27948701.0,10.0,,0.4081,0.303514377,0.315068493,0.397913562,0.468619247,25607.0,16368.0,17500.0,18843.0,46566.0,10100.0,28298.0,61078.0,63900.0,36462.0,7000.0,21825.0,51295.0,51400.0,0.3139,Greensboro College,Greensboro,0.6284,0.3009
41140.0,41140.0,,21200.0,,,,,,20785.0,24870.0,25205.0,30620.0,25245.0,37.0,5.0,11.0,1270.0,13100.0,1500.0,13100.0,1500.0,1500.0,2.0,3.0,0.8376,1011.0,,0.4358,0.5412,84860763.0,77345082.0,12.0,1120.0,0.4766,0.477806789,0.475378788,0.448,0.564327485,26000.0,14359.0,16882.0,15825.0,47590.0,10400.0,28375.0,67194.0,79400.0,40401.0,6600.0,24250.0,56029.0,54200.0,0.3684,Guilford College,Greensboro,0.6585,0.5498
8688.0,8688.0,,14219.0,,,,,,12706.0,15733.0,,,,37.0,5.0,41.0,1000.0,,,10900.0,4280.0,3570.0,2.0,3.0,,28.0,,0.7692,0.9615,2730.0,10520.0,2.0,,0.4,,,PS,PS,,,,,30672.0,,,64423.0,,30996.0,,14001.0,42341.0,,0.25,Heritage Bible College,Dunn,0.6667,0.25
44208.0,44208.0,,40721.0,,,,,,31504.0,33524.0,37597.0,38651.0,44082.0,37.0,5.0,12.0,1500.0,18462.0,2250.0,12000.0,2500.0,2000.0,2.0,3.0,0.7683,4970.0,,0.105,0.3604,138711571.0,151489137.0,17.0,1242.0,0.7,0.076923077,0.533541342,0.632750398,0.667127072,24575.0,16750.0,19500.0,19500.0,61389.0,11600.0,41738.0,88991.0,73800.0,50955.0,10200.0,35332.0,70114.0,56800.0,0.6556,High Point University,High Point,0.8379,0.7033
20480.0,20480.0,,20011.0,,,,,,19693.0,29425.0,17959.0,19673.0,21063.0,37.0,5.0,11.0,1200.0,9014.0,5250.0,10400.0,5250.0,5250.0,2.0,3.0,0.4287,1047.0,,0.6778,0.7348,63445686.0,64251820.0,11.0,,0.3414,0.331223629,0.402144772,0.219963031,0.230576441,30000.0,21352.0,20500.0,19500.0,42680.0,7000.0,23443.0,59416.0,59200.0,31478.0,5600.0,16648.0,44713.0,43500.0,0.2477,Johnson C Smith University,Charlotte,0.6255,0.4114
31140.0,31140.0,,25765.0,,,,,,18829.0,21139.0,20899.0,26761.0,29115.0,37.0,5.0,42.0,600.0,13730.0,4420.0,13730.0,6420.0,4420.0,2.0,3.0,0.8075,817.0,,0.3743,0.8655,36350969.0,34836868.0,10.0,,0.4423,0.535911602,0.542274052,0.495495496,0.573476703,17375.0,11000.0,12500.0,12875.0,43415.0,5900.0,25563.0,58373.0,63000.0,41599.0,6500.0,26327.0,60199.0,46900.0,0.399,Lees-McRae College,Banner Elk,0.6226,0.404
30900.0,30900.0,,23393.0,,,,,,22289.0,22427.0,20065.0,25754.0,29067.0,37.0,5.0,13.0,1360.0,12900.0,3250.0,12900.0,3250.0,3250.0,2.0,3.0,0.8068,1348.0,,0.3976,0.5572,136615092.0,128381078.0,15.0,,0.5105,0.4397463,0.466145833,0.556265985,0.722077922,26000.0,15000.0,18750.0,15000.0,45543.0,15000.0,32368.0,65480.0,70600.0,44799.0,10800.0,29958.0,62457.0,54800.0,0.411,Lenoir-Rhyne University,Hickory,0.7105,0.4865
18296.0,18296.0,,15662.0,,,,,,16621.0,11018.0,16327.0,15544.0,20006.0,37.0,5.0,21.0,1300.0,6794.0,2000.0,3262.0,3429.0,2000.0,2.0,3.0,0.7409,798.0,,0.8393,0.8369,6000038.0,6515278.0,13.0,,0.2712,0.236842105,0.281609195,0.092269327,0.160621762,31125.0,26250.0,26872.0,19500.0,32600.0,5600.0,17488.0,46579.0,49500.0,24024.0,3600.0,12350.0,37532.0,37100.0,0.1404,Livingstone College,Salisbury,0.7757,0.2375
37270.0,37270.0,,20313.0,,,,,,17372.0,17337.0,20703.0,22308.0,24291.0,37.0,5.0,41.0,,10228.0,3000.0,8456.0,4000.0,2000.0,2.0,3.0,0.7789,995.0,,0.4225,0.6318,60595250.0,59170846.0,10.0,,0.4193,0.334061135,0.308,0.449152542,0.627516779,26000.0,18472.0,17250.0,18070.0,44781.0,7800.0,29922.0,60021.0,61800.0,35680.0,8200.0,20131.0,48141.0,40500.0,0.3456,Mars Hill University,Mars Hill,0.6116,0.3377
43936.0,43936.0,,20197.0,,,,,,14882.0,14337.0,17521.0,22976.0,28045.0,37.0,5.0,11.0,850.0,12920.0,1840.0,12920.0,1840.0,1840.0,2.0,3.0,0.7466,1288.0,,0.3276,0.5485,124715059.0,130100558.0,10.0,1224.0,0.6497,0.53652968,0.525114155,0.599749059,0.677966102,25000.0,19250.0,20500.0,20500.0,51539.0,12400.0,34140.0,75132.0,70500.0,45293.0,6800.0,32321.0,60904.0,51900.0,0.5787,Meredith College,Raleigh,0.8097,0.6872
39664.0,39664.0,,24978.0,,,,,,21803.0,20432.0,23113.0,27208.0,30198.0,37.0,5.0,12.0,1400.0,13586.0,2650.0,11500.0,3150.0,6650.0,2.0,3.0,0.752,1425.0,,0.3867,0.5801,40925875.0,45459558.0,9.0,1201.0,0.4015,0.271341463,0.276243094,0.416013925,0.690476191,27000.0,12500.0,13250.0,13000.0,48050.0,12600.0,32466.0,69193.0,77200.0,40540.0,8800.0,23966.0,56988.0,54300.0,0.2625,Methodist University,Fayetteville,0.6471,0.3901
33860.0,33860.0,,26328.0,,,,,,21717.0,23372.0,26184.0,28027.0,29514.0,37.0,5.0,21.0,1200.0,10730.0,1500.0,12000.0,1500.0,6500.0,2.0,3.0,0.6555,750.0,,0.4037,0.6744,9352858.0,9776730.0,12.0,,0.4057,0.26446281,0.378504673,0.450733753,0.537735849,25813.0,16584.0,14125.0,12000.0,45151.0,8800.0,26234.0,68021.0,90100.0,39763.0,8200.0,25094.0,54090.0,67700.0,0.2791,Montreat College,Montreat,0.6244,0.3145
25950.0,25950.0,,17893.0,,,,,,14775.0,12115.0,18062.0,15969.0,21442.0,37.0,5.0,42.0,1350.0,11212.0,2000.0,6000.0,1800.0,1800.0,2.0,3.0,0.7775,1754.0,,0.4695,0.667,36321119.0,43004236.0,19.0,1020.0,0.4746,0.426865672,0.477720207,0.348319511,0.45557656,27209.0,22000.0,19687.0,19250.0,47139.0,12400.0,32008.0,66777.0,77500.0,43026.0,10300.0,29691.0,59082.0,63400.0,0.3516,University of Mount Olive,Mount Olive,0.7677,0.4853
6748.0,20408.0,10980.0,,7314.0,8701.0,13024.0,17075.0,18685.0,,,,,,37.0,5.0,11.0,1500.0,8832.0,3600.0,11994.0,3600.0,3600.0,1.0,3.0,0.4617,11925.0,,0.5066,0.5726,164541130.0,164719958.0,20.0,1048.0,0.5527,0.459579628,0.499788225,0.206158909,0.446428571,27000.0,21500.0,20750.0,20000.0,44440.0,8600.0,27229.0,64605.0,76500.0,36638.0,6300.0,21595.0,55690.0,56100.0,0.3371,North Carolina A & T State University,Greensboro,0.7951,0.5498
7461.0,24809.0,12865.0,,6513.0,8674.0,13105.0,16977.0,17721.0,,,,,,37.0,5.0,13.0,1200.0,11018.0,2600.0,11018.0,2600.0,2600.0,1.0,3.0,0.9389,2790.0,,0.3133,0.3902,70019951.0,71345515.0,11.0,1247.0,0.5495,0.596899225,0.600484262,0.549339549,0.582109479,20500.0,14514.0,14250.0,14000.0,44030.0,8600.0,28212.0,63894.0,72600.0,36947.0,5100.0,20826.0,53254.0,49300.0,0.4071,University of North Carolina Asheville,Asheville,0.7336,0.6544
8989.0,39330.0,12983.0,,3165.0,5143.0,11220.0,19106.0,24077.0,,,,,,37.0,5.0,13.0,1290.0,13016.0,2814.0,13016.0,2814.0,2814.0,1.0,3.0,0.1874,20556.0,,0.2026,0.183,5317830265.0,5200811833.0,15.0,1454.0,0.9207,0.844874275,0.866768177,0.763710618,0.818631179,14000.0,7636.0,12500.0,14500.0,72200.0,17400.0,48337.0,112339.0,114600.0,57057.0,12400.0,37548.0,83298.0,79200.0,0.8559,University of North Carolina at Chapel Hill,Chapel Hill,0.9715,0.9222
7214.0,21876.0,14745.0,,9010.0,10492.0,14014.0,19139.0,20740.0,,,,,,37.0,5.0,11.0,950.0,13864.0,2644.0,13864.0,2644.0,2644.0,1.0,3.0,0.8021,23567.0,,0.3378,0.4112,306480982.0,316286095.0,21.0,1202.0,0.6771,0.581583199,0.601073002,0.52910492,0.644612476,21500.0,17377.0,16250.0,15750.0,57289.0,13000.0,38026.0,83186.0,84300.0,48812.0,10900.0,32030.0,69957.0,63100.0,0.4987,University of North Carolina at Charlotte,Charlotte,0.8513,0.6774
7593.0,23339.0,10170.0,,6479.0,8141.0,12295.0,16056.0,18076.0,,,,,,37.0,5.0,11.0,850.0,10534.0,3336.0,13284.0,3588.0,5084.0,1.0,3.0,0.8983,13848.0,,0.471,0.4459,366330210.0,390764608.0,17.0,1187.0,0.579,0.5100797,0.580352229,0.49445605,0.587871652,22858.0,16298.0,17520.0,16500.0,48160.0,11200.0,32185.0,67995.0,69100.0,39869.0,9100.0,24870.0,55019.0,51100.0,0.4033,University of North Carolina at Greensboro,Greensboro,0.7579,0.5911
6542.0,19578.0,15028.0,,12136.0,14482.0,17688.0,21713.0,23621.0,,,,,,37.0,5.0,11.0,1500.0,14760.0,3986.0,13267.0,3986.0,4386.0,1.0,3.0,0.9049,5400.0,,0.5664,0.6338,56943166.0,58104533.0,16.0,1023.0,0.4597,0.473557692,0.517689531,0.170250368,0.22702332,28250.0,23250.0,21431.0,18500.0,42968.0,8100.0,26776.0,60270.0,61200.0,35967.0,5900.0,21279.0,50915.0,48200.0,0.2729,North Carolina Central University,Durham,0.7537,0.5223
9477.0,27211.0,12372.0,,4932.0,6698.0,10547.0,21768.0,24061.0,,,,,,37.0,5.0,11.0,1440.0,13410.0,2709.0,13410.0,2709.0,1403.0,1.0,3.0,0.331,902.0,,0.2478,0.4663,126643244.0,122863952.0,6.0,1250.0,0.7919,0.735955056,0.708994709,0.600660066,0.636792453,23870.0,19119.0,20226.0,19500.0,38357.0,7700.0,17831.0,64599.0,81600.0,24537.0,5700.0,10242.0,42984.0,55700.0,0.7733,University of North Carolina School of the Arts,Winston Salem,0.881,0.7222
8895.0,31767.0,16931.0,,6200.0,8670.0,13992.0,20386.0,24211.0,,,,,,37.0,5.0,11.0,869.0,13719.0,3121.0,13719.0,3121.0,8844.0,1.0,3.0,0.3985,26389.0,,0.191,0.3399,2018242485.0,2028200911.0,15.0,1380.0,0.8464,0.760467103,0.785328405,0.711010558,0.794502028,20121.0,14281.0,17500.0,18500.0,68758.0,16400.0,45891.0,99809.0,95000.0,57623.0,13100.0,39238.0,81038.0,69700.0,0.6753,North Carolina State University at Raleigh,Raleigh,0.9342,0.8588
35536.0,35536.0,,18165.0,,,,,,15574.0,17630.0,17786.0,17785.0,25749.0,37.0,5.0,13.0,300.0,12794.0,2200.0,9500.0,2500.0,2500.0,2.0,3.0,0.7795,1169.0,,0.4692,0.6301,13326109.0,12759310.0,13.0,,0.4043,0.445997459,0.486486486,0.310875842,0.385964912,25000.0,19925.0,18841.0,18833.0,45873.0,9200.0,30213.0,63341.0,71900.0,38939.0,8900.0,23840.0,55511.0,59700.0,0.2796,North Carolina Wesleyan University,Rocky Mount,0.6545,0.4026
7317.0,22985.0,19472.0,,11837.0,13891.0,18377.0,23374.0,25018.0,,,,,,37.0,5.0,12.0,1130.0,12605.0,5978.0,12605.0,5978.0,5978.0,1.0,3.0,0.7401,14176.0,,0.2381,0.361,149845776.0,147657266.0,17.0,1262.0,0.7073,0.644413212,0.642362377,0.57659128,0.631811488,19500.0,15750.0,15000.0,15000.0,54967.0,11700.0,37279.0,81800.0,78700.0,46972.0,9600.0,30551.0,66472.0,56700.0,0.5578,University of North Carolina Wilmington,Wilmington,0.8502,0.7288
33150.0,33150.0,,21728.0,,,,,,15206.0,18446.0,22005.0,26895.0,32987.0,37.0,5.0,11.0,,12198.0,4486.0,13148.0,5330.0,5330.0,2.0,3.0,0.9736,661.0,,0.345,0.6227,47743346.0,49296201.0,12.0,1198.0,0.4433,0.452380952,0.471428571,0.383233533,0.5,22250.0,15553.0,16375.0,13875.0,46643.0,8100.0,31783.0,66735.0,65700.0,39738.0,5500.0,21948.0,53610.0,43100.0,0.3547,William Peace University,Raleigh,0.6103,0.4206
3571.0,7571.0,9918.0,,7922.0,9526.0,10905.0,13204.0,15323.0,,,,,,37.0,5.0,32.0,1000.0,11016.0,3078.0,8192.0,4243.0,4443.0,1.0,3.0,0.9236,5386.0,,0.4763,0.4258,31763565.0,32352058.0,14.0,,0.4452,0.397733711,0.416295353,0.382204611,0.496083551,25000.0,17150.0,15000.0,14000.0,43407.0,8800.0,28007.0,59070.0,61500.0,37126.0,6800.0,22069.0,50523.0,48900.0,0.2759,University of North Carolina at Pembroke,Pembroke,0.7086,0.449
33930.0,33930.0,,21953.0,,,,,,18581.0,21569.0,21842.0,23089.0,26673.0,37.0,5.0,41.0,500.0,12520.0,2000.0,12520.0,2000.0,2000.0,2.0,3.0,0.953,654.0,,0.5564,0.7745,15851509.0,17638682.0,14.0,,0.426,0.418803419,0.486754967,0.47826087,0.584717608,26163.0,14750.0,15500.0,17750.0,51562.0,10000.0,32647.0,76229.0,73400.0,44621.0,10200.0,31582.0,66022.0,61000.0,0.3394,Pfeiffer University,Misenheimer,0.6768,0.3439
43285.0,43285.0,,27786.0,,,,,,17332.0,23207.0,24168.0,28378.0,31276.0,37.0,5.0,11.0,2000.0,16488.0,5617.0,19473.0,3232.0,3232.0,2.0,3.0,0.6768,1362.0,,0.2172,0.445,153518984.0,153458066.0,9.0,1223.0,0.6588,0.632545932,0.556034483,0.5,0.646840149,25000.0,20250.0,19575.0,19500.0,57673.0,9100.0,35952.0,85122.0,81800.0,48170.0,11700.0,29546.0,75318.0,66500.0,0.5984,Queens University of Charlotte,Charlotte,0.7584,0.6536
17280.0,17280.0,,25876.0,,,,,,24091.0,23462.0,25011.0,27848.0,28589.0,37.0,5.0,32.0,1200.0,10800.0,4520.0,7500.0,9440.0,4720.0,2.0,3.0,0.7621,161.0,,0.4662,0.5639,3809159.0,4151950.0,9.0,,0.4259,0.405405405,0.272727273,0.438596491,0.605263158,27000.0,12625.0,8750.0,6817.0,38342.0,,17727.0,56747.0,,29887.0,,,41384.0,,0.3469,Mid-Atlantic Christian University,Elizabeth City,0.4762,0.4615
16896.0,16896.0,,17740.0,,,,,,17346.0,17116.0,17866.0,20317.0,20861.0,37.0,5.0,11.0,1000.0,10376.0,5505.0,8942.0,5280.0,3825.0,2.0,3.0,0.5873,766.0,,0.5244,0.6304,0.0,791258.0,11.0,,0.3323,0.206349206,0.168981481,0.177419355,0.317857143,29669.0,14000.0,12000.0,12625.0,35730.0,5700.0,19109.0,51466.0,57500.0,26999.0,3600.0,14158.0,40085.0,40600.0,0.1335,Saint Augustine's University,Raleigh,0.5346,0.2308
32236.0,32236.0,,18835.0,,,,,,16009.0,19467.0,18561.0,20207.0,22832.0,37.0,5.0,11.0,1336.0,13056.0,5740.0,12540.0,2974.0,2974.0,2.0,3.0,0.8703,390.0,,0.4876,0.4959,56566347.0,58542047.0,7.0,1168.0,0.5625,0.609561753,0.537878788,0.494208494,0.603686636,26649.0,16849.0,20215.0,20500.0,44640.0,6400.0,28027.0,60645.0,62300.0,38496.0,9500.0,20770.0,49735.0,45900.0,0.5125,Salem College,Winston-Salem,0.6667,0.6739
17176.0,17176.0,,14083.0,,,,,,12125.0,14508.0,16310.0,15059.0,24706.0,37.0,5.0,11.0,1300.0,8940.0,3440.0,8100.0,4390.0,4390.0,2.0,3.0,0.3048,839.0,,0.6515,0.5844,13194214.0,13780704.0,11.0,,0.2025,0.176029963,0.215909091,0.108888889,0.189655172,32500.0,21347.0,15360.0,13438.0,34409.0,5200.0,18004.0,49938.0,54900.0,26148.0,4900.0,12892.0,40502.0,42400.0,0.1227,Shaw University,Raleigh,0.5596,0.1805
30800.0,30800.0,,33756.0,,,,,,35861.0,28615.0,31578.0,34947.0,34745.0,37.0,5.0,32.0,2100.0,12180.0,6306.0,5248.0,9364.0,9364.0,2.0,3.0,,806.0,,0.4769,0.6897,5554024.0,5534056.0,14.0,,0.2713,0.294117647,0.406926407,0.364207221,0.484375,25250.0,8250.0,8437.0,9500.0,45606.0,10600.0,26734.0,70198.0,69700.0,37691.0,7200.0,23277.0,52726.0,51100.0,0.1755,St. Andrews University,Laurinburg,0.5116,0.4167
10646.0,10646.0,,6608.0,,,,,,7367.0,5849.0,,,,37.0,5.0,21.0,800.0,7469.0,3717.0,13160.0,3717.0,3717.0,2.0,3.0,0.7661,466.0,,0.1826,0.0,40851631.0,43774514.0,11.0,1090.0,0.4643,,,,,,,,,,,,,,,,,,,0.0,Southeastern Baptist Theological Seminary,Wake Forest,0.8182,0.5882
64758.0,64758.0,,28746.0,,,,,,11554.0,6043.0,12769.0,19759.0,54447.0,37.0,5.0,11.0,1630.0,17848.0,3320.0,17848.0,3320.0,2880.0,2.0,3.0,0.2156,5471.0,,0.0949,0.1458,1819776000.0,1900449000.0,9.0,1469.0,0.9087,0.883495146,0.855895197,0.843786982,0.874659401,21500.0,18371.0,19500.0,20500.0,78158.0,24000.0,53216.0,126384.0,144400.0,67722.0,13000.0,42132.0,96787.0,83300.0,0.8671,Wake Forest University,Winston-Salem,0.9467,0.9072
40290.0,40290.0,,23719.0,,,,,,19447.0,19640.0,15474.0,25134.0,31599.0,37.0,5.0,41.0,850.0,12610.0,3230.0,15535.0,4900.0,9435.0,2.0,3.0,0.7762,720.0,,0.3707,0.5643,55937007.0,54958775.0,11.0,1290.0,0.4315,0.338709677,0.399122807,0.644562334,0.727722772,25000.0,11000.0,9000.0,9353.0,36260.0,5300.0,16552.0,53465.0,49100.0,27723.0,3800.0,12712.0,42912.0,39800.0,0.274,Warren Wilson College,Swannanoa,0.7031,0.3949
,,,,,,,,,,,,,,37.0,5.0,11.0,,,,,,,2.0,3.0,,134.0,,0.2454,0.7853,,,11.0,,,,,,,,,,,,,,,,,,,,,,Watts College of Nursing,Durham,,
40196.0,40196.0,,21371.0,,,,,,17966.0,18094.0,20089.0,24083.0,27692.0,37.0,5.0,21.0,2250.0,10676.0,5850.0,13500.0,7650.0,7650.0,2.0,3.0,0.8499,2462.0,,0.4143,0.5394,124499153.0,125060933.0,15.0,1083.0,0.4678,0.574918567,0.494736842,0.550847458,0.684659091,25000.0,10500.0,13069.0,12845.0,52649.0,12500.0,37780.0,77053.0,75100.0,43992.0,9700.0,30381.0,60179.0,105800.0,0.3632,Wingate University,Wingate,0.6735,0.619
9420.0,9420.0,,11448.0,,,,,,11448.0,,,,,37.0,5.0,11.0,800.0,6400.0,17133.0,12957.0,21042.0,11687.0,2.0,3.0,,53.0,,1.0,0.8723,208034.0,293639.0,5.0,,0.0,,,PS,PS,,9500.0,,,40672.0,,25313.0,,,,,,,,0.0,Carolina Christian College,Winston Salem,0.1667,
6735.0,17391.0,13393.0,,11012.0,12586.0,15668.0,20214.0,20815.0,,,,,,37.0,5.0,11.0,1690.0,11484.0,3492.0,10800.0,4831.0,4761.0,1.0,3.0,0.6855,4244.0,,0.6149,0.6231,51098284.0,48823269.0,16.0,946.0,0.4855,0.479374111,0.549284579,0.26439523,0.346328196,25000.0,19500.0,17914.0,14000.0,45344.0,9200.0,29750.0,66577.0,69700.0,40557.0,6300.0,23876.0,64688.0,54000.0,0.3312,Winston-Salem State University,Winston-Salem,0.7479,0.4705
4532.0,8532.0,12579.0,,8571.0,10277.0,13085.0,15140.0,17958.0,,,,,,37.0,5.0,32.0,693.0,11764.0,3330.0,12322.0,3330.0,3330.0,1.0,3.0,0.8666,9867.0,,0.3285,0.4364,130094486.0,125841612.0,16.0,1151.0,0.5908,0.565708902,0.618148319,0.52677702,0.619988379,21868.0,14731.0,16180.0,15250.0,49458.0,11000.0,35205.0,67362.0,67300.0,43085.0,8900.0,28947.0,57706.0,50900.0,0.4138,Western Carolina University,Cullowhee,0.7554,0.6204
9118.0,11218.0,15270.0,,11547.0,11472.0,13949.0,17160.0,17040.0,,,,,,38.0,4.0,33.0,1200.0,7740.0,3500.0,7740.0,3500.0,3500.0,1.0,3.0,0.6005,1108.0,,0.2176,0.3933,16344635.0,18760847.0,13.0,,0.4339,0.39375,0.427083333,0.721900348,0.85989011,18442.0,10500.0,11919.0,12000.0,50720.0,9400.0,31837.0,70067.0,78900.0,48628.0,8900.0,31931.0,65259.0,68400.0,0.1895,Dickinson State University,Dickinson,0.6043,0.3681
24820.0,24820.0,,20318.0,,,,,,15596.0,18178.0,20174.0,22157.0,21810.0,38.0,4.0,33.0,1300.0,8920.0,3200.0,8920.0,3200.0,3200.0,2.0,3.0,0.9351,947.0,,0.2607,0.635,38873492.0,42572530.0,9.0,,0.4402,0.447826087,0.419607843,0.731462926,0.875,27000.0,14635.0,19250.0,15000.0,56621.0,13500.0,39508.0,77491.0,77200.0,51151.0,12500.0,36498.0,66414.0,60100.0,0.312,University of Jamestown,Jamestown,0.6445,0.5565
21468.0,21468.0,,18568.0,,,,,,14673.0,14987.0,14553.0,18714.0,20840.0,38.0,4.0,41.0,1096.0,8506.0,3188.0,13070.0,3188.0,3188.0,2.0,3.0,0.7825,2280.0,,0.178,0.4545,62775233.0,68580534.0,10.0,,0.6819,0.5684803,0.553763441,0.70241064,0.828519856,24000.0,19359.0,18404.0,18760.0,60909.0,15500.0,41795.0,83018.0,86600.0,50191.0,15700.0,35428.0,68384.0,67900.0,0.5721,University of Mary,Bismarck,0.8271,0.6501
7935.0,9564.0,14454.0,,10575.0,9238.0,14676.0,16436.0,16448.0,,,,,,38.0,4.0,43.0,1000.0,9088.0,3100.0,9088.0,3100.0,3100.0,1.0,3.0,,704.0,,0.2442,0.3937,9756283.0,11301498.0,14.0,,0.4032,0.351535836,0.424603175,0.539235413,0.721311475,18585.0,10154.0,13000.0,12529.0,47828.0,9500.0,32033.0,65499.0,64300.0,43597.0,12600.0,29524.0,56298.0,51600.0,0.2807,Mayville State University,Mayville,0.6729,0.3228
8634.0,8634.0,12514.0,,8840.0,8874.0,11464.0,13885.0,15562.0,,,,,,38.0,4.0,13.0,1100.0,8058.0,3902.0,8058.0,3902.0,2558.0,1.0,3.0,0.7221,2072.0,,0.2411,0.3715,38739117.0,40309910.0,11.0,1084.0,0.4776,0.409090909,0.414910859,0.683840749,0.853932584,19609.0,10500.0,12000.0,12000.0,51759.0,10100.0,34033.0,71413.0,70100.0,46214.0,11500.0,30276.0,62469.0,60700.0,0.2806,Minot State University,Minot,0.7159,0.4936
10951.0,15570.0,18998.0,,13914.0,13615.0,18625.0,19282.0,20640.0,,,,,,38.0,4.0,13.0,800.0,11046.0,3446.0,11046.0,3446.0,3446.0,1.0,3.0,0.7709,9296.0,,0.1648,0.4247,333191000.0,361554000.0,17.0,,0.6333,0.40112729,0.482075472,0.721985179,0.853431373,22057.0,15000.0,15067.0,15250.0,63552.0,18800.0,43722.0,88520.0,96400.0,54588.0,15100.0,38611.0,73368.0,70800.0,0.4208,University of North Dakota,Grand Forks,0.8296,0.6376
10857.0,15511.0,16334.0,,10647.0,12429.0,14166.0,17427.0,19218.0,,,,,,38.0,4.0,12.0,800.0,9565.0,3476.0,9565.0,3476.0,5165.0,1.0,3.0,0.9581,9567.0,,0.1872,0.5279,419745591.0,440354380.0,18.0,1120.0,0.6372,0.572872134,0.576386269,0.779090029,0.888848397,23199.0,15100.0,18000.0,16750.0,62203.0,18100.0,43700.0,85613.0,93700.0,54312.0,14900.0,39772.0,72568.0,68900.0,0.4478,North Dakota State University-Main Campus,Fargo,0.769,0.6644
18762.0,18762.0,,20396.0,,,,,,18626.0,18709.0,22229.0,20857.0,26953.0,38.0,4.0,43.0,1000.0,7282.0,4500.0,8300.0,5150.0,2750.0,2.0,3.0,0.3622,138.0,,0.5,0.7464,1473280.0,1361454.0,9.0,1120.0,0.3878,0.333333333,0.412698413,0.547619048,0.692307692,22531.0,12031.0,16750.0,16447.0,35604.0,3200.0,21765.0,53422.0,57300.0,29234.0,3500.0,22157.0,44153.0,46000.0,0.2143,Trinity Bible College and Graduate School,Ellendale,0.7241,0.5
8514.0,13478.0,13613.0,,9030.0,12130.0,11758.0,15340.0,15411.0,,,,,,38.0,4.0,33.0,1000.0,7280.0,4336.0,7280.0,4336.0,4336.0,1.0,3.0,0.6931,918.0,,0.1729,0.3366,11279233.0,12051415.0,12.0,1090.0,0.4813,0.430420712,0.483870968,0.654618474,0.824120603,20369.0,10313.0,11063.0,12500.0,52725.0,12500.0,37044.0,69067.0,65800.0,45820.0,11800.0,32898.0,56870.0,60200.0,0.3625,Valley City State University,Valley City,0.6595,0.5376
11250.0,11250.0,,13467.0,,,,,,12681.0,15155.0,19643.0,,,37.0,5.0,41.0,1200.0,5153.0,3600.0,12600.0,4300.0,6750.0,2.0,3.0,,74.0,,0.3649,0.2432,,,8.0,,0.5455,,,,,,,,,,,,,,,,,,,0.4,Southeastern Free Will Baptist Bible College,Wendell,0.9333,0.5
12700.0,12700.0,,5774.0,,,,,,,2704.0,8500.0,5888.0,,34.0,2.0,21.0,300.0,3600.0,6000.0,,,,2.0,3.0,0.9032,96.0,,0.1789,0.0,,,16.0,,0.0357,,,,,,,,,,,,,,,,,,,0.0,Rabbi Jacob Joseph School,Edison,0.9063,0.04
11960.0,11960.0,,,,,,,,,,,,,37.0,5.0,11.0,850.0,,,14147.0,10202.0,3234.0,2.0,3.0,,36.0,,0.5556,0.7111,,,3.0,,0.0,,,PS,PS,18000.0,6500.0,,,33696.0,,,52862.0,,41684.0,,20865.0,62955.0,,0.0,Charlotte Christian College and Theological Seminary,Charlotte,,0.0
6960.0,6960.0,,14774.0,,,,,,15013.0,14057.0,,,,29.0,4.0,42.0,1600.0,,,8140.0,5610.0,5610.0,2.0,3.0,0.8714,1807.0,,0.2678,0.2457,15294007.0,16102164.0,17.0,,0.0,0.424686192,0.470531401,0.542635659,0.63002681,17619.0,12876.0,13750.0,13100.0,48991.0,11200.0,34222.0,74400.0,58200.0,43860.0,11200.0,31377.0,69089.0,53300.0,0.0,Central Methodist University-College of Graduate and Extended Studies,Fayette,0.5,0.0
8100.0,8100.0,,6505.0,,,,,,2000.0,7002.0,7645.0,6374.0,,34.0,2.0,13.0,400.0,4400.0,1100.0,,,,2.0,3.0,0.6301,125.0,,0.3182,0.0,,,16.0,,0.3214,,,,,,,,,,,,,,,,,,,0.0,Bais Medrash Toras Chesed,Lakewood,0.8788,0.4286
11450.0,11450.0,,16189.0,,,,,,,17190.0,15188.0,,,34.0,2.0,21.0,300.0,5200.0,6000.0,17100.0,8000.0,9800.0,2.0,3.0,1.0,52.0,,0.569,0.0,,,7.0,,0.1429,0.5,,,,,,,,82560.0,,51918.0,141533.0,,,,,,,0.0,Yeshivas Be'er Yitzchok,Elizabeth,0.6,0.2222
12750.0,12750.0,,5014.0,,,,,,5805.0,3709.0,5069.0,5824.0,,34.0,2.0,21.0,300.0,5400.0,6000.0,16700.0,8000.0,9800.0,2.0,3.0,0.9841,225.0,,0.4178,0.0,,,23.0,,0.2698,,,,,,,,,62526.0,,,88942.0,,,,,,,0.0476,Yeshiva Toras Chaim,Lakewood,0.931,0.1475
13920.0,13920.0,,,,,,,,,,,,,37.0,5.0,11.0,675.0,,,9438.0,1125.0,1125.0,3.0,3.0,,2728.0,,0.7997,0.1614,,,39.0,,0.1667,0.133444207,0.154570325,0.170581897,0.337864078,40621.0,12667.0,20636.0,22364.0,40092.0,11500.0,20698.0,62129.0,106500.0,36582.0,9600.0,18625.0,56532.0,83200.0,0.0,Strayer University-North Carolina,Greensboro,0.0,0.0
13920.0,13920.0,,,,,,,,,,,,,34.0,2.0,21.0,675.0,,,9438.0,1125.0,1125.0,3.0,3.0,,536.0,,0.6624,0.1076,,,39.0,,0.0,0.133444207,0.154570325,0.170581897,0.337864078,40621.0,12667.0,20636.0,22364.0,40092.0,11500.0,20698.0,62129.0,106500.0,36582.0,9600.0,18625.0,56532.0,83200.0,0.0,Strayer University-New Jersey,Piscataway,,0.0
6400.0,6400.0,,6709.0,,,,,,5596.0,7823.0,,,,29.0,4.0,11.0,600.0,,,5728.0,2808.0,2808.0,2.0,3.0,,188.0,,0.6591,0.0,,,6.0,,,,0.357142857,PS,PS,,,,,21123.0,,8610.0,,,40650.0,,16577.0,63222.0,,,City Vision University,Kansas City,0.6667,
13920.0,13920.0,,,,,,,,,,,,,28.0,5.0,12.0,675.0,,,9438.0,1125.0,1125.0,3.0,3.0,,400.0,,0.8339,0.1408,,,39.0,,,0.133444207,0.154570325,0.170581897,0.337864078,40621.0,12667.0,20636.0,22364.0,40092.0,11500.0,20698.0,62129.0,106500.0,36582.0,9600.0,18625.0,56532.0,83200.0,,Strayer University-Mississippi,Jackson,,
6276.0,6276.0,,18745.0,,,,,,18745.0,,,,,37.0,5.0,12.0,1200.0,,,10782.0,6009.0,799.0,2.0,3.0,,122.0,,0.5625,0.2589,489776.0,508219.0,4.0,,0.2222,0.294117647,0.274509804,PS,PS,25750.0,14500.0,,,24581.0,,,51284.0,,34156.0,,17754.0,52912.0,,1.0,Carolina College of Biblical Studies,Fayetteville,0.0,1.0
7163.0,7163.0,,20170.0,,,,,,,16723.0,,23618.0,,37.0,5.0,12.0,800.0,,,10458.0,17119.0,9820.0,2.0,3.0,1.0,169.0,,0.3448,0.2701,33892.0,37260.0,10.0,,0.6923,,0.5,PS,PS,13450.0,,8944.0,,,,,,,33431.0,,,41456.0,,0.0,Manna University,Fayetteville,0.6,1.0
11060.0,11060.0,,9706.0,,,,,,,,9706.0,,,34.0,2.0,21.0,300.0,1540.0,6000.0,16700.0,8000.0,12800.0,2.0,3.0,0.7143,59.0,,0.1887,0.0,,,19.0,,0.3333,,,,,,,,,,,,,,,,,,,0.3333,Keser Torah-Mayan Hatalmud,Lakewood,0.9167,0.0
19686.0,19686.0,,34947.0,,,,,,,34222.0,35672.0,,,29.0,4.0,21.0,600.0,,,14540.0,7808.0,7808.0,3.0,3.0,0.8333,328.0,,0.4773,0.8027,,,8.0,,0.3333,0.49228169,0.503994394,0.541874536,0.622781457,20919.0,16577.0,15795.0,17250.0,92405.0,13200.0,66826.0,120947.0,94100.0,84533.0,27800.0,62630.0,108596.0,98800.0,0.3333,Chamberlain University-Missouri,St. Louis,0.6667,0.75
11350.0,11350.0,,6833.0,,,,,,7219.0,5800.0,6709.0,,,34.0,2.0,21.0,300.0,2200.0,6000.0,15900.0,8000.0,9800.0,2.0,3.0,0.7059,47.0,,0.45,0.0,,,9.0,,0.75,,,,,,,,,,,,,,,,,,,0.0,Yeshiva Gedolah Zichron Leyma,Union,0.8571,0.0
12500.0,12500.0,,9429.0,,,,,,9292.0,10531.0,7341.0,10566.0,11351.0,34.0,2.0,21.0,300.0,2800.0,6000.0,16700.0,8000.0,12800.0,2.0,3.0,1.0,72.0,,0.3881,0.0,,,9.0,,0.0741,,,,,,,,,,,,,,,,,,,0.0741,Yeshiva Yesodei Hatorah,Lakewood,0.6522,0.1765
20650.0,20650.0,,27634.0,,,,,,27915.0,,,27073.0,,37.0,5.0,12.0,1500.0,,,8925.0,7914.0,5541.0,3.0,3.0,,70.0,,0.5532,0.8085,,,19.0,,0.0,0.222162162,0.178076996,0.192723315,0.386992275,26123.0,12643.0,15278.0,14700.0,34421.0,7100.0,17463.0,53014.0,67200.0,34115.0,7600.0,17590.0,54613.0,74600.0,0.0,South University-High Point,High Point,0.5,0.1818
17488.0,17488.0,,,,,,,,,,,,,34.0,2.0,21.0,400.0,,,16716.0,7708.0,7708.0,3.0,3.0,1.0,68.0,,0.6023,0.7273,,,3.0,,0.3333,0.218566206,0.195822076,0.282223068,0.443987851,24807.0,11756.0,14317.0,14750.0,45987.0,11500.0,25449.0,71271.0,91000.0,42178.0,7700.0,23114.0,63768.0,73100.0,0.4,DeVry University-New Jersey,Iselin,,0.12
20462.0,20462.0,,36438.0,,,,,,34345.0,34632.0,38649.0,,41740.0,34.0,2.0,21.0,600.0,,,16724.0,7808.0,7808.0,3.0,3.0,0.9,1316.0,,0.3442,0.8208,,,12.0,,0.0,0.49228169,0.503994394,0.541874536,0.622781457,20919.0,16577.0,15795.0,17250.0,92405.0,13200.0,66826.0,120947.0,94100.0,84533.0,27800.0,62630.0,108596.0,98800.0,0.0,Chamberlain University-New Jersey,North Brunswick,0.7143,1.0
12010.0,12010.0,,8030.0,,,,,,,8576.0,8217.0,6176.0,,34.0,2.0,21.0,300.0,2800.0,6000.0,,,,2.0,3.0,0.4231,109.0,,0.4433,0.0,,,22.0,,0.0,,,,,,,,,,,,,,,,,,,0.0,Beth Medrash of Asbury Park,Lakewood,0.7826,0.0
19686.0,19686.0,,21664.0,,,,,,21664.0,,,,,37.0,5.0,11.0,600.0,,,14540.0,7808.0,7808.0,3.0,3.0,0.6667,216.0,,0.3806,0.7425,,,9.0,,0.0,0.49228169,0.503994394,0.541874536,0.622781457,20919.0,16577.0,15795.0,17250.0,92405.0,13200.0,66826.0,120947.0,94100.0,84533.0,27800.0,62630.0,108596.0,98800.0,0.0,Chamberlain University-North Carolina,Charlotte,0.0,
16000.0,16000.0,,18866.0,,,,,,17910.0,17707.0,18906.0,21323.0,21403.0,37.0,5.0,11.0,2600.0,12400.0,3200.0,11720.0,3200.0,3200.0,2.0,3.0,0.34,424.0,,0.4562,0.5066,2850191.0,2854586.0,15.0,,0.2923,0.43902439,0.125,0.627737226,0.735294118,20287.0,11250.0,11610.0,10135.0,32864.0,4300.0,13802.0,51207.0,58300.0,30657.0,3900.0,17031.0,47351.0,52600.0,0.2807,Carolina University,Winston-Salem,0.5641,0.4231
10350.0,10350.0,,,,,,,,,,,,,34.0,2.0,13.0,300.0,2640.0,6000.0,14740.0,8000.0,9800.0,2.0,3.0,0.75,13.0,,0.75,0.0,,,4.0,,0.0,,,,,,,,,,,,,,,,,,,0.0,Yeshiva Bais Aharon,Lakewood,0.0,0.0417
9850.0,9850.0,,7240.0,,,,,,7177.0,8067.0,7061.0,6550.0,,34.0,2.0,21.0,300.0,1450.0,6000.0,,,,2.0,3.0,1.0,70.0,,0.5507,0.0,,,18.0,,0.0,,,,,,,,,,,,,,,,,,,0.0,Yeshiva Gedolah Tiferes Boruch,North Plainfield,0.8947,0.0
8550.0,8550.0,,,,,,,,,,,,,34.0,2.0,21.0,300.0,3000.0,6000.0,,,,2.0,3.0,0.8,53.0,,0.0938,0.0,,,18.0,,0.1053,,,,,,,,,,,,,,,,,,,0.0526,Yeshiva Gedolah of Cliffwood,Keyport,0.8182,0.2
9750.0,9750.0,,6055.0,,,,,,,,5950.0,6160.0,,34.0,2.0,41.0,300.0,3200.0,6000.0,16700.0,8000.0,12800.0,2.0,3.0,1.0,93.0,,0.0968,0.0,,,19.0,,0.0435,,,,,,,,,,,,,,,,,,,0.0435,Yeshivas Emek Hatorah,Howell,1.0,0.0385
8044.0,8044.0,,13375.0,,,,,,11262.0,14048.0,15253.0,18735.0,,29.0,4.0,12.0,1000.0,10232.0,3200.0,12130.0,3200.0,3200.0,2.0,3.0,,694.0,,0.5876,0.4488,545588.0,513578.0,17.0,,0.3208,0.351981352,0.374743326,0.399568966,0.563436563,20979.0,12500.0,12000.0,15250.0,40694.0,7400.0,22819.0,61963.0,66800.0,37508.0,5900.0,22351.0,53946.0,49400.0,0.0,Drury University-College of Continuing Professional Studies,Springfield,0.375,0.2308
8506.0,8506.0,,13496.0,,,,,,11658.0,14934.0,14834.0,,,29.0,4.0,21.0,2100.0,4398.0,2171.0,8198.0,3466.0,3466.0,2.0,3.0,0.8387,512.0,,0.3996,0.3784,,,21.0,1035.0,0.55,,,,,,,,6500.0,,,,,,,,,,,0.3158,Urshan College,Wentzville,0.6905,0.375
8025.0,8025.0,,18354.0,,,,,,14195.0,,20433.0,20433.0,20433.0,29.0,4.0,12.0,903.0,,,11845.0,5681.0,5681.0,2.0,3.0,0.45,213.0,,0.525,0.8125,1018528.0,1035464.0,8.0,,,0.512658228,0.575031526,0.573321555,0.696324952,24736.0,15764.0,18750.0,18196.0,46573.0,6100.0,30919.0,66982.0,65700.0,39332.0,6900.0,25411.0,52047.0,55700.0,,Evangel University-College of Online Learning,Springfield,0.7143,
9142.0,26098.0,10011.0,,8024.0,8679.0,10529.0,14169.0,15555.0,,,,,,32.0,8.0,12.0,1240.0,12072.0,4050.0,12710.0,5448.0,5448.0,1.0,3.0,0.9626,24131.0,,0.4026,0.2707,361485000.0,382740000.0,18.0,1091.0,0.5012,0.412698413,0.483930779,0.483391332,0.605399408,19450.0,12500.0,12000.0,12000.0,55037.0,10600.0,31740.0,80999.0,85800.0,42865.0,8600.0,23984.0,63454.0,65000.0,0.2535,University of Nevada-Las Vegas,Las Vegas,0.7793,0.5253
8994.0,25950.0,15402.0,,12126.0,12482.0,15116.0,18042.0,20739.0,,,,,,32.0,8.0,11.0,1200.0,13700.0,5370.0,13700.0,5370.0,5370.0,1.0,3.0,0.8531,15723.0,,0.2409,0.2648,458077297.0,520049973.0,16.0,,0.6245,0.577598618,0.621648461,0.615987038,0.736032804,18922.0,13000.0,12500.0,13314.0,60614.0,12700.0,38752.0,87156.0,91100.0,49182.0,10500.0,31597.0,70816.0,72800.0,0.4235,University of Nevada-Reno,Reno,0.8035,0.6522
6863.0,8843.0,6199.0,,4722.0,5663.0,7332.0,8346.0,11849.0,,,,,,35.0,6.0,33.0,950.0,8446.0,4782.0,7842.0,4782.0,3665.0,1.0,3.0,0.5492,3186.0,,0.3201,0.1965,37894944.0,43560372.0,17.0,965.0,0.3981,0.273211568,0.299620733,0.430860806,0.630200308,16500.0,10752.0,11000.0,11512.0,38550.0,6800.0,21084.0,59977.0,64300.0,33619.0,5400.0,19450.0,51947.0,54300.0,0.2314,Eastern New Mexico University-Main Campus,Portales,0.6192,0.3693
5801.0,5801.0,12322.0,,13316.0,10335.0,12720.0,,,,,,,,35.0,6.0,41.0,2400.0,12488.0,4400.0,13648.0,5600.0,5600.0,1.0,3.0,1.0,307.0,,0.2038,0.0,17592921.0,20452927.0,8.0,,0.2453,0.3,0.410714286,PS,PS,,,,,24505.0,,11766.0,47047.0,,20816.0,,7745.0,33845.0,,0.1163,Institute of American Indian and Alaska Native Culture and Arts Development,Santa Fe,0.5833,0.2917
7260.0,12180.0,14141.0,,13501.0,13953.0,15596.0,14350.0,14797.0,,,,,,35.0,6.0,33.0,1144.0,9674.0,3968.0,10352.0,3968.0,3968.0,1.0,3.0,,1561.0,,0.4636,0.1736,9292702.0,10374326.0,10.0,,0.2559,0.435810811,0.410144928,0.335945152,0.532467533,11399.0,9557.0,8875.0,9500.0,45937.0,8500.0,26406.0,62983.0,62100.0,38952.0,4800.0,22149.0,55777.0,50000.0,0.1614,New Mexico Highlands University,Las Vegas,0.5689,0.2785
9058.0,26312.0,8265.0,,3970.0,5067.0,8676.0,11907.0,12207.0,,,,,,35.0,6.0,33.0,800.0,9614.0,5728.0,9614.0,5728.0,9614.0,1.0,3.0,0.5396,1122.0,,0.3087,0.3514,75410887.0,88541685.0,10.0,1182.0,0.5636,0.38996139,0.435810811,0.655882353,0.846153846,19085.0,14000.0,10473.0,10000.0,76489.0,11100.0,40447.0,109428.0,107700.0,54530.0,5900.0,31121.0,86880.0,77600.0,0.3178,New Mexico Institute of Mining and Technology,Socorro,0.7685,0.5796
8115.0,26450.0,17478.0,,13908.0,15609.0,18586.0,20679.0,20948.0,,,,,,35.0,6.0,11.0,1328.0,11884.0,4708.0,11884.0,4708.0,4708.0,1.0,3.0,0.9545,16686.0,,0.3624,0.4287,620362978.0,714188151.0,15.0,1047.0,0.5253,0.368161251,0.387948298,0.414284113,0.61786372,18450.0,14250.0,13238.0,13000.0,44792.0,7300.0,23933.0,68866.0,81000.0,37150.0,6000.0,20317.0,55572.0,63500.0,0.3631,University of New Mexico-Main Campus,Albuquerque,0.7292,0.5675
8147.0,25271.0,6747.0,,5104.0,5724.0,8877.0,10223.0,10360.0,,,,,,35.0,6.0,22.0,1240.0,12026.0,4698.0,12762.0,4698.0,4698.0,1.0,3.0,0.7573,11561.0,,0.403,0.2288,44885427.0,76901345.0,15.0,1004.0,0.5222,0.306408898,0.329772727,0.381926197,0.573252103,17095.0,10688.0,9443.0,10250.0,39067.0,7900.0,21257.0,61878.0,73400.0,32960.0,5900.0,17762.0,50706.0,56900.0,0.322,New Mexico State University-Main Campus,Las Cruces,0.7483,0.5305
6400.0,14328.0,5216.0,,4957.0,4669.0,6836.0,,,,,,,,35.0,6.0,32.0,1200.0,,,12540.0,5490.0,5490.0,1.0,3.0,,859.0,,0.3553,0.0329,,,11.0,,0.3259,0.096330275,0.15658363,0.397727273,0.621621622,6000.0,6375.0,,,38112.0,2200.0,18660.0,60150.0,61200.0,34377.0,3300.0,16747.0,50835.0,51500.0,0.0862,Northern New Mexico College,Espanola,0.6053,0.2245
16670.0,16670.0,,19969.0,,,,,,17598.0,18554.0,22163.0,22814.0,23279.0,35.0,6.0,33.0,,8000.0,3000.0,15000.0,3000.0,3000.0,2.0,3.0,,337.0,,0.5573,0.6254,12836273.0,12753077.0,21.0,,0.2667,0.407185629,0.333333333,0.358361775,0.5,21303.0,15863.0,14500.0,13750.0,45389.0,10400.0,25950.0,68358.0,86400.0,36600.0,7000.0,21417.0,54209.0,58200.0,0.2333,University of the Southwest,Hobbs,0.5316,0.0909
7868.0,14354.0,7912.0,,7881.0,6940.0,12883.0,,,,,,,,35.0,6.0,33.0,1600.0,10940.0,4288.0,10940.0,4288.0,4288.0,1.0,3.0,,1935.0,,0.4186,0.22,14607168.0,31853989.0,13.0,,0.3489,0.256756757,0.266666667,0.308374384,0.523131673,23000.0,13973.0,11000.0,11000.0,39095.0,7200.0,19266.0,60604.0,71200.0,31166.0,3600.0,16150.0,47001.0,51500.0,0.1571,Western New Mexico University,Silver City,0.5377,0.281
47290.0,47290.0,,28348.0,,,,,,22149.0,24621.0,28183.0,29583.0,32093.0,36.0,2.0,21.0,1020.0,20028.0,3496.0,18934.0,6072.0,10496.0,2.0,3.0,0.7751,5077.0,,0.2944,0.5953,212345742.0,223962671.0,12.0,1224.0,0.6893,0.706500956,0.70807993,0.609947644,0.687094448,25000.0,21250.0,22027.0,19500.0,75482.0,12500.0,49267.0,106760.0,94400.0,63688.0,12200.0,37790.0,102366.0,90800.0,0.5876,Adelphi University,Garden City,0.8305,0.719
40375.0,40375.0,,26027.0,,,,,,15549.0,23891.0,22173.0,23715.0,30708.0,36.0,2.0,12.0,1000.0,12280.0,2360.0,12680.0,4200.0,4200.0,2.0,3.0,0.5908,509.0,,0.2928,0.8801,63658295.0,67814570.0,10.0,1280.0,0.6882,0.607287449,0.73015873,0.841750842,0.898584906,25500.0,25000.0,27000.0,21500.0,131426.0,33000.0,88704.0,157063.0,151900.0,112685.0,27500.0,64802.0,136375.0,145400.0,0.4444,Albany College of Pharmacy and Health Sciences,Albany,0.8559,0.6
39530.0,39530.0,,22701.0,,,,,,15458.0,18570.0,23315.0,27943.0,27120.0,36.0,2.0,42.0,1300.0,14240.0,2830.0,14240.0,2830.0,5350.0,2.0,3.0,0.4833,1401.0,,0.3898,0.6719,162029568.0,176525647.0,10.0,1205.0,0.555,0.588110403,0.575,0.647307286,0.735955056,26000.0,15000.0,15000.0,19800.0,54897.0,13400.0,35231.0,79560.0,84700.0,41703.0,9300.0,23380.0,61075.0,59400.0,0.433,Alfred University,Alfred,0.7669,0.5991
63612.0,63612.0,,31771.0,,,,,,13609.0,17710.0,19816.0,26909.0,43347.0,36.0,2.0,41.0,1200.0,18040.0,2000.0,13000.0,2000.0,5000.0,2.0,3.0,0.5229,2280.0,,0.2308,0.3441,141748775.0,151323688.0,9.0,1387.0,0.7271,0.626666667,0.711764706,0.747058824,0.796089386,24254.0,18000.0,18750.0,19500.0,46543.0,5600.0,22114.0,74224.0,77000.0,31072.0,4400.0,12874.0,55180.0,53800.0,0.5714,Bard College,Annandale-On-Hudson,0.8468,0.7174
66246.0,66246.0,,39253.0,,,,,,14486.0,9011.0,17279.0,24152.0,58447.0,36.0,2.0,11.0,1150.0,20582.0,1830.0,20582.0,1830.0,1830.0,2.0,3.0,0.0796,3219.0,,0.154,0.3745,447544000.0,466428000.0,10.0,1500.0,0.9294,0.917241379,0.936619718,0.855603448,0.886597938,18000.0,15500.0,17500.0,15500.0,80516.0,17400.0,54604.0,122978.0,127400.0,60411.0,8100.0,38296.0,86172.0,79300.0,0.7664,Barnard College,New York,0.967,0.9312
28600.0,28600.0,,25133.0,,,,,,25059.0,22672.0,30590.0,38983.0,,36.0,2.0,11.0,400.0,,,15360.0,7630.0,7630.0,3.0,3.0,,1514.0,,0.5352,0.5627,,,21.0,,0.4025,0.345876289,0.374609131,0.235110533,0.33240028,30426.0,18942.0,20268.0,20750.0,45884.0,8700.0,21225.0,68154.0,77900.0,37284.0,6200.0,16534.0,58068.0,62300.0,0.3784,Berkeley College-New York,New York,0.5,0.339
,,,,,,,,,,,,,,36.0,2.0,11.0,,,,,,,2.0,3.0,,273.0,,0.0152,0.617,1013500.0,1064175.0,8.0,,1.0,0.767857143,,0.628571429,0.704761905,19750.0,18750.0,19938.0,8250.0,96980.0,,56737.0,135144.0,,99344.0,,68686.0,131235.0,,0.0,Mount Sinai Phillips School of Nursing,New York,,
12525.0,12525.0,,14187.0,,,,,,14279.0,12408.0,17429.0,,,36.0,2.0,11.0,400.0,,,5750.0,9050.0,3625.0,2.0,3.0,,401.0,,0.8517,0.1586,681731.0,697597.0,20.0,,0.7063,0.193548387,0.154897494,0.42948718,0.444444444,6733.0,6090.0,,,35348.0,6200.0,17796.0,56202.0,57100.0,30398.0,5700.0,14252.0,47776.0,47500.0,0.2604,Boricua College,New York,0.8511,0.5806
32720.0,32720.0,,18322.0,,,,,,12369.0,13719.0,16657.0,20762.0,23259.0,36.0,2.0,11.0,1200.0,13160.0,1500.0,8000.0,1500.0,1500.0,2.0,3.0,0.8177,1768.0,,0.2679,0.5341,155680773.0,142787396.0,11.0,,0.7065,0.670250896,0.705621302,0.658660844,0.732788798,24250.0,16775.0,19500.0,19500.0,60681.0,18700.0,44638.0,82280.0,80800.0,46089.0,12900.0,28377.0,63766.0,57800.0,0.625,Canisius University,Buffalo,0.7996,0.7112
8400.0,8400.0,,19406.0,,,,,,18440.0,19048.0,19976.0,21984.0,22805.0,36.0,2.0,11.0,300.0,3600.0,6000.0,15900.0,8000.0,9800.0,2.0,3.0,0.8846,810.0,,0.6445,0.0,,,35.0,,0.0278,0.274853801,0.256880734,,,,,,,35023.0,5000.0,16177.0,67210.0,63700.0,21104.0,3100.0,11786.0,47334.0,51300.0,0.0,Central Yeshiva Tomchei Tmimim Lubavitz,Brooklyn,0.8167,0.3065
57950.0,57950.0,,31955.0,,,,,,20521.0,19328.0,26800.0,33329.0,36429.0,36.0,2.0,33.0,1560.0,17016.0,2496.0,17792.0,2496.0,3470.0,2.0,3.0,0.7716,2449.0,,0.2046,0.6537,216602679.0,218427219.0,12.0,1307.0,0.7356,0.749303621,0.806136681,0.836137527,0.899063476,26000.0,21039.0,21500.0,23000.0,89696.0,24800.0,62112.0,112758.0,108800.0,76970.0,19500.0,53769.0,90441.0,81300.0,0.6381,Clarkson University,Potsdam,0.8471,0.7598
67024.0,67024.0,,29107.0,,,,,,3341.0,9345.0,17685.0,31027.0,53119.0,36.0,2.0,42.0,1524.0,16790.0,1732.0,,,,2.0,3.0,0.1195,3122.0,,0.1268,0.1217,1197104721.0,1202362526.0,9.0,1480.0,0.9053,0.909407666,0.889312977,0.816666667,0.857938719,15000.0,8012.0,10924.0,16000.0,85139.0,19400.0,56075.0,139443.0,144300.0,64949.0,13100.0,41858.0,96936.0,86900.0,0.8418,Colgate University,Hamilton,0.9285,0.904
20188.0,20188.0,,25180.0,,,,,,22122.0,27043.0,30663.0,,,36.0,2.0,11.0,1000.0,,,12334.0,4476.0,4476.0,2.0,3.0,0.7654,430.0,,0.608,0.6761,874933.0,893520.0,13.0,,0.2474,0.29022082,0.338028169,0.105489774,0.143426295,27688.0,20500.0,19000.0,12500.0,46236.0,6700.0,21570.0,69731.0,75800.0,45086.0,4700.0,20467.0,63701.0,61800.0,0.193,Metropolitan College of New York,New York,0.3846,0.2553
69045.0,69045.0,,20148.0,,,,,,6342.0,4975.0,5195.0,15368.0,44695.0,36.0,2.0,11.0,1392.0,16800.0,2350.0,17058.0,3492.0,3492.0,2.0,3.0,0.0423,8899.0,,0.2254,0.1439,13279846000.0,13642667000.0,6.0,1547.0,0.9496,0.782258065,0.792420327,0.697910785,0.773837668,21500.0,23000.0,16259.0,15000.0,102491.0,16600.0,62687.0,162279.0,205500.0,88535.0,13200.0,48134.0,137388.0,165900.0,0.7991,Columbia University in the City of New York,New York,0.9718,0.9633
46820.0,46820.0,,16478.0,,,,,,8188.0,8563.0,12057.0,11674.0,31201.0,36.0,2.0,11.0,1800.0,18650.0,2276.0,15910.0,2616.0,4216.0,2.0,3.0,0.1905,891.0,,0.2792,0.208,911434083.0,907519025.0,9.0,1480.0,0.8032,0.745454545,,0.741071429,0.805555556,15000.0,12000.0,10000.0,13867.0,83847.0,7500.0,,115510.0,147900.0,39707.0,4100.0,20193.0,78247.0,80200.0,0.5479,The Cooper Union for the Advancement of Science and Art,New York,0.9128,0.8559
66014.0,66014.0,,32337.0,,,,,,4079.0,5589.0,8129.0,18531.0,51735.0,36.0,2.0,13.0,1354.0,18554.0,2218.0,18554.0,2218.0,2218.0,2.0,3.0,0.0816,15935.0,,0.1821,0.2407,9349246700.0,9553279351.0,9.0,1520.0,0.9514,0.922948074,0.924157303,0.854759568,0.888465931,14000.0,8800.0,11100.0,14170.0,104043.0,23100.0,67090.0,166446.0,178800.0,87830.0,14900.0,54591.0,131851.0,124000.0,0.8711,Cornell University,Ithaca,0.9782,0.9483
7464.0,15414.0,2978.0,,745.0,2640.0,6626.0,9323.0,12757.0,,,,,,36.0,2.0,11.0,1500.0,18684.0,3834.0,21788.0,3834.0,4816.0,1.0,3.0,0.5048,15734.0,,0.5533,0.1199,252514307.0,205706751.0,19.0,1310.0,0.7211,0.626541207,0.638418079,0.607488702,0.722098214,11512.0,9500.0,9500.0,10750.0,75971.0,12300.0,42243.0,112029.0,105400.0,61542.0,9100.0,32671.0,87004.0,77000.0,0.5635,CUNY Bernard M Baruch College,New York,0.8841,0.7589
7452.0,15402.0,2943.0,,1466.0,2954.0,6726.0,8246.0,11670.0,,,,,,36.0,2.0,11.0,1500.0,,,21788.0,3834.0,4816.0,1.0,3.0,0.5366,10443.0,,0.5639,0.07,109400621.0,52472409.0,13.0,1310.0,0.5658,0.485930408,0.487551213,0.475243507,0.567237164,11000.0,8500.0,9500.0,10677.0,60752.0,9400.0,31888.0,87936.0,87900.0,45035.0,6700.0,21656.0,67601.0,66800.0,0.3514,CUNY Brooklyn College,Brooklyn,0.7987,0.5946
7490.0,15440.0,5115.0,,3243.0,4835.0,7696.0,9515.0,12557.0,,,,,,36.0,2.0,11.0,1500.0,20535.0,3834.0,21788.0,3834.0,4816.0,1.0,3.0,,9387.0,,0.4925,0.1104,18974083.0,17017602.0,16.0,,0.3278,0.278298486,0.287206266,0.422739245,0.53539823,14350.0,6716.0,7816.0,11000.0,53501.0,8500.0,28588.0,84344.0,87700.0,36931.0,5000.0,17738.0,58862.0,69400.0,0.2869,College of Staten Island CUNY,Staten Island,0.7624,0.5322
7340.0,15290.0,3486.0,,1579.0,3087.0,7188.0,9487.0,11887.0,,,,,,36.0,2.0,11.0,1500.0,18104.0,3834.0,21788.0,3834.0,4816.0,1.0,3.0,0.5807,11934.0,,0.5958,0.0748,309393983.0,276724462.0,14.0,1340.0,0.5466,0.45388601,0.482128982,0.471421823,0.566353187,11990.0,9500.0,10000.0,11000.0,66039.0,10300.0,37225.0,91371.0,92600.0,46435.0,6300.0,22853.0,71747.0,67300.0,0.2763,CUNY City College,New York,0.786,0.6117
7410.0,15360.0,,,,,,,,,,,,,36.0,2.0,11.0,1500.0,,,21788.0,3834.0,4816.0,1.0,3.0,0.3861,3067.0,,0.3788,0.1507,95973665.0,80263572.0,12.0,,,0.444736842,0.478632479,0.39084507,0.51,12584.0,10233.0,8295.0,10553.0,65991.0,,41234.0,108769.0,,68616.0,,39281.0,101831.0,,,CUNY Graduate School and University Center,New York,,
7382.0,15332.0,2446.0,,262.0,2264.0,6457.0,8551.0,12135.0,,,,,,36.0,2.0,11.0,1500.0,11324.0,3834.0,21788.0,3834.0,4816.0,1.0,3.0,0.5405,16642.0,,0.5501,0.0715,139680530.0,180821181.0,14.0,1350.0,0.6099,0.463970812,0.457774799,0.513207547,0.606918239,11000.0,8684.0,8000.0,9713.0,63163.0,10200.0,34332.0,92425.0,87300.0,50414.0,6400.0,25137.0,75895.0,70300.0,0.3974,CUNY Hunter College,New York,0.7997,0.6056
7470.0,15420.0,3046.0,,1290.0,2942.0,7654.0,9605.0,12827.0,,,,,,36.0,2.0,11.0,1500.0,,,21788.0,3834.0,4816.0,1.0,3.0,0.5722,11340.0,,0.5919,0.0846,14332813.0,5146812.0,16.0,1140.0,0.5549,0.520700101,0.521041477,0.465937345,0.546524064,11000.0,8500.0,8993.0,11875.0,56195.0,10600.0,35780.0,80288.0,95600.0,50293.0,7100.0,28937.0,67247.0,62100.0,0.4107,CUNY John Jay College of Criminal Justice,New York,0.8126,0.5639
7410.0,15360.0,3482.0,,2047.0,3756.0,7516.0,9173.0,10803.0,,,,,,36.0,2.0,11.0,1500.0,,,21788.0,3834.0,4816.0,1.0,3.0,0.5543,10438.0,,0.6053,0.1288,34997007.0,35492849.0,15.0,1010.0,0.4929,0.536134454,0.556750299,0.440340909,0.554006969,10950.0,7756.0,9630.0,11287.0,58013.0,10300.0,36728.0,82802.0,82800.0,51067.0,7900.0,28598.0,72298.0,65300.0,0.2786,CUNY Lehman College,Bronx,0.7353,0.5836
7352.0,15302.0,5881.0,,4741.0,5532.0,9533.0,10791.0,13680.0,,,,,,36.0,2.0,11.0,1500.0,,,21788.0,3834.0,4816.0,1.0,3.0,0.8339,3404.0,,0.5679,0.1217,613245.0,375018.0,14.0,980.0,0.2229,0.195505618,0.193802521,0.32823741,0.422857143,10988.0,7365.0,7346.0,8241.0,46498.0,8300.0,23662.0,68052.0,73600.0,37538.0,5900.0,17219.0,55413.0,58200.0,0.1007,CUNY Medgar Evers College,Brooklyn,0.522,0.3364
7332.0,15282.0,4783.0,,3681.0,4833.0,7775.0,10146.0,13164.0,,,,,,36.0,2.0,11.0,1500.0,,,21788.0,3834.0,4816.0,1.0,3.0,0.8074,12950.0,,0.5544,0.0553,17413381.0,15973391.0,16.0,1040.0,0.1941,0.217252396,0.237155864,0.417775413,0.590291262,10533.0,7227.0,6270.0,7166.0,49365.0,9100.0,24508.0,76756.0,76700.0,39982.0,5900.0,17280.0,62891.0,60600.0,0.0647,CUNY New York City College of Technology,Brooklyn,0.5997,0.3363
7538.0,15488.0,3830.0,,1816.0,3530.0,7186.0,9157.0,12359.0,,,,,,36.0,2.0,11.0,1500.0,16464.0,3834.0,21788.0,3834.0,4816.0,1.0,3.0,0.6852,13060.0,,0.4772,0.0893,60433805.0,64018723.0,14.0,1210.0,0.6016,0.371024735,0.452772074,0.503167899,0.612643678,10298.0,8011.0,8286.0,10076.0,62763.0,10500.0,33563.0,89659.0,91700.0,48548.0,6300.0,23499.0,69592.0,66800.0,0.3703,CUNY Queens College,Queens,0.7817,0.5898
7358.0,15308.0,4734.0,,3267.0,4716.0,8080.0,9257.0,12206.0,,,,,,36.0,2.0,11.0,1500.0,,,21788.0,3834.0,4816.0,1.0,3.0,0.5942,4439.0,,0.4343,0.0619,2294493.0,2256318.0,13.0,1100.0,0.3027,0.353462604,0.429943503,0.390425532,0.496183206,11000.0,7500.0,6631.0,9100.0,56945.0,8700.0,33179.0,82369.0,71800.0,46148.0,6900.0,25764.0,66140.0,58400.0,0.1168,CUNY York College,Jamaica,0.5954,0.3709
33560.0,33560.0,,19585.0,,,,,,12286.0,12705.0,21460.0,21631.0,26150.0,36.0,2.0,11.0,1200.0,11800.0,3000.0,11800.0,3000.0,3000.0,2.0,3.0,0.8235,1299.0,,0.3582,0.6247,53105072.0,51712746.0,11.0,1040.0,0.5668,0.6,0.593886463,0.550380228,0.716117216,25000.0,20500.0,19563.0,19500.0,66942.0,11900.0,42220.0,98468.0,95600.0,63804.0,11800.0,39977.0,89275.0,80100.0,0.361,D'Youville  University,Buffalo,0.7183,0.6
33724.0,33724.0,,18244.0,,,,,,10602.0,11562.0,16325.0,20603.0,25038.0,36.0,2.0,21.0,1000.0,13940.0,1500.0,2900.0,1500.0,1500.0,2.0,3.0,0.7616,1761.0,,0.4167,0.6125,24922756.0,24694097.0,13.0,,0.584,0.462264151,0.506891271,0.62094532,0.753398058,22091.0,12500.0,15750.0,17375.0,61808.0,13600.0,39844.0,87929.0,87700.0,59912.0,9600.0,36246.0,86693.0,74100.0,0.447,Daemen University,Amherst,0.8017,0.5781
11150.0,11150.0,,9400.0,,,,,,,,9400.0,,,36.0,2.0,11.0,300.0,3700.0,6000.0,15100.0,8000.0,9800.0,2.0,3.0,0.88,57.0,,0.1731,0.0,,,10.0,,0.5333,,,,,,,,,,,,,,,,,,,0.1333,Yeshiva of Far Rockaway Derech Ayson Rabbinical Seminary,Far Rockaway,0.8571,0.0909
33060.0,33060.0,,26187.0,,,,,,21435.0,21420.0,27482.0,28370.0,30166.0,36.0,2.0,21.0,1600.0,16220.0,2950.0,10000.0,3850.0,3850.0,2.0,3.0,0.7883,1083.0,,0.4111,0.691,9021538.0,8453474.0,14.0,1160.0,0.5677,0.464412811,0.566820276,0.458592133,0.581339713,25000.0,17499.0,19750.0,17125.0,61171.0,12800.0,40451.0,89065.0,94400.0,50865.0,8800.0,25830.0,78828.0,80100.0,0.4629,Dominican University New York,Orangeburg,0.6682,0.438
37932.0,37932.0,,23735.0,,,,,,19761.0,19167.0,18523.0,23840.0,28670.0,36.0,2.0,13.0,600.0,13990.0,550.0,2500.0,550.0,2050.0,2.0,3.0,0.908,583.0,,0.3498,0.7422,26492105.0,28466382.0,8.0,1239.0,0.6404,0.668965517,0.61784897,0.612030075,0.716931217,27000.0,19500.0,24900.0,19500.0,57550.0,13600.0,36860.0,77968.0,79000.0,49057.0,9800.0,29745.0,71373.0,60500.0,0.5911,Elmira College,Elmira,0.7384,0.631
29950.0,29950.0,,20799.0,,,,,,15245.0,16452.0,23393.0,31943.0,27854.0,36.0,2.0,21.0,1000.0,14450.0,4550.0,10000.0,5200.0,5200.0,3.0,3.0,0.7203,533.0,,0.4456,0.5242,,,11.0,,0.4898,0.466321244,0.512953368,0.442760943,0.572490706,21500.0,12265.0,13125.0,12500.0,35887.0,6900.0,14675.0,54860.0,68800.0,25305.0,3900.0,11139.0,45635.0,50000.0,0.3926,Five Towns College,Dix Hills,0.747,0.4272
61992.0,61992.0,,42581.0,,,,,,31239.0,33504.0,38039.0,41753.0,50121.0,36.0,2.0,11.0,1088.0,23075.0,3420.0,14870.0,3388.0,3376.0,2.0,3.0,0.5628,10239.0,,0.2086,0.4695,972446000.0,978178000.0,14.0,1412.0,0.8027,0.786666667,0.783715013,0.729032258,0.796107056,24300.0,14500.0,20500.0,23000.0,85569.0,14700.0,55876.0,126936.0,112100.0,68008.0,9500.0,39251.0,93208.0,76800.0,0.7573,Fordham University,Bronx,0.8763,0.8356
65740.0,65740.0,,28314.0,,,,,,4906.0,8614.0,18336.0,21312.0,50232.0,36.0,2.0,22.0,800.0,16690.0,1000.0,,,,2.0,3.0,0.1177,2045.0,,0.181,0.3069,1275562000.0,1282403000.0,9.0,1487.0,0.9125,0.913419913,0.941441441,0.882911392,0.911660777,17000.0,15506.0,14250.0,15000.0,78411.0,17400.0,53229.0,127191.0,136500.0,60082.0,11000.0,36124.0,88703.0,68500.0,0.8104,Hamilton College,Clinton,0.9561,0.9172
52849.0,52849.0,,29800.0,,,,,,26633.0,29759.0,30440.0,31596.0,30012.0,36.0,2.0,33.0,700.0,14647.0,700.0,6000.0,500.0,500.0,2.0,3.0,0.687,1099.0,,0.3503,0.8053,65102362.0,50211828.0,10.0,1170.0,0.4615,0.402061856,0.578838174,0.664652568,0.748571429,27000.0,14750.0,17827.0,19500.0,61107.0,12000.0,41224.0,87242.0,93100.0,50452.0,10700.0,31733.0,72533.0,64300.0,0.3761,Hartwick College,Oneonta,0.7088,0.5773
32150.0,32150.0,,22100.0,,,,,,18835.0,23593.0,23756.0,23610.0,23655.0,36.0,2.0,21.0,0.0,14200.0,1900.0,8120.0,1900.0,1900.0,2.0,3.0,0.9802,922.0,,0.4376,0.7224,5918729.0,4895458.0,15.0,1060.0,0.4699,0.5,0.574324324,0.470494418,0.590163934,24750.0,14023.0,15000.0,17107.0,48309.0,11600.0,31795.0,66554.0,75800.0,45369.0,10700.0,28713.0,57435.0,57300.0,0.4217,Hilbert College,Hamburg,0.6306,0.5302
63268.0,63268.0,,31057.0,,,,,,10969.0,14672.0,19579.0,24792.0,41860.0,36.0,2.0,32.0,1300.0,17334.0,700.0,14875.0,700.0,700.0,2.0,3.0,0.5728,1606.0,,0.2412,0.7107,237195395.0,181347857.0,10.0,1296.0,0.7271,0.724137931,0.743801653,0.755882353,0.803571429,27000.0,21000.0,23500.0,25088.0,68831.0,17500.0,46622.0,96812.0,94300.0,62416.0,8000.0,41107.0,85958.0,68200.0,0.664,Hobart William Smith Colleges,Geneva,0.8924,0.7306
55450.0,55450.0,,35129.0,,,,,,29667.0,31575.0,35162.0,38553.0,37740.0,36.0,2.0,21.0,1000.0,17720.0,2050.0,25303.0,2772.0,2622.0,2.0,3.0,0.7059,6155.0,,0.243,0.4694,749761574.0,797726112.0,13.0,1294.0,0.671,0.649566474,0.63121547,0.645182947,0.734681373,23621.0,18500.0,18000.0,19312.0,69039.0,13200.0,42369.0,95464.0,102900.0,52131.0,10000.0,28873.0,73576.0,73600.0,0.5664,Hofstra University,Hempstead,0.8311,0.7015
17290.0,17290.0,,21148.0,,,,,,17213.0,17292.0,20133.0,22275.0,25436.0,36.0,2.0,43.0,1000.0,10810.0,2500.0,7000.0,3400.0,3400.0,2.0,3.0,0.927,867.0,,0.3379,0.5602,69865076.0,69416105.0,13.0,1297.0,0.6466,0.318996416,0.519230769,0.735880399,0.842592593,25250.0,17245.0,21625.0,18875.0,46721.0,8700.0,26371.0,61796.0,72800.0,36376.0,6500.0,23369.0,51161.0,57800.0,0.5963,Houghton University,Houghton,0.7697,0.6708
45880.0,45880.0,,27951.0,,,,,,25063.0,27463.0,26714.0,28595.0,30466.0,36.0,2.0,21.0,1000.0,18270.0,1850.0,18270.0,1850.0,2350.0,2.0,3.0,0.9114,2731.0,,0.2615,0.4288,192517000.0,207953000.0,15.0,1167.0,0.5744,0.568521031,0.622911695,0.67381317,0.758241758,25999.0,19435.0,19500.0,19500.0,73595.0,13700.0,48404.0,98708.0,95900.0,51218.0,9600.0,27990.0,73855.0,71200.0,0.5058,Iona University,New Rochelle,0.7998,0.6272
50510.0,50510.0,,32965.0,,,,,,22208.0,23940.0,29170.0,31953.0,37581.0,36.0,2.0,23.0,850.0,16030.0,1326.0,16030.0,1326.0,1785.0,2.0,3.0,0.6994,4350.0,,0.1901,0.6415,356782996.0,373689268.0,10.0,1285.0,0.7411,0.736288505,0.747587231,0.793839836,0.825600894,24000.0,19500.0,21367.0,19500.0,63548.0,15400.0,40720.0,91792.0,94800.0,46305.0,12800.0,26616.0,68228.0,66000.0,0.6776,Ithaca College,Ithaca,0.8335,0.7734
65545.0,65545.0,,29744.0,,,,,,18385.0,,26934.0,,36829.0,36.0,2.0,11.0,500.0,18400.0,1500.0,,,,2.0,3.0,0.4507,172.0,,0.0537,0.1678,146103728.0,149080065.0,8.0,1507.0,0.8684,,,PS,PS,,,,,92751.0,,77837.0,169512.0,,58656.0,,50660.0,91903.0,,0.8421,Jewish Theological Seminary of America,New York,1.0,0.8718
56550.0,56550.0,,37903.0,,,,,,19135.0,15645.0,30694.0,34340.0,48999.0,36.0,2.0,11.0,800.0,21340.0,5200.0,19260.0,6430.0,4990.0,2.0,3.0,0.0896,460.0,,0.1331,0.2116,1327371408.0,1320017039.0,4.0,,0.9,,,0.681481482,PS,25500.0,22523.0,26000.0,25500.0,37827.0,5100.0,18837.0,57977.0,95300.0,22129.0,2500.0,9252.0,40722.0,64200.0,0.8333,The Juilliard School,New York,0.972,0.8716
12800.0,12800.0,,3074.0,,,,,,2334.0,3492.0,5421.0,5535.0,,36.0,2.0,41.0,150.0,3400.0,1500.0,2600.0,2000.0,2500.0,2.0,3.0,,206.0,,0.8717,0.0,,,15.0,,0.4694,,,,,,,,,36442.0,,16470.0,58181.0,,25819.0,,15468.0,43794.0,,0.0,Kehilath Yakov Rabbinical Seminary,Ossining,0.9804,0.5714
38000.0,38000.0,,25989.0,,,,,,18659.0,18938.0,22008.0,29685.0,31596.0,36.0,2.0,32.0,1300.0,13556.0,2230.0,3300.0,4360.0,4360.0,2.0,3.0,0.9388,920.0,,0.4355,0.866,16694095.0,17623100.0,11.0,1090.0,0.4877,0.559198543,0.539647577,0.51390059,0.595903166,27000.0,21500.0,19799.0,22912.0,58289.0,13200.0,41969.0,83049.0,73200.0,50940.0,12200.0,35893.0,67160.0,72800.0,0.4387,Keuka College,Keuka Park,0.7143,0.5016
31950.0,31950.0,,37514.0,,,,,,34976.0,34711.0,36462.0,38508.0,40413.0,36.0,2.0,11.0,900.0,19656.0,2700.0,17500.0,2700.0,5750.0,3.0,3.0,0.9875,1133.0,,0.3571,0.6272,,,22.0,1090.0,0.5299,0.53298153,0.520681265,0.536165327,0.645652174,24000.0,18750.0,15000.0,17500.0,58956.0,8900.0,32332.0,86375.0,83000.0,45359.0,9200.0,26879.0,63797.0,63100.0,0.4585,LIM College,New York,0.6784,0.5481
38970.0,38970.0,,21547.0,,,,,,15335.0,14671.0,21940.0,23554.0,26281.0,36.0,2.0,21.0,1300.0,15660.0,1390.0,15050.0,1390.0,1280.0,2.0,3.0,0.7529,2434.0,,0.2996,0.6212,244805166.0,236911192.0,12.0,1260.0,0.7098,0.740112994,0.71448468,0.642570281,0.719898606,23000.0,16250.0,18200.0,19500.0,62731.0,16200.0,42961.0,83494.0,87800.0,53493.0,13800.0,33224.0,71917.0,65200.0,0.6377,Le Moyne College,Syracuse,0.8417,0.7579
41642.0,41642.0,,23901.0,,,,,,20478.0,22355.0,22734.0,28590.0,29036.0,36.0,2.0,21.0,2000.0,17354.0,2500.0,25000.0,2500.0,5500.0,2.0,3.0,0.8977,5478.0,,0.1886,0.2545,366591797.0,398988362.0,13.0,1259.0,0.5544,0.429876656,0.45812033,0.431608504,0.577735125,23577.0,20282.0,19500.0,16700.0,59950.0,10600.0,29994.0,95352.0,102800.0,47543.0,9200.0,20455.0,83696.0,94200.0,0.4394,Long Island University,Brookville,0.7737,0.5
13500.0,13500.0,,8328.0,,,,,,8219.0,7976.0,10488.0,,,36.0,2.0,11.0,300.0,1000.0,6000.0,16700.0,8000.0,12800.0,2.0,3.0,0.95,129.0,,0.838,0.0,,,13.0,,0.2791,,,,,,,,,41527.0,,19103.0,,,,,,,,0.0,Machzikei Hadath Rabbinical College,Brooklyn,0.7879,0.2647
50850.0,50850.0,,26881.0,,,,,,24024.0,25103.0,27042.0,28655.0,29209.0,36.0,2.0,11.0,1200.0,18440.0,2100.0,18440.0,2400.0,2400.0,2.0,3.0,0.7849,2928.0,,0.3121,0.4984,138691965.0,145433460.0,11.0,1254.0,0.6597,0.731308411,0.711325967,0.750640478,0.809352518,26000.0,19500.0,20262.0,23000.0,86316.0,16400.0,61516.0,118926.0,112400.0,64472.0,14700.0,36621.0,85934.0,79600.0,0.5157,Manhattan College,Riverdale,0.7748,0.7744
54600.0,54600.0,,47599.0,,,,,,42437.0,55777.0,57477.0,,59277.0,36.0,2.0,11.0,1500.0,17350.0,4600.0,17350.0,4600.0,4600.0,2.0,3.0,0.3994,535.0,,0.1319,0.3287,33795655.0,34843403.0,6.0,,0.7826,0.538461538,0.583333333,0.653465347,0.681818182,26994.0,27000.0,26747.0,19500.0,26878.0,,11725.0,52252.0,,18815.0,3300.0,7975.0,33428.0,49900.0,0.7217,Manhattan School of Music,New York,0.9272,0.7321
42950.0,42950.0,,25842.0,,,,,,17789.0,19825.0,24736.0,24892.0,32501.0,36.0,2.0,21.0,800.0,15540.0,1670.0,15402.0,1500.0,3900.0,2.0,3.0,0.8466,1250.0,,0.3349,0.593,27182235.0,30173776.0,12.0,,0.5373,0.630319149,0.629722922,0.619111709,0.698412698,25000.0,21250.0,19500.0,19500.0,58832.0,14900.0,32425.0,84538.0,86000.0,45056.0,7500.0,23146.0,62003.0,65200.0,0.4819,Manhattanville College,Purchase,0.7261,0.6169
46140.0,46140.0,,39660.0,,,,,,25331.0,27034.0,34963.0,38862.0,43143.0,36.0,2.0,21.0,2425.0,17710.0,2135.0,19410.0,2700.0,2700.0,2.0,3.0,0.6471,5039.0,,0.1472,0.6301,378024822.0,412133111.0,16.0,1285.0,0.7984,0.758139535,0.79338014,0.749868904,0.816296296,25000.0,20500.0,22250.0,21500.0,77819.0,13800.0,50231.0,106692.0,98400.0,62546.0,13100.0,44502.0,83880.0,70600.0,0.7245,Marist College,Poughkeepsie,0.8943,0.8205
40260.0,40260.0,,37037.0,,,,,,29751.0,28492.0,32754.0,36332.0,43959.0,36.0,2.0,11.0,1000.0,20191.0,6500.0,13200.0,6500.0,12200.0,2.0,3.0,0.7888,1627.0,,0.2842,0.6922,25621196.0,27478527.0,8.0,1226.0,0.4981,0.57300885,0.516455696,0.541284404,0.627403846,25750.0,16000.0,19500.0,19500.0,49131.0,6900.0,22072.0,75436.0,80900.0,34052.0,5600.0,13782.0,56729.0,57300.0,0.4283,Marymount Manhattan College,New York,0.6501,0.5973
22106.0,22106.0,,15770.0,,,,,,13092.0,14487.0,17042.0,20273.0,23124.0,36.0,2.0,21.0,1692.0,14700.0,3940.0,9640.0,3940.0,3940.0,2.0,3.0,0.8547,5539.0,,0.4733,0.4889,295698647.0,325791538.0,15.0,,0.481,0.500497512,0.506773708,0.328917198,0.461151079,19637.0,14901.0,15000.0,16250.0,52055.0,9300.0,29099.0,76821.0,78100.0,44969.0,6300.0,23259.0,66364.0,67500.0,0.338,Mercy University,Dobbs Ferry,0.7497,0.5033
13950.0,13950.0,,5360.0,,,,,,3060.0,6460.0,7568.0,5455.0,,36.0,2.0,11.0,200.0,5500.0,3200.0,23280.0,3000.0,6100.0,2.0,3.0,0.8974,337.0,,0.5407,0.0,1417778.0,1357798.0,28.0,,0.3333,0.390625,0.415841584,,,,,,,,,,,,16553.0,,11471.0,30957.0,,0.0,Mesivta Torah Vodaath Rabbinical Seminary,Brooklyn,0.8148,0.3333
13560.0,13560.0,,10373.0,,,,,,10052.0,,10446.0,10550.0,,36.0,2.0,11.0,200.0,4000.0,800.0,4000.0,800.0,700.0,2.0,3.0,0.6087,45.0,,0.3462,0.0,,,5.0,,0.1667,,,,,,,,,,,,,,,,,,,0.0,Mesivtha Tifereth Jerusalem of America,New York,0.9333,0.1053
37840.0,37840.0,,26870.0,,,,,,20330.0,22678.0,26115.0,27390.0,32545.0,36.0,2.0,21.0,1000.0,17760.0,2680.0,9436.0,7555.0,7555.0,2.0,3.0,0.7564,3185.0,,0.2993,0.6142,44564248.0,49255498.0,10.0,1193.0,0.7176,0.654503991,0.722287048,0.603227976,0.705759162,27000.0,25000.0,23250.0,23675.0,77789.0,16200.0,48859.0,114622.0,101000.0,78372.0,15300.0,42661.0,114179.0,90900.0,0.4861,Molloy College,Rockville Centre,0.8114,0.7097
17922.0,17922.0,,10376.0,,,,,,10047.0,9427.0,10123.0,13523.0,17021.0,36.0,2.0,11.0,200.0,11500.0,5200.0,7050.0,5700.0,5500.0,3.0,3.0,0.6588,5670.0,,0.5766,0.4846,,,18.0,,0.5748,0.435121504,0.511636928,0.258838854,0.317028986,18818.0,12165.0,13190.0,14750.0,41236.0,5100.0,19057.0,63007.0,62400.0,36973.0,5200.0,16694.0,56052.0,54400.0,0.5572,Monroe College,Bronx,0.7009,0.7268
41370.0,41370.0,,23736.0,,,,,,12704.0,17922.0,22389.0,27289.0,28745.0,36.0,2.0,13.0,1522.0,18820.0,1684.0,14036.0,2282.0,2282.0,2.0,3.0,0.8246,1268.0,,0.297,0.6492,9278607.0,9730647.0,12.0,1160.0,0.6566,0.550167224,0.622516556,0.616899098,0.69579288,26007.0,21334.0,22100.0,22543.0,67705.0,14400.0,45807.0,91272.0,84800.0,59588.0,11700.0,38581.0,84201.0,71700.0,0.5188,Mount Saint Mary College,Newburgh,0.7432,0.6295
42740.0,42740.0,,19920.0,,,,,,17656.0,19346.0,20674.0,19745.0,24432.0,36.0,2.0,11.0,900.0,14300.0,3670.0,14300.0,3670.0,3670.0,2.0,3.0,0.8464,2373.0,,0.4325,0.5533,41453806.0,49435184.0,15.0,1110.0,0.5714,0.549019608,0.4400978,0.49078341,0.654017857,25000.0,18000.0,20000.0,17500.0,65756.0,12700.0,40480.0,98396.0,97900.0,53755.0,10400.0,29966.0,78977.0,86000.0,0.4688,University of Mount Saint Vincent,Bronx,0.7099,0.5701
40880.0,40880.0,,30521.0,,,,,,22378.0,23843.0,28829.0,30697.0,33978.0,36.0,2.0,21.0,1000.0,15620.0,2000.0,15620.0,2000.0,5200.0,2.0,3.0,0.795,1891.0,,0.2592,0.7413,77919182.0,84424711.0,9.0,1256.0,0.7291,0.697160883,0.698884758,0.648351648,0.719444444,26038.0,21500.0,20767.0,23250.0,56458.0,15100.0,38928.0,73630.0,68400.0,47717.0,12300.0,31188.0,66629.0,62900.0,0.6436,Nazareth University,Rochester,0.8149,0.736
56386.0,56386.0,,55359.0,,,,,,48206.0,51201.0,52728.0,56942.0,61849.0,36.0,2.0,11.0,1300.0,29874.0,2840.0,29874.0,2840.0,2840.0,2.0,3.0,0.6252,6819.0,,0.1532,0.2586,421753000.0,449893000.0,9.0,,0.7119,0.60707457,0.649564376,0.569926874,0.664795509,22266.0,17250.0,15750.0,14000.0,52901.0,6100.0,21048.0,88619.0,92600.0,38210.0,6300.0,16254.0,65756.0,76000.0,0.5156,The New School,New York,0.8073,0.7037
60438.0,60438.0,,35035.0,,,,,,16816.0,15898.0,18555.0,33913.0,59931.0,36.0,2.0,11.0,1494.0,22786.0,3034.0,22786.0,3034.0,3034.0,2.0,3.0,0.0941,29430.0,,0.1856,0.2171,5235504164.0,5825489947.0,8.0,1527.0,0.8846,0.723341232,0.764931507,0.728393111,0.799911367,20500.0,18389.0,19500.0,17500.0,82509.0,12900.0,45965.0,133284.0,145300.0,64543.0,8300.0,30168.0,98071.0,92900.0,0.758,New York University,New York,0.955,0.877
38135.0,38135.0,,18740.0,,,,,,10441.0,12613.0,17100.0,21369.0,23715.0,36.0,2.0,21.0,420.0,12980.0,2550.0,9400.0,6300.0,4700.0,2.0,3.0,0.8534,2713.0,,0.2591,0.5736,111005328.0,103043565.0,10.0,1155.0,0.7024,0.248595506,0.660329531,0.642604388,0.722595078,25475.0,19000.0,20750.0,21500.0,56196.0,15600.0,40069.0,77102.0,76100.0,48289.0,12800.0,33269.0,65084.0,54000.0,0.6337,Niagara University,Niagara University,0.807,0.7049
44360.0,44360.0,,20709.0,,,,,,16548.0,17565.0,21862.0,26269.0,28544.0,36.0,2.0,41.0,1500.0,21836.0,3540.0,17360.0,5208.0,5208.0,2.0,3.0,0.7808,3320.0,,0.437,0.4561,78240785.0,100104365.0,13.0,1290.0,0.5604,0.509872242,0.436681223,0.51350135,0.659482759,23334.0,18000.0,17000.0,16000.0,70080.0,10400.0,41399.0,100245.0,101200.0,52559.0,8400.0,27763.0,78349.0,90500.0,0.4127,New York Institute of Technology,Old Westbury,0.7878,0.561
51424.0,51424.0,,31046.0,,,,,,26575.0,27098.0,29308.0,30891.0,36098.0,36.0,2.0,11.0,800.0,21790.0,2052.0,25876.0,2802.0,3402.0,2.0,3.0,0.7714,7725.0,,0.2707,0.4639,210436818.0,232404376.0,16.0,1232.0,0.6141,0.525588536,0.51786696,0.567022539,0.663545933,23250.0,18000.0,18500.0,16500.0,70378.0,13200.0,37204.0,101512.0,112600.0,52767.0,11000.0,23677.0,78743.0,90100.0,0.492,Pace University,New York,0.7668,0.5997
32049.0,32049.0,,24583.0,,,,,,17089.0,19075.0,22178.0,25604.0,29921.0,36.0,2.0,42.0,1000.0,16106.0,2500.0,16106.0,2500.0,2500.0,2.0,3.0,0.9073,582.0,,0.3668,0.759,34848262.0,34139186.0,12.0,,0.5333,0.597359736,0.477031802,0.675177305,0.823863636,22750.0,13581.0,17281.0,18500.0,46145.0,9000.0,31978.0,60593.0,64200.0,38325.0,6700.0,22966.0,53855.0,47500.0,0.4451,Paul Smiths College of Arts and Science,Paul Smiths,0.7616,0.4975
17500.0,17500.0,,14320.0,,,,,,,,,14320.0,14320.0,36.0,2.0,42.0,600.0,7600.0,1800.0,7380.0,1800.0,4280.0,2.0,3.0,0.3333,88.0,,0.3562,0.2123,1352654.0,1396713.0,6.0,,0.3889,0.442622951,0.485714286,0.474820144,0.55,,,,,38450.0,6600.0,16929.0,55366.0,60400.0,29943.0,,8480.0,51983.0,,0.1538,Davis College,Pottersville,1.0,0.5652
59683.0,59683.0,,50647.0,,,,,,43939.0,44489.0,44482.0,54748.0,57780.0,36.0,2.0,11.0,2100.0,16710.0,2500.0,22905.0,4000.0,4000.0,2.0,3.0,0.5317,3766.0,,0.1741,0.3418,232451168.0,254946282.0,9.0,1339.0,0.7269,0.621376812,0.632911392,0.679694948,0.757480315,26000.0,22274.0,23250.0,19500.0,54295.0,6900.0,26250.0,90075.0,82300.0,45060.0,6700.0,21418.0,65724.0,57700.0,0.4918,Pratt Institute-Main,Brooklyn,0.8939,0.7304
10800.0,10800.0,,3964.0,,,,,,4170.0,4017.0,3850.0,3850.0,,36.0,2.0,11.0,300.0,3300.0,6000.0,16700.0,8000.0,12800.0,2.0,3.0,1.0,160.0,,0.2222,0.0,,,18.0,,0.1923,,,,,,,,,,,,,,,,,,,0.0,Rabbinical Academy Mesivta Rabbi Chaim Berlin,Brooklyn,0.8372,0.3871
10000.0,10000.0,,8943.0,,,,,,7855.0,8435.0,11426.0,12437.0,12487.0,36.0,2.0,11.0,480.0,5800.0,4500.0,8500.0,4500.0,4500.0,2.0,3.0,,436.0,,0.8794,0.0,,,26.0,,0.9714,0.858974359,,,,,,,,20707.0,5000.0,15785.0,51152.0,64200.0,,,,,,0.0,Rabbinical College Bobover Yeshiva Bnei Zion,Brooklyn,0.9762,0.85
10000.0,10000.0,,5900.0,,,,,,7977.0,,4090.0,7533.0,,36.0,2.0,11.0,300.0,6400.0,3000.0,24500.0,5000.0,5000.0,2.0,3.0,0.9754,379.0,,0.1389,0.0,274951.0,78866.0,40.0,,0.3431,,,,,,,,,,,,,,,,,,,0.0784,Rabbinical Seminary of America,Flushing,0.8222,0.4624
61884.0,61884.0,,33139.0,,,,,,21009.0,24670.0,25624.0,33615.0,39583.0,36.0,2.0,13.0,1310.0,17530.0,1680.0,17530.0,1680.0,11750.0,2.0,3.0,0.5845,5909.0,,0.1865,0.5005,860841000.0,920824000.0,14.0,1415.0,0.8316,0.795979899,0.82473223,0.889681669,0.929340511,23750.0,23250.0,21500.0,21250.0,102051.0,37000.0,71488.0,137023.0,132000.0,83054.0,23600.0,62358.0,107617.0,97400.0,0.7114,Rensselaer Polytechnic Institute,Troy,0.8871,0.8513
37504.0,37504.0,,23461.0,,,,,,19371.0,20400.0,21935.0,25180.0,26757.0,36.0,2.0,21.0,1200.0,12996.0,2720.0,10610.0,3888.0,6488.0,2.0,3.0,0.7778,1065.0,,0.3969,0.6746,32847246.0,33941628.0,9.0,1205.0,0.6393,0.663551402,0.578454333,0.582056893,0.684665227,23750.0,18750.0,19500.0,18750.0,55031.0,12200.0,35301.0,81897.0,75600.0,56275.0,10100.0,35728.0,83927.0,71000.0,0.5662,Roberts Wesleyan University,Rochester,0.7734,0.6398
57016.0,57016.0,,29694.0,,,,,,24475.0,25200.0,25561.0,30655.0,34772.0,36.0,2.0,21.0,1100.0,15516.0,1700.0,15516.0,1700.0,1330.0,2.0,3.0,0.714,13225.0,,0.2612,0.552,1256781000.0,1282516000.0,13.0,1378.0,0.708,0.582747131,0.647081267,0.712923317,0.818728522,26778.0,22243.0,22250.0,20000.0,76571.0,17400.0,45486.0,109829.0,106500.0,65457.0,13000.0,38570.0,89368.0,81300.0,0.2805,Rochester Institute of Technology,Rochester,0.8824,0.7278
64348.0,64348.0,,30248.0,,,,,,13743.0,16102.0,21177.0,29822.0,48528.0,36.0,2.0,12.0,1310.0,18924.0,1380.0,,,,2.0,3.0,0.3585,6488.0,,0.1624,0.403,2739187000.0,2822698000.0,9.0,1480.0,0.8448,0.835429769,0.82017982,0.769891242,0.804154303,21000.0,18750.0,19000.0,19000.0,79042.0,15800.0,50106.0,116695.0,142000.0,68333.0,11400.0,41113.0,95056.0,80600.0,0.7682,University of Rochester,Rochester,0.9253,0.863
36756.0,36756.0,,23027.0,,,,,,15692.0,16863.0,22393.0,27639.0,29668.0,36.0,2.0,13.0,1200.0,13791.0,2575.0,15161.0,3325.0,3325.0,2.0,3.0,0.7619,1075.0,,0.4328,0.9252,42315628.0,44406504.0,10.0,,0.6567,0.621052632,0.671428571,0.531428571,0.653225807,22000.0,19000.0,19000.0,16545.0,58316.0,8900.0,38666.0,76636.0,71900.0,51139.0,9400.0,31359.0,73034.0,64100.0,0.592,Russell Sage College,Troy,0.7479,0.6298
40150.0,40150.0,,27151.0,,,,,,14813.0,18041.0,22224.0,29913.0,31769.0,36.0,2.0,33.0,800.0,15000.0,1400.0,15000.0,1700.0,1700.0,2.0,3.0,0.8153,1892.0,,0.2274,0.9208,83404123.0,80824663.0,12.0,1181.0,0.7039,0.608333333,0.622009569,0.669464848,0.763676149,26000.0,18500.0,18500.0,20500.0,57214.0,17500.0,40687.0,78447.0,86300.0,48559.0,12000.0,34616.0,64995.0,57800.0,0.656,St Bonaventure University,Saint Bonaventure,0.8126,0.7128
27570.0,27570.0,,21614.0,,,,,,17889.0,18575.0,23196.0,28955.0,41839.0,36.0,2.0,11.0,3000.0,18000.0,3500.0,18000.0,4464.0,3800.0,2.0,3.0,,1931.0,,0.4723,0.2786,44491053.0,45960441.0,13.0,,0.5229,0.391382406,0.45754717,0.434554974,0.591611479,23250.0,12059.0,12000.0,15625.0,58099.0,10000.0,31954.0,86047.0,94200.0,43378.0,8200.0,20332.0,62345.0,68800.0,0.3357,St. Francis College,Brooklyn,0.5432,0.5235
63870.0,63870.0,,30561.0,,,,,,12250.0,17287.0,21671.0,29263.0,40029.0,36.0,2.0,33.0,750.0,16480.0,900.0,6750.0,900.0,2000.0,2.0,3.0,0.5847,2040.0,,0.2098,0.5497,352923378.0,378997553.0,11.0,1343.0,0.7965,0.719298246,0.792929293,0.779569893,0.809773124,27000.0,19500.0,23250.0,22750.0,67258.0,15000.0,44778.0,102313.0,87800.0,55037.0,10000.0,34784.0,75818.0,63900.0,0.71,St Lawrence University,Canton,0.8612,0.8186
37452.0,37452.0,,23819.0,,,,,,18785.0,19920.0,24182.0,25625.0,27778.0,36.0,2.0,12.0,1200.0,14394.0,2100.0,14394.0,2460.0,2460.0,2.0,3.0,0.734,1238.0,,0.3862,0.6082,40115923.0,29104356.0,14.0,,0.5095,0.452603471,0.544270833,0.602704443,0.698360656,24749.0,17500.0,16500.0,15000.0,56040.0,13700.0,39051.0,72823.0,67300.0,44628.0,11600.0,28165.0,58726.0,56000.0,0.3761,The College of Saint Rose,Albany,0.7238,0.5962
37720.0,37720.0,,21344.0,,,,,,13977.0,18169.0,20644.0,27309.0,25598.0,36.0,2.0,21.0,1250.0,16280.0,2860.0,6000.0,2900.0,2900.0,2.0,3.0,0.8223,1009.0,,0.184,0.2717,52452909.0,43176551.0,16.0,,0.626,0.510273973,0.528610354,0.605584642,0.673539519,23198.0,15429.0,18294.0,18000.0,62909.0,12400.0,42115.0,87445.0,85500.0,44908.0,7700.0,26883.0,63252.0,56300.0,0.4752,St. Thomas Aquinas College,Sparkill,0.749,0.5588
63678.0,63678.0,,21132.0,,,,,,20746.0,24018.0,27814.0,16853.0,21166.0,36.0,2.0,21.0,600.0,17546.0,800.0,17546.0,800.0,800.0,2.0,3.0,0.5893,1468.0,,0.1265,0.4241,140514473.0,138669444.0,10.0,1374.0,0.6997,0.752293578,0.763888889,0.769230769,0.813504823,27000.0,16000.0,23765.0,19463.0,53603.0,9200.0,29421.0,82420.0,77300.0,34251.0,4800.0,13942.0,57231.0,61800.0,0.5852,Sarah Lawrence College,Bronxville,0.8438,0.7734
11700.0,11700.0,,11600.0,,,,,,,,,,11600.0,36.0,2.0,21.0,300.0,8500.0,6000.0,18200.0,8000.0,9800.0,2.0,3.0,,147.0,,0.0449,0.0,,,5.0,,0.0,,,,,,,,,,,,,,,,,,,0.0,Sh'or Yoshuv Rabbinical College,Lawrence,1.0,0.0
44405.0,44405.0,,32697.0,,,,,,25588.0,26414.0,28940.0,32700.0,37049.0,36.0,2.0,21.0,1293.0,16700.0,2472.0,12156.0,3091.0,3091.0,2.0,3.0,0.7057,3447.0,,0.2335,0.6692,175379020.0,171314952.0,13.0,1238.0,0.7584,0.721052632,0.7421875,0.773982558,0.821705426,26561.0,18750.0,23250.0,21500.0,76079.0,20100.0,53709.0,104835.0,103000.0,56526.0,15400.0,38645.0,74165.0,68000.0,0.7171,Siena College,Loudonville,0.8434,0.7806
65030.0,65030.0,,34581.0,,,,,,20906.0,15994.0,17308.0,25470.0,46513.0,36.0,2.0,23.0,1300.0,17340.0,1600.0,,,8566.0,2.0,3.0,0.2292,2760.0,,0.1371,0.3437,454900000.0,428878000.0,8.0,1388.0,0.8167,0.873417722,0.879432624,0.859243698,0.871727749,19500.0,9500.0,19000.0,16444.0,69363.0,11400.0,37679.0,104219.0,89700.0,46923.0,6700.0,27726.0,69599.0,61600.0,0.75,Skidmore College,Saratoga Springs,0.8885,0.8392
34535.0,34535.0,,17622.0,,,,,,13649.0,15074.0,16891.0,18240.0,21814.0,36.0,2.0,11.0,1000.0,,,9000.0,5500.0,4500.0,2.0,3.0,0.714,3343.0,,0.3422,0.5321,57336000.0,60013000.0,12.0,1170.0,0.6421,0.683317625,0.679420889,0.561368209,0.635797665,22000.0,17834.0,15750.0,18500.0,63905.0,12000.0,40707.0,86336.0,92100.0,50759.0,10500.0,32841.0,73316.0,70700.0,0.5594,St. Joseph's University-New York,Brooklyn,0.7912,0.712
39666.0,39666.0,,28150.0,,,,,,14994.0,20355.0,27255.0,30794.0,32667.0,36.0,2.0,21.0,1100.0,14342.0,1400.0,14342.0,1500.0,3000.0,2.0,3.0,0.678,2579.0,,0.2815,0.6786,132548768.0,131051997.0,12.0,1207.0,0.7444,0.74015748,0.727882038,0.698882314,0.776397516,23250.0,21000.0,20000.0,19500.0,66944.0,16900.0,49303.0,96035.0,85300.0,61198.0,14800.0,43214.0,78481.0,62500.0,0.6438,St. John Fisher University,Rochester,0.8429,0.7337
50110.0,50110.0,,26985.0,,,,,,23468.0,24386.0,27197.0,30164.0,31582.0,36.0,2.0,11.0,775.0,19926.0,2976.0,15308.0,2976.0,8343.0,2.0,3.0,0.7967,9742.0,,0.2367,0.266,868932000.0,782014000.0,16.0,1215.0,0.6846,0.629070158,0.601457195,0.564752252,0.684834123,25000.0,19000.0,19500.0,19500.0,69571.0,13200.0,40573.0,103666.0,111800.0,54189.0,8900.0,27977.0,78247.0,84900.0,0.5532,St. John's University-New York,Queens,0.7991,0.6972
8689.0,13519.0,15001.0,,10087.0,12362.0,16075.0,17917.0,20794.0,,,,,,36.0,2.0,33.0,1300.0,16700.0,2278.0,16700.0,3910.0,3910.0,1.0,3.0,0.9634,2778.0,,0.4723,0.6095,14969511.0,16357825.0,17.0,,0.4406,0.419354839,0.49306198,0.447831687,0.538315989,20000.0,12884.0,12607.0,12000.0,47860.0,6700.0,28303.0,68084.0,68400.0,42079.0,6000.0,25336.0,61812.0,58400.0,0.4231,SUNY College of Technology at Canton,Canton,0.6681,0.4444
8710.0,12480.0,17387.0,,12432.0,15619.0,19042.0,20545.0,23952.0,,,,,,36.0,2.0,43.0,1300.0,14590.0,2856.0,14590.0,2856.0,2856.0,1.0,3.0,0.8841,2597.0,,0.461,0.5439,7922088.0,8123475.0,12.0,,0.4796,0.436210131,0.50042337,0.518409426,0.635817308,15180.0,12894.0,11383.0,11508.0,51629.0,8200.0,30776.0,76072.0,70600.0,42826.0,7900.0,25039.0,63684.0,54000.0,0.4435,SUNY College of Technology at Delhi,Delhi,0.6758,0.5
8676.0,18586.0,17980.0,,13264.0,15614.0,18907.0,20483.0,24391.0,,,,,,36.0,2.0,32.0,1200.0,16250.0,2868.0,16250.0,2868.0,2868.0,1.0,3.0,0.8325,1776.0,,0.4251,0.5328,10586312.0,10898550.0,14.0,1060.0,0.4091,0.403361345,0.376226827,0.563154992,0.646216769,16023.0,11000.0,10500.0,11000.0,45030.0,7900.0,28239.0,65691.0,65400.0,37901.0,6300.0,21483.0,53627.0,49700.0,0.4869,SUNY College of Agriculture and Technology at Cobleskill,Cobleskill,0.7203,0.4795
8576.0,18486.0,9173.0,,3865.0,6366.0,10730.0,13143.0,16356.0,,,,,,36.0,2.0,21.0,1300.0,14546.0,2000.0,27094.0,3150.0,2480.0,1.0,3.0,0.6912,9117.0,,0.3575,0.2307,4867115.0,6241378.0,18.0,1104.0,0.5706,0.543362832,0.5562954,0.571976967,0.719879518,14718.0,9753.0,10500.0,12000.0,69781.0,10300.0,43364.0,99020.0,94300.0,55901.0,9000.0,34147.0,76114.0,76400.0,0.4072,Farmingdale State College,Farmingdale,0.8087,0.5498
10408.0,28998.0,18486.0,,13066.0,15895.0,19850.0,20811.0,25009.0,,,,,,36.0,2.0,12.0,1000.0,16182.0,2200.0,18444.0,2700.0,2700.0,1.0,3.0,0.6987,12100.0,,0.4212,0.5236,100856595.0,115680399.0,17.0,,0.6389,0.647878968,0.630501222,0.612356479,0.692952499,19500.0,16530.0,15000.0,15000.0,67979.0,15600.0,44635.0,96119.0,99000.0,51380.0,10800.0,33105.0,71617.0,66100.0,0.5685,University at Albany,Albany,0.8333,0.6716
10363.0,29453.0,21364.0,,12916.0,16168.0,21832.0,23279.0,28008.0,,,,,,36.0,2.0,22.0,1000.0,18294.0,1000.0,18294.0,1000.0,3745.0,1.0,3.0,0.3773,14401.0,,0.2747,0.4094,134838046.0,180511839.0,18.0,1415.0,0.8365,0.731630648,0.723842863,0.705573081,0.768631813,18500.0,15005.0,15750.0,15000.0,80596.0,17400.0,53396.0,113934.0,111300.0,61621.0,10600.0,37950.0,86450.0,77800.0,0.7706,Binghamton University,Vestal,0.8849,0.8451
10782.0,30572.0,20470.0,,14240.0,16624.0,21261.0,23286.0,26546.0,,,,,,36.0,2.0,21.0,1500.0,16754.0,4752.0,14674.0,4752.0,4752.0,1.0,3.0,0.693,20284.0,,0.3226,0.4091,907867833.0,970993254.0,11.0,1298.0,0.7341,0.607534573,0.660559306,0.63148506,0.714285714,19000.0,13000.0,14000.0,15000.0,70814.0,15700.0,45990.0,100175.0,100800.0,53742.0,12100.0,34493.0,76162.0,75900.0,0.5857,University at Buffalo,Buffalo,0.8445,0.7463
10560.0,30350.0,18430.0,,12744.0,15813.0,21446.0,24158.0,26994.0,,,,,,36.0,2.0,21.0,900.0,17662.0,3248.0,15976.0,7152.0,7152.0,1.0,3.0,0.4901,17420.0,,0.3837,0.3635,370323490.0,392138786.0,19.0,1410.0,0.7785,0.69577291,0.728470437,0.663404337,0.745224992,18228.0,14500.0,15000.0,15000.0,74502.0,14200.0,48580.0,107097.0,103300.0,59492.0,8900.0,35977.0,87494.0,77900.0,0.6642,Stony Brook University,Stony Brook,0.8869,0.7893
9206.0,21036.0,18730.0,,8211.0,10770.0,18458.0,20248.0,23955.0,,,,,,36.0,2.0,12.0,1240.0,17780.0,1050.0,10580.0,1050.0,2450.0,1.0,3.0,0.8294,1725.0,,0.2566,0.4238,40351501.0,43233324.0,14.0,,0.6994,0.171717172,0.666666667,0.772849462,0.814102564,11000.0,13164.0,12916.0,13000.0,55763.0,15200.0,40378.0,78328.0,79800.0,48327.0,10200.0,32984.0,65594.0,61300.0,0.5859,SUNY College of Environmental Science and Forestry,Syracuse,0.85,0.7547
8578.0,20228.0,13882.0,,8119.0,10829.0,15013.0,15898.0,19666.0,,,,,,36.0,2.0,22.0,1400.0,14750.0,2200.0,16100.0,2500.0,2700.0,1.0,3.0,0.7844,1773.0,,0.3673,0.4057,7437760.0,8127432.0,14.0,1248.0,0.5918,0.623239437,0.632352941,0.59334764,0.726817043,17250.0,11000.0,12000.0,12500.0,64355.0,16700.0,43278.0,92187.0,87800.0,58662.0,11700.0,38891.0,79978.0,70600.0,0.4795,SUNY Polytechnic Institute,Utica,0.6834,0.6599
8678.0,15748.0,15844.0,,10097.0,12175.0,16278.0,17577.0,21400.0,,,,,,36.0,2.0,31.0,980.0,15960.0,2040.0,11566.0,3150.0,3822.0,1.0,3.0,0.7129,5381.0,,0.3873,0.6096,21853048.0,24326190.0,16.0,1147.0,0.5664,0.540859707,0.611137782,0.565001308,0.699300699,20000.0,15466.0,15000.0,15000.0,54496.0,13800.0,37719.0,74398.0,73000.0,47164.0,11200.0,30303.0,64426.0,55600.0,0.4344,SUNY Brockport,Brockport,0.7319,0.6424
8486.0,18906.0,14229.0,,10684.0,12992.0,17379.0,18478.0,21201.0,,,,,,36.0,2.0,11.0,1052.0,16716.0,2814.0,16716.0,3310.0,3310.0,1.0,3.0,0.7587,5358.0,,0.5333,0.5293,78027775.0,82449469.0,13.0,1080.0,0.3604,0.451224105,0.498380567,0.491346728,0.582555781,21028.0,12500.0,12000.0,14000.0,52334.0,10900.0,32907.0,71022.0,69700.0,40877.0,8000.0,23397.0,55364.0,52900.0,0.246,SUNY Buffalo State University,Buffalo,0.5471,0.4223
8815.0,18725.0,19951.0,,11272.0,13846.0,18050.0,19602.0,23422.0,,,,,,36.0,2.0,32.0,1200.0,15210.0,3050.0,15200.0,3050.0,3450.0,1.0,3.0,0.5071,5896.0,,0.2685,0.602,47688409.0,47790891.0,15.0,,0.6825,0.604703247,0.657754011,0.660267398,0.704070981,21500.0,18250.0,17500.0,17250.0,60236.0,15400.0,43982.0,82293.0,77500.0,46535.0,11700.0,31702.0,63865.0,56900.0,0.5575,State University of New York at Cortland,Cortland,0.8082,0.6565
8771.0,19191.0,15644.0,,9524.0,12573.0,15522.0,16480.0,20350.0,,,,,,36.0,2.0,32.0,1150.0,14830.0,1950.0,14830.0,1950.0,3197.0,1.0,3.0,0.792,2860.0,,0.3745,0.6606,42205538.0,46123203.0,11.0,1213.0,0.5348,0.488288288,0.499627144,0.633010432,0.715538847,24250.0,15000.0,15750.0,19500.0,54247.0,14300.0,38017.0,71998.0,68000.0,40580.0,10800.0,24914.0,55881.0,52500.0,0.4037,SUNY at Fredonia,Fredonia,0.7622,0.6296
8966.0,19206.0,18021.0,,9369.0,12591.0,15180.0,17850.0,23488.0,,,,,,36.0,2.0,32.0,1000.0,15380.0,2500.0,13666.0,2500.0,2500.0,1.0,3.0,0.6353,3855.0,,0.2541,0.4911,33700961.0,36454545.0,15.0,1296.0,0.7209,0.603019538,0.68317757,0.722891566,0.776,19500.0,13500.0,15000.0,15000.0,67316.0,17500.0,48703.0,94584.0,84600.0,51097.0,12900.0,33944.0,70152.0,59800.0,0.6504,SUNY College at Geneseo,Geneseo,0.8383,0.7687
8524.0,18434.0,18481.0,,11330.0,14284.0,19631.0,20787.0,25074.0,,,,,,36.0,2.0,31.0,1240.0,15896.0,3700.0,15896.0,3700.0,3700.0,1.0,3.0,0.587,6022.0,,0.3287,0.4502,30059599.0,33438467.0,16.0,1267.0,0.6888,0.440531561,0.610497238,0.645757941,0.700595238,18750.0,16250.0,15000.0,15000.0,58073.0,11700.0,37617.0,82174.0,79700.0,45555.0,7700.0,28323.0,65718.0,60200.0,0.5532,State University of New York at New Paltz,New Paltz,0.8668,0.7428
8812.0,19232.0,18833.0,,11716.0,15318.0,17775.0,19935.0,24749.0,,,,,,36.0,2.0,33.0,1400.0,15810.0,2900.0,15810.0,2900.0,2900.0,1.0,3.0,0.7015,4820.0,,0.3334,0.56,66608098.0,71825238.0,14.0,1181.0,0.7024,0.697991392,0.702096891,0.710156895,0.768463074,19812.0,16000.0,15468.0,15000.0,60386.0,13500.0,43193.0,82950.0,75700.0,49723.0,9700.0,32002.0,65815.0,55200.0,0.6119,SUNY Oneonta,Oneonta,0.7801,0.7442
8769.0,18679.0,17231.0,,10677.0,14114.0,18084.0,18588.0,23253.0,,,,,,36.0,2.0,32.0,1000.0,15440.0,2300.0,15440.0,2300.0,2300.0,1.0,3.0,0.8039,5618.0,,0.387,0.5333,52267406.0,58343993.0,14.0,1177.0,0.6037,0.625252525,0.654761905,0.615564202,0.692825112,20880.0,16817.0,15000.0,15000.0,57566.0,13000.0,38620.0,78974.0,71800.0,46358.0,9900.0,31211.0,64780.0,56000.0,0.4825,State University of New York at Oswego,Oswego,0.7034,0.6712
8712.0,18622.0,14295.0,,8948.0,11590.0,14617.0,16141.0,19966.0,,,,,,36.0,2.0,33.0,950.0,15084.0,1896.0,11479.0,2250.0,2555.0,1.0,3.0,0.8548,1951.0,,0.4265,0.6427,41226819.0,45637656.0,10.0,,0.4788,0.407010711,0.495652174,0.531848783,0.601343785,24250.0,17761.0,17500.0,18973.0,47866.0,10100.0,30701.0,66681.0,68100.0,39440.0,7700.0,22749.0,53933.0,49800.0,0.3363,SUNY College at Potsdam,Potsdam,0.7788,0.5035
8953.0,18863.0,19067.0,,12320.0,15753.0,21148.0,22454.0,26346.0,,,,,,36.0,2.0,21.0,1240.0,15400.0,3450.0,16836.0,4070.0,4070.0,1.0,3.0,0.7283,3110.0,,0.3563,0.4425,77354169.0,79817600.0,11.0,1277.0,0.6156,0.648305085,0.666312434,0.551282051,0.597389558,21067.0,15394.0,17000.0,14259.0,45092.0,7000.0,18464.0,68776.0,75900.0,31229.0,5400.0,13074.0,51830.0,54800.0,0.5099,SUNY at Purchase College,Purchase,0.7909,0.6478
8379.0,18289.0,9900.0,,5890.0,8149.0,13294.0,14835.0,18451.0,,,,,,36.0,2.0,21.0,2500.0,13440.0,1960.0,23592.0,3300.0,3300.0,1.0,3.0,0.8458,3945.0,,0.4738,0.2966,291008.0,311058.0,17.0,,0.4659,0.485632184,0.48522829,0.394686907,0.571929825,14997.0,11146.0,12331.0,12230.0,58526.0,8000.0,39192.0,85776.0,87000.0,43671.0,6600.0,25627.0,65287.0,61300.0,0.3171,SUNY Old Westbury,Old Westbury,0.7352,0.5027
8881.0,18791.0,16547.0,,10585.0,13591.0,16685.0,17575.0,23723.0,,,,,,36.0,2.0,32.0,1320.0,16570.0,2750.0,16570.0,2750.0,4688.0,1.0,3.0,0.7518,3789.0,,0.3854,0.5719,25521413.0,27303715.0,15.0,1180.0,0.5884,0.567359507,0.638123604,0.578908825,0.64797914,21196.0,15049.0,15000.0,15500.0,56403.0,13800.0,35998.0,76683.0,72600.0,48089.0,9400.0,31110.0,65285.0,58300.0,0.4386,SUNY College at Plattsburgh,Plattsburgh,0.7121,0.6497
,,,,,,,,,,,,,,36.0,2.0,11.0,,,,,,,1.0,3.0,,286.0,,0.078,0.4433,32951564.0,32128778.0,9.0,,,0.904761905,0.80952381,0.77540107,PS,12500.0,12500.0,12500.0,12500.0,109601.0,49600.0,75417.0,143654.0,250000.0,110661.0,34900.0,87186.0,131517.0,127700.0,,SUNY Downstate Health Sciences University,Brooklyn,,
7630.0,17540.0,11147.0,,9135.0,10581.0,11882.0,16857.0,18178.0,,,,,,36.0,2.0,23.0,1528.0,,,14230.0,2820.0,1590.0,1.0,3.0,,7046.0,,0.35,0.3462,21985717.0,25202439.0,17.0,,0.2932,0.300669028,0.325827363,0.340702656,0.487263763,18730.0,10371.0,11048.0,12000.0,54080.0,8400.0,30511.0,80195.0,85800.0,50167.0,8100.0,29969.0,70599.0,74400.0,0.12,Empire State University,Saratoga Springs,0.4595,0.1954
8540.0,18450.0,21781.0,,14478.0,15378.0,22225.0,21922.0,26193.0,,,,,,36.0,2.0,11.0,1500.0,16146.0,3600.0,16146.0,3600.0,3600.0,1.0,3.0,0.7851,1242.0,,0.2062,0.4069,9151491.0,10179338.0,14.0,1199.0,0.7485,0.664634146,0.727848101,0.756711409,0.893238434,23250.0,16250.0,17500.0,15089.0,95951.0,25100.0,63300.0,136040.0,124700.0,83439.0,12500.0,56912.0,112598.0,104200.0,0.5227,SUNY Maritime College,Throggs Neck,0.797,0.7508
,,,,,,,,,,,,,,36.0,2.0,12.0,,,,,,,1.0,3.0,,117.0,,0.2468,0.5506,122897569.0,99421725.0,8.0,,,,,0.762430939,0.811688312,15000.0,17516.0,13072.0,15000.0,92257.0,43400.0,68972.0,132568.0,250000.0,83990.0,37000.0,67868.0,137839.0,96300.0,,Upstate Medical University,Syracuse,,
63061.0,63061.0,,41026.0,,,,,,21505.0,16002.0,19633.0,31776.0,55337.0,36.0,2.0,12.0,1690.0,18444.0,1952.0,18444.0,1952.0,1952.0,2.0,3.0,0.4169,15245.0,,0.1622,0.3436,1759954440.0,1876437296.0,15.0,1351.0,0.8135,0.779079861,0.778557505,0.737541528,0.810301508,26000.0,21250.0,25000.0,24250.0,79164.0,17500.0,52205.0,112094.0,107900.0,60459.0,13000.0,37057.0,82779.0,72700.0,0.7126,Syracuse University,Syracuse,0.9121,0.8337
8000.0,8000.0,,8174.0,,,,,,6536.0,8474.0,11394.0,,,36.0,2.0,11.0,300.0,6000.0,6000.0,16640.0,8000.0,9800.0,2.0,3.0,0.7808,353.0,,0.6006,0.0,,,14.0,,0.1395,,,,,,,,,39230.0,4900.0,17974.0,75530.0,66200.0,18369.0,,8683.0,39147.0,,0.093,Talmudical Seminary Oholei Torah,Brooklyn,0.5429,0.0455
6150.0,6150.0,,4479.0,,,,,,5828.0,1243.0,7322.0,4000.0,,36.0,2.0,12.0,300.0,4400.0,6000.0,16700.0,8000.0,12800.0,2.0,3.0,1.0,16.0,,0.6429,0.0,,,8.0,,0.1667,,,,,,,,,,,,,,,,,,,0.0,Talmudical Institute of Upstate New York,Rochester,0.4286,
9600.0,9600.0,,20466.0,,,,,,19858.0,,22290.0,,,36.0,2.0,11.0,300.0,4200.0,6000.0,16100.0,8000.0,9800.0,2.0,3.0,0.6471,73.0,,0.5821,0.0,,,24.0,,0.0952,,,PS,PS,,,,,,,,,,,,,,,0.0952,Torah Temimah Talmudical Seminary,Staten Island,0.9,0.0952
21810.0,21810.0,,26556.0,,,,,,23960.0,23822.0,27641.0,27534.0,32594.0,36.0,2.0,11.0,1200.0,15920.0,6426.0,23324.0,6426.0,6426.0,2.0,3.0,0.6301,4004.0,,0.3232,0.2652,39297000.0,44111000.0,10.0,1365.0,0.6496,0.613348677,0.509621765,0.420598911,0.522478736,15547.0,12750.0,12500.0,11829.0,53419.0,5900.0,24108.0,86163.0,84900.0,43510.0,4000.0,21177.0,75835.0,72100.0,0.5515,Touro University,New York,0.8595,0.7226
,,,,,,,,,,,,,,36.0,2.0,12.0,,,,,,,2.0,3.0,,12701.0,,0.2491,0.3363,28337992.0,25601019.0,20.0,,,0.335927367,0.36733871,0.500628141,0.644012945,13769.0,10500.0,11020.0,12500.0,78493.0,,51321.0,113139.0,,63796.0,,43367.0,88903.0,,,Excelsior University,Albany,,
66456.0,66456.0,,36000.0,,,,,,15257.0,15506.0,21768.0,28376.0,48517.0,36.0,2.0,13.0,1500.0,16389.0,525.0,14889.0,525.0,7344.0,2.0,3.0,0.4379,2070.0,,0.1315,0.4466,501800000.0,522125163.0,10.0,1410.0,0.8526,0.881533101,0.845201238,0.810909091,0.837209302,25337.0,18560.0,19250.0,22000.0,88604.0,22100.0,57953.0,123772.0,119000.0,63219.0,10300.0,42137.0,89232.0,73800.0,0.7509,Union College,Schenectady,0.887,0.8504
14133.0,14133.0,,6500.0,,,,,,6126.0,6535.0,8566.0,11856.0,,36.0,2.0,11.0,550.0,4000.0,3500.0,6000.0,6300.0,3700.0,2.0,3.0,,2006.0,,0.856,0.0,,,15.0,,0.5694,0.552894212,0.509401709,,,,,,,25113.0,7700.0,16502.0,49740.0,43500.0,20766.0,4300.0,10777.0,41183.0,19400.0,0.0144,United Talmudical Seminary,Brooklyn,0.8674,0.5084
945.0,945.0,7506.0,,3476.0,4752.0,8250.0,9278.0,9547.0,,,,,,36.0,0.0,21.0,4591.0,,3632.0,,,,1.0,3.0,0.3247,947.0,,0.073,0.0655,,,13.0,1226.0,0.8061,,0.76744186,PS,PS,8833.0,,,6500.0,90610.0,39500.0,69688.0,123809.0,166100.0,96770.0,25800.0,60004.0,131716.0,136600.0,0.7338,United States Merchant Marine Academy,Kings Point,0.8995,0.8118
,,,,,,,,,,,,,,36.0,0.0,31.0,,,,,,,1.0,3.0,0.1398,4439.0,,,,25304864.0,38138178.0,7.0,1355.0,0.8541,,,,,,,,,,,,,,,,,,,0.812,United States Military Academy,West  Point,0.9557,0.838
24308.0,24308.0,,21869.0,,,,,,16485.0,14355.0,19670.0,22938.0,27736.0,36.0,2.0,13.0,870.0,13080.0,1933.0,12500.0,3033.0,3033.0,2.0,3.0,0.8719,2477.0,,0.2961,0.6628,35470959.0,34819284.0,14.0,1130.0,0.5547,0.603773585,0.559802713,0.513381995,0.597686375,22500.0,16244.0,17750.0,18750.0,63277.0,15900.0,40485.0,90057.0,79500.0,57422.0,9500.0,36937.0,84123.0,63100.0,0.427,Utica University,Utica,0.7327,0.6016
67805.0,67805.0,,38182.0,,,,,,15964.0,19653.0,25779.0,30066.0,54072.0,36.0,2.0,21.0,900.0,17415.0,1350.0,17915.0,1350.0,1350.0,2.0,3.0,0.1773,2430.0,,0.2086,0.4258,1196336464.0,1224163708.0,8.0,1513.0,0.8914,0.931122449,0.912921348,0.88339921,0.910755149,18625.0,9851.0,15597.0,19000.0,71366.0,9800.0,47264.0,105378.0,99300.0,49177.0,9000.0,25473.0,76667.0,61200.0,0.8067,Vassar College,Poughkeepsie,0.944,0.925
28670.0,28670.0,,13980.0,,,,,,12373.0,9235.0,15325.0,13426.0,20940.0,36.0,2.0,13.0,,,,9620.0,3300.0,3300.0,2.0,3.0,0.8668,536.0,,0.6086,0.5849,1899768.0,1945715.0,9.0,,0.3101,0.303643725,0.240740741,0.393643032,PS,21250.0,9758.0,12375.0,12000.0,38857.0,4200.0,17948.0,52822.0,51000.0,33635.0,5100.0,18278.0,47066.0,41500.0,0.2475,Villa Maria College,Buffalo,0.6322,0.3689
49140.0,49140.0,,58628.0,,,,,,51786.0,56500.0,57116.0,63333.0,63857.0,36.0,2.0,11.0,1868.0,24200.0,5700.0,24200.0,5400.0,5400.0,3.0,3.0,0.9132,3432.0,,0.1472,0.2468,,,8.0,1337.0,0.7493,0.684647303,0.673647469,0.61575179,0.703656999,27000.0,23594.0,25000.0,20500.0,46459.0,6800.0,20288.0,80384.0,96800.0,31855.0,4400.0,12761.0,56275.0,64500.0,0.6043,School of Visual Arts,New York,0.881,0.751
52000.0,52000.0,,27733.0,,,,,,22751.0,24404.0,28086.0,32550.0,28789.0,36.0,2.0,11.0,1034.0,15600.0,2940.0,16111.0,2940.0,2940.0,2.0,3.0,0.8346,1579.0,,0.227,0.5535,96515341.0,105120848.0,16.0,1234.0,0.6814,0.728855721,0.766404199,0.723521321,0.776264591,25000.0,22000.0,21329.0,20500.0,74360.0,14900.0,47410.0,108167.0,100200.0,63439.0,8300.0,37162.0,101338.0,82400.0,0.6326,Wagner College,Staten Island,0.8168,0.7174
61060.0,61060.0,,19077.0,,,,,,,,,17102.0,20065.0,36.0,2.0,21.0,4700.0,14690.0,1500.0,,,,2.0,3.0,0.2,105.0,,0.0882,0.2255,66531950.0,70477801.0,10.0,1480.0,0.8077,,,PS,PS,,,,,,,,,,86249.0,,70274.0,101373.0,,0.7308,Webb Institute,Glen Cove,0.96,0.7692
35166.0,35166.0,,22921.0,,,,,,17281.0,18030.0,21000.0,26997.0,30684.0,36.0,2.0,42.0,1050.0,14950.0,1300.0,14950.0,1300.0,1800.0,2.0,3.0,0.6965,355.0,,0.4678,0.8095,28778328.0,28706339.0,8.0,,0.4088,0.505319149,0.517241379,0.548172758,0.644295302,26000.0,8655.0,11649.0,14625.0,51094.0,7100.0,23578.0,74173.0,62200.0,35648.0,9300.0,20800.0,55708.0,50200.0,0.3796,Wells College,Aurora,0.5034,0.5503
14000.0,14000.0,,2060.0,,,,,,181.0,495.0,895.0,8177.0,,36.0,2.0,11.0,240.0,3600.0,3700.0,19000.0,3500.0,5000.0,2.0,3.0,,136.0,,0.7869,0.0,,,15.0,,0.3333,0.383333333,0.5,,,,,,,,,,,,,,,,,0.0,Yeshiva Karlin Stolin,Brooklyn,0.875,0.5
12700.0,12700.0,,9757.0,,,,,,8571.0,6071.0,10821.0,12971.0,,36.0,2.0,11.0,300.0,4800.0,6000.0,16700.0,8000.0,12800.0,2.0,3.0,0.7021,119.0,,0.3964,0.0,,,11.0,,0.1818,,,,,,,,,,,,,,,,,,,0.0,Yeshiva Derech Chaim,Brooklyn,0.8889,0.1818
14000.0,14000.0,,5823.0,,,,,,4677.0,6772.0,9501.0,14682.0,,36.0,2.0,41.0,300.0,6750.0,3500.0,18000.0,3000.0,5000.0,2.0,3.0,,249.0,,0.7788,0.0,,,20.0,,0.1818,,,,,,,,,41785.0,,15452.0,81293.0,,41261.0,,,53982.0,,0.0,Yeshiva of Nitra Rabbinical College,Chester,0.96,0.2069
19200.0,19200.0,,11613.0,,,,,,,11425.0,11990.0,,,36.0,2.0,11.0,150.0,2300.0,500.0,,,,2.0,3.0,0.9184,84.0,,0.1408,0.0,74000.0,99000.0,15.0,,0.5455,,,,,,,,,,,,,,,,,,,0.0909,Yeshivath Shaar Hatorah,Kew Gardens,0.9583,0.5172
49900.0,49900.0,,47560.0,,,,,,27089.0,25446.0,29934.0,46896.0,69117.0,36.0,2.0,11.0,1250.0,15000.0,5400.0,14250.0,5400.0,2363.0,2.0,3.0,0.6375,2942.0,,0.1406,0.1762,518348000.0,504478000.0,7.0,1410.0,0.8367,0.339031339,0.486910995,0.781312127,0.850533808,18250.0,12000.0,16282.0,14000.0,71353.0,8700.0,41386.0,111701.0,117200.0,60252.0,5700.0,29744.0,92043.0,86500.0,0.7936,Yeshiva University,New York,0.9283,0.8228
9900.0,9900.0,,5815.0,,,,,,5215.0,6208.0,8183.0,11923.0,,36.0,2.0,21.0,300.0,4200.0,6000.0,15900.0,8000.0,9800.0,2.0,3.0,0.9373,921.0,,0.8095,0.0,147.0,148.0,7.0,,0.6949,,0.825396825,PS,PS,,,,,,4700.0,,,35900.0,16658.0,,,30928.0,,0.0,Yeshivath Viznitz,Monsey,0.9745,0.757
12799.0,17239.0,14981.0,,12469.0,12319.0,14771.0,17982.0,19698.0,,,,,,39.0,3.0,12.0,1200.0,11070.0,3596.0,10590.0,3996.0,3996.0,1.0,3.0,0.7091,10011.0,,0.2886,0.3503,257723981.0,304215569.0,16.0,1088.0,0.4818,0.38427125,0.395824457,0.407000961,0.650404569,23250.0,15750.0,16250.0,14191.0,46600.0,8600.0,28267.0,68841.0,70800.0,42269.0,7600.0,25949.0,62185.0,57700.0,0.2945,University of Akron Main Campus,Akron,0.7301,0.5082
6800.0,6800.0,,6740.0,,,,,,5047.0,5491.0,7101.0,12346.0,,39.0,3.0,41.0,800.0,4000.0,3012.0,4050.0,3620.0,3620.0,2.0,3.0,,54.0,,0.4535,0.4535,390898.0,456861.0,6.0,,0.4,,,PS,PS,,,,,37453.0,,15254.0,51288.0,,21079.0,,11762.0,33439.0,,0.0,Allegheny Wesleyan College,Salem,0.5714,0.4167
40250.0,40250.0,,38041.0,,,,,,41956.0,43783.0,45726.0,32677.0,32576.0,39.0,3.0,11.0,1500.0,10325.0,2850.0,10500.0,2850.0,2850.0,2.0,3.0,0.3314,254.0,,0.4803,0.7204,2173941.0,2170164.0,11.0,,0.4444,0.449275362,0.426229508,0.444444444,0.551020408,27000.0,9500.0,12000.0,14000.0,34368.0,,15599.0,51408.0,,27483.0,,15678.0,40440.0,,0.3333,Art Academy of Cincinnati,Cincinnati,0.6235,0.3793
28910.0,28910.0,,21994.0,,,,,,20158.0,20838.0,22000.0,23402.0,22527.0,39.0,3.0,31.0,912.0,11960.0,2596.0,5500.0,3728.0,3728.0,2.0,3.0,0.8057,2250.0,,0.276,0.4616,58736343.0,58605892.0,15.0,1119.0,0.6059,0.478504673,0.565836299,0.610666667,0.753298153,25000.0,18750.0,21494.0,20250.0,52928.0,12500.0,38053.0,72499.0,66800.0,47722.0,11100.0,34154.0,62481.0,53000.0,0.4853,Ashland University,Ashland,0.7222,0.6763
19854.0,19854.0,,21873.0,,,,,,20049.0,19483.0,19329.0,24682.0,26427.0,39.0,3.0,13.0,1546.0,,,7456.0,5182.0,5182.0,2.0,3.0,0.4127,232.0,,0.372,0.62,2598765.0,2404355.0,7.0,1020.0,0.5185,0.461538462,0.482993197,0.477911647,0.604316547,20000.0,16012.0,13281.0,12000.0,63582.0,,42874.0,83205.0,,50096.0,,30851.0,69066.0,,0.5714,Aultman College of Nursing and Health Sciences,Canton,0.6071,
37938.0,37938.0,,27654.0,,,,,,22095.0,21648.0,23535.0,27515.0,30725.0,39.0,3.0,21.0,1500.0,13180.0,6340.0,13818.0,7200.0,7200.0,2.0,3.0,0.7685,2775.0,,0.285,0.7923,163274965.0,167791194.0,9.0,1176.0,0.6861,0.633651551,0.641148325,0.594312246,0.712058212,27000.0,25000.0,25000.0,23195.0,54122.0,16800.0,37859.0,73747.0,79000.0,44972.0,11200.0,30845.0,62693.0,60500.0,0.5854,Baldwin Wallace University,Berea,0.8489,0.6697
36298.0,36298.0,,17430.0,,,,,,16521.0,16667.0,18013.0,23361.0,13482.0,39.0,3.0,42.0,1600.0,11866.0,2750.0,8930.0,6050.0,5050.0,2.0,3.0,0.6116,595.0,,0.3735,0.756,23552031.0,24768011.0,10.0,1020.0,0.4952,0.489711934,0.494773519,0.598736177,0.724252492,27000.0,12656.0,18458.0,21826.0,49547.0,13100.0,37115.0,65380.0,70900.0,41940.0,12200.0,29350.0,57059.0,54100.0,0.4667,Bluffton University,Bluffton,0.6728,0.53
14081.0,22070.0,20918.0,,15611.0,16496.0,20316.0,23010.0,23945.0,,,,,,39.0,3.0,31.0,640.0,11784.0,5194.0,11610.0,5742.0,6340.0,1.0,3.0,0.8061,12255.0,,0.227,0.4875,202081000.0,217413000.0,17.0,1118.0,0.6277,0.520510255,0.545032258,0.477743022,0.612791932,25000.0,15625.0,17500.0,18500.0,47896.0,13000.0,31725.0,67179.0,73400.0,41281.0,9700.0,26850.0,56538.0,55400.0,0.4901,Bowling Green State University-Main Campus,Bowling Green,0.799,0.6232
41788.0,41788.0,,23585.0,,,,,,20774.0,19860.0,22265.0,24482.0,27218.0,39.0,3.0,21.0,1800.0,13446.0,3142.0,12092.0,5868.0,6384.0,2.0,3.0,0.7317,1709.0,,0.3101,0.7219,125406226.0,131105139.0,10.0,1118.0,0.6554,0.546753247,0.54625,0.57958601,0.695770805,26889.0,23000.0,19500.0,21354.0,54143.0,13700.0,38452.0,74851.0,76000.0,45767.0,11300.0,30895.0,60598.0,60100.0,0.5878,Capital University,Columbus,0.7355,0.6168
64671.0,64671.0,,38909.0,,,,,,19510.0,18657.0,19106.0,33489.0,49117.0,39.0,3.0,11.0,1200.0,18202.0,2000.0,10750.0,2000.0,4326.0,2.0,3.0,0.2868,6108.0,,0.1708,0.4884,2188161000.0,2260605000.0,9.0,1501.0,0.8695,0.755381605,0.81152648,0.801619433,0.846723044,24000.0,20875.0,22783.0,21250.0,87989.0,22000.0,58275.0,121871.0,137800.0,75613.0,19100.0,50106.0,96240.0,119900.0,0.7199,Case Western Reserve University,Cleveland,0.9201,0.8476
36078.0,36078.0,,25022.0,,,,,,20956.0,18952.0,20141.0,25138.0,28319.0,39.0,3.0,42.0,1516.0,9094.0,2916.0,9094.0,2916.0,2916.0,2.0,3.0,0.6282,3815.0,,0.154,0.3733,42405490.0,46563416.0,15.0,1246.0,0.7431,0.667168675,0.662207358,0.853090172,0.919925512,20937.0,15000.0,18500.0,17250.0,55443.0,7400.0,36255.0,84481.0,82800.0,47937.0,9800.0,33452.0,66663.0,60600.0,0.6459,Cedarville University,Cedarville,0.8505,0.7408
7824.0,9824.0,16544.0,,15607.0,16661.0,18187.0,21211.0,,,,,,,39.0,3.0,41.0,1200.0,11390.0,1600.0,11390.0,2400.0,2400.0,1.0,3.0,0.46,3412.0,,0.4218,0.2878,7465403.0,7061414.0,17.0,,0.2557,0.218181818,0.248756219,0.092413006,0.197297297,30739.0,12500.0,14250.0,18340.0,33267.0,5000.0,15373.0,50519.0,48500.0,27173.0,3100.0,11581.0,41328.0,35800.0,0.1362,Central State University,Wilberforce,0.5119,0.2505
16394.0,16394.0,,19462.0,,,,,,15916.0,18459.0,18427.0,25847.0,22538.0,39.0,3.0,11.0,1800.0,,,9100.0,6000.0,6000.0,2.0,3.0,0.5018,762.0,,0.343,0.5878,9867016.0,11107041.0,12.0,972.0,0.6,0.607142857,0.739495798,0.546296296,0.674074074,24250.0,18491.0,20168.0,19500.0,68303.0,16000.0,45516.0,83682.0,70700.0,64942.0,,42839.0,79671.0,,0.52,The Christ College of Nursing and Health Sciences,Cincinnati,0.5977,0.5294
,,,,,,,,,,,,,,39.0,3.0,21.0,,,,,,,2.0,3.0,,101.0,,0.2418,0.6484,609791.0,680613.0,17.0,,,,,0.5,PS,15000.0,21407.0,14744.0,15000.0,55695.0,,37575.0,72965.0,,50028.0,9100.0,37188.0,65927.0,60900.0,,Cincinnati College of Mortuary Science,Cincinnati,,
13570.0,30582.0,23156.0,,15108.0,16373.0,20607.0,25288.0,26573.0,,,,,,39.0,3.0,11.0,1300.0,13048.0,5424.0,17232.0,6930.0,5424.0,1.0,3.0,0.8767,29094.0,,0.1761,0.3884,1771519517.0,1849258918.0,19.0,1281.0,0.7155,0.462679648,0.489355703,0.503957017,0.686829759,21250.0,12000.0,12000.0,12000.0,54810.0,10700.0,33668.0,79998.0,82600.0,48310.0,9700.0,30940.0,69589.0,64700.0,0.3935,University of Cincinnati-Main Campus,Cincinnati,0.8574,0.7387
23700.0,23700.0,,21607.0,,,,,,23321.0,15917.0,20820.0,21604.0,22399.0,39.0,3.0,41.0,1200.0,9612.0,2350.0,9300.0,2350.0,2350.0,2.0,3.0,0.399,816.0,,0.3384,0.4461,6579751.0,6395689.0,11.0,910.0,0.3571,0.220966729,0.285404624,0.236600676,0.37431694,29579.0,21698.0,20000.0,21536.0,39813.0,6400.0,20610.0,59342.0,71100.0,34457.0,5000.0,15866.0,52456.0,56900.0,0.4468,Ohio Christian University,Circleville,0.505,0.4385
47880.0,47880.0,,41480.0,,,,,,23681.0,24660.0,24259.0,25440.0,61310.0,39.0,3.0,11.0,2200.0,12520.0,2950.0,12520.0,2950.0,2950.0,2.0,3.0,0.5628,560.0,,0.3784,0.8099,29691349.0,37215824.0,9.0,1156.0,0.6753,0.567741935,0.577777778,0.542435424,0.644736842,27000.0,26625.0,27000.0,25000.0,42509.0,7100.0,27642.0,62028.0,85800.0,33148.0,5900.0,19327.0,49468.0,53400.0,0.6104,Cleveland Institute of Art,Cleveland,0.8636,0.5636
42500.0,42500.0,,32623.0,,,,,,29523.0,34698.0,33245.0,33843.0,33186.0,39.0,3.0,11.0,1600.0,14550.0,2562.0,15750.0,2562.0,2562.0,2.0,3.0,0.3818,193.0,,0.1457,0.3668,46086791.0,50856887.0,6.0,,0.6852,0.64516129,,0.662650602,PS,24968.0,,,13087.0,32641.0,,,62372.0,,20170.0,,,30958.0,,0.566,Cleveland Institute of Music,Cleveland,0.9756,0.7121
12613.0,17973.0,16065.0,,13058.0,14122.0,16697.0,19512.0,22320.0,,,,,,39.0,3.0,11.0,900.0,14760.0,3770.0,14920.0,3770.0,3570.0,1.0,3.0,0.9548,9077.0,,0.3901,0.469,98179372.0,106846373.0,16.0,980.0,0.4891,0.495615361,0.488687783,0.408489274,0.564932703,21797.0,17000.0,15000.0,14500.0,52131.0,9700.0,33018.0,74241.0,77800.0,44625.0,8000.0,27719.0,64167.0,65700.0,0.3349,Cleveland State University,Cleveland,0.6908,0.5203
39650.0,39650.0,,30139.0,,,,,,22182.0,30353.0,31007.0,33394.0,34713.0,39.0,3.0,11.0,2200.0,11450.0,3768.0,18682.0,3768.0,3768.0,2.0,3.0,0.7174,891.0,,0.3975,0.6862,17676631.0,21781237.0,9.0,,0.6133,0.586872587,0.677777778,0.533333333,0.619537275,27000.0,21414.0,20500.0,19500.0,40664.0,7600.0,21400.0,64027.0,73700.0,30590.0,6600.0,16742.0,47608.0,51600.0,0.5547,Columbus College of Art & Design,Columbus,0.7333,0.6008
47600.0,47600.0,,31236.0,,,,,,25086.0,25118.0,26840.0,31080.0,34678.0,39.0,3.0,12.0,1000.0,15640.0,3025.0,15640.0,3025.0,3025.0,2.0,3.0,0.6165,8099.0,,0.1552,0.4232,770021000.0,805161000.0,15.0,1313.0,0.8152,0.708456973,0.776525822,0.817369093,0.875451264,23250.0,16276.0,19500.0,19500.0,75537.0,18100.0,50541.0,102329.0,95600.0,62477.0,16400.0,44144.0,80750.0,70100.0,0.6605,University of Dayton,Dayton,0.8875,0.8007
38778.0,38778.0,,23722.0,,,,,,19929.0,21601.0,24386.0,24726.0,28092.0,39.0,3.0,32.0,1400.0,12138.0,3076.0,13138.0,4276.0,4276.0,2.0,3.0,0.4243,454.0,,0.4795,0.7766,19980114.0,19139372.0,10.0,,0.3667,0.50660793,0.333333333,0.512158055,0.659919028,26813.0,8000.0,13500.0,14875.0,49351.0,9300.0,34642.0,67145.0,69100.0,39303.0,10200.0,25626.0,51595.0,51400.0,0.2867,Defiance College,Defiance,0.6143,0.5
64000.0,64000.0,,38111.0,,,,,,15093.0,12775.0,15451.0,29492.0,46510.0,39.0,3.0,23.0,1000.0,15400.0,1500.0,15400.0,1500.0,1500.0,2.0,3.0,0.1693,2398.0,,0.128,0.5244,1034670000.0,1008066000.0,9.0,1395.0,0.8006,0.589123867,0.807692308,0.765037594,0.80141844,26000.0,19500.0,21393.0,22061.0,67753.0,17300.0,44066.0,96126.0,98000.0,51352.0,6500.0,33528.0,69189.0,65100.0,0.7261,Denison University,Granville,0.8873,0.8162
39646.0,39646.0,,23731.0,,,,,,19184.0,21556.0,23566.0,27573.0,23761.0,39.0,3.0,32.0,2000.0,11000.0,2504.0,6430.0,2504.0,2504.0,2.0,3.0,0.8633,2240.0,,0.1386,0.3318,51976673.0,53744271.0,13.0,,0.6263,0.563249001,0.620472441,0.642257819,0.733245729,25439.0,15331.0,19000.0,20000.0,56996.0,12900.0,38423.0,83667.0,84700.0,49757.0,13000.0,33552.0,70519.0,83500.0,0.4269,The University of Findlay,Findlay,0.7196,0.6316
9577.0,9577.0,,22605.0,,,,,,23466.0,21170.0,22204.0,,,39.0,3.0,11.0,576.0,,,16380.0,6300.0,6300.0,2.0,3.0,,5111.0,,0.3343,0.393,10496000.0,10784000.0,16.0,,0.3025,0.417146974,0.356687898,0.319945936,0.546890425,20836.0,15623.0,14250.0,12500.0,51892.0,12500.0,30415.0,78104.0,90700.0,49189.0,11100.0,31752.0,69546.0,73700.0,0.3103,Franklin University,Columbus,0.4737,0.2544
7696.0,7696.0,,3138.0,,,,,,2794.0,5129.0,1632.0,,,39.0,3.0,11.0,1226.0,5160.0,4578.0,11269.0,5064.0,5064.0,2.0,3.0,0.6403,285.0,,0.2339,0.0597,,,9.0,,0.5,0.241935484,0.338709677,0.637681159,PS,4522.0,8700.0,5350.0,5500.0,37722.0,,20124.0,53961.0,,29555.0,,16820.0,46688.0,,0.3182,Gods Bible School and College,Cincinnati,0.8462,0.6
33628.0,33628.0,,21662.0,,,,,,17559.0,17150.0,18704.0,24983.0,25316.0,39.0,3.0,32.0,1500.0,11700.0,1500.0,6750.0,1500.0,1500.0,2.0,3.0,0.6773,884.0,,0.2851,0.8189,59888870.0,65555103.0,15.0,,0.4984,0.525951557,0.468834688,0.56741573,0.654723127,27000.0,15750.0,21500.0,21500.0,48466.0,15000.0,35319.0,70735.0,68700.0,41440.0,11000.0,27323.0,57552.0,53500.0,0.4389,Heidelberg University,Tiffin,0.775,0.5846
26265.0,26265.0,,20088.0,,,,,,17197.0,15280.0,19558.0,23700.0,25313.0,39.0,3.0,42.0,800.0,11560.0,2572.0,9184.0,3072.0,5472.0,2.0,3.0,0.9339,731.0,,0.3194,0.5459,60947552.0,63971203.0,10.0,,0.5914,0.550387597,0.522857143,0.526706232,0.682291667,27000.0,15480.0,19500.0,24000.0,54311.0,11700.0,36173.0,74254.0,82700.0,40270.0,12100.0,25187.0,59109.0,56400.0,0.4981,Hiram College,Hiram,0.6545,0.5375
49100.0,49100.0,,28617.0,,,,,,22972.0,21419.0,22871.0,28427.0,32838.0,39.0,3.0,21.0,1250.0,14160.0,3200.0,5680.0,4500.0,4500.0,2.0,3.0,0.811,2228.0,,0.1978,0.5685,271247678.0,262595617.0,13.0,1295.0,0.7649,0.723704867,0.722772277,0.717462933,0.781902552,26000.0,23000.0,20500.0,22043.0,62860.0,20100.0,43612.0,93077.0,96700.0,53187.0,15700.0,37183.0,70699.0,67200.0,0.6932,John Carroll University,University Heights,0.8534,0.7589
12846.0,22316.0,19614.0,,14912.0,15386.0,16772.0,21202.0,25263.0,,,,,,39.0,3.0,21.0,1200.0,13040.0,4732.0,11810.0,6560.0,5502.0,1.0,3.0,0.8665,19134.0,,0.2737,0.499,166657628.0,182192873.0,21.0,1095.0,0.6545,0.462510187,0.464705184,0.412590106,0.601924759,24500.0,16500.0,17838.0,17500.0,45388.0,10300.0,27117.0,66038.0,69200.0,40179.0,8700.0,25484.0,56690.0,55600.0,0.4934,Kent State University at Kent,Kent,0.7879,0.6877
69330.0,69330.0,,29383.0,,,,,,8865.0,11666.0,13777.0,22995.0,45073.0,39.0,3.0,41.0,1900.0,14410.0,1950.0,,,,2.0,3.0,0.3071,1753.0,,0.1008,0.2382,517006638.0,560253833.0,9.0,1440.0,0.8675,0.827411168,0.889502762,0.844067797,0.884920635,18527.0,14394.0,16250.0,14500.0,71830.0,12800.0,40485.0,104986.0,91300.0,46627.0,10000.0,26802.0,66603.0,55000.0,0.6711,Kenyon College,Gambier,0.9134,0.8689
15672.0,15672.0,,15156.0,,,,,,13530.0,12505.0,13946.0,14068.0,21604.0,39.0,3.0,13.0,1962.0,9270.0,5856.0,16673.0,7244.0,6529.0,2.0,3.0,0.8286,543.0,,0.2419,0.462,3559572.0,3213126.0,9.0,1120.0,0.65,0.474860335,0.562162162,0.492783505,0.629464286,23500.0,19456.0,19750.0,18500.0,67492.0,11700.0,42545.0,86850.0,109200.0,60692.0,15800.0,40558.0,79467.0,87400.0,0.5714,Kettering College,Kettering,0.8052,0.4727
36032.0,36032.0,,21296.0,,,,,,17958.0,19969.0,18863.0,24170.0,24353.0,39.0,3.0,21.0,1220.0,11592.0,3470.0,17520.0,4780.0,4500.0,2.0,3.0,0.6412,678.0,,0.29,0.5759,33541234.0,33462698.0,12.0,1114.0,0.4194,0.467811159,0.439130435,0.58490566,0.712177122,26000.0,12500.0,15000.0,14125.0,50417.0,8800.0,34818.0,69879.0,61100.0,43959.0,8700.0,29306.0,58553.0,54900.0,0.318,Lake Erie College,Painesville,0.6592,0.4528
28930.0,28930.0,,21596.0,,,,,,19638.0,19602.0,20610.0,24654.0,21690.0,39.0,3.0,21.0,1471.0,12120.0,6918.0,13230.0,6918.0,6918.0,2.0,3.0,0.741,668.0,,0.2728,0.5984,8587216.0,8940750.0,13.0,,0.381,0.514814815,0.427160494,0.283240997,0.46835443,27000.0,19750.0,17770.0,19355.0,48150.0,6700.0,29161.0,73342.0,73800.0,40158.0,7600.0,26863.0,58169.0,60300.0,0.381,Lourdes University,Sylvania,0.6369,0.604
36120.0,36120.0,,22881.0,,,,,,15887.0,17875.0,21996.0,23510.0,28192.0,39.0,3.0,13.0,1300.0,11290.0,3000.0,11000.0,4890.0,3740.0,2.0,3.0,0.7558,777.0,,0.3052,0.623,22070190.0,23670132.0,12.0,1089.0,0.5134,0.523809524,0.519362187,0.579983593,0.753320683,26289.0,18750.0,21673.0,21500.0,48909.0,11100.0,32520.0,71871.0,82800.0,43056.0,11300.0,29438.0,65833.0,68800.0,0.409,Malone University,Canton,0.7177,0.5967
38974.0,38974.0,,18372.0,,,,,,14987.0,14731.0,16626.0,20834.0,25625.0,39.0,3.0,31.0,1476.0,12544.0,1854.0,4624.0,2512.0,2512.0,2.0,3.0,0.7862,1035.0,,0.2714,0.6114,87959651.0,89434221.0,9.0,1103.0,0.5809,0.415966387,0.504504505,0.641562064,0.760598504,27000.0,13000.0,12000.0,12000.0,57180.0,13200.0,38070.0,87422.0,95700.0,51252.0,10200.0,34445.0,80910.0,69900.0,0.4779,Marietta College,Marietta,0.7344,0.5159
18950.0,18950.0,,15709.0,,,,,,14821.0,,15609.0,14767.0,17382.0,39.0,3.0,11.0,1350.0,,,7108.0,6562.0,3282.0,2.0,3.0,0.4276,982.0,,0.3643,0.6893,31701209.0,27714848.0,7.0,961.0,0.4464,0.551578947,0.653116531,0.503097893,0.616731518,20834.0,14332.0,14000.0,16664.0,65409.0,14200.0,40535.0,84912.0,77400.0,61877.0,13700.0,40825.0,77176.0,65200.0,0.0417,Mercy College of Ohio,Toledo,0.8571,0.5833
7278.0,18847.0,13346.0,,10211.0,10612.0,13467.0,15436.0,15997.0,,,,,,39.0,3.0,21.0,1240.0,,,8852.0,4364.0,4364.0,1.0,3.0,,2025.0,,0.3025,0.3492,,,13.0,,0.2159,0.590237636,0.567862267,0.53254778,0.734033246,23000.0,12509.0,15597.0,17500.0,55076.0,13200.0,34102.0,84230.0,94500.0,49773.0,9900.0,32353.0,73145.0,66500.0,0.1039,Miami University-Hamilton,Hamilton,0.5289,0.1851
7278.0,18847.0,13824.0,,9949.0,11514.0,13874.0,15364.0,15465.0,,,,,,39.0,3.0,23.0,1240.0,,,8852.0,4364.0,4364.0,1.0,3.0,,871.0,,0.2325,0.2766,,,16.0,,0.2454,0.590237636,0.567862267,0.53254778,0.734033246,23000.0,12509.0,15597.0,17500.0,55076.0,13200.0,34102.0,84230.0,94500.0,49773.0,9900.0,32353.0,73145.0,66500.0,0.1124,Miami University-Middletown,Middletown,0.6235,0.1923
17809.0,40025.0,27662.0,,14775.0,17494.0,24142.0,29332.0,30943.0,,,,,,39.0,3.0,31.0,1240.0,16714.0,2994.0,16714.0,2994.0,4300.0,1.0,3.0,0.8209,16361.0,,0.1129,0.3269,686467000.0,739390000.0,15.0,1313.0,0.8184,0.590237636,0.567862267,0.53254778,0.734033246,23000.0,12509.0,15597.0,17500.0,55076.0,13200.0,34102.0,84230.0,94500.0,49773.0,9900.0,32353.0,73145.0,66500.0,0.7296,Miami University-Oxford,Oxford,0.8952,0.8345
13890.0,13890.0,,12939.0,,,,,,9258.0,8493.0,13884.0,12677.0,18319.0,39.0,3.0,11.0,1500.0,,,8800.0,3240.0,3240.0,2.0,3.0,0.5739,573.0,,0.3041,0.6258,2331611.0,2434805.0,9.0,1020.0,0.7089,0.689655172,0.717054264,0.77593361,0.837037037,22082.0,21931.0,21500.0,18250.0,75103.0,27400.0,50015.0,95125.0,84300.0,68161.0,24500.0,56965.0,82323.0,71500.0,0.6456,Mount Carmel College of Nursing,Columbus,0.8333,0.8068
35400.0,35400.0,,22539.0,,,,,,18754.0,18475.0,20206.0,22934.0,25238.0,39.0,3.0,31.0,1520.0,11500.0,1556.0,7650.0,2392.0,5892.0,2.0,3.0,0.801,1785.0,,0.2871,0.8001,159958000.0,166205077.0,12.0,1227.0,0.6487,0.649694501,0.603773585,0.670212766,0.758508914,27000.0,18500.0,20500.0,22500.0,53217.0,12600.0,35488.0,75993.0,76700.0,45919.0,11800.0,33265.0,61108.0,53300.0,0.5502,University of Mount Union,Alliance,0.7091,0.6853
35524.0,35524.0,,21812.0,,,,,,17598.0,17666.0,19173.0,22602.0,26244.0,39.0,3.0,32.0,1400.0,9996.0,4500.0,7900.0,5800.0,5800.0,2.0,3.0,0.843,1346.0,,0.2893,0.5657,24781380.0,26786948.0,12.0,1119.0,0.6364,0.458585859,0.43551797,0.581896552,0.679927667,25000.0,17319.0,20832.0,20500.0,49555.0,11300.0,32952.0,71693.0,78400.0,43046.0,11900.0,29986.0,61240.0,71100.0,0.5485,Mount Vernon Nazarene University,Mount Vernon,0.7986,0.608
36650.0,36650.0,,16135.0,,,,,,11206.0,11412.0,15526.0,16001.0,22642.0,39.0,3.0,21.0,1200.0,11200.0,1000.0,9000.0,1800.0,1500.0,2.0,3.0,0.5652,1100.0,,0.2734,0.5447,61720032.0,67262749.0,9.0,1068.0,0.5471,0.437810945,0.435960591,0.52262931,0.602941177,26827.0,21929.0,18750.0,17500.0,51509.0,14000.0,35014.0,72607.0,72400.0,43595.0,9500.0,31291.0,58415.0,55300.0,0.4457,Mount St. Joseph University,Cincinnati,0.7601,0.5323
31440.0,31440.0,,20204.0,,,,,,15861.0,16959.0,18945.0,21619.0,23476.0,39.0,3.0,42.0,1100.0,12550.0,1540.0,11268.0,1940.0,5630.0,2.0,3.0,0.8166,1407.0,,0.4111,0.8309,90077835.0,93787992.0,13.0,1016.0,0.5273,0.435779817,0.4291939,0.591549296,0.751219512,25369.0,15750.0,16500.0,17115.0,48440.0,14800.0,35354.0,65242.0,66800.0,40536.0,8300.0,28729.0,57065.0,52900.0,0.4052,Muskingum University,New Concord,0.6893,0.5182
32606.0,32606.0,,20477.0,,,,,,18707.0,14948.0,18567.0,21028.0,25243.0,39.0,3.0,21.0,1400.0,11398.0,3200.0,11000.0,3200.0,4000.0,2.0,3.0,0.8035,1049.0,,0.389,0.6065,,,14.0,,0.3663,0.283854167,0.26645768,0.409007353,0.672268908,27000.0,12750.0,15858.0,19500.0,49737.0,10300.0,34055.0,67122.0,76300.0,39597.0,8300.0,22453.0,58927.0,55700.0,0.3256,Notre Dame College,Cleveland,0.693,0.3936
64646.0,64646.0,,39184.0,,,,,,19257.0,13640.0,23475.0,36946.0,48245.0,39.0,3.0,31.0,1908.0,18942.0,1908.0,12270.0,1908.0,1100.0,2.0,3.0,0.3298,2950.0,,0.0884,0.3292,1183657000.0,1199537000.0,9.0,1440.0,0.7948,0.649068323,0.788461538,0.771830986,0.83011583,26000.0,14878.0,21265.0,19500.0,58343.0,10000.0,32470.0,85039.0,77000.0,38871.0,6300.0,21672.0,59958.0,53500.0,0.6295,Oberlin College,Oberlin,0.8878,0.8295
34370.0,34370.0,,19476.0,,,,,,14348.0,20009.0,18897.0,21582.0,22204.0,39.0,3.0,11.0,1080.0,12500.0,2080.0,10602.0,5218.0,4082.0,2.0,3.0,0.8525,785.0,,0.3901,0.6135,19260460.0,18981307.0,12.0,1150.0,0.479,0.468834688,0.423728814,0.403846154,0.535117057,26000.0,12250.0,17834.0,19371.0,51748.0,10200.0,34634.0,73468.0,72300.0,43933.0,9900.0,27784.0,60638.0,61000.0,0.4009,Ohio Dominican University,Columbus,0.5981,0.5388
37800.0,37800.0,,25727.0,,,,,,20389.0,21125.0,22253.0,26769.0,29022.0,39.0,3.0,31.0,1200.0,13200.0,2286.0,10278.0,2286.0,7911.0,2.0,3.0,0.7335,2386.0,,0.1896,0.5535,212243134.0,203437069.0,13.0,1290.0,0.7418,0.62109375,0.739047619,0.798085292,0.885856079,27000.0,25000.0,25000.0,23562.0,80928.0,20100.0,51102.0,123378.0,130600.0,62686.0,18500.0,40469.0,86356.0,123000.0,0.5927,Ohio Northern University,Ada,0.8754,0.7314
9212.0,34718.0,12458.0,,8405.0,9869.0,11281.0,15239.0,17138.0,,,,,,39.0,3.0,41.0,1030.0,,,10232.0,4186.0,6820.0,1.0,3.0,,656.0,,0.3117,0.3557,6146871.0,6181846.0,16.0,,0.181,0.621949873,0.656756757,0.582390011,0.708298231,19976.0,12643.0,13000.0,15984.0,60409.0,13000.0,39834.0,88954.0,86400.0,51438.0,10700.0,34228.0,72018.0,65700.0,0.0794,Ohio State University-Lima Campus,Lima,0.4335,0.1441
12859.0,38365.0,18292.0,,6259.0,7104.0,12683.0,22870.0,27144.0,,,,,,39.0,3.0,11.0,1030.0,14272.0,3070.0,13814.0,3294.0,6090.0,1.0,3.0,0.5082,44617.0,,0.1945,0.3042,6934968579.0,7356089276.0,18.0,1407.0,0.8773,0.621949873,0.656756757,0.582390011,0.708298231,19976.0,12643.0,13000.0,15984.0,60409.0,13000.0,39834.0,88954.0,86400.0,51438.0,10700.0,34228.0,72018.0,65700.0,0.7081,Ohio State University-Main Campus,Columbus,0.9412,0.8887
6178.0,9170.0,4503.0,,1679.0,2525.0,3973.0,7184.0,8422.0,,,,,,39.0,3.0,41.0,840.0,,,6632.0,3670.0,3308.0,1.0,3.0,,305.0,,0.0919,0.0849,,,14.0,,0.2,0.542413891,0.537654653,0.480161492,0.644054641,21056.0,13500.0,15000.0,16950.0,52581.0,11100.0,32485.0,79745.0,78900.0,48991.0,8800.0,30731.0,72820.0,58000.0,0.1193,Ohio University-Eastern Campus,Saint Clairsville,0.6548,0.178
6178.0,9170.0,6133.0,,3301.0,3792.0,4674.0,9009.0,9277.0,,,,,,39.0,3.0,41.0,840.0,,,6632.0,3670.0,3308.0,1.0,3.0,,657.0,,0.0948,0.1143,,,16.0,,0.1371,0.542413891,0.537654653,0.480161492,0.644054641,21056.0,13500.0,15000.0,16950.0,52581.0,11100.0,32485.0,79745.0,78900.0,48991.0,8800.0,30731.0,72820.0,58000.0,0.0769,Ohio University-Lancaster Campus,Lancaster,0.6376,0.1188
13746.0,24114.0,20413.0,,13075.0,14933.0,18808.0,22093.0,23216.0,,,,,,39.0,3.0,32.0,840.0,13594.0,2916.0,12354.0,2916.0,6194.0,1.0,3.0,0.8476,18456.0,,0.2037,0.467,648637858.0,697470370.0,18.0,1212.0,0.6644,0.542413891,0.537654653,0.480161492,0.644054641,21056.0,13500.0,15000.0,16950.0,52581.0,11100.0,32485.0,79745.0,78900.0,48991.0,8800.0,30731.0,72820.0,58000.0,0.5289,Ohio University-Main Campus,Athens,0.8247,0.6784
6178.0,9170.0,5971.0,,3965.0,3341.0,5939.0,8095.0,9879.0,,,,,,39.0,3.0,32.0,840.0,,,6632.0,3670.0,3308.0,1.0,3.0,,526.0,,0.1045,0.13,,,12.0,,0.177,0.542413891,0.537654653,0.480161492,0.644054641,21056.0,13500.0,15000.0,16950.0,52581.0,11100.0,32485.0,79745.0,78900.0,48991.0,8800.0,30731.0,72820.0,58000.0,0.1221,Ohio University-Zanesville Campus,Zanesville,0.6905,0.1857
52357.0,52357.0,,21619.0,,,,,,14920.0,13089.0,15819.0,17444.0,30353.0,39.0,3.0,21.0,1000.0,14226.0,1800.0,7245.0,1800.0,1800.0,2.0,3.0,0.5067,1450.0,,0.2461,0.6191,277679315.0,285578126.0,11.0,1311.0,0.6174,0.578313253,0.578947368,0.731746032,0.824925816,27000.0,21000.0,21500.0,21500.0,55624.0,13800.0,36230.0,77702.0,85900.0,42495.0,8000.0,27695.0,61449.0,53700.0,0.5548,Ohio Wesleyan University,Delaware,0.8426,0.6434
34899.0,34899.0,,22140.0,,,,,,16326.0,15057.0,20323.0,23815.0,25227.0,39.0,3.0,21.0,1508.0,12968.0,3164.0,8926.0,7914.0,3786.0,2.0,3.0,0.833,2055.0,,0.2908,0.8302,116773955.0,118995913.0,12.0,1220.0,0.6895,0.556776557,0.584670232,0.635761589,0.778301887,26000.0,19000.0,20200.0,21250.0,53313.0,13100.0,36344.0,77271.0,80200.0,44539.0,10300.0,31448.0,63519.0,58000.0,0.5977,Otterbein University,Westerville,0.8242,0.6975
27829.0,27829.0,,,,,,,,,,,,,39.0,3.0,11.0,1800.0,12456.0,7000.0,,,,2.0,3.0,0.8333,45.0,,0.0882,0.1471,29198736.0,30556141.0,5.0,,0.2727,,,PS,PS,,,,,,,,,,,,,,,0.2727,Pontifical College Josephinum,Columbus,1.0,0.1875
17900.0,17900.0,,8603.0,,,,,,10000.0,5200.0,10365.0,5200.0,,39.0,3.0,21.0,600.0,3000.0,3500.0,18470.0,3000.0,3000.0,2.0,3.0,0.8056,57.0,,0.3636,0.0,105514.0,119563.0,11.0,,0.5333,,,,,,,,,,,,,,,,,,,0.5333,Rabbinical College Telshe,Wickliffe,0.8846,0.625
9622.0,16157.0,15389.0,,13734.0,13488.0,15623.0,18557.0,19014.0,,,,,,39.0,3.0,32.0,1024.0,12570.0,3156.0,9792.0,4576.0,4576.0,1.0,3.0,,2300.0,,0.351,0.3918,19162015.0,19994255.0,16.0,,0.4298,0.28466483,0.334763948,0.322738386,0.574821853,23000.0,13216.0,12950.0,12034.0,39596.0,6700.0,22122.0,57949.0,65200.0,35080.0,5900.0,20179.0,50796.0,51800.0,0.3517,Shawnee State University,Portsmouth,0.7108,0.5051
32630.0,32630.0,,23987.0,,,,,,19180.0,18481.0,19272.0,22360.0,26319.0,39.0,3.0,13.0,1200.0,9540.0,1870.0,5980.0,2170.0,2170.0,2.0,3.0,0.7223,2775.0,,0.2101,0.4804,79450176.0,78435011.0,19.0,1218.0,0.7709,0.723311547,0.726681128,0.737118822,0.818456884,23384.0,15250.0,19000.0,18750.0,50030.0,9200.0,30456.0,72163.0,70900.0,42037.0,8100.0,28888.0,60402.0,58400.0,0.6776,Franciscan University of Steubenville,Steubenville,0.8787,0.717
32400.0,32400.0,,23758.0,,,,,,20982.0,20666.0,23742.0,27814.0,27426.0,39.0,3.0,32.0,3000.0,12650.0,500.0,12650.0,500.0,500.0,2.0,3.0,0.7977,1938.0,,0.3553,0.5472,18535036.0,18330658.0,20.0,989.0,0.4295,0.341500766,0.292508918,0.180511182,0.535416667,27000.0,15264.0,16204.0,16506.0,35942.0,7800.0,17173.0,53905.0,75200.0,42475.0,11700.0,26727.0,60110.0,61900.0,0.3602,Tiffin University,Tiffin,0.6028,0.4561
12377.0,21737.0,17460.0,,12763.0,13774.0,17553.0,20182.0,21594.0,,,,,,39.0,3.0,11.0,1240.0,14652.0,4040.0,8518.0,5415.0,5415.0,1.0,3.0,0.9483,10244.0,,0.257,0.3766,352657319.0,364958524.0,18.0,1209.0,0.5563,0.430567686,0.439590076,0.414994957,0.629544143,22250.0,15521.0,14250.0,14702.0,50632.0,11700.0,30611.0,76768.0,83600.0,44162.0,9600.0,26765.0,66467.0,65400.0,0.3515,University of Toledo,Toledo,0.7588,0.5791
37860.0,37860.0,,18027.0,,,,,,12738.0,14320.0,20362.0,19995.0,24145.0,39.0,3.0,21.0,,12284.0,3516.0,8500.0,6000.0,6000.0,2.0,3.0,0.8401,630.0,,0.3904,0.8624,43318018.0,47260307.0,7.0,1140.0,0.5325,0.472826087,0.600938967,0.460344828,0.519607843,26250.0,25000.0,20306.0,20500.0,56878.0,13300.0,37235.0,76180.0,89200.0,45646.0,11000.0,29222.0,67236.0,69600.0,0.4286,Ursuline College,Pepper Pike,0.729,0.4912
22500.0,22500.0,,,,,,,,,,,,,39.0,3.0,21.0,1600.0,,,11312.0,6080.0,6080.0,3.0,3.0,,0.0,,,,,,,,,0.245614035,0.293333333,0.263157895,0.365384615,42785.0,23042.0,,,30029.0,5600.0,14834.0,54782.0,53400.0,27132.0,7500.0,13129.0,43185.0,44900.0,,The North Coast College,Lakewood,,
34595.0,34595.0,,20004.0,,,,,,14430.0,15707.0,19692.0,21715.0,23274.0,39.0,3.0,21.0,790.0,11810.0,2727.0,9600.0,2957.0,2568.0,2.0,3.0,0.7818,1294.0,,0.233,0.5289,33679794.0,36560616.0,13.0,1210.0,0.6169,0.652427184,0.604269294,0.603433476,0.697368421,27000.0,19213.0,19000.0,21679.0,59764.0,13300.0,40103.0,80565.0,81600.0,50090.0,13900.0,35188.0,69578.0,61500.0,0.5649,Walsh University,North Canton,0.7294,0.6856
14776.0,14776.0,,7349.0,,,,,,5606.0,9908.0,10244.0,10794.0,13684.0,39.0,3.0,41.0,1200.0,7700.0,2000.0,6650.0,2000.0,2000.0,2.0,3.0,0.5273,602.0,,0.7436,0.625,7209693.0,6522048.0,12.0,980.0,0.1597,0.252707581,0.356687898,0.260127932,0.384615385,26468.0,10300.0,14750.0,17911.0,38298.0,5200.0,17682.0,53841.0,71400.0,35146.0,7100.0,15338.0,52913.0,57800.0,0.084,Wilberforce University,Wilberforce,0.6959,0.2
30962.0,30962.0,,22872.0,,,,,,13772.0,18406.0,25292.0,26801.0,26658.0,39.0,3.0,32.0,1100.0,11495.0,2800.0,2650.0,3100.0,3400.0,2.0,3.0,0.846,924.0,,0.3734,0.7369,26714711.0,30018775.0,12.0,1042.0,0.5508,0.553314121,0.585507246,0.564320388,0.651105651,24208.0,10131.0,15969.0,15536.0,48491.0,12000.0,34644.0,70304.0,70100.0,41889.0,9600.0,28288.0,55242.0,52200.0,0.4885,Wilmington College,Wilmington,0.6845,0.5307
44602.0,44602.0,,19470.0,,,,,,13347.0,14344.0,17504.0,22410.0,24825.0,39.0,3.0,13.0,1600.0,11562.0,1600.0,11562.0,1600.0,1600.0,2.0,3.0,0.9104,1269.0,,0.2941,0.5914,108829152.0,102600222.0,12.0,1153.0,0.5382,0.074946467,0.516,0.685983828,0.798611111,27000.0,24750.0,22500.0,23564.0,54947.0,13900.0,38348.0,77277.0,78500.0,42437.0,11000.0,28446.0,57814.0,56200.0,0.473,Wittenberg University,Springfield,0.7358,0.6504
59550.0,59550.0,,25766.0,,,,,,15018.0,14787.0,23052.0,26899.0,32701.0,39.0,3.0,32.0,1250.0,14000.0,1000.0,10995.0,1000.0,5676.0,2.0,3.0,0.5432,1876.0,,0.1952,0.4459,374948188.0,395470809.0,10.0,1370.0,0.7356,0.740181269,0.753012048,0.729323308,0.769230769,26500.0,17789.0,19500.0,22736.0,59629.0,14800.0,41844.0,79758.0,86600.0,43895.0,6900.0,29486.0,61428.0,56700.0,0.7058,The College of Wooster,Wooster,0.8131,0.7686
11188.0,20606.0,15216.0,,10987.0,11722.0,15828.0,19191.0,20250.0,,,,,,39.0,3.0,21.0,1400.0,10900.0,3370.0,10900.0,3370.0,3370.0,1.0,3.0,0.9515,6330.0,,0.3276,0.4226,134371476.0,143857304.0,15.0,1086.0,0.4586,0.397670025,0.444617785,0.466532258,0.648999649,22750.0,17500.0,14800.0,15612.0,49500.0,11700.0,31682.0,72300.0,75300.0,42229.0,8600.0,27724.0,60346.0,58400.0,0.2939,Wright State University-Main Campus,Dayton,0.6264,0.4519
7504.0,16922.0,12603.0,,9751.0,9700.0,12021.0,15049.0,15676.0,,,,,,39.0,3.0,41.0,1400.0,11100.0,3370.0,11100.0,3370.0,3370.0,1.0,3.0,,984.0,,0.1584,0.2202,,,13.0,,0.4247,0.397670025,0.444617785,0.466532258,0.648999649,22750.0,17500.0,14800.0,15612.0,49500.0,11700.0,31682.0,72300.0,75300.0,42229.0,8600.0,27724.0,60346.0,58400.0,0.2928,Wright State University-Lake Campus,Celina,0.6482,0.3396
48125.0,48125.0,,32342.0,,,,,,28499.0,28563.0,31527.0,32456.0,34548.0,39.0,3.0,11.0,1300.0,13820.0,3200.0,13820.0,3200.0,3200.0,2.0,3.0,0.8773,4723.0,,0.1449,0.4932,225434000.0,243821000.0,11.0,1224.0,0.705,0.657439446,0.658787256,0.696273292,0.807539683,23250.0,18750.0,18750.0,19500.0,64873.0,18800.0,43067.0,89915.0,92400.0,54758.0,14300.0,37805.0,72842.0,69000.0,0.6309,Xavier University,Cincinnati,0.8276,0.7581
10791.0,11151.0,11877.0,,8053.0,9286.0,13171.0,15906.0,16329.0,,,,,,39.0,3.0,13.0,1200.0,10384.0,4024.0,10936.0,4024.0,4548.0,1.0,3.0,0.8032,7340.0,,0.3319,0.4145,317554787.0,322916527.0,18.0,1055.0,0.5291,0.377423524,0.37745098,0.332038556,0.577243293,24000.0,15000.0,16235.0,15750.0,41544.0,8700.0,23008.0,61214.0,69200.0,37590.0,8300.0,21331.0,56274.0,57600.0,0.3291,Youngstown State University,Youngstown,0.7689,0.5008
15060.0,15060.0,,12197.0,,,,,,11948.0,9612.0,13154.0,15837.0,18353.0,40.0,6.0,32.0,2500.0,10100.0,5205.0,7500.0,1500.0,1500.0,2.0,3.0,,106.0,,0.5296,0.2889,5956616.0,4934996.0,13.0,,0.0239,0.072727273,0.168859649,0.314415437,0.474683544,26187.0,13000.0,12944.0,12000.0,40006.0,6100.0,23353.0,60656.0,62700.0,31143.0,5200.0,15744.0,42088.0,57600.0,0.01,Bacone College,Muskogee,0.3077,0.0652
31466.0,31466.0,,26827.0,,,,,,24466.0,22817.0,25989.0,29978.0,30103.0,40.0,6.0,32.0,1240.0,9182.0,3188.0,9182.0,3188.0,3188.0,2.0,3.0,0.7703,663.0,,0.3934,0.6565,9442913.0,10602037.0,15.0,,0.2843,0.470588235,0.579487179,0.570200573,0.691860465,24813.0,12750.0,17071.0,17624.0,59841.0,13700.0,37359.0,93324.0,89400.0,55700.0,11100.0,34498.0,81465.0,76400.0,0.2335,Oklahoma Wesleyan University,Bartlesville,0.4899,0.3333
29600.0,29600.0,,17838.0,,,,,,15195.0,15470.0,19579.0,23086.0,24765.0,40.0,6.0,21.0,1540.0,9560.0,5457.0,10926.0,5866.0,5866.0,2.0,3.0,,1459.0,,0.4544,0.5975,41854477.0,44621421.0,11.0,,0.4879,0.564144737,0.517509728,0.562901745,0.695214106,21900.0,18750.0,18750.0,15125.0,54951.0,12500.0,33529.0,83155.0,93500.0,48255.0,11800.0,29348.0,68403.0,76000.0,0.3099,Southern Nazarene University,Bethany,0.9167,0.4783
6900.0,16320.0,10705.0,,8933.0,10017.0,11461.0,16411.0,16236.0,,,,,,40.0,6.0,13.0,1000.0,8883.0,7040.0,10446.0,7966.0,4935.0,1.0,3.0,,2534.0,,0.4124,0.2917,22254434.0,23200666.0,18.0,,0.2154,0.209708738,0.204836415,0.372949002,0.60952381,21500.0,11740.0,10500.0,11850.0,40118.0,7900.0,22221.0,58201.0,70700.0,33447.0,5600.0,18153.0,47823.0,56000.0,0.1692,Cameron University,Lawton,0.6631,0.3582
8522.0,19409.0,18990.0,,16012.0,16695.0,20039.0,23781.0,24282.0,,,,,,40.0,6.0,21.0,1600.0,8886.0,8160.0,12564.0,9900.0,9900.0,1.0,3.0,0.8176,10132.0,,0.3546,0.348,51864421.0,55155952.0,17.0,1050.0,0.375,0.351669316,0.433778067,0.525226646,0.664624809,21000.0,14000.0,12500.0,13000.0,48351.0,10300.0,30177.0,68978.0,77600.0,43074.0,8600.0,26861.0,58702.0,60100.0,0.1517,University of Central Oklahoma,Edmond,0.655,0.3899
8032.0,17542.0,9287.0,,6438.0,7127.0,10162.0,14790.0,14395.0,,,,,,40.0,6.0,33.0,1590.0,7752.0,4066.0,10144.0,8996.0,4862.0,1.0,3.0,0.6555,2157.0,,0.3982,0.5454,35552616.0,38507953.0,16.0,1019.0,0.3274,0.384180791,0.401746725,0.460832313,0.607594937,17671.0,11250.0,11126.0,11250.0,44962.0,9700.0,27580.0,65215.0,68300.0,40677.0,8400.0,25283.0,56323.0,56000.0,0.1881,East Central University,Ada,0.5677,0.3185
17322.0,17322.0,,16474.0,,,,,,14874.0,11041.0,14749.0,19657.0,22133.0,40.0,6.0,21.0,,8190.0,4826.0,10576.0,6892.0,4826.0,2.0,3.0,0.4481,262.0,,0.3941,0.4052,599970.0,786177.0,9.0,1020.0,0.2055,0.289473684,0.430379747,0.496183206,0.702702703,22626.0,14250.0,14671.0,9819.0,42051.0,9400.0,23449.0,58227.0,63300.0,41012.0,10900.0,25010.0,53333.0,63200.0,0.0462,Randall University,Moore,0.5714,0.1778
6728.0,14255.0,11359.0,,10626.0,11196.0,12238.0,12443.0,16660.0,,,,,,40.0,6.0,42.0,780.0,10886.0,3000.0,10982.0,3000.0,3000.0,1.0,3.0,,1743.0,,0.6843,0.6212,50304557.0,49910788.0,16.0,,0.175,0.161928307,0.228132388,0.257142857,0.429667519,26000.0,11000.0,12375.0,11250.0,33261.0,5500.0,14996.0,51692.0,63300.0,29691.0,3900.0,14825.0,45659.0,50900.0,0.1412,Langston University,Langston,0.5936,0.3045
7513.0,16633.0,11800.0,,9624.0,9468.0,12083.0,16943.0,17134.0,,,,,,40.0,6.0,33.0,1000.0,10494.0,3020.0,11542.0,7948.0,4310.0,1.0,3.0,0.9921,4636.0,,0.4243,0.3804,25353350.0,26054381.0,17.0,1050.0,0.372,0.435897436,0.450742983,0.499858317,0.623007623,17367.0,12275.0,11748.0,12000.0,45379.0,8600.0,28117.0,63320.0,69200.0,41207.0,7000.0,25374.0,55509.0,53900.0,0.2081,Northeastern State University,Tahlequah,0.6283,0.4169
5970.0,11664.0,11366.0,,9050.0,8936.0,11315.0,16731.0,18614.0,,,,,,40.0,6.0,33.0,1600.0,5520.0,6000.0,5520.0,6000.0,6700.0,1.0,3.0,0.6643,1468.0,,0.4068,0.3953,33224416.0,34779337.0,16.0,1015.0,0.3542,0.363821138,0.339960239,0.549160672,0.752895753,17355.0,10722.0,9500.0,11750.0,44358.0,10000.0,25137.0,62641.0,73600.0,39997.0,6100.0,26568.0,55180.0,56700.0,0.2445,Northwestern Oklahoma State University,Alva,0.6547,0.3121
25900.0,25900.0,,21423.0,,,,,,19109.0,21651.0,19389.0,23256.0,26413.0,40.0,6.0,11.0,1200.0,8680.0,4170.0,8680.0,4170.0,4170.0,2.0,3.0,0.9707,1897.0,,0.3015,0.439,50318278.0,49717079.0,15.0,1117.0,0.5517,0.492610837,0.48608137,0.69035533,0.84375,26000.0,13824.0,18625.0,19500.0,49203.0,8900.0,31362.0,73028.0,77900.0,43281.0,7800.0,25920.0,64245.0,54500.0,0.4366,Oklahoma Christian University,Edmond,0.773,0.5695
,,,,,,,,,,,,,,40.0,6.0,11.0,,,,,,,1.0,3.0,,1143.0,,0.0,0.5178,711383000.0,698130000.0,8.0,,,0.53839779,0.560349536,0.659749723,0.781427669,20654.0,15950.0,15750.0,15000.0,63126.0,13900.0,40536.0,92565.0,105000.0,52216.0,11900.0,33458.0,74538.0,78700.0,,University of Oklahoma-Health Sciences Center,Oklahoma City,,
7922.0,8673.0,7557.0,,7372.0,10224.0,14356.0,13933.0,,,,,,,40.0,6.0,42.0,465.0,6260.0,1040.0,6985.0,1040.0,990.0,1.0,3.0,,997.0,,0.4356,0.6522,13192486.0,12434757.0,19.0,,0.2613,0.26984127,0.309895833,0.487417219,0.677595628,12500.0,5500.0,7500.0,10000.0,44933.0,7800.0,26039.0,69232.0,74600.0,39089.0,6400.0,24897.0,55856.0,57500.0,0.1983,Oklahoma Panhandle State University,Goodwell,0.4713,0.3711
10234.0,25754.0,16378.0,,10690.0,11606.0,15274.0,20860.0,22650.0,,,,,,40.0,6.0,32.0,1300.0,11300.0,5400.0,12200.0,5400.0,5400.0,1.0,3.0,0.7093,20814.0,,0.2604,0.3797,561195906.0,581494258.0,18.0,1145.0,0.6589,0.547728433,0.571956694,0.603743877,0.708877722,20500.0,15250.0,15000.0,16000.0,57413.0,11900.0,37402.0,84788.0,92800.0,46855.0,11800.0,30489.0,66572.0,69200.0,0.4883,Oklahoma State University-Main Campus,Stillwater,0.8387,0.6708
34050.0,34050.0,,23880.0,,,,,,20668.0,18530.0,24595.0,24828.0,27449.0,40.0,6.0,32.0,1200.0,9240.0,4410.0,8300.0,5350.0,11450.0,2.0,3.0,0.5568,1292.0,,0.3068,0.4406,166959896.0,169864518.0,15.0,1173.0,0.4973,0.491588785,0.46025878,0.666666667,0.824137931,24801.0,12500.0,18500.0,14675.0,48434.0,8000.0,32025.0,68661.0,66100.0,42581.0,9100.0,28529.0,55044.0,55700.0,0.4108,Oklahoma Baptist University,Shawnee,0.6858,0.5423
33586.0,33586.0,,21556.0,,,,,,13408.0,20156.0,24574.0,27115.0,27694.0,40.0,6.0,11.0,1500.0,9602.0,2750.0,9602.0,2750.0,2750.0,2.0,3.0,0.7039,1433.0,,0.2256,0.4783,144055363.0,187984723.0,11.0,1150.0,0.6419,0.673417722,0.675417661,0.665207878,0.757062147,20835.0,15000.0,15750.0,15750.0,54655.0,11200.0,32128.0,90623.0,86900.0,42312.0,9100.0,23175.0,72726.0,78400.0,0.6237,Oklahoma City University,Oklahoma City,0.83,0.65
9595.0,26665.0,17413.0,,12555.0,13730.0,17551.0,21593.0,23842.0,,,,,,40.0,6.0,22.0,800.0,13310.0,6781.0,13310.0,6781.0,6781.0,1.0,3.0,0.7654,21496.0,,0.2376,0.3276,1641827000.0,1632955000.0,17.0,1239.0,0.753,0.53839779,0.560349536,0.659749723,0.781427669,20654.0,15950.0,15750.0,15000.0,63126.0,13900.0,40536.0,92565.0,105000.0,52216.0,11900.0,33458.0,74538.0,78700.0,0.5563,University of Oklahoma-Norman Campus,Norman,0.8888,0.7735
34100.0,34100.0,,23600.0,,,,,,20412.0,18625.0,22588.0,26615.0,29477.0,40.0,6.0,11.0,1920.0,9400.0,4500.0,13200.0,3706.0,4700.0,2.0,3.0,0.986,3322.0,,0.3353,0.4619,46998940.0,47635620.0,17.0,1183.0,0.539,0.456164384,0.513056836,0.552959502,0.714579055,27000.0,19500.0,20919.0,20001.0,46885.0,7200.0,26903.0,71874.0,78200.0,39112.0,8300.0,23065.0,57156.0,58700.0,0.483,Oral Roberts University,Tulsa,0.8143,0.6061
7392.0,15176.0,13953.0,,11564.0,12635.0,13848.0,17915.0,19633.0,,,,,,40.0,6.0,31.0,2400.0,10722.0,3826.0,10954.0,5062.0,4742.0,1.0,3.0,,2552.0,,0.3782,0.3575,17352706.0,18116613.0,18.0,,0.2541,0.183364839,0.248168498,0.460119871,0.682978723,20500.0,10750.0,12000.0,11250.0,43166.0,6300.0,24620.0,64187.0,66100.0,39324.0,5700.0,24068.0,56456.0,55600.0,0.1893,Rogers State University,Claremore,0.6445,0.3867
9000.0,20190.0,8543.0,,6445.0,4105.0,9684.0,13794.0,14515.0,,,,,,40.0,6.0,32.0,1200.0,7640.0,3930.0,7640.0,3930.0,3930.0,1.0,3.0,0.5577,896.0,,0.4703,0.3758,17779264.0,18669862.0,13.0,1143.0,0.3626,0.355731225,0.259259259,0.572115385,0.733695652,21750.0,8027.0,9500.0,14403.0,41913.0,4700.0,22278.0,57467.0,64900.0,35520.0,6200.0,20806.0,47234.0,50500.0,0.2692,University of Science and Arts of Oklahoma,Chickasha,0.7103,0.3922
7200.0,16410.0,6352.0,,6043.0,5189.0,7686.0,9962.0,,,,,,,40.0,6.0,32.0,1200.0,7760.0,3216.0,8000.0,4016.0,4480.0,1.0,3.0,0.8034,3031.0,,0.401,0.3443,30202019.0,31161441.0,22.0,1084.0,0.3333,0.341115435,0.392033543,0.463636364,0.639285714,17000.0,11000.0,10221.0,10610.0,45079.0,9100.0,28093.0,64424.0,67100.0,40734.0,6900.0,24367.0,57131.0,54600.0,0.2144,Southeastern Oklahoma State University,Durant,0.707,0.3371
21316.0,21316.0,,19692.0,,,,,,18702.0,17136.0,19330.0,25104.0,24819.0,40.0,6.0,21.0,2000.0,9400.0,2338.0,10206.0,3604.0,3152.0,2.0,3.0,,351.0,,0.4109,0.4431,2208477.0,2186670.0,12.0,,0.1271,0.189300412,0.211764706,0.35492228,0.561797753,20715.0,13941.0,14383.0,12000.0,40391.0,,25157.0,59984.0,,34574.0,6100.0,16680.0,47255.0,45100.0,0.0593,Southwestern Christian University,Bethany,0.5,0.2321
8295.0,8325.0,14542.0,,10740.0,11695.0,13263.0,17412.0,18669.0,,,,,,40.0,6.0,33.0,1218.0,7410.0,7618.0,6312.0,7618.0,6542.0,1.0,3.0,1.0,3469.0,,0.3846,0.6535,39368227.0,35495225.0,19.0,1050.0,0.3471,0.395204263,0.415472779,0.567172264,0.783645656,15954.0,12000.0,11000.0,12000.0,45744.0,7400.0,26790.0,68999.0,97700.0,42896.0,7200.0,26965.0,63801.0,75800.0,0.2294,Southwestern Oklahoma State University,Weatherford,0.6968,0.4396
48602.0,48602.0,,23678.0,,,,,,17809.0,16984.0,23340.0,28462.0,30755.0,40.0,6.0,11.0,0.0,11192.0,6894.0,11192.0,6894.0,6894.0,2.0,3.0,0.5799,2447.0,,0.2614,0.3661,1275501000.0,1263999000.0,9.0,1325.0,0.7331,0.613636364,0.652466368,0.75487013,0.84,21500.0,12000.0,11000.0,14232.0,61408.0,10000.0,36467.0,100122.0,96900.0,54779.0,9700.0,35082.0,78353.0,81200.0,0.6152,University of Tulsa,Tulsa,0.8513,0.7397
10671.0,24621.0,15987.0,,12069.0,12341.0,15217.0,20701.0,21428.0,,,,,,41.0,8.0,33.0,1275.0,11658.0,4584.0,10179.0,4584.0,4584.0,1.0,3.0,0.9876,2201.0,,0.3598,0.3876,17504422.0,5893554.0,14.0,,0.3662,0.378768021,0.379504505,0.395258621,0.556851312,20500.0,15470.0,12833.0,12132.0,50112.0,9100.0,29162.0,72357.0,73900.0,43034.0,8400.0,26576.0,62836.0,59200.0,0.2484,Eastern Oregon University,La Grande,0.6694,0.4078
17620.0,17620.0,,20468.0,,,,,,20468.0,,,,,41.0,8.0,12.0,1000.0,8400.0,4000.0,16200.0,4000.0,4000.0,2.0,3.0,0.6563,45.0,,0.775,0.75,808543.0,878344.0,3.0,,0.25,,0.3,0.452380952,0.580645161,27000.0,16750.0,,,31115.0,,14244.0,54527.0,,33131.0,3500.0,21036.0,48591.0,45800.0,0.25,New Hope Christian College-Eugene,Eugene,0.6364,0.4444
40940.0,40940.0,,29981.0,,,,,,19909.0,23048.0,25491.0,29546.0,34826.0,41.0,8.0,31.0,1200.0,13600.0,4000.0,13600.0,2800.0,2800.0,2.0,3.0,0.9641,2505.0,,0.2675,0.5824,29152661.0,30903613.0,15.0,1170.0,0.6868,0.658263305,0.716738197,0.666666667,0.746969697,24250.0,19629.0,19000.0,19750.0,59761.0,10400.0,36365.0,89001.0,85000.0,53568.0,9900.0,33592.0,78362.0,70500.0,0.5819,George Fox University,Newberg,0.7744,0.6979
62350.0,62350.0,,36084.0,,,,,,17251.0,20137.0,25542.0,31183.0,43993.0,41.0,8.0,11.0,1050.0,15002.0,2052.0,15002.0,2052.0,2052.0,2.0,3.0,0.7453,2167.0,,0.1928,0.6788,322345847.0,312222660.0,12.0,1321.0,0.7124,0.715877437,0.713804714,0.765037594,0.828080229,19500.0,15000.0,13804.0,13000.0,62205.0,10000.0,36484.0,91485.0,87800.0,43608.0,5200.0,26068.0,58879.0,61800.0,0.6248,Lewis & Clark College,Portland,0.8154,0.7458
49530.0,49530.0,,27341.0,,,,,,24625.0,23985.0,21378.0,28268.0,32957.0,41.0,8.0,32.0,200.0,14060.0,3200.0,14060.0,3200.0,6200.0,2.0,3.0,0.8793,1642.0,,0.2831,0.807,104666409.0,111899560.0,10.0,,0.6515,0.67281106,0.737909516,0.746209624,0.825443787,25000.0,19797.0,23000.0,20000.0,78638.0,15000.0,49821.0,111142.0,91200.0,70643.0,12500.0,43165.0,102152.0,81700.0,0.5556,Linfield University,McMinnville,0.7889,0.6878
29694.0,29694.0,,,,,,,,,,,,,41.0,8.0,41.0,1000.0,16704.0,2100.0,16704.0,2100.0,2100.0,2.0,3.0,1.0,28.0,,0.2121,0.2121,23996541.0,26924608.0,6.0,,0.3333,,,PS,PS,,,,,57436.0,,,84173.0,,,,,,,0.3333,Mount Angel Seminary,Saint Benedict,,0.5385
30310.0,30310.0,,23866.0,,,,,,21713.0,20778.0,23550.0,28928.0,26053.0,41.0,8.0,11.0,1500.0,11000.0,2500.0,11000.0,2500.0,2500.0,2.0,3.0,0.4984,329.0,,0.4735,0.8201,7806000.0,8038000.0,10.0,,0.5082,0.451388889,0.526315789,0.621301775,0.691860465,20250.0,15000.0,14844.0,12500.0,47939.0,3700.0,28735.0,74961.0,66000.0,35556.0,5100.0,21038.0,54281.0,50400.0,0.4262,Multnomah University,Portland,0.3444,0.5536
,,,,,,,,,,,,,,41.0,8.0,11.0,,,,,,,2.0,3.0,,28.0,,0.75,0.5833,1442372.0,1443294.0,9.0,,,,,,,,,,,,,,,,,,,,,,National University of Natural Medicine,Portland,,
34740.0,34740.0,,23520.0,,,,,,18377.0,21119.0,19732.0,24304.0,27182.0,41.0,8.0,12.0,1050.0,10980.0,2250.0,10980.0,2700.0,2700.0,2.0,3.0,0.6636,533.0,,0.3438,0.5914,17067714.0,17298599.0,15.0,1120.0,0.6176,0.567839196,0.485576923,0.475,0.633986928,23500.0,16197.0,15230.0,17391.0,53623.0,7300.0,32538.0,75230.0,85100.0,43484.0,9100.0,24189.0,63602.0,69500.0,0.5545,Bushnell University,Eugene,0.7143,0.6024
,,,,,,,,,,,,,,41.0,8.0,11.0,,,,,,,1.0,3.0,,788.0,,0.2806,0.6144,1200089000.0,1257493000.0,10.0,,,0.945762712,0.908256881,0.799107143,0.822608696,16625.0,16625.0,16625.0,16625.0,101028.0,29300.0,72088.0,121864.0,156400.0,99818.0,34900.0,77862.0,116181.0,144800.0,,Oregon Health & Science University,Portland,,
12687.0,35592.0,16391.0,,10338.0,13417.0,14959.0,18975.0,22085.0,,,,,,41.0,8.0,33.0,1000.0,11604.0,3632.0,14809.0,3632.0,3632.0,1.0,3.0,0.9167,2913.0,,0.1922,0.2566,30634453.0,31815269.0,14.0,1165.0,0.5908,0.489873418,0.504294479,0.613793103,0.768667643,22500.0,17500.0,15265.0,13000.0,72273.0,13100.0,46200.0,102021.0,92500.0,68301.0,9600.0,42086.0,90036.0,80100.0,0.2616,Oregon Institute of Technology,Klamath Falls,0.7286,0.5617
13494.0,35664.0,19568.0,,13219.0,14376.0,16992.0,22243.0,26447.0,,,,,,41.0,8.0,13.0,600.0,15075.0,3036.0,15075.0,3036.0,3036.0,1.0,3.0,0.7885,29557.0,,0.2236,0.3339,865336550.0,946894970.0,20.0,,0.7063,0.50091631,0.567735471,0.580336877,0.690391459,21221.0,16000.0,15125.0,14000.0,64010.0,12800.0,39922.0,92783.0,91800.0,50843.0,10400.0,32796.0,75519.0,70000.0,0.4705,Oregon State University,Corvallis,0.8747,0.7007
15669.0,43302.0,21782.0,,15975.0,16844.0,19030.0,25789.0,29475.0,,,,,,41.0,8.0,12.0,1320.0,15840.0,2892.0,12378.0,2892.0,6672.0,1.0,3.0,0.8511,19758.0,,0.2198,0.3086,1369321175.0,1454374334.0,20.0,1257.0,0.7148,0.619471842,0.658819933,0.556333645,0.63729616,20139.0,15822.0,15000.0,14000.0,61324.0,10500.0,36885.0,90526.0,84400.0,46084.0,9200.0,27929.0,65456.0,61100.0,0.5933,University of Oregon,Eugene,0.8495,0.7536
47126.0,47126.0,,40846.0,,,,,,35104.0,34711.0,41713.0,45643.0,45596.0,41.0,8.0,11.0,1358.0,18912.0,2980.0,18912.0,2980.0,2980.0,2.0,3.0,0.6854,412.0,,0.4415,0.5346,61305800.0,60955600.0,9.0,,0.4568,0.357894737,0.514563107,0.416666667,0.461538462,25000.0,15103.0,9011.0,8750.0,34883.0,2500.0,16871.0,59519.0,60700.0,24101.0,4600.0,9625.0,41557.0,57800.0,0.3333,Pacific Northwest College of Art,Portland,0.6292,0.3571
54466.0,54466.0,,35350.0,,,,,,22238.0,25979.0,28427.0,36060.0,40153.0,41.0,8.0,21.0,1050.0,15058.0,1800.0,10236.0,1800.0,1800.0,2.0,3.0,0.9176,1556.0,,0.2672,0.8084,57128420.0,59464673.0,9.0,1123.0,0.6478,0.699453552,0.676348548,0.708222812,0.786363636,23223.0,14034.0,17750.0,17762.0,60583.0,9300.0,38184.0,86206.0,81600.0,46936.0,9500.0,31498.0,65183.0,57900.0,0.5343,Pacific University,Forest Grove,0.7628,0.7182
11238.0,30138.0,12932.0,,11558.0,12186.0,13162.0,15351.0,19412.0,,,,,,41.0,8.0,11.0,798.0,13728.0,2259.0,13728.0,2259.0,2259.0,1.0,3.0,0.9091,13619.0,,0.3956,0.3279,99102595.0,112197236.0,16.0,,0.5313,0.462323872,0.487314415,0.458979445,0.554683998,20500.0,18000.0,14000.0,14000.0,57906.0,8700.0,33117.0,85203.0,89500.0,46937.0,7800.0,26680.0,68015.0,67700.0,0.3505,Portland State University,Portland,0.7472,0.5696
54900.0,54900.0,,36371.0,,,,,,24994.0,28283.0,32078.0,40001.0,43754.0,41.0,8.0,11.0,810.0,16600.0,2390.0,14608.0,2390.0,2390.0,2.0,3.0,0.9539,3104.0,,0.1858,0.3998,298989000.0,300892000.0,9.0,1277.0,0.8042,0.814641745,0.823723229,0.811981567,0.87236534,21370.0,17683.0,19093.0,17750.0,82804.0,12800.0,56963.0,112160.0,93900.0,67913.0,16600.0,42069.0,98393.0,84200.0,0.6933,University of Portland,Portland,0.83,0.8108
67020.0,67020.0,,39951.0,,,,,,19418.0,25846.0,14080.0,28552.0,53463.0,41.0,8.0,11.0,1050.0,16820.0,1650.0,12690.0,1650.0,4080.0,2.0,3.0,0.2716,1407.0,,0.1228,0.3841,696435203.0,720867118.0,9.0,1420.0,0.7592,0.754464286,0.786516854,0.796721312,0.849785408,21500.0,17588.0,18000.0,15000.0,62927.0,8500.0,38126.0,97815.0,83200.0,38607.0,4600.0,24441.0,69216.0,50000.0,0.6167,Reed College,Portland,0.8579,0.7458
12093.0,30723.0,16470.0,,13402.0,13511.0,15838.0,20735.0,22467.0,,,,,,41.0,8.0,22.0,999.0,16248.0,1500.0,15440.0,1500.0,1500.0,1.0,3.0,0.8266,2911.0,,0.2434,0.2707,34526543.0,36147320.0,23.0,,0.4418,0.394255875,0.426100629,0.442820292,0.510703364,20332.0,16758.0,14428.0,14000.0,49175.0,8600.0,29348.0,69631.0,74800.0,39326.0,6700.0,21904.0,57274.0,57200.0,0.3089,Southern Oregon University,Ashland,0.6757,0.4295
21010.0,21010.0,,18818.0,,,,,,15816.0,12172.0,17090.0,25804.0,25835.0,41.0,8.0,11.0,142.0,14222.0,2894.0,17298.0,3216.0,17116.0,2.0,3.0,0.5855,344.0,,0.464,0.6126,12352026.0,10410807.0,10.0,,0.8209,0.457725948,0.507692308,0.417874396,0.529313233,25000.0,20723.0,21500.0,18719.0,55204.0,7400.0,34428.0,78883.0,75700.0,45660.0,8800.0,27263.0,68539.0,73800.0,0.381,Warner Pacific University,Portland,0.7742,0.3553
37208.0,37208.0,,25525.0,,,,,,18196.0,19113.0,21052.0,24879.0,32241.0,41.0,8.0,12.0,1000.0,11486.0,4000.0,12000.0,4000.0,4000.0,2.0,3.0,0.8974,636.0,,0.281,0.43,777769.0,761452.0,16.0,,0.6103,0.574603175,0.612244898,0.648221344,0.768041237,22625.0,19000.0,19635.0,16750.0,48917.0,4900.0,24847.0,69991.0,77300.0,41735.0,7400.0,25535.0,53586.0,55100.0,0.5692,Corban University,Salem,0.8151,0.6606
48268.0,48268.0,,23663.0,,,,,,14603.0,14977.0,16425.0,24618.0,31101.0,41.0,8.0,12.0,933.0,15490.0,2810.0,15490.0,2810.0,2810.0,2.0,3.0,0.7911,1525.0,,0.218,0.4111,245223200.0,243822400.0,12.0,1339.0,0.7273,0.735849057,0.663291139,0.758566978,0.793333333,21500.0,17959.0,19500.0,18500.0,56911.0,13500.0,30585.0,85316.0,96500.0,38932.0,9900.0,19982.0,60255.0,58800.0,0.6,Willamette University,Salem,0.8642,0.7198
11025.0,30735.0,18290.0,,16131.0,16040.0,17265.0,18989.0,20906.0,,,,,,41.0,8.0,31.0,1125.0,11610.0,2646.0,11945.0,2646.0,2646.0,1.0,3.0,0.9869,3211.0,,0.4,0.7364,18996675.0,21655819.0,13.0,1057.0,0.4483,0.443449959,0.412470024,0.468932749,0.571850394,20609.0,16274.0,14500.0,14140.0,51815.0,9800.0,33582.0,71166.0,70900.0,42537.0,8400.0,27913.0,56346.0,51900.0,0.305,Western Oregon University,Monmouth,0.7635,0.5033
,,,,,,,,,,,,,,41.0,8.0,11.0,,,,,,,2.0,3.0,,0.0,,0.0,0.0,3783779.0,3985550.0,,,,0.675,,0.479166667,PS,,,,,27382.0,,10155.0,41813.0,,26840.0,12300.0,13086.0,45388.0,82900.0,,University of Western States,Portland,,
38946.0,38946.0,,24351.0,,,,,,14669.0,15405.0,18836.0,26282.0,35017.0,35.0,6.0,41.0,410.0,15468.0,1000.0,13000.0,1000.0,500.0,2.0,3.0,0.4946,369.0,,0.2418,0.4258,97641539.0,103700921.0,7.0,1367.0,0.6,0.457831325,0.552238806,0.697297297,0.743902439,,19000.0,12000.0,12000.0,44985.0,6600.0,22437.0,69716.0,72400.0,33770.0,4600.0,12711.0,48141.0,43700.0,0.3857,St. John's College,Santa Fe,0.7841,0.7162
8600.0,8600.0,,,,,,,,,,,,,36.0,2.0,21.0,300.0,4600.0,6000.0,16700.0,8000.0,12800.0,2.0,3.0,0.8,41.0,,0.1111,0.0,,,19.0,,,,,,,,,,,,,,,,,,,,,,Bais Medrash Elyon,Monsey,0.6667,
,,,,,,,,,,,,,,39.0,3.0,41.0,,,,,,,2.0,3.0,,107.0,,0.4286,0.6095,686875.0,802290.0,10.0,,,0.467391304,0.482608696,0.385608856,0.474576271,23501.0,18494.0,16667.0,14666.0,51541.0,6100.0,29595.0,76285.0,74000.0,47986.0,5800.0,22014.0,65728.0,62700.0,,Antioch University,Yellow Springs,,
19896.0,19896.0,,17123.0,,,,,,17373.0,15784.0,11256.0,18459.0,22568.0,40.0,6.0,11.0,1650.0,9064.0,2970.0,8427.0,2970.0,2970.0,2.0,3.0,,1532.0,,0.3974,0.4772,3544543.0,3576281.0,13.0,,0.3333,0.291603053,0.248792271,0.338333333,0.557017544,26394.0,14990.0,16120.0,13370.0,46116.0,13100.0,24194.0,68732.0,84300.0,39265.0,8600.0,21465.0,57925.0,68700.0,0.3026,Mid-America Christian University,Oklahoma City,0.7045,0.36
11500.0,11500.0,,10079.0,,,,,,9841.0,16724.0,,,,36.0,2.0,11.0,200.0,,,8000.0,500.0,500.0,2.0,3.0,,232.0,,0.9133,0.0,,,22.0,,0.6154,,0.487179487,,,,,,,36545.0,7100.0,19469.0,66749.0,39700.0,26392.0,,,47642.0,,0.0,Yeshiva Gedolah Imrei Yosef D'spinka,Brooklyn,0.9375,0.2
21850.0,21850.0,,12860.0,,,,,,12204.0,17125.0,,,,36.0,2.0,11.0,300.0,2700.0,3000.0,19000.0,3000.0,4800.0,2.0,3.0,,233.0,,0.8017,0.0,,,15.0,,0.4,0.359550562,0.647058824,,,,,,,,,,,,,7400.0,,,30800.0,0.0,Rabbinical College of Ohr Shimon Yisroel,Brooklyn,0.6,0.4375
14235.0,14235.0,,42908.0,,,,,,,42908.0,,,,36.0,2.0,21.0,2025.0,,,14000.0,1600.0,1945.0,2.0,3.0,,32.0,,0.3226,0.5161,,,5.0,,0.5417,0.243781095,0.368794326,0.424408015,0.512953368,24867.0,14500.0,21872.0,19825.0,31601.0,4200.0,12923.0,58853.0,74800.0,30476.0,5000.0,14224.0,52832.0,58400.0,,New York College of Health Professions,Syosset,,
9200.0,9200.0,,6266.0,,,,,,4817.0,7633.0,9000.0,8000.0,,36.0,2.0,21.0,300.0,5100.0,6000.0,16250.0,8000.0,9800.0,2.0,3.0,0.4231,86.0,,0.8353,0.0,,,14.0,,0.0526,,,,,,,,,,,,,,,,,,,0.0,Yeshiva D'monsey Rabbinical College,Monsey,0.7619,0.25
9400.0,9400.0,,,,,,,,,,,,,36.0,2.0,11.0,300.0,4800.0,6000.0,16700.0,8000.0,12800.0,2.0,3.0,,78.0,,0.473,0.0,,,16.0,,0.0606,,,,,,,,,,,,,,,,,,,0.0,Yeshiva of the Telshe Alumni,Riverdale,,0.6667
12594.0,34944.0,17722.0,,11791.0,14120.0,15683.0,18390.0,24332.0,,,,,,41.0,8.0,12.0,600.0,15075.0,3036.0,15075.0,3036.0,3036.0,1.0,3.0,0.6844,1054.0,,0.2795,0.3295,8740773.0,9564595.0,9.0,,0.5116,0.50091631,0.567735471,0.580336877,0.690391459,21221.0,16000.0,15125.0,14000.0,64010.0,12800.0,39922.0,92783.0,91800.0,50843.0,10400.0,32796.0,75519.0,70000.0,0.3256,Oregon State University-Cascades Campus,Bend,0.7823,0.5
13000.0,13000.0,,15444.0,,,,,,,15444.0,,,,36.0,2.0,21.0,300.0,3480.0,6000.0,16700.0,8000.0,12800.0,2.0,3.0,0.3469,141.0,,0.2404,0.0,,,11.0,,,0.473684211,0.5,,,,,,,89548.0,,35056.0,182351.0,,,,,,,,Yeshiva Shaarei Torah of Rockland,Suffern,0.8,
6368.0,20449.0,13208.0,,11793.0,12021.0,15176.0,17591.0,19917.0,,,,,,32.0,8.0,41.0,1300.0,,,10979.0,6771.0,6771.0,1.0,3.0,0.8615,3791.0,,0.2207,0.1377,1331000.0,1550000.0,19.0,,0.3103,0.311197917,0.307943417,0.360770578,0.586956522,19691.0,13250.0,13000.0,11000.0,53166.0,,31534.0,82547.0,,47092.0,,26591.0,73171.0,,0.1185,Nevada State University,Henderson,0.7697,0.3347
8220.0,8220.0,,,,,,,,,,,,,40.0,6.0,42.0,1200.0,9492.0,15885.0,9492.0,15885.0,10088.0,2.0,3.0,1.0,41.0,,0.4118,0.2059,,,8.0,,0.25,,,PS,PS,,,,,,,,,,,,,,,0.25,Family of Faith Christian University,Shawnee,,0.0
,,,39885.0,,,,,,39311.0,42753.0,,,,35.0,6.0,11.0,,,,,,,3.0,3.0,,492.0,,0.5184,0.721,,,16.0,,0.6528,0.603946441,0.534433694,0.163502911,0.20387931,9500.0,9491.0,9500.0,11758.0,29576.0,3300.0,13467.0,43497.0,44000.0,32705.0,2400.0,16356.0,48197.0,38200.0,0.0,Brookline College-Albuquerque,Albuquerque,0.3333,0.3333
10040.0,10040.0,,7125.0,,,,,,5214.0,4721.0,5104.0,12450.0,,36.0,2.0,11.0,300.0,4200.0,6000.0,16700.0,8000.0,12800.0,2.0,3.0,0.7,183.0,,0.1497,0.0,,,26.0,,0.1765,,,,,,,,,,,,,,,,,,,0.0882,Beis Medrash Heichal Dovid,Far Rockaway,0.8723,0.2
,,,,,,,,,,,,,,32.0,8.0,11.0,,,,,,,2.0,3.0,,554.0,,0.2265,0.8031,27910441.0,30387734.0,10.0,,,,0.910828025,0.668989547,0.723502304,25000.0,25000.0,25000.0,15000.0,120163.0,,82510.0,158490.0,,96993.0,,75206.0,121212.0,,,Roseman University of Health Sciences,Henderson,,
15000.0,15000.0,,5023.0,,,,,,4542.0,5140.0,6270.0,8352.0,9976.0,36.0,2.0,13.0,600.0,3200.0,4000.0,3000.0,6000.0,6000.0,2.0,3.0,,2729.0,,0.8625,0.0,,,16.0,,0.7841,0.766439909,0.805104408,,,,,,,31853.0,,17639.0,64208.0,,27871.0,4900.0,12903.0,52232.0,48400.0,0.0,Uta Mesivta of Kiryas Joel,Monroe,0.9561,0.6614
13200.0,13200.0,,1525.0,,,,,,1399.0,1603.0,1600.0,2650.0,,36.0,2.0,11.0,200.0,7000.0,500.0,18470.0,3800.0,5600.0,2.0,3.0,0.9807,515.0,,0.9455,0.0,,,10.0,,0.4304,0.429530201,0.458333333,,,,,,,22432.0,,14114.0,,,24642.0,,12936.0,45777.0,,0.0,Talmudical Seminary of Bobov,Brooklyn,0.7697,0.3038
19686.0,19686.0,,32074.0,,,,,,29861.0,30039.0,35588.0,38833.0,36401.0,39.0,3.0,11.0,600.0,,,14540.0,7808.0,7808.0,3.0,3.0,0.75,336.0,,0.486,0.7281,,,7.0,,0.0,0.49228169,0.503994394,0.541874536,0.622781457,20919.0,16577.0,15795.0,17250.0,92405.0,13200.0,66826.0,120947.0,94100.0,84533.0,27800.0,62630.0,108596.0,98800.0,0.0,Chamberlain University-Ohio,Columbus,0.4,0.5
10800.0,10800.0,,18970.0,,,,,,18585.0,18796.0,23051.0,26455.0,,36.0,2.0,11.0,300.0,,,16700.0,8000.0,12800.0,2.0,3.0,0.6615,461.0,,0.8422,0.0,,,26.0,,0.7121,0.689655172,0.714285714,,,,,,,,,,,,27601.0,,13809.0,72158.0,,0.0,Yeshiva of Machzikai Hadas,Brooklyn,0.9495,0.5057
,,,,,,,,,,,,,,32.0,8.0,11.0,,,,,,,2.0,3.0,,19.0,,0.2667,0.3333,5534278.0,5846624.0,9.0,,,0.705128205,,0.7,PS,12500.0,12500.0,,,104805.0,,80028.0,155749.0,,92446.0,,68189.0,114990.0,,,Touro University Nevada,Henderson,,
12300.0,12300.0,,4843.0,,,,,,4324.0,5055.0,8219.0,14299.0,,36.0,2.0,21.0,250.0,3950.0,4000.0,20600.0,4920.0,6000.0,2.0,3.0,,679.0,,0.8934,0.0,,,17.0,,0.5304,0.546052632,0.495049505,,,,,,,17360.0,,,28906.0,,26758.0,,8591.0,42323.0,,0.0,Be'er Yaakov Talmudic Seminary,Spring Valley,0.9689,0.5695
,,,,,,,,,,,,,,41.0,8.0,11.0,,,,,,,2.0,3.0,0.6706,161.0,,0.29,0.4201,5810047.0,4896952.0,10.0,,,0.457725948,0.507692308,0.417874396,0.529313233,25000.0,20723.0,21500.0,18719.0,55204.0,7400.0,34428.0,78883.0,75700.0,45660.0,8800.0,27263.0,68539.0,73800.0,,Warner Pacific University Professional and Graduate Studies,Portland,,1.0
9600.0,9600.0,,9215.0,,,,,,8100.0,10330.0,,,,36.0,2.0,21.0,300.0,3000.0,6000.0,16700.0,8000.0,9800.0,2.0,3.0,0.3571,82.0,,0.3797,0.0,,,16.0,,0.381,,,,,,,,,,,,,,,,,,,0.381,Yeshiva Gedolah Kesser Torah,Monsey,1.0,0.3889
17488.0,17488.0,,34530.0,,,,,,,,34530.0,,,36.0,2.0,11.0,400.0,,,16716.0,7708.0,7708.0,3.0,3.0,1.0,175.0,,0.5579,0.6005,,,6.0,,0.3333,0.218566206,0.195822076,0.282223068,0.443987851,24807.0,11756.0,14317.0,14750.0,45987.0,11500.0,25449.0,71271.0,91000.0,42178.0,7700.0,23114.0,63768.0,73100.0,0.2083,DeVry College of New York,New York,0.0,0.3548
17488.0,17488.0,,,,,,,,,,,,,32.0,8.0,11.0,400.0,,,16716.0,7708.0,7708.0,3.0,3.0,,4.0,,0.3,0.3,,,1.0,,0.0,0.218566206,0.195822076,0.282223068,0.443987851,24807.0,11756.0,14317.0,14750.0,45987.0,11500.0,25449.0,71271.0,91000.0,42178.0,7700.0,23114.0,63768.0,73100.0,0.0,DeVry University-Nevada,Henderson,,0.0
17488.0,17488.0,,,,,,,,,,,,,39.0,3.0,11.0,400.0,,,14536.0,7708.0,7708.0,3.0,3.0,0.8889,218.0,,0.5459,0.7202,,,13.0,,0.45,0.218566206,0.195822076,0.282223068,0.443987851,24807.0,11756.0,14317.0,14750.0,45987.0,11500.0,25449.0,71271.0,91000.0,42178.0,7700.0,23114.0,63768.0,73100.0,0.2857,DeVry University-Ohio,Columbus,,0.2286
37143.0,37143.0,,6602.0,,,,,,6602.0,6602.0,6602.0,6602.0,6602.0,39.0,3.0,41.0,1200.0,7640.0,4400.0,9600.0,4400.0,4400.0,2.0,3.0,0.8167,127.0,,0.748,0.7165,20533861.0,20256175.0,6.0,,0.2632,0.384615385,0.830508475,,,,5500.0,,,,,,,,32114.0,,12685.0,50079.0,,0.1053,Antioch College,Yellow Springs,0.6129,0.3214
,,,,,,,,,,,,,,32.0,8.0,21.0,,,,,,,3.0,3.0,,,,0.1667,0.2333,,,,,0.0,0.219897166,0.241965106,0.218911048,0.342430963,31553.0,15000.0,19953.0,18466.0,37752.0,13300.0,18569.0,59631.0,110100.0,35359.0,9000.0,16841.0,56259.0,84700.0,0.0,University of Phoenix-Nevada,Las Vegas,,0.1667
9000.0,9000.0,,6147.0,,,,,,4978.0,5570.0,7797.0,,,36.0,2.0,11.0,350.0,4000.0,2500.0,3000.0,5500.0,2500.0,2.0,3.0,,116.0,,0.3826,0.0,,,19.0,,0.5152,0.523809524,,,,,,,,,,,,,,,,,,0.0,Rabbinical College Ohr Yisroel,Brooklyn,0.8611,0.5185
10700.0,10700.0,,4382.0,,,,,,4149.0,4200.0,4200.0,4740.0,,36.0,2.0,11.0,300.0,3400.0,6000.0,15300.0,8000.0,9800.0,2.0,3.0,0.6531,108.0,,0.5824,0.0,,,6.0,,0.5217,,,,,,,,,,,,,,,,,,,0.0,Bet Medrash Gadol Ateret Torah,Brooklyn,0.8929,0.6364
9400.0,9400.0,,10500.0,,,,,,10500.0,,,,,36.0,2.0,11.0,235.0,5700.0,4200.0,14435.0,4200.0,6300.0,2.0,3.0,1.0,17.0,,0.2609,0.0,,,3.0,,0.125,,,,,,,,,,,,,,,,,,,0.125,Yeshiva Ohr Yisrael,Brooklyn,0.25,0.0
10750.0,10750.0,,7975.0,,,,,,8383.0,5927.0,9187.0,6404.0,,36.0,2.0,11.0,300.0,4700.0,6000.0,15900.0,8000.0,9800.0,2.0,3.0,0.8696,118.0,,0.4766,0.0,,,20.0,,0.0606,,,,,,,,,,,,,,,,,,,0.0303,Yeshiva Sholom Shachna,Brooklyn,0.7143,0.1786
20462.0,20462.0,,40925.0,,,,,,37052.0,41023.0,41081.0,44446.0,,32.0,8.0,11.0,600.0,,,16724.0,7808.0,7808.0,3.0,3.0,0.75,573.0,,0.4268,0.7919,,,12.0,,0.0,0.49228169,0.503994394,0.541874536,0.622781457,20919.0,16577.0,15795.0,17250.0,92405.0,13200.0,66826.0,120947.0,94100.0,84533.0,27800.0,62630.0,108596.0,98800.0,0.0,Chamberlain University-Nevada,Las Vegas,0.4,0.0
22426.0,22426.0,,32603.0,,,,,,29775.0,33230.0,34071.0,36044.0,36044.0,32.0,8.0,21.0,,,,11844.0,10503.0,7037.0,3.0,3.0,1.0,1185.0,,0.5739,0.7655,,,20.0,,0.75,0.586859688,0.590994371,0.261904762,0.337078652,9500.0,9500.0,9500.0,10250.0,34657.0,5100.0,17281.0,48422.0,45700.0,32840.0,4000.0,17567.0,43637.0,39100.0,0.75,Arizona College of Nursing-Las Vegas,Las Vegas,0.84,
9620.0,9620.0,,,,,,,,,,,,,36.0,2.0,11.0,300.0,6880.0,6000.0,16730.0,8000.0,9800.0,2.0,3.0,0.6,36.0,,0.1071,0.0,,,4.0,,0.0,,,,,,,,,,,,,,,,,,,0.0,Yeshiva Zichron Aryeh,Far Rockaway,,0.6
,,,,,,,,,,,,,,36.0,2.0,11.0,,,,,,,2.0,3.0,,22.0,,0.3929,0.0,,,4.0,,,,,,,,,,,,,,,,,,,,,,Central Yeshiva Beth Joseph,Brooklyn,,
10480.0,10480.0,,9641.0,,,,,,5667.0,6462.0,7371.0,15368.0,17432.0,36.0,2.0,42.0,700.0,7400.0,1050.0,12000.0,1050.0,1050.0,2.0,3.0,1.0,94.0,,0.4737,0.3596,289748.0,53958.0,7.0,,0.697,,,,,10247.0,,5531.0,,,,,,,,,,,,,Elim Bible Institute and College,Lima,1.0,
11800.0,11800.0,,,,,,,,,,,,,36.0,2.0,21.0,300.0,,,17700.0,7000.0,8800.0,2.0,3.0,,124.0,,0.8316,0.0,,,21.0,,,,,,,,,,,,,,,,,,,,,,Mechon L'hoyroa,Monsey,,
12300.0,12300.0,,11588.0,,,,,,11054.0,13081.0,,,,36.0,2.0,11.0,300.0,4600.0,6000.0,16700.0,8000.0,9800.0,2.0,3.0,0.75,373.0,,0.8904,0.0,,,29.0,,0.8571,,,,,,,,,,,,,,,,,,,0.8571,Yeshiva Kollel Tifereth Elizer,Brooklyn,0.4615,0.0714
21000.0,21000.0,,8602.0,,,,,,7673.0,9258.0,10787.0,,,36.0,2.0,11.0,500.0,6000.0,5000.0,6000.0,5000.0,4000.0,2.0,3.0,,169.0,,0.7765,0.0,,,9.0,,0.1228,,,,,,,,,,,,,,,,,,,0.0,Congregation Talmidei Mesivta Tiferes Shmiel Aleksander,Brooklyn,0.9636,
21000.0,21000.0,,7356.0,,,,,,6151.0,7971.0,8803.0,,,36.0,2.0,11.0,500.0,4300.0,2400.0,5500.0,2550.0,2550.0,2.0,3.0,,205.0,,0.8315,0.0,,,19.0,,0.3462,,,,,,,,,,,,,,,,,,,0.0,Yeshiva Yesoda Hatorah Vetz Chaim,Brooklyn,0.9722,
14000.0,14000.0,,9078.0,,,,,,8932.0,8986.0,9553.0,10753.0,,36.0,2.0,11.0,500.0,2500.0,5000.0,17000.0,4000.0,4200.0,2.0,3.0,,174.0,,0.7342,0.0,,,12.0,,0.1087,,,,,,,,,,,,,,,,,,,0.0,Yeshiva of Kasho,Brooklyn,0.8889,
14000.0,14000.0,,10556.0,,,,,,10474.0,10511.0,11080.0,10605.0,,36.0,2.0,11.0,500.0,3500.0,5000.0,17000.0,4000.0,4200.0,2.0,3.0,,107.0,,0.7476,0.0,,,4.0,,0.2727,,,,,,,,,,,,,,,,,,,0.0,Yeshivas Sanz Klauzenburg,Brooklyn,1.0,
23760.0,23760.0,,,,,,,,,,,,,39.0,3.0,21.0,,,,11844.0,10503.0,7037.0,3.0,3.0,1.0,65.0,,,,,,20.0,,,0.586859688,0.590994371,0.261904762,0.337078652,9500.0,9500.0,9500.0,10250.0,34657.0,5100.0,17281.0,48422.0,45700.0,32840.0,4000.0,17567.0,43637.0,39100.0,,Arizona College of Nursing-Cincinnati,Cincinnati,,
23760.0,23760.0,,,,,,,,,,,,,39.0,3.0,21.0,0.0,,,11844.0,10503.0,7037.0,3.0,3.0,1.0,84.0,,,,,,20.0,,,0.586859688,0.590994371,0.261904762,0.337078652,9500.0,9500.0,9500.0,10250.0,34657.0,5100.0,17281.0,48422.0,45700.0,32840.0,4000.0,17567.0,43637.0,39100.0,,Arizona College of Nursing-Cleveland,Beachwood,,
27804.0,27804.0,,19600.0,,,,,,13261.0,15448.0,16549.0,22132.0,25939.0,42.0,2.0,21.0,1000.0,13851.0,2571.0,7000.0,3071.0,5071.0,2.0,3.0,0.742,273.0,,0.4632,0.6507,60565457.0,60037607.0,8.0,1174.0,0.4632,0.337209302,0.5125,0.586206897,PS,22250.0,12000.0,12175.0,15647.0,40457.0,,22403.0,68262.0,,32083.0,,16738.0,46941.0,,0.4,Bryn Athyn College of the New Church,Bryn Athyn,0.6579,0.3881
28794.0,28794.0,,21664.0,,,,,,16982.0,17524.0,22071.0,24273.0,28680.0,42.0,2.0,13.0,1300.0,13954.0,2374.0,13954.0,2774.0,2774.0,2.0,3.0,0.8615,1296.0,,0.5039,0.7833,63838000.0,53600000.0,10.0,,0.4215,0.499148211,0.582278481,0.649476831,0.746478873,27000.0,20250.0,24477.0,24125.0,58700.0,16100.0,41197.0,84649.0,90400.0,45391.0,11300.0,29168.0,62813.0,66100.0,0.4194,Albright College,Reading,0.6309,0.4745
54960.0,54960.0,,21900.0,,,,,,12227.0,14616.0,15476.0,21833.0,28466.0,42.0,2.0,32.0,1000.0,13796.0,2500.0,11296.0,2500.0,2500.0,2.0,3.0,0.5853,1209.0,,0.2515,0.7123,264303547.0,264015690.0,8.0,1292.0,0.6653,0.731770833,0.730512249,0.764346764,0.817223199,27000.0,25000.0,25239.0,25000.0,62069.0,17200.0,40705.0,84506.0,94700.0,45603.0,11100.0,28496.0,63336.0,59100.0,0.5946,Allegheny College,Meadville,0.8438,0.7495
44800.0,44800.0,,30465.0,,,,,,22193.0,23265.0,25683.0,30277.0,33532.0,42.0,2.0,21.0,1711.0,13800.0,4605.0,13797.0,1908.0,6513.0,2.0,3.0,0.7858,2113.0,,0.2288,0.6387,86456856.0,94710873.0,11.0,1199.0,0.7102,0.573926868,0.603559871,0.666955768,0.701754386,25788.0,21500.0,19750.0,19500.0,61295.0,15900.0,38663.0,89044.0,92200.0,52721.0,11500.0,31519.0,78736.0,76500.0,0.6152,DeSales University,Center Valley,0.8059,0.6979
42810.0,42810.0,,28329.0,,,,,,27979.0,27001.0,26381.0,27019.0,30036.0,42.0,2.0,13.0,1500.0,15090.0,2500.0,5100.0,3600.0,2500.0,2.0,3.0,0.6232,2042.0,,0.337,0.8186,15583269.0,16195161.0,12.0,1160.0,0.5849,0.567434211,0.597200622,0.596137699,0.706624606,27000.0,18799.0,23250.0,21500.0,55055.0,11500.0,36845.0,78403.0,75300.0,49938.0,12700.0,32748.0,71599.0,65500.0,0.407,Alvernia University,Reading,0.7264,0.6658
32400.0,32400.0,,21873.0,,,,,,17711.0,20475.0,21530.0,22430.0,26284.0,42.0,2.0,21.0,1200.0,7600.0,1800.0,9400.0,3600.0,2600.0,2.0,3.0,0.901,331.0,,0.4851,0.3856,2638650.0,2640722.0,9.0,,0.5417,0.438202247,0.394594595,0.70625,0.865079365,18034.0,15609.0,15616.0,12000.0,38818.0,4100.0,22806.0,56283.0,61500.0,35009.0,5100.0,20003.0,50826.0,43500.0,0.4831,Clarks Summit University,Clarks Summit,0.629,0.4308
48290.0,48290.0,,25866.0,,,,,,18744.0,20872.0,21027.0,27220.0,31115.0,42.0,2.0,21.0,1500.0,16250.0,1100.0,25140.0,1100.0,4350.0,2.0,3.0,0.7919,1799.0,,0.2765,0.6551,84484000.0,67793000.0,11.0,1210.0,0.6401,0.511244378,0.58698941,0.640207075,0.719936709,27000.0,20000.0,21500.0,23750.0,58336.0,12500.0,39972.0,80889.0,81700.0,44004.0,8100.0,27674.0,62682.0,57500.0,0.5904,Arcadia University,Glenside,0.8054,0.6248
62560.0,62560.0,,40690.0,,,,,,3323.0,4557.0,12873.0,25044.0,49566.0,42.0,2.0,21.0,1000.0,18690.0,1000.0,,,,2.0,3.0,0.3106,1346.0,,0.1434,0.4776,1201149000.0,1141787000.0,8.0,1404.0,0.8559,0.75,0.724637681,0.773170732,0.817610063,25000.0,15730.0,23250.0,21245.0,75217.0,18000.0,52859.0,107519.0,108700.0,53102.0,10300.0,38526.0,73933.0,62600.0,0.7486,Bryn Mawr College,Bryn Mawr,0.8965,0.8701
64772.0,64772.0,,40429.0,,,,,,21406.0,19554.0,20932.0,36128.0,55354.0,42.0,2.0,32.0,900.0,16118.0,2000.0,16118.0,2000.0,2000.0,2.0,3.0,0.3201,3818.0,,0.111,0.3413,1070375000.0,1088267000.0,9.0,1389.0,0.8623,0.876963351,0.913486005,0.887409201,0.915277778,27000.0,16400.0,25000.0,25000.0,93807.0,24000.0,62778.0,133223.0,131700.0,78852.0,18400.0,57955.0,100655.0,91600.0,0.8171,Bucknell University,Lewisburg,0.9584,0.8838
35815.0,35815.0,,24051.0,,,,,,18589.0,20909.0,22666.0,29865.0,28078.0,42.0,2.0,21.0,1250.0,14400.0,1500.0,10000.0,1500.0,4250.0,2.0,3.0,0.6919,645.0,,0.3702,0.6796,39117750.0,31804796.0,9.0,1145.0,0.5052,0.510948905,0.634194831,0.639455782,0.740425532,26000.0,18500.0,21282.0,19513.0,59038.0,11900.0,38101.0,79698.0,82600.0,42193.0,11200.0,24864.0,58536.0,61200.0,0.4513,Cabrini University,Radnor,0.4574,0.5282
34502.0,34502.0,,20822.0,,,,,,16896.0,16776.0,19527.0,22767.0,23797.0,42.0,2.0,11.0,2000.0,13406.0,2382.0,13406.0,2382.0,2382.0,2.0,3.0,0.871,1336.0,,0.4122,0.684,37743958.0,53100132.0,12.0,,0.5519,0.510288066,0.537275064,0.511557789,0.695296524,25500.0,23194.0,21583.0,19500.0,51051.0,12200.0,32242.0,76659.0,72200.0,44876.0,8200.0,30248.0,65540.0,61700.0,0.4274,Carlow University,Pittsburgh,0.7772,0.5367
63829.0,63829.0,,31671.0,,,,,,8460.0,12600.0,17534.0,27827.0,52593.0,42.0,2.0,11.0,1000.0,17468.0,1400.0,15658.0,1400.0,2080.0,2.0,3.0,0.114,7187.0,,0.1521,0.355,3032907673.0,3118739643.0,5.0,1545.0,0.9252,0.65112782,0.839524517,0.883184524,0.927083333,21750.0,19000.0,20548.0,20500.0,114862.0,18900.0,72560.0,182769.0,172000.0,105360.0,14600.0,64336.0,173267.0,126200.0,0.7911,Carnegie Mellon University,Pittsburgh,0.9701,0.9405
44934.0,44934.0,,22909.0,,,,,,19765.0,21696.0,21105.0,24635.0,26406.0,42.0,2.0,12.0,3000.0,13001.0,850.0,13001.0,500.0,2000.0,2.0,3.0,0.9913,857.0,,0.3861,0.7114,34464051.0,38616890.0,9.0,1070.0,0.5822,0.182051282,0.439473684,0.489028213,0.598848369,27000.0,22748.0,24000.0,22375.0,59460.0,13700.0,36347.0,83649.0,78000.0,48295.0,10800.0,31309.0,69725.0,65600.0,0.4695,Cedar Crest College,Allentown,0.7669,0.6369
19404.0,19404.0,,19279.0,,,,,,14591.0,17974.0,14769.0,20097.0,28251.0,42.0,2.0,21.0,1500.0,7416.0,2000.0,5750.0,1200.0,1300.0,3.0,3.0,0.2593,721.0,,0.4266,0.6365,,,8.0,,0.3889,0.368024133,0.22528363,0.35474661,0.48115942,23194.0,13031.0,14160.0,12000.0,45370.0,9300.0,27923.0,66481.0,59100.0,40798.0,8300.0,25637.0,56698.0,53800.0,0.3462,Central Penn College,Summerdale,0.6429,0.5128
43810.0,43810.0,,25717.0,,,,,,20839.0,20621.0,22983.0,26245.0,27814.0,42.0,2.0,11.0,1000.0,14324.0,2500.0,14324.0,3500.0,3500.0,2.0,3.0,0.7011,1252.0,,0.2108,0.6364,93131085.0,79108210.0,10.0,1205.0,0.662,0.631399317,0.702857143,0.548728814,0.624137931,23250.0,16750.0,18750.0,19000.0,52410.0,7100.0,32348.0,80486.0,72500.0,48709.0,7900.0,29433.0,73621.0,58900.0,0.5951,Chatham University,Pittsburgh,0.7869,0.6429
39410.0,39410.0,,29944.0,,,,,,29262.0,27217.0,27238.0,32638.0,33080.0,42.0,2.0,11.0,1550.0,12300.0,5594.0,13724.0,13620.0,7509.0,2.0,3.0,0.7913,931.0,,0.4732,0.7381,11838749.0,18759866.0,10.0,,0.561,0.575308642,0.57544757,0.397565923,0.471830986,26389.0,21512.0,19500.0,19792.0,52015.0,8700.0,33460.0,71296.0,78000.0,45221.0,9200.0,26959.0,60128.0,58900.0,0.4146,Chestnut Hill College,Philadelphia,0.6667,0.6262
10904.0,18870.0,9837.0,,10536.0,8962.0,7885.0,18471.0,,,,,,,42.0,2.0,41.0,100.0,11016.0,4832.0,13724.0,6774.0,4832.0,1.0,3.0,,721.0,,0.4103,0.3343,1605653.0,1709722.0,15.0,,0.1616,0.30625,0.208333333,0.138415246,0.298507463,21785.0,15125.0,13250.0,6500.0,37837.0,5200.0,18673.0,54800.0,57000.0,28568.0,4900.0,11116.0,43854.0,42900.0,0.1061,Cheyney University of Pennsylvania,Cheyney,0.6823,0.42
6000.0,6000.0,,,,,,,,,,,,,42.0,2.0,11.0,4530.0,20653.0,2892.0,21400.0,5782.0,7200.0,2.0,3.0,0.0695,106.0,,0.0097,0.0,224489199.0,206852115.0,2.0,,0.9474,,,PS,PS,,,,,,,,,,31201.0,,,63245.0,,0.2857,Curtis Institute of Music,Philadelphia,0.9697,1.0
43300.0,43300.0,,27243.0,,,,,,20575.0,22062.0,24035.0,28349.0,31988.0,42.0,2.0,21.0,1000.0,14750.0,2040.0,14750.0,2040.0,5660.0,2.0,3.0,0.9249,1644.0,,0.2921,0.7389,34644848.0,36903592.0,14.0,1180.0,0.522,0.500848896,0.570815451,0.72460733,0.855319149,25000.0,17366.0,17750.0,17200.0,55838.0,11800.0,36188.0,79286.0,79600.0,41324.0,9300.0,27985.0,58157.0,58000.0,0.4098,Delaware Valley University,Doylestown,0.6606,0.5574
63475.0,63475.0,,32191.0,,,,,,17167.0,15148.0,16348.0,21727.0,43766.0,42.0,2.0,13.0,1324.0,16500.0,1928.0,16500.0,1991.0,1691.0,2.0,3.0,0.4308,2157.0,,0.1365,0.4009,583477014.0,589035385.0,9.0,,0.8342,0.870090634,0.883333333,0.877159309,0.891647856,19000.0,13186.0,16250.0,19000.0,70204.0,19900.0,48149.0,101383.0,97500.0,57110.0,9800.0,39801.0,80459.0,70100.0,0.7297,Dickinson College,Carlisle,0.8872,0.8242
60663.0,60663.0,,38428.0,,,,,,27737.0,29749.0,35842.0,39204.0,47490.0,42.0,2.0,11.0,1700.0,17550.0,1500.0,17874.0,1500.0,1500.0,2.0,3.0,0.7753,13509.0,,0.2516,0.4909,948412000.0,966333000.0,9.0,1337.0,0.7712,0.682054842,0.618666667,0.726162199,0.848119234,25325.0,19039.0,21369.0,20296.0,84648.0,16600.0,54500.0,113366.0,106300.0,69063.0,15300.0,43130.0,92450.0,85700.0,0.3054,Drexel University,Philadelphia,0.8957,0.7919
47146.0,47146.0,,34978.0,,,,,,25943.0,27610.0,31920.0,35852.0,38975.0,42.0,2.0,11.0,1440.0,15620.0,3958.0,13324.0,7914.0,10859.0,2.0,3.0,0.7885,5216.0,,0.1814,0.5747,564732000.0,594963000.0,12.0,1257.0,0.7555,0.728310502,0.780141844,0.79470983,0.855087906,26244.0,20250.0,24069.0,24889.0,74742.0,20800.0,49248.0,106567.0,118800.0,62627.0,15100.0,42155.0,84850.0,108000.0,0.6667,Duquesne University,Pittsburgh,0.8647,0.7765
11036.0,19002.0,15089.0,,12003.0,12766.0,15326.0,18725.0,19841.0,,,,,,42.0,2.0,31.0,1000.0,11154.0,5858.0,13362.0,6774.0,5858.0,1.0,3.0,0.9288,4611.0,,0.3987,0.577,22000139.0,23817239.0,20.0,1078.0,0.4383,0.418859649,0.497109827,0.608142494,0.712887439,24218.0,15750.0,16414.0,17741.0,56148.0,11800.0,36540.0,76021.0,71000.0,44290.0,10800.0,28356.0,59848.0,58300.0,0.2742,East Stroudsburg University of Pennsylvania,East Stroudsburg,0.7098,0.4945
37420.0,37420.0,,25885.0,,,,,,23050.0,23039.0,23123.0,23638.0,32882.0,42.0,2.0,21.0,1424.0,13168.0,4338.0,9891.0,1575.0,4338.0,2.0,3.0,0.9362,1978.0,,0.3566,0.5617,29423140.0,31173526.0,19.0,,0.5596,0.542808219,0.468652038,0.517868339,0.683660131,25000.0,18782.0,17125.0,17188.0,51655.0,11700.0,32081.0,74621.0,90800.0,41580.0,9400.0,27329.0,62361.0,71300.0,0.5082,Eastern University,Saint Davids,0.7059,0.6338
36842.0,36842.0,,26198.0,,,,,,17946.0,19414.0,21711.0,25608.0,29855.0,42.0,2.0,21.0,1100.0,12954.0,1050.0,8200.0,1050.0,1250.0,2.0,3.0,0.7677,1815.0,,0.1917,0.6661,105350705.0,98565204.0,12.0,1190.0,0.7707,0.682568807,0.663619744,0.759259259,0.828103684,27000.0,23370.0,25000.0,26000.0,62399.0,18000.0,45388.0,86157.0,86000.0,54833.0,15700.0,38945.0,72791.0,68600.0,0.7317,Elizabethtown College,Elizabethtown,0.8416,0.759
68380.0,68380.0,,39061.0,,,,,,13331.0,18539.0,26954.0,28353.0,48713.0,42.0,2.0,13.0,800.0,15568.0,1270.0,15568.0,1270.0,7250.0,2.0,3.0,0.3183,1904.0,,0.1668,0.4422,426486570.0,430830391.0,9.0,1394.0,0.8602,0.8,0.858974359,0.827586207,0.88277512,19000.0,19000.0,19000.0,19000.0,76124.0,16900.0,54176.0,112430.0,107000.0,62544.0,10600.0,38360.0,80945.0,71300.0,0.8028,Franklin and Marshall College,Lancaster,0.8501,0.8345
37951.0,37951.0,,23206.0,,,,,,16808.0,17863.0,21199.0,25316.0,25859.0,42.0,2.0,13.0,1210.0,15610.0,2864.0,15610.0,2864.0,2864.0,2.0,3.0,0.767,2467.0,,0.22,0.5332,71049000.0,75107000.0,13.0,,0.6954,0.521150592,0.554140127,0.627196333,0.756613757,27000.0,19500.0,22906.0,24187.0,58845.0,15900.0,37209.0,85804.0,91100.0,55319.0,12300.0,35339.0,77318.0,78900.0,0.5614,Gannon University,Erie,0.7604,0.6774
33610.0,33610.0,,21043.0,,,,,,18950.0,15576.0,17479.0,21045.0,24652.0,42.0,2.0,21.0,1100.0,10980.0,1700.0,4000.0,1700.0,1700.0,2.0,3.0,,1000.0,,0.3179,0.8531,55628430.0,55168476.0,12.0,,0.6146,0.614213198,0.604316547,0.651619235,0.740549828,25198.0,16500.0,18253.0,19500.0,50004.0,8200.0,29377.0,72852.0,76300.0,46107.0,8400.0,31037.0,62974.0,58900.0,0.52,Geneva College,Beaver Falls,0.8102,0.7082
64230.0,64230.0,,30086.0,,,,,,14666.0,15191.0,22407.0,27423.0,42579.0,42.0,2.0,31.0,1000.0,15530.0,1200.0,15530.0,1200.0,1200.0,2.0,3.0,0.4751,2209.0,,0.2099,0.5061,389675309.0,385312179.0,10.0,1350.0,0.8273,0.819628647,0.835509138,0.869448183,0.9072,26999.0,18230.0,23250.0,24742.0,71517.0,18100.0,49726.0,104062.0,100100.0,57274.0,12200.0,34025.0,79211.0,67600.0,0.7437,Gettysburg College,Gettysburg,0.8991,0.8212
,,,,,,,,,,,,,,42.0,2.0,21.0,,,,,,,2.0,3.0,,158.0,,0.0079,0.0079,4644690.0,4900599.0,12.0,,,,,PS,PS,,,,,,,,,,,,,,,,Gratz College,Melrose Park,,
20890.0,20890.0,,,,,,,,,,,,,42.0,2.0,32.0,1000.0,11770.0,850.0,11770.0,850.0,850.0,2.0,3.0,0.734,2221.0,,0.0,0.0,188348089.0,203171033.0,13.0,1261.0,0.7972,,,,,,,,,,,,,,,,,,,0.7516,Grove City College,Grove City,0.8785,0.8752
38310.0,38310.0,,27141.0,,,,,,20013.0,20879.0,25170.0,32454.0,30701.0,42.0,2.0,21.0,1500.0,14142.0,4578.0,11242.0,10378.0,8652.0,2.0,3.0,0.9361,1141.0,,0.2996,0.6317,36385000.0,70076000.0,9.0,1110.0,0.5849,0.638198758,0.526515152,0.575471698,0.692810458,25000.0,25000.0,23250.0,20196.0,67145.0,14600.0,43796.0,95071.0,87600.0,65976.0,16300.0,40378.0,91193.0,78200.0,0.5145,Gwynedd Mercy University,Gwynedd Valley,0.7832,0.6849
68300.0,68300.0,,25210.0,,,,,,3600.0,3619.0,15500.0,19041.0,44137.0,42.0,2.0,21.0,1240.0,18880.0,1962.0,18880.0,1962.0,1962.0,2.0,3.0,0.1291,1421.0,,0.1407,0.0823,618975713.0,643196238.0,8.0,1498.0,0.894,0.874125874,0.913043478,0.878453039,0.921052632,13621.0,3506.0,12000.0,13000.0,79966.0,15900.0,57103.0,117492.0,117600.0,53353.0,8400.0,34769.0,98790.0,67400.0,0.8195,Haverford College,Haverford,0.9365,0.9041
33968.0,33968.0,,12251.0,,,,,,8401.0,8473.0,11559.0,15149.0,17231.0,42.0,2.0,11.0,1230.0,14694.0,1032.0,11380.0,1516.0,1516.0,2.0,3.0,0.7422,2298.0,,0.3971,0.7376,24446816.0,26540667.0,11.0,1030.0,0.6039,0.620560748,0.609311741,0.603432701,0.725806452,25125.0,20000.0,21750.0,21245.0,62235.0,15400.0,38615.0,88857.0,81800.0,55285.0,13600.0,35937.0,83234.0,75500.0,0.3938,Holy Family University,Philadelphia,0.8308,0.5693
28550.0,28550.0,,29464.0,,,,,,21180.0,22746.0,27527.0,30461.0,32793.0,42.0,2.0,21.0,1300.0,12870.0,2984.0,12870.0,2984.0,5984.0,2.0,3.0,0.7845,1265.0,,0.2139,0.5374,25860074.0,25499732.0,10.0,1163.0,0.6447,0.601156069,0.661971831,0.561478934,0.703759399,27000.0,18498.0,20000.0,20992.0,75701.0,10100.0,49236.0,101424.0,90200.0,56416.0,9800.0,36062.0,83994.0,83400.0,0.5736,Immaculata University,Immaculata,0.795,0.6898
11380.0,16297.0,17216.0,,12696.0,13245.0,16425.0,20800.0,21502.0,,,,,,42.0,2.0,32.0,1100.0,12802.0,2080.0,12802.0,2080.0,3080.0,1.0,3.0,0.912,6893.0,,0.3576,0.6549,81496227.0,88468076.0,22.0,1052.0,0.5239,0.508397481,0.504884967,0.596622033,0.729815639,26798.0,16750.0,19900.0,21218.0,51019.0,11100.0,32990.0,71393.0,70900.0,42278.0,10100.0,27642.0,59748.0,56000.0,0.3714,Indiana University of Pennsylvania-Main Campus,Indiana,0.7103,0.5762
56402.0,56402.0,,27663.0,,,,,,18472.0,22163.0,24309.0,25355.0,34036.0,42.0,2.0,32.0,,13546.0,1250.0,13546.0,1250.0,3250.0,2.0,3.0,0.7165,1175.0,,0.2621,0.6675,122825013.0,123189625.0,10.0,1185.0,0.6891,0.679180887,0.75257732,0.793536804,0.82630273,27000.0,26613.0,25250.0,23250.0,56918.0,17700.0,41252.0,76504.0,82800.0,48571.0,12300.0,35143.0,67691.0,62200.0,0.6393,Juniata College,Huntingdon,0.7703,0.7584
17850.0,17850.0,,21461.0,,,,,,21257.0,21196.0,22731.0,22623.0,30181.0,42.0,2.0,21.0,500.0,12400.0,2600.0,5200.0,3100.0,6200.0,2.0,3.0,0.796,870.0,,0.4481,0.884,4536280.0,4596809.0,12.0,1030.0,0.4116,0.432989691,0.457983193,0.501926782,0.56133829,26000.0,15000.0,15950.0,17799.0,44976.0,8400.0,27863.0,61844.0,62700.0,36653.0,7200.0,23929.0,50726.0,51700.0,0.2837,Keystone College,La Plume,0.6136,0.4626
42600.0,42600.0,,23281.0,,,,,,17178.0,21273.0,20676.0,22753.0,28775.0,42.0,2.0,13.0,1300.0,15086.0,2888.0,13324.0,4065.0,8121.0,2.0,3.0,0.932,1519.0,,0.2729,0.6756,124166506.0,117667415.0,11.0,1150.0,0.601,0.587901701,0.58979206,0.652288732,0.76121563,27000.0,19811.0,19313.0,24272.0,59498.0,18000.0,42669.0,82746.0,95500.0,51734.0,14600.0,32954.0,75629.0,77500.0,0.4952,King's College,Wilkes-Barre,0.7713,0.675
11230.0,16434.0,21205.0,,15925.0,16284.0,19303.0,23642.0,26196.0,,,,,,42.0,2.0,31.0,1200.0,13116.0,4320.0,13116.0,4320.0,8040.0,1.0,3.0,0.9483,6348.0,,0.3063,0.6251,39294055.0,41447239.0,20.0,1170.0,0.5411,0.493249325,0.530577089,0.652351299,0.787952788,26000.0,18750.0,21000.0,20100.0,53775.0,13700.0,37044.0,71746.0,71700.0,43309.0,9600.0,27504.0,58019.0,52500.0,0.4146,Kutztown University of Pennsylvania,Kutztown,0.748,0.5465
33120.0,33120.0,,21972.0,,,,,,15477.0,15334.0,19339.0,22819.0,28932.0,42.0,2.0,21.0,1300.0,13268.0,2660.0,8862.0,3534.0,3534.0,2.0,3.0,0.7761,786.0,,0.1386,0.2547,12505244.0,12762941.0,11.0,1140.0,0.5766,0.606837607,0.631410256,0.6,0.74084507,25000.0,17822.0,20329.0,19500.0,52341.0,9400.0,34922.0,76019.0,71600.0,45308.0,10000.0,31496.0,60768.0,56300.0,0.4839,La Roche University,Pittsburgh,0.728,0.5162
35570.0,35570.0,,21409.0,,,,,,18702.0,17978.0,21016.0,26009.0,26278.0,42.0,2.0,11.0,1000.0,15590.0,1000.0,7500.0,4000.0,4300.0,2.0,3.0,0.8619,1966.0,,0.3264,0.4515,83366648.0,71666318.0,12.0,,0.579,0.450056117,0.609461967,0.582723949,0.689335394,25000.0,16750.0,19500.0,16661.0,67416.0,14600.0,43525.0,95876.0,93300.0,53701.0,15000.0,32532.0,76839.0,77100.0,0.5183,La Salle University,Philadelphia,0.6937,0.6011
62574.0,62574.0,,32496.0,,,,,,11903.0,5125.0,11291.0,23829.0,49830.0,42.0,2.0,21.0,1000.0,18640.0,1150.0,18640.0,1150.0,1400.0,2.0,3.0,0.3147,2746.0,,0.103,0.2114,1021802000.0,1064269000.0,10.0,1419.0,0.8805,0.860655738,0.890510949,0.883185841,0.894949495,16000.0,9000.0,15750.0,14000.0,91410.0,25000.0,63534.0,133083.0,124300.0,80614.0,16400.0,52342.0,100965.0,81800.0,0.8024,Lafayette College,Easton,0.9207,0.8836
29990.0,29990.0,,22870.0,,,,,,18652.0,16948.0,19100.0,24474.0,27820.0,42.0,2.0,21.0,880.0,11640.0,3359.0,11640.0,3359.0,3359.0,2.0,3.0,0.9519,1511.0,,0.3047,0.5272,16433152.0,17617181.0,18.0,1161.0,0.7143,0.490654206,0.478787879,0.567164179,0.71043771,20500.0,13834.0,15340.0,16750.0,44096.0,7300.0,25894.0,63783.0,64100.0,36747.0,8800.0,20686.0,54878.0,47700.0,0.6507,Lancaster Bible College,Lancaster,0.7485,0.5899
50320.0,50320.0,,28132.0,,,,,,20164.0,20997.0,24785.0,27538.0,31143.0,42.0,2.0,23.0,1200.0,15340.0,2668.0,15340.0,2668.0,3268.0,2.0,3.0,0.7453,1670.0,,0.2193,0.7023,81052751.0,87095974.0,12.0,1190.0,0.7251,0.618834081,0.73126615,0.774725275,0.859213251,27000.0,15464.0,21500.0,21500.0,62621.0,18000.0,42715.0,81980.0,79300.0,54021.0,13400.0,37486.0,73594.0,62900.0,0.645,Lebanon Valley College,Annville,0.8251,0.6835
62180.0,62180.0,,33549.0,,,,,,15440.0,19398.0,19495.0,30179.0,50046.0,42.0,2.0,13.0,1000.0,16470.0,1500.0,16470.0,1500.0,1500.0,2.0,3.0,0.2926,5803.0,,0.178,0.3752,1679807000.0,1743241000.0,10.0,1432.0,0.8921,0.829754601,0.870866142,0.870781893,0.905472637,21960.0,14074.0,18368.0,21500.0,105584.0,28900.0,72507.0,148926.0,137400.0,88810.0,20100.0,65245.0,105321.0,90800.0,0.8086,Lehigh University,Bethlehem,0.9271,0.879
12512.0,19384.0,12912.0,,11585.0,11666.0,12623.0,18201.0,16615.0,,,,,,42.0,2.0,21.0,1597.0,11060.0,3336.0,7820.0,4416.0,4416.0,1.0,3.0,0.7837,1712.0,,0.663,0.8347,48966814.0,54129564.0,13.0,984.0,0.5212,0.420783646,0.412735849,0.223731884,0.316628702,28250.0,23000.0,22000.0,23041.0,43167.0,6800.0,23639.0,63002.0,62000.0,32865.0,4200.0,15039.0,49315.0,46300.0,0.3894,Lincoln University,Lincoln University,0.7053,0.5033
47675.0,47675.0,,19258.0,,,,,,10756.0,15044.0,16467.0,20561.0,26790.0,42.0,2.0,13.0,1200.0,14612.0,2270.0,14622.0,2270.0,2270.0,2.0,3.0,0.6788,1049.0,,0.4013,0.7274,183113000.0,175147000.0,11.0,1169.0,0.5957,0.62037037,0.567307692,0.688350983,0.779746835,27000.0,23500.0,22175.0,24125.0,56210.0,15200.0,37571.0,77152.0,81800.0,43713.0,11300.0,30041.0,60536.0,56600.0,0.4787,Lycoming College,Williamsport,0.8237,0.6734
39570.0,39570.0,,22222.0,,,,,,19389.0,20321.0,18927.0,23640.0,26569.0,42.0,2.0,13.0,1250.0,15100.0,2824.0,13928.0,3762.0,8842.0,2.0,3.0,0.8371,1821.0,,0.2919,0.7824,52103970.0,56974571.0,11.0,1153.0,0.7252,0.634199134,0.661257606,0.644748858,0.728958631,26186.0,21813.0,24187.0,23250.0,55817.0,11600.0,36372.0,73929.0,70100.0,47000.0,9200.0,32761.0,62683.0,55200.0,0.5383,Marywood University,Scranton,0.8488,0.7057
44510.0,44510.0,,27263.0,,,,,,23981.0,20609.0,25101.0,28250.0,31992.0,42.0,2.0,13.0,1200.0,14274.0,2261.0,11250.0,2261.0,2261.0,2.0,3.0,0.8323,2217.0,,0.2989,0.6738,34559382.0,33423196.0,15.0,,0.5873,0.461084906,0.436363636,0.476172026,0.651920838,25305.0,18998.0,19000.0,19750.0,47452.0,10900.0,28870.0,68639.0,71700.0,39565.0,10800.0,24102.0,57200.0,58000.0,0.5656,Mercyhurst University,Erie,0.776,0.6555
40640.0,40640.0,,27686.0,,,,,,23234.0,23515.0,22689.0,27326.0,31609.0,42.0,2.0,21.0,1460.0,11910.0,2760.0,11910.0,4080.0,3650.0,2.0,3.0,0.7848,2318.0,,0.2,0.5828,127166126.0,126358914.0,12.0,1214.0,0.785,0.728842832,0.771573604,0.816450217,0.868674699,25621.0,21946.0,23084.0,21500.0,54064.0,10200.0,38104.0,75950.0,78100.0,50192.0,10600.0,33402.0,67819.0,59900.0,0.7383,Messiah University,Mechanicsburg,0.8535,0.771
12262.0,16232.0,20231.0,,13632.0,15117.0,18988.0,23020.0,24724.0,,,,,,42.0,2.0,21.0,1000.0,12600.0,3400.0,12160.0,3800.0,3400.0,1.0,3.0,0.8941,5610.0,,0.2669,0.5249,52853747.0,42843823.0,19.0,1120.0,0.544,0.494983278,0.545405405,0.649608355,0.770159078,23507.0,17279.0,17500.0,16793.0,55246.0,14200.0,37409.0,73479.0,71000.0,44813.0,11600.0,30522.0,59745.0,55300.0,0.3368,Millersville University of Pennsylvania,Millersville,0.7804,0.5826
38370.0,38370.0,,24829.0,,,,,,19361.0,14948.0,21763.0,27286.0,29029.0,42.0,2.0,21.0,1250.0,15426.0,1000.0,11124.0,1000.0,2000.0,2.0,3.0,0.8489,1632.0,,0.1903,0.737,61724229.0,66660057.0,10.0,,0.692,0.638336347,0.64013267,0.655112652,0.764619883,26973.0,23284.0,25000.0,24845.0,64313.0,16400.0,42783.0,86275.0,81700.0,55910.0,13600.0,36197.0,75145.0,71900.0,0.5931,Misericordia University,Dallas,0.7956,0.7143
50279.0,50279.0,,43369.0,,,,,,39174.0,36789.0,47139.0,46646.0,46274.0,42.0,2.0,11.0,4500.0,18756.0,1200.0,16368.0,4000.0,4000.0,2.0,3.0,0.6051,390.0,,0.4085,0.8423,41462755.0,44626030.0,8.0,1303.0,0.6344,0.591666667,0.691588785,0.608695652,0.656804734,26000.0,19750.0,23250.0,20500.0,37839.0,4900.0,22123.0,57012.0,57600.0,30512.0,5400.0,15831.0,48663.0,46200.0,0.5269,Moore College of Art and Design,Philadelphia,0.8142,0.5745
52000.0,52000.0,,29843.0,,,,,,26159.0,25546.0,27277.0,29836.0,33453.0,42.0,2.0,13.0,1284.0,15351.0,2386.0,10249.0,6151.0,2568.0,2.0,3.0,0.54,1970.0,,0.2679,0.739,132816548.0,138435593.0,10.0,1154.0,0.7107,0.655357143,0.66751269,0.736196319,0.815352697,26793.0,19746.0,23250.0,21500.0,61860.0,13800.0,44318.0,87384.0,86900.0,53471.0,13100.0,34205.0,72685.0,64900.0,0.6478,Moravian University,Bethlehem,0.8113,0.6756
26156.0,26156.0,,20748.0,,,,,,17100.0,16577.0,18440.0,23150.0,25501.0,42.0,2.0,31.0,2500.0,12194.0,3000.0,10000.0,3000.0,3000.0,2.0,3.0,0.9041,1123.0,,0.1599,0.3213,57610348.0,60982445.0,12.0,1034.0,0.5556,0.496688742,0.536900369,0.575729069,0.75751503,24287.0,16500.0,18500.0,15474.0,46165.0,9800.0,29237.0,67394.0,70200.0,45211.0,11300.0,30734.0,63579.0,63900.0,0.4453,Mount Aloysius College,Cresson,0.7099,0.494
60240.0,60240.0,,30314.0,,,,,,13742.0,16144.0,19712.0,26057.0,39900.0,42.0,2.0,12.0,1500.0,13955.0,2150.0,14000.0,2150.0,2150.0,2.0,3.0,0.6401,1777.0,,0.2098,0.5542,308333749.0,316884240.0,8.0,1327.0,0.8025,0.758883249,0.775193798,0.805097451,0.874531835,25455.0,24209.0,22000.0,22000.0,69107.0,22300.0,43599.0,98673.0,108500.0,53265.0,11400.0,26484.0,74272.0,72700.0,0.6975,Muhlenberg College,Allentown,0.8905,0.8213
37300.0,37300.0,,28714.0,,,,,,25012.0,25557.0,27393.0,31756.0,34049.0,42.0,2.0,21.0,1600.0,15680.0,2600.0,18560.0,2500.0,4460.0,2.0,3.0,0.764,1574.0,,0.4233,0.7039,34345734.0,27685564.0,13.0,,0.4611,0.493031359,0.523809524,0.504709576,0.659127625,27000.0,19510.0,20000.0,19500.0,57817.0,11900.0,37722.0,81520.0,79500.0,48556.0,10100.0,28750.0,73630.0,67400.0,0.3,Neumann University,Aston,0.6939,0.505
15944.0,26668.0,22951.0,,14702.0,14905.0,19588.0,25800.0,29572.0,,,,,,42.0,2.0,22.0,1840.0,14774.0,4788.0,13448.0,4788.0,4104.0,1.0,3.0,0.9571,3172.0,,0.2666,0.5671,74965225.0,76603396.0,12.0,1213.0,0.457,0.573754019,0.609746714,0.639834847,0.760363336,25000.0,19000.0,20000.0,19700.0,63435.0,14400.0,40301.0,93790.0,94200.0,55620.0,11600.0,34752.0,79149.0,71200.0,0.316,Pennsylvania State University-Penn State Erie-Behrend College,Erie,0.823,0.4746
14380.0,23872.0,19522.0,,12821.0,15580.0,18165.0,22096.0,24058.0,,,,,,42.0,2.0,41.0,1840.0,,,13448.0,4788.0,4104.0,1.0,3.0,0.9331,423.0,,0.3152,0.5435,11699775.0,11955443.0,9.0,1133.0,0.2443,0.573754019,0.609746714,0.639834847,0.760363336,25000.0,19000.0,20000.0,19700.0,63435.0,14400.0,40301.0,93790.0,94200.0,55620.0,11600.0,34752.0,79149.0,71200.0,0.1356,Pennsylvania State University-Penn State New Kensington,New Kensington,0.7672,0.2387
14002.0,23310.0,14259.0,,9852.0,12180.0,17350.0,20671.0,21875.0,,,,,,42.0,2.0,31.0,1840.0,,,13448.0,4788.0,4104.0,1.0,3.0,0.9091,261.0,,0.4057,0.4448,7366525.0,7527501.0,7.0,1170.0,0.2295,0.573754019,0.609746714,0.639834847,0.760363336,25000.0,19000.0,20000.0,19700.0,63435.0,14400.0,40301.0,93790.0,94200.0,55620.0,11600.0,34752.0,79149.0,71200.0,0.0556,Pennsylvania State University-Penn State Shenango,Sharon,0.52,0.1667
14258.0,23750.0,15775.0,,9544.0,10092.0,14764.0,20763.0,21827.0,,,,,,42.0,2.0,41.0,1840.0,,,13448.0,4788.0,4104.0,1.0,3.0,0.9453,338.0,,0.3829,0.5592,9099825.0,9298678.0,10.0,1145.0,0.1667,0.573754019,0.609746714,0.639834847,0.760363336,25000.0,19000.0,20000.0,19700.0,63435.0,14400.0,40301.0,93790.0,94200.0,55620.0,11600.0,34752.0,79149.0,71200.0,0.1,Pennsylvania State University-Penn State Wilkes-Barre,Dallas,0.7934,0.1866
15180.0,25118.0,18934.0,,14151.0,13015.0,19270.0,21235.0,24596.0,,,,,,42.0,2.0,21.0,1840.0,,,13448.0,4788.0,4104.0,1.0,3.0,0.9487,821.0,,0.4331,0.5783,14733050.0,15055002.0,11.0,1190.0,0.3189,0.573754019,0.609746714,0.639834847,0.760363336,25000.0,19000.0,20000.0,19700.0,63435.0,14400.0,40301.0,93790.0,94200.0,55620.0,11600.0,34752.0,79149.0,71200.0,0.2095,Pennsylvania State University-Penn State Scranton,Dunmore,0.7545,0.3136
15180.0,25118.0,19324.0,,12011.0,13259.0,19247.0,22088.0,25825.0,,,,,,42.0,2.0,21.0,1840.0,,,13448.0,4788.0,4104.0,1.0,3.0,0.9421,902.0,,0.3311,0.4718,12133100.0,12398237.0,15.0,1212.0,0.1736,0.573754019,0.609746714,0.639834847,0.760363336,25000.0,19000.0,20000.0,19700.0,63435.0,14400.0,40301.0,93790.0,94200.0,55620.0,11600.0,34752.0,79149.0,71200.0,0.1266,Pennsylvania State University-Penn State Lehigh Valley,Center Valley,0.8161,0.17
15944.0,26668.0,24704.0,,17269.0,17288.0,21857.0,26446.0,28543.0,,,,,,42.0,2.0,13.0,1840.0,13820.0,4788.0,13448.0,4788.0,4104.0,1.0,3.0,0.9731,2412.0,,0.2584,0.5537,41165875.0,42065449.0,12.0,1163.0,0.1784,0.573754019,0.609746714,0.639834847,0.760363336,25000.0,19000.0,20000.0,19700.0,63435.0,14400.0,40301.0,93790.0,94200.0,55620.0,11600.0,34752.0,79149.0,71200.0,0.1371,Pennsylvania State University-Penn State Altoona,Altoona,0.7706,0.1387
14380.0,23872.0,18657.0,,10180.0,12787.0,14073.0,22906.0,24301.0,,,,,,42.0,2.0,21.0,1840.0,12852.0,4788.0,13448.0,4788.0,4104.0,1.0,3.0,0.922,491.0,,0.3352,0.5785,10399800.0,10627060.0,11.0,1191.0,0.212,0.573754019,0.609746714,0.639834847,0.760363336,25000.0,19000.0,20000.0,19700.0,63435.0,14400.0,40301.0,93790.0,94200.0,55620.0,11600.0,34752.0,79149.0,71200.0,0.1685,Pennsylvania State University-Penn State Beaver,Monaca,0.756,0.1827
15944.0,26668.0,24581.0,,16721.0,18801.0,20924.0,25326.0,30196.0,,,,,,42.0,2.0,21.0,1840.0,14232.0,4788.0,13448.0,4788.0,4104.0,1.0,3.0,0.9713,1887.0,,0.2873,0.5374,28599450.0,29224417.0,13.0,1219.0,0.2441,0.573754019,0.609746714,0.639834847,0.760363336,25000.0,19000.0,20000.0,19700.0,63435.0,14400.0,40301.0,93790.0,94200.0,55620.0,11600.0,34752.0,79149.0,71200.0,0.1649,Pennsylvania State University-Penn State Berks,Reading,0.7748,0.276
15944.0,26668.0,23478.0,,16081.0,17021.0,22006.0,26911.0,29925.0,,,,,,42.0,2.0,21.0,1840.0,15870.0,4788.0,13448.0,4788.0,4104.0,1.0,3.0,0.9639,4154.0,,0.2609,0.4329,75398550.0,77046190.0,15.0,1218.0,0.2926,0.573754019,0.609746714,0.639834847,0.760363336,25000.0,19000.0,20000.0,19700.0,63435.0,14400.0,40301.0,93790.0,94200.0,55620.0,11600.0,34752.0,79149.0,71200.0,0.1932,Pennsylvania State University-Penn State Harrisburg,Middletown,0.8153,0.3016
15180.0,25118.0,22518.0,,16792.0,16105.0,21651.0,26445.0,28700.0,,,,,,42.0,2.0,21.0,1840.0,13820.0,4788.0,13448.0,4788.0,4104.0,1.0,3.0,0.9533,1218.0,,0.3478,0.5192,17333000.0,17711768.0,14.0,1211.0,0.2133,0.573754019,0.609746714,0.639834847,0.760363336,25000.0,19000.0,20000.0,19700.0,63435.0,14400.0,40301.0,93790.0,94200.0,55620.0,11600.0,34752.0,79149.0,71200.0,0.1189,Pennsylvania State University-Penn State Brandywine,Media,0.7237,0.2665
14380.0,23872.0,19450.0,,13828.0,16295.0,18109.0,21838.0,24244.0,,,,,,42.0,2.0,41.0,1840.0,,,13448.0,4788.0,4104.0,1.0,3.0,0.9166,415.0,,0.3538,0.6014,10833125.0,11069855.0,9.0,1160.0,0.3352,0.573754019,0.609746714,0.639834847,0.760363336,25000.0,19000.0,20000.0,19700.0,63435.0,14400.0,40301.0,93790.0,94200.0,55620.0,11600.0,34752.0,79149.0,71200.0,0.2418,Pennsylvania State University-Penn State Fayette- Eberly,Lemont Furnace,0.7368,0.3452
15180.0,25118.0,20062.0,,15278.0,16247.0,18473.0,23273.0,26468.0,,,,,,42.0,2.0,23.0,1840.0,12022.0,4788.0,13448.0,4788.0,4104.0,1.0,3.0,0.9104,508.0,,0.4778,0.6469,12133100.0,12398237.0,11.0,1200.0,0.1791,0.573754019,0.609746714,0.639834847,0.760363336,25000.0,19000.0,20000.0,19700.0,63435.0,14400.0,40301.0,93790.0,94200.0,55620.0,11600.0,34752.0,79149.0,71200.0,0.108,Pennsylvania State University-Penn State Hazleton,Hazleton,0.7239,0.1818
20234.0,40188.0,32598.0,,19458.0,19743.0,26257.0,33579.0,37209.0,,,,,,42.0,2.0,13.0,1840.0,13030.0,4788.0,13448.0,4788.0,4104.0,1.0,3.0,0.5422,41862.0,,0.1327,0.3986,3821059850.0,3904559265.0,15.0,1316.0,0.8568,0.573754019,0.609746714,0.639834847,0.760363336,25000.0,19000.0,20000.0,19700.0,63435.0,14400.0,40301.0,93790.0,94200.0,55620.0,11600.0,34752.0,79149.0,71200.0,0.7036,Pennsylvania State University-Main Campus,University Park,0.9195,0.865
14380.0,23872.0,14721.0,,7681.0,8901.0,15905.0,18848.0,22642.0,,,,,,42.0,2.0,21.0,1840.0,12022.0,4788.0,13448.0,4788.0,4104.0,1.0,3.0,0.9466,360.0,,0.4353,0.6391,11266450.0,11512649.0,8.0,1125.0,0.2743,0.573754019,0.609746714,0.639834847,0.760363336,25000.0,19000.0,20000.0,19700.0,63435.0,14400.0,40301.0,93790.0,94200.0,55620.0,11600.0,34752.0,79149.0,71200.0,0.2035,Pennsylvania State University-Penn State Greater Allegheny,McKeesport,0.6937,0.1709
14380.0,23872.0,19993.0,,11518.0,13653.0,17051.0,23185.0,26342.0,,,,,,42.0,2.0,41.0,1840.0,12022.0,4788.0,13448.0,4788.0,4104.0,1.0,3.0,0.903,547.0,,0.2612,0.5239,12566425.0,12841031.0,9.0,1170.0,0.2512,0.573754019,0.609746714,0.639834847,0.760363336,25000.0,19000.0,20000.0,19700.0,63435.0,14400.0,40301.0,93790.0,94200.0,55620.0,11600.0,34752.0,79149.0,71200.0,0.1375,Pennsylvania State University-Penn State Mont Alto,Mont Alto,0.75,0.1795
15240.0,25388.0,17818.0,,12668.0,12725.0,17120.0,23575.0,26043.0,,,,,,42.0,2.0,21.0,1840.0,11912.0,4788.0,13448.0,4788.0,4104.0,1.0,3.0,0.9203,3074.0,,0.3835,0.4841,41165875.0,42065449.0,14.0,1179.0,0.2222,0.573754019,0.609746714,0.639834847,0.760363336,25000.0,19000.0,20000.0,19700.0,63435.0,14400.0,40301.0,93790.0,94200.0,55620.0,11600.0,34752.0,79149.0,71200.0,0.1453,Pennsylvania State University-Penn State Abington,Abington,0.7708,0.2593
15180.0,25118.0,21228.0,,13752.0,15885.0,18182.0,25192.0,26569.0,,,,,,42.0,2.0,31.0,1840.0,8710.0,4788.0,13448.0,4788.0,4104.0,1.0,3.0,0.9105,617.0,,0.3756,0.6742,12133100.0,12398237.0,12.0,1060.0,0.2069,0.573754019,0.609746714,0.639834847,0.760363336,25000.0,19000.0,20000.0,19700.0,63435.0,14400.0,40301.0,93790.0,94200.0,55620.0,11600.0,34752.0,79149.0,71200.0,0.1149,Pennsylvania State University-Penn State Schuylkill,Schuylkill Haven,0.8194,0.162
15180.0,25118.0,18922.0,,11304.0,12138.0,15735.0,20962.0,24237.0,,,,,,42.0,2.0,22.0,1840.0,,,13448.0,4788.0,4104.0,1.0,3.0,0.922,668.0,,0.2785,0.4895,14299725.0,14612208.0,12.0,1170.0,0.1143,0.573754019,0.609746714,0.639834847,0.760363336,25000.0,19000.0,20000.0,19700.0,63435.0,14400.0,40301.0,93790.0,94200.0,55620.0,11600.0,34752.0,79149.0,71200.0,0.0758,Pennsylvania State University-Penn State York,York,0.7742,0.1561
15060.0,15060.0,,12905.0,,,,,,10378.0,15432.0,,,,42.0,2.0,11.0,1200.0,,,8000.0,2400.0,2400.0,2.0,3.0,,789.0,,0.5236,0.6155,3395823.0,3590365.0,11.0,,0.0526,0.200426439,0.217886179,0.228359909,0.390342052,31250.0,20911.0,23024.0,21995.0,50660.0,9400.0,30162.0,73525.0,80100.0,41647.0,7200.0,20007.0,60537.0,69300.0,,Peirce College,Philadelphia,0.0,0.5
44600.0,44600.0,,45022.0,,,,,,45633.0,42640.0,40660.0,43390.0,48597.0,42.0,2.0,11.0,1768.0,18662.0,6408.0,18662.0,6408.0,6408.0,2.0,3.0,0.875,99.0,,0.3246,0.4737,39535302.0,42686949.0,5.0,,0.6757,0.45,0.6,0.486486487,0.549295775,22309.0,,,15000.0,29881.0,,11449.0,53406.0,,24229.0,,10869.0,36830.0,,0.7143,Pennsylvania Academy of the Fine Arts,Philadelphia,0.8333,0.4722
31370.0,31370.0,,29266.0,,,,,,24506.0,24698.0,30147.0,31900.0,35035.0,42.0,2.0,13.0,1650.0,12535.0,1200.0,12535.0,1200.0,3500.0,2.0,3.0,0.4594,312.0,,0.4612,0.7755,2659295.0,2968387.0,9.0,,0.6377,0.609195402,0.389830508,0.581699346,0.683544304,27000.0,27000.0,18500.0,25000.0,33301.0,,15518.0,49235.0,,23638.0,5600.0,12877.0,39092.0,42900.0,0.6377,Pennsylvania College of Art and Design,Lancaster,0.8254,0.5775
66104.0,66104.0,,31229.0,,,,,,1026.0,4759.0,17585.0,29302.0,57603.0,42.0,2.0,11.0,1358.0,18496.0,3070.0,18360.0,3070.0,3714.0,2.0,3.0,0.0587,10768.0,,0.1572,0.1005,20724351000.0,20962941000.0,8.0,1545.0,0.9681,0.795107034,0.835538752,0.826488706,0.878711308,15715.0,12500.0,13167.0,15000.0,111371.0,22700.0,69735.0,183142.0,236200.0,90555.0,23500.0,55424.0,137837.0,191500.0,0.8806,University of Pennsylvania,Philadelphia,0.981,0.9731
54290.0,54290.0,,44154.0,,,,,,42104.0,41675.0,43345.0,43590.0,46757.0,42.0,2.0,11.0,1314.0,19028.0,2520.0,16974.0,2520.0,3663.0,2.0,3.0,0.782,1064.0,,0.3342,0.8658,59704285.0,62435404.0,7.0,,0.6919,0.665898618,0.600831601,0.584942085,0.656394453,27000.0,24270.0,22500.0,23250.0,38252.0,7100.0,18509.0,60197.0,67600.0,27011.0,5400.0,12492.0,42102.0,45500.0,0.5844,University of the Arts,Philadelphia,0.8066,0.6807
32625.0,32625.0,,29577.0,,,,,,24409.0,26083.0,29663.0,29409.0,32037.0,42.0,2.0,21.0,1145.0,12234.0,2103.0,12102.0,2103.0,2103.0,2.0,3.0,0.8356,782.0,,0.3024,0.7927,12826185.0,13316803.0,11.0,1154.0,0.6516,0.495238095,0.602339181,0.583497053,0.698961938,26926.0,17875.0,18875.0,12500.0,44172.0,6000.0,27125.0,64255.0,67200.0,37077.0,7500.0,23452.0,53464.0,57300.0,0.3052,Cairn University-Langhorne,Langhorne,0.8374,0.6122
14620.0,26494.0,16630.0,,11352.0,11294.0,14898.0,21611.0,23283.0,,,,,,42.0,2.0,33.0,750.0,10848.0,4782.0,13338.0,4782.0,4782.0,1.0,3.0,0.9081,980.0,,0.46,0.6853,302917.0,543199.0,12.0,1168.0,0.4344,0.661782178,0.707058588,0.724640616,0.814156533,24250.0,19500.0,20500.0,20500.0,66125.0,16100.0,43765.0,96619.0,95300.0,54240.0,12900.0,35976.0,76168.0,73000.0,0.3908,University of Pittsburgh-Bradford,Bradford,0.6125,0.3874
14630.0,26504.0,17034.0,,8336.0,12027.0,16358.0,22085.0,22761.0,,,,,,42.0,2.0,21.0,750.0,12490.0,4782.0,13338.0,4782.0,4782.0,1.0,3.0,0.9792,1322.0,,0.3788,0.6099,7453938.0,7329316.0,15.0,1172.0,0.3963,0.661782178,0.707058588,0.724640616,0.814156533,24250.0,19500.0,20500.0,20500.0,66125.0,16100.0,43765.0,96619.0,95300.0,54240.0,12900.0,35976.0,76168.0,73000.0,0.296,University of Pittsburgh-Greensburg,Greensburg,0.6773,0.3514
14646.0,26520.0,18952.0,,10031.0,12642.0,17645.0,22346.0,23540.0,,,,,,42.0,2.0,23.0,750.0,12290.0,4782.0,13338.0,4782.0,4782.0,1.0,3.0,0.959,1934.0,,0.2912,0.6079,60668421.0,65836222.0,14.0,1158.0,0.5345,0.661782178,0.707058588,0.724640616,0.814156533,24250.0,19500.0,20500.0,20500.0,66125.0,16100.0,43765.0,96619.0,95300.0,54240.0,12900.0,35976.0,76168.0,73000.0,0.3845,University of Pittsburgh-Johnstown,Johnstown,0.7603,0.4944
21524.0,39890.0,30074.0,,17007.0,18397.0,26179.0,31931.0,34824.0,,,,,,42.0,2.0,11.0,584.0,13420.0,2918.0,13978.0,2918.0,2918.0,1.0,3.0,0.497,20189.0,,0.1378,0.3717,5486954582.0,5443642659.0,13.0,1371.0,0.8434,0.661782178,0.707058588,0.724640616,0.814156533,24250.0,19500.0,20500.0,20500.0,66125.0,16100.0,43765.0,96619.0,95300.0,54240.0,12900.0,35976.0,76168.0,73000.0,0.7075,University of Pittsburgh-Pittsburgh Campus,Pittsburgh,0.924,0.8481
38160.0,38160.0,,24791.0,,,,,,18999.0,22027.0,23522.0,24599.0,29375.0,42.0,2.0,11.0,1200.0,12480.0,2340.0,3150.0,2140.0,2140.0,2.0,3.0,0.9788,2320.0,,0.3707,0.7477,50117079.0,52551881.0,12.0,1142.0,0.5956,0.359456635,0.488839286,0.452193995,0.573469388,27000.0,20909.0,21000.0,20832.0,45856.0,9800.0,25514.0,66756.0,79600.0,36906.0,8000.0,20139.0,54526.0,58500.0,0.515,Point Park University,Pittsburgh,0.7081,0.6156
34940.0,34940.0,,25747.0,,,,,,22158.0,19989.0,21568.0,26392.0,30770.0,42.0,2.0,21.0,1000.0,12930.0,4404.0,8930.0,7910.0,7910.0,2.0,3.0,0.9057,2866.0,,0.2209,0.463,45064347.0,45525530.0,14.0,,0.6555,0.596969697,0.622659176,0.600302419,0.757722008,26950.0,23189.0,23250.0,23250.0,62105.0,14600.0,41953.0,87672.0,84100.0,54449.0,13000.0,36908.0,74743.0,63600.0,0.5311,Robert Morris University,Moon Township,0.8376,0.652
22171.0,22171.0,,20356.0,,,,,,6915.0,10438.0,21085.0,24812.0,29681.0,42.0,2.0,21.0,1400.0,13530.0,1821.0,13530.0,1821.0,5321.0,2.0,3.0,0.7452,466.0,,0.3857,0.6928,14616557.0,15386431.0,13.0,,0.4348,0.449494949,0.467532468,0.412698413,0.471698113,27000.0,30269.0,27000.0,24125.0,48555.0,10500.0,28444.0,68061.0,89300.0,40852.0,6100.0,21837.0,60343.0,63000.0,0.087,Rosemont College,Rosemont,0.6667,0.4228
41720.0,41720.0,,19173.0,,,,,,13256.0,10865.0,12775.0,18657.0,24390.0,42.0,2.0,42.0,2000.0,13880.0,3000.0,13880.0,6000.0,7100.0,2.0,3.0,0.7689,1525.0,,0.1784,0.4027,56612451.0,60051414.0,14.0,1151.0,0.7275,0.675736961,0.672768879,0.711678832,0.800766284,27000.0,20750.0,27000.0,27000.0,62101.0,16000.0,42286.0,89673.0,88500.0,56920.0,13600.0,36894.0,81213.0,79300.0,0.6585,Saint Francis University,Loretto,0.8838,0.7403
51340.0,51340.0,,35487.0,,,,,,30742.0,33882.0,33514.0,37264.0,36689.0,42.0,2.0,11.0,1050.0,15740.0,1470.0,15740.0,1470.0,4930.0,2.0,3.0,0.8639,4742.0,,0.1815,0.5405,357720376.0,468085827.0,10.0,1256.0,0.7983,0.725468578,0.726611227,0.75608437,0.844444444,25500.0,20916.0,23421.0,20616.0,86881.0,20000.0,59140.0,127367.0,105000.0,66438.0,13900.0,45071.0,86487.0,72900.0,0.7465,Saint Joseph's University,Philadelphia,0.8795,0.8207
41100.0,41100.0,,23331.0,,,,,,14467.0,18208.0,19912.0,25298.0,27734.0,42.0,2.0,21.0,1500.0,13918.0,1800.0,13918.0,1800.0,5150.0,2.0,3.0,0.591,1264.0,,0.2686,0.7403,121348478.0,127206809.0,10.0,1120.0,0.7215,0.708542714,0.66590389,0.768134715,0.831349206,27000.0,24516.0,20500.0,23250.0,59982.0,15300.0,41646.0,84764.0,84200.0,47267.0,11300.0,33961.0,65318.0,62000.0,0.6425,Saint Vincent College,Latrobe,0.8509,0.7342
52309.0,52309.0,,30528.0,,,,,,17968.0,17920.0,24999.0,29978.0,38306.0,42.0,2.0,13.0,1300.0,16918.0,1872.0,10200.0,1872.0,4572.0,2.0,3.0,0.8435,3589.0,,0.2229,0.6493,275463301.0,283267907.0,13.0,1237.0,0.808,0.710106383,0.796973518,0.779094077,0.832562442,27000.0,25899.0,25000.0,25380.0,74652.0,19800.0,51775.0,101526.0,103100.0,62921.0,14500.0,42726.0,81735.0,70400.0,0.7614,University of Scranton,Scranton,0.8734,0.7916
41414.0,41414.0,,22558.0,,,,,,14651.0,15307.0,18474.0,22424.0,28577.0,42.0,2.0,21.0,1200.0,13778.0,2500.0,10658.0,3000.0,2300.0,2.0,3.0,0.7579,1581.0,,0.295,0.7148,50575847.0,56321713.0,13.0,1186.0,0.7099,0.548837209,0.590336134,0.595719382,0.684989429,27000.0,22000.0,21375.0,23250.0,51748.0,10600.0,35948.0,75671.0,73300.0,43700.0,8600.0,26697.0,61104.0,55700.0,0.6085,Seton Hill University,Greensburg,0.8021,0.6684
13544.0,15798.0,23553.0,,18253.0,18505.0,21912.0,26492.0,27250.0,,,,,,42.0,2.0,31.0,1200.0,12952.0,3382.0,11404.0,3382.0,3382.0,1.0,3.0,0.8555,4179.0,,0.296,0.5987,49574473.0,59099679.0,18.0,1090.0,0.5161,0.510992276,0.584765178,0.69427492,0.821047009,25000.0,14250.0,17173.0,17500.0,56351.0,17700.0,39639.0,77825.0,80400.0,45010.0,11200.0,30578.0,61244.0,57100.0,0.3573,Shippensburg University of Pennsylvania,Shippensburg,0.7614,0.586
10507.0,14615.0,19524.0,,12762.0,13805.0,18007.0,22001.0,23422.0,,,,,,42.0,2.0,32.0,1992.0,10584.0,2952.0,10496.0,4640.0,6194.0,1.0,3.0,0.7462,6728.0,,0.2809,0.609,43838011.0,47912954.0,20.0,1086.0,0.6591,0.631416838,0.654370894,0.690261044,0.788691705,25000.0,18911.0,20230.0,19823.0,53032.0,11200.0,37706.0,72223.0,68500.0,45398.0,11300.0,31053.0,61553.0,53600.0,0.53,Slippery Rock University of Pennsylvania,Slippery Rock,0.8149,0.6884
25023.0,25023.0,,38775.0,,,,,,32698.0,,,44853.0,,42.0,2.0,21.0,1250.0,16113.0,4150.0,7000.0,1250.0,1250.0,2.0,3.0,1.0,41.0,,0.125,0.1875,16779282.0,17813030.0,4.0,,0.4444,,,PS,PS,,,,,55225.0,,40854.0,76945.0,,,,,,,0.1111,Saint Charles Borromeo Seminary-Overbrook,Wynnewood,1.0,0.5652
57400.0,57400.0,,26539.0,,,,,,20251.0,17536.0,24048.0,25432.0,30833.0,42.0,2.0,32.0,1200.0,15700.0,1700.0,15700.0,2700.0,6400.0,2.0,3.0,0.7871,2120.0,,0.2388,0.6817,192778361.0,204382501.0,13.0,1211.0,0.7409,0.740471869,0.692,0.782320442,0.829046899,27000.0,27000.0,27000.0,27000.0,61723.0,19800.0,43199.0,84592.0,90100.0,51535.0,12600.0,32907.0,68700.0,66800.0,0.6651,Susquehanna University,Selinsgrove,0.7318,0.7447
62412.0,62412.0,,18686.0,,,,,,8580.0,5592.0,8292.0,20977.0,47429.0,42.0,2.0,21.0,760.0,18964.0,1967.0,,,,2.0,3.0,0.0694,1627.0,,0.2001,0.0977,2725238000.0,2720329000.0,8.0,1527.0,0.9413,0.858108108,0.911392405,0.809338521,0.877934272,17500.0,7500.0,9900.0,14811.0,80257.0,10700.0,50812.0,138207.0,114500.0,56211.0,5100.0,32936.0,89620.0,77000.0,0.7628,Swarthmore College,Swarthmore,0.9723,0.9458
10869.0,10869.0,,10120.0,,,,,,7500.0,10900.0,,10650.0,,42.0,2.0,11.0,900.0,8811.0,2100.0,,,,2.0,3.0,0.7551,120.0,,0.2764,0.0,,,15.0,,0.8158,,,,,,,,,,,,,,,,,,,0.8158,Talmudical Yeshiva of Philadelphia,Philadelphia,0.9063,0.4722
22082.0,37462.0,29219.0,,23080.0,24278.0,28493.0,31578.0,34632.0,,,,,,42.0,2.0,11.0,1240.0,16968.0,4466.0,16968.0,4466.0,4466.0,1.0,3.0,0.8292,21249.0,,0.3007,0.5527,812705000.0,870745000.0,12.0,,0.7468,0.637422478,0.694539249,0.628050284,0.714267352,24395.0,20500.0,20000.0,19500.0,63727.0,12600.0,40592.0,91581.0,92100.0,50860.0,10200.0,30756.0,71854.0,68800.0,0.5742,Temple University,Philadelphia,0.8338,0.7651
36864.0,36864.0,,22746.0,,,,,,19731.0,19783.0,22513.0,24095.0,26196.0,42.0,2.0,32.0,1300.0,14850.0,3000.0,10600.0,4800.0,4800.0,2.0,3.0,0.706,773.0,,0.3905,0.7848,35289779.0,41595464.0,12.0,,0.4355,0.426008969,0.487179487,0.569204152,0.735632184,27000.0,12750.0,14125.0,21500.0,49714.0,12900.0,34546.0,71007.0,66700.0,40686.0,8700.0,25689.0,56730.0,52500.0,0.2378,Thiel College,Greenville,0.7149,0.4686
45683.0,45683.0,,28163.0,,,,,,20809.0,20445.0,24652.0,29949.0,34317.0,42.0,2.0,11.0,1600.0,17246.0,4028.0,17246.0,8046.0,6140.0,2.0,3.0,0.8614,3708.0,,0.3386,0.8496,2487557000.0,2665988000.0,13.0,1259.0,0.6819,0.657613967,0.450090744,0.840425532,0.871755725,14744.0,12500.0,12750.0,12500.0,77449.0,32700.0,48715.0,102493.0,156500.0,64335.0,26900.0,40894.0,93130.0,99400.0,0.5426,Thomas Jefferson University,Philadelphia,0.8199,0.7179
59196.0,59196.0,,30485.0,,,,,,21992.0,22573.0,27644.0,28852.0,34705.0,42.0,2.0,21.0,1000.0,15064.0,2322.0,15064.0,2322.0,7702.0,2.0,3.0,0.8737,1477.0,,0.1984,0.7308,138346490.0,146823786.0,9.0,1304.0,0.7662,0.648318043,0.773700306,0.819648094,0.852886406,27000.0,27000.0,25000.0,26000.0,73721.0,18000.0,50224.0,106026.0,92200.0,54542.0,9700.0,34240.0,74966.0,70700.0,0.6891,Ursinus College,Collegeville,0.8399,0.7273
24510.0,24510.0,,27499.0,,,,,,22957.0,26349.0,27104.0,28860.0,30639.0,42.0,2.0,21.0,1500.0,11410.0,8270.0,9196.0,8270.0,8270.0,2.0,3.0,0.7816,471.0,,0.5079,0.7382,2906437.0,2973176.0,11.0,,0.5612,0.327402135,0.373913043,0.462890625,0.633333333,27000.0,20000.0,19250.0,20800.0,39016.0,6200.0,22009.0,57865.0,63200.0,35671.0,7100.0,20837.0,46317.0,48300.0,0.4639,University of Valley Forge,Phoenixville,0.696,0.553
64701.0,64701.0,,44876.0,,,,,,16914.0,31248.0,25786.0,34285.0,60637.0,42.0,2.0,21.0,1100.0,16896.0,2300.0,16896.0,2300.0,3950.0,2.0,3.0,0.2512,7005.0,,0.1155,0.3656,1165526000.0,1194916000.0,10.0,1466.0,0.9241,0.860553964,0.829170829,0.878287777,0.918065816,25874.0,25000.0,25000.0,24966.0,100423.0,30300.0,71695.0,138720.0,136600.0,84905.0,20300.0,61874.0,105528.0,88900.0,0.9037,Villanova University,Villanova,0.9501,0.9147
28185.0,28185.0,,25544.0,,,,,,21102.0,21978.0,22139.0,27151.0,28860.0,42.0,2.0,21.0,1000.0,13910.0,1200.0,13910.0,1200.0,3200.0,2.0,3.0,0.8154,1154.0,,0.2942,0.7702,137190814.0,139292767.0,10.0,,0.7139,0.759643917,0.734767025,0.758842444,0.824074074,27000.0,26437.0,26000.0,25250.0,67918.0,18800.0,45838.0,101438.0,96100.0,52082.0,15000.0,38751.0,67240.0,65700.0,0.6254,Washington & Jefferson College,Washington,0.819,0.7609
29460.0,29460.0,,25157.0,,,,,,19790.0,23018.0,25354.0,25404.0,28697.0,42.0,2.0,32.0,1500.0,12300.0,1740.0,12670.0,1370.0,1370.0,2.0,3.0,0.9169,1081.0,,0.31,0.7249,41032204.0,35720000.0,10.0,1114.0,0.605,0.602739726,0.608879493,0.736275565,0.817164179,27000.0,19532.0,25000.0,21500.0,58537.0,15100.0,40386.0,84282.0,84800.0,48994.0,11900.0,32769.0,68213.0,69200.0,0.54,Waynesburg University,Waynesburg,0.723,0.6657
10687.0,22511.0,22673.0,,16800.0,17340.0,20275.0,24846.0,26575.0,,,,,,42.0,2.0,21.0,1200.0,12474.0,4740.0,17124.0,4740.0,4740.0,1.0,3.0,0.792,14067.0,,0.245,0.5368,54756815.0,61145504.0,20.0,1184.0,0.698,0.08953874,0.451551007,0.709720121,0.815357766,23500.0,18744.0,19500.0,18500.0,61258.0,14300.0,41905.0,83592.0,80900.0,51013.0,13100.0,34156.0,68595.0,60300.0,0.5258,West Chester University of Pennsylvania,West Chester,0.8442,0.738
39470.0,39470.0,,20800.0,,,,,,19065.0,14941.0,19699.0,20739.0,23986.0,42.0,2.0,42.0,1000.0,12380.0,1250.0,12380.0,1250.0,3250.0,2.0,3.0,0.8551,1051.0,,0.2474,0.6602,132757994.0,134064582.0,12.0,,0.6586,0.621908127,0.666666667,0.770328103,0.85313175,26060.0,20125.0,22874.0,23250.0,53861.0,15100.0,41182.0,73557.0,83000.0,43938.0,12300.0,30614.0,58843.0,55500.0,0.6133,Westminster College,New Wilmington,0.8328,0.7279
53638.0,53638.0,,30470.0,,,,,,25328.0,25620.0,28722.0,31013.0,34560.0,42.0,2.0,21.0,1408.0,15530.0,1890.0,8766.0,2574.0,2574.0,2.0,3.0,0.8402,2765.0,,0.2485,0.7346,114039574.0,113114564.0,11.0,1170.0,0.6351,0.651416122,0.627906977,0.613596746,0.741596639,27000.0,22125.0,24953.0,25000.0,70920.0,16600.0,46675.0,97171.0,92200.0,63375.0,12400.0,40158.0,84218.0,79100.0,0.5571,Widener University,Chester,0.7824,0.6868
42286.0,42286.0,,27700.0,,,,,,23760.0,24199.0,26339.0,29365.0,31745.0,42.0,2.0,13.0,400.0,16006.0,3193.0,9607.0,4193.0,5843.0,2.0,3.0,0.9146,1893.0,,0.2975,0.702,61384912.0,59569344.0,13.0,1134.0,0.6034,0.565217391,0.615827338,0.688712522,0.797101449,26000.0,19500.0,21500.0,20500.0,63454.0,15300.0,42451.0,95134.0,112500.0,54128.0,13100.0,34167.0,78455.0,91600.0,0.4914,Wilkes University,Wilkes-Barre,0.7349,0.6235
27000.0,27000.0,,21241.0,,,,,,14381.0,10250.0,17122.0,22602.0,28575.0,42.0,2.0,13.0,1104.0,12162.0,1701.0,7100.0,2569.0,2569.0,2.0,3.0,0.8998,745.0,,0.266,0.8509,59400919.0,63047487.0,12.0,1020.0,0.5183,0.502487562,0.315789474,0.52866242,0.644859813,26328.0,21492.0,18500.0,19500.0,43326.0,7100.0,30412.0,59095.0,62200.0,37049.0,9600.0,26101.0,52263.0,50000.0,0.4329,Wilson College,Chambersburg,0.7721,0.5345
24606.0,24606.0,,19685.0,,,,,,14792.0,15129.0,18388.0,21010.0,24092.0,42.0,2.0,22.0,1200.0,12780.0,2100.0,12780.0,2600.0,2900.0,2.0,3.0,0.942,3187.0,,0.2522,0.597,170974524.0,172509819.0,13.0,1135.0,0.5974,0.60855615,0.587412587,0.700659341,0.807490637,26000.0,15000.0,20500.0,19500.0,61012.0,14900.0,42097.0,85247.0,83000.0,50940.0,14500.0,33887.0,70704.0,64300.0,0.4309,York College of Pennsylvania,York,0.7728,0.6599
68230.0,68230.0,,26572.0,,,,,,-2158.0,2273.0,7757.0,19526.0,45823.0,44.0,1.0,12.0,0.0,16598.0,2820.0,,,,2.0,3.0,0.0523,7273.0,,0.1327,0.0922,6141243000.0,6201434000.0,6.0,1546.0,0.9595,0.909233177,0.932650073,0.837184874,0.87890625,11428.0,7847.0,8000.0,11076.0,93487.0,17200.0,63520.0,164436.0,161000.0,79131.0,10500.0,46303.0,130484.0,108000.0,0.8042,Brown University,Providence,0.9866,0.9689
51169.0,51169.0,,40846.0,,,,,,33555.0,36310.0,38987.0,41023.0,42552.0,44.0,1.0,21.0,1400.0,16938.0,1550.0,10000.0,3500.0,3500.0,2.0,3.0,0.6565,3236.0,,0.1076,0.5061,208384000.0,215306000.0,13.0,1263.0,0.8061,0.851794072,0.833333333,0.810534016,0.861848124,26849.0,27000.0,23250.0,23075.0,90008.0,26900.0,59501.0,120462.0,107700.0,66488.0,23000.0,39407.0,87202.0,76400.0,0.7814,Bryant University,Smithfield,0.8692,0.837
40408.0,40408.0,,32478.0,,,,,,28488.0,29394.0,31538.0,33740.0,35008.0,44.0,1.0,12.0,1200.0,18776.0,1758.0,11200.0,1758.0,1758.0,2.0,3.0,0.837,3913.0,,0.3018,0.7352,262037524.0,283979243.0,13.0,1107.0,0.5488,0.512580877,0.584014957,0.610088326,0.735520454,26000.0,17250.0,18277.0,14250.0,43418.0,9100.0,25436.0,63933.0,68100.0,35802.0,8700.0,21130.0,51901.0,51700.0,0.4243,Johnson & Wales University-Providence,Providence,0.7634,0.5792
60848.0,60848.0,,45538.0,,,,,,26070.0,23408.0,24086.0,33480.0,53195.0,44.0,1.0,12.0,1150.0,17150.0,1492.0,16540.0,1490.0,8070.0,2.0,3.0,0.4872,4170.0,,0.1324,0.5511,316898374.0,321647307.0,11.0,1342.0,0.8785,0.831189711,0.877579092,0.783206107,0.836306401,27000.0,25943.0,27000.0,27000.0,87054.0,24300.0,63919.0,122404.0,110400.0,69326.0,16500.0,46701.0,88826.0,73800.0,0.8635,Providence College,Providence,0.9116,0.8934
10986.0,26519.0,10988.0,,7674.0,8507.0,11290.0,15107.0,16800.0,,,,,,44.0,1.0,21.0,1200.0,13719.0,1440.0,14688.0,2200.0,2200.0,1.0,3.0,0.8109,4630.0,,0.4147,0.4825,37650723.0,41963650.0,14.0,1010.0,0.4618,0.441291041,0.556976744,0.551099612,0.723039216,20500.0,12500.0,15000.0,14999.0,56318.0,9700.0,35091.0,75388.0,69300.0,46882.0,9200.0,31314.0,66866.0,59800.0,0.2319,Rhode Island College,Providence,0.7366,0.4982
16408.0,35804.0,19899.0,,12930.0,12326.0,16578.0,22524.0,27213.0,,,,,,44.0,1.0,21.0,1250.0,14900.0,2436.0,12286.0,4582.0,9640.0,1.0,3.0,0.7707,13822.0,,0.2115,0.4947,279819871.0,287570498.0,17.0,1176.0,0.7103,0.655172414,0.685584958,0.653940192,0.742713883,22250.0,15493.0,17500.0,19069.0,69743.0,15100.0,44076.0,101736.0,93800.0,57446.0,11200.0,34860.0,79306.0,70400.0,0.5654,University of Rhode Island,Kingston,0.8414,0.7059
59760.0,59760.0,,46253.0,,,,,,33653.0,31023.0,36834.0,46882.0,60428.0,44.0,1.0,12.0,2700.0,15850.0,3500.0,15850.0,3500.0,4500.0,2.0,3.0,0.1381,2090.0,,0.1404,0.2856,381228134.0,398637231.0,8.0,1480.0,0.8847,0.828193833,0.895927602,0.827083333,0.856060606,27000.0,26000.0,24126.0,21500.0,68140.0,7400.0,29793.0,108226.0,87900.0,45932.0,5200.0,21683.0,72166.0,66700.0,0.5831,Rhode Island School of Design,Providence,0.9292,0.9071
42666.0,42666.0,,38123.0,,,,,,29475.0,29765.0,34861.0,38086.0,41052.0,44.0,1.0,21.0,900.0,16690.0,3350.0,15280.0,2920.0,3104.0,2.0,3.0,0.8778,3957.0,,0.1633,0.5866,71879296.0,73546268.0,12.0,1228.0,0.6661,0.658757062,0.693258427,0.774757282,0.846698113,26940.0,14066.0,19500.0,20500.0,70266.0,15100.0,49055.0,95351.0,87300.0,53845.0,11800.0,32864.0,71329.0,62200.0,0.6185,Roger Williams University,Bristol,0.7871,0.7107
47930.0,47930.0,,35682.0,,,,,,27575.0,29451.0,29769.0,34113.0,38585.0,44.0,1.0,21.0,1600.0,17500.0,3886.0,13170.0,3886.0,4086.0,2.0,3.0,0.6991,2102.0,,0.1548,0.71,77430000.0,83049000.0,12.0,1236.0,0.7492,0.733870968,0.777777778,0.770318021,0.825515948,27000.0,27000.0,27000.0,26351.0,72975.0,15400.0,49047.0,101056.0,84900.0,55027.0,13700.0,35011.0,76458.0,69200.0,0.6847,Salve Regina University,Newport,0.853,0.7338
14304.0,14304.0,,11081.0,,,,,,10536.0,11286.0,10701.0,14024.0,12718.0,45.0,5.0,12.0,1308.0,8584.0,2500.0,6000.0,3000.0,3500.0,2.0,3.0,0.3212,635.0,,0.7977,0.8109,458613.0,580230.0,16.0,,0.1323,0.224576271,0.216216216,0.081730769,0.115646259,34290.0,12269.0,11000.0,5500.0,30497.0,3200.0,16982.0,43521.0,42700.0,23889.0,2500.0,14296.0,33321.0,39100.0,0.0688,Allen University,Columbia,0.9,0.2267
33580.0,33580.0,,28183.0,,,,,,17528.0,17693.0,28002.0,25171.0,35665.0,45.0,5.0,13.0,600.0,12290.0,4560.0,12290.0,6430.0,6430.0,2.0,3.0,0.5281,3080.0,,0.2166,0.4306,56357814.0,57269129.0,15.0,1190.0,0.7099,0.581743869,0.61300813,0.497678737,0.602083333,26700.0,22219.0,22000.0,21500.0,42101.0,9100.0,29175.0,58890.0,63100.0,42073.0,9900.0,29424.0,61618.0,51600.0,0.6156,Anderson University,Anderson,0.8229,0.6355
31030.0,31030.0,,21955.0,,,,,,19840.0,19236.0,22405.0,23957.0,23804.0,45.0,5.0,12.0,,11590.0,4600.0,8930.0,5060.0,5060.0,2.0,3.0,0.7609,2716.0,,0.3456,0.5257,25844075.0,27291533.0,13.0,1056.0,0.4858,0.430178069,0.420841683,0.406631763,0.588135593,26471.0,16601.0,18848.0,18500.0,45898.0,10000.0,29949.0,65834.0,71200.0,40606.0,8200.0,25803.0,57828.0,55700.0,0.4117,Charleston Southern University,Charleston,0.6194,0.5074
18000.0,18000.0,,17781.0,,,,,,16807.0,17415.0,19763.0,19885.0,24076.0,45.0,5.0,12.0,1600.0,7000.0,5400.0,7000.0,5400.0,5400.0,2.0,3.0,0.673,1573.0,,0.6348,0.6709,24673002.0,26056567.0,14.0,910.0,0.2115,0.198167239,0.157490397,0.076890034,0.152400835,32500.0,17750.0,15000.0,11250.0,31902.0,3900.0,16343.0,45905.0,45400.0,24908.0,3100.0,12622.0,37804.0,36100.0,0.147,Benedict College,Columbia,0.6509,0.2485
23400.0,23400.0,,17529.0,,,,,,14037.0,15494.0,16625.0,20194.0,23916.0,45.0,5.0,13.0,1300.0,9900.0,3650.0,13250.0,3650.0,3650.0,2.0,3.0,,2209.0,,0.2923,0.239,17986887.0,18625149.0,13.0,,0.6961,0.584139265,0.596774194,0.793140407,0.888888889,16585.0,12500.0,12919.0,12000.0,44354.0,,28843.0,68207.0,,40892.0,7000.0,26653.0,56210.0,52700.0,0.5967,Bob Jones University,Greenville,0.8133,0.6631
27870.0,27870.0,,19968.0,,,,,,15936.0,17234.0,20474.0,19436.0,24758.0,45.0,5.0,22.0,1060.0,10654.0,2325.0,9183.0,2700.0,2145.0,2.0,3.0,1.0,771.0,,0.2902,0.4576,7760037.0,8747596.0,12.0,1106.0,0.5202,0.497126437,0.465174129,0.394974874,0.475225225,26000.0,20475.0,20432.0,16589.0,47756.0,13800.0,33318.0,70437.0,88400.0,41489.0,9500.0,28498.0,59861.0,70400.0,0.4316,Southern Wesleyan University,Central,0.6557,0.5241
12978.0,36858.0,19518.0,,13017.0,13418.0,18049.0,23178.0,24730.0,,,,,,45.0,5.0,12.0,1454.0,14032.0,4632.0,13779.0,4632.0,4632.0,1.0,3.0,0.72,10366.0,,0.1947,0.3807,124132298.0,128592068.0,16.0,1238.0,0.6498,0.607216495,0.60788609,0.545722714,0.622173194,23250.0,19500.0,17132.0,15000.0,56416.0,10900.0,35817.0,81379.0,81300.0,43821.0,8400.0,28710.0,62584.0,57400.0,0.5605,College of Charleston,Charleston,0.823,0.6745
12570.0,37370.0,21002.0,,12055.0,15292.0,18467.0,23921.0,24725.0,,,,,,45.0,5.0,12.0,9741.0,9146.0,2423.0,21522.0,9178.0,9178.0,1.0,3.0,0.9809,2624.0,,0.1918,0.3692,397403931.0,401784913.0,11.0,1184.0,0.7282,0.685483871,0.728417266,0.678997613,0.770961145,21096.0,18038.0,19500.0,17146.0,72085.0,14300.0,48175.0,94558.0,91300.0,60168.0,14500.0,39145.0,75022.0,66900.0,0.6352,Citadel Military College of South Carolina,Charleston,0.8817,0.7496
17046.0,17046.0,,21232.0,,,,,,19663.0,21021.0,25768.0,25952.0,26086.0,45.0,5.0,32.0,1900.0,9480.0,5250.0,11500.0,9000.0,9500.0,2.0,3.0,0.7255,1727.0,,0.7261,0.7141,51019789.0,72908681.0,13.0,,0.4913,0.414721724,0.492512479,0.181905679,0.281531532,29000.0,23000.0,20500.0,24367.0,40304.0,6900.0,25171.0,55829.0,57400.0,29227.0,5900.0,16953.0,41930.0,44500.0,0.3584,Claflin University,Orangeburg,0.7865,0.5201
15554.0,39498.0,22112.0,,14212.0,14857.0,19988.0,24020.0,27348.0,,,,,,45.0,5.0,22.0,1436.0,12872.0,5476.0,12872.0,5476.0,8980.0,1.0,3.0,0.3805,22778.0,,0.1453,0.33,994710889.0,1033665511.0,16.0,1341.0,0.879,0.722496474,0.75149925,0.715450838,0.780821918,21500.0,20025.0,19500.0,18638.0,71513.0,17500.0,46322.0,100350.0,93900.0,58311.0,13200.0,38747.0,78171.0,71200.0,0.6806,Clemson University,Clemson,0.9283,0.8623
10516.0,10516.0,,14501.0,,,,,,14378.0,16089.0,12849.0,13919.0,15514.0,45.0,5.0,13.0,1200.0,10494.0,2805.0,10494.0,3555.0,500.0,2.0,3.0,,94.0,,0.7614,0.8376,541754.0,591359.0,10.0,,0.1111,0.285714286,0.195652174,0.071428571,PS,28987.0,11954.0,,,30180.0,,13759.0,46093.0,,24047.0,,11487.0,37806.0,,0.0,Clinton College,Rock Hill,0.3636,0.8
31854.0,31854.0,,18045.0,,,,,,16478.0,16411.0,16242.0,19634.0,19982.0,45.0,5.0,32.0,3000.0,10882.0,1632.0,6470.0,1632.0,1632.0,2.0,3.0,0.9723,807.0,,0.2949,0.4735,31423210.0,33655865.0,12.0,,0.3462,0.417098446,0.454773869,0.325517241,0.415254237,26000.0,15505.0,16630.0,13750.0,40117.0,11500.0,23027.0,56329.0,60500.0,36650.0,7200.0,22483.0,49796.0,50500.0,0.3077,Coker University,Hartsville,0.6277,0.3661
27900.0,27900.0,,21660.0,,,,,,17430.0,21740.0,15633.0,24406.0,27598.0,45.0,5.0,12.0,200.0,11950.0,3400.0,9020.0,4200.0,4200.0,2.0,3.0,0.9758,690.0,,0.2827,0.3586,4854142.0,4524892.0,13.0,,0.6552,0.591549296,0.557971014,0.604081633,0.671755725,20000.0,9500.0,12000.0,13000.0,38951.0,3000.0,21349.0,59327.0,53100.0,33929.0,5300.0,18694.0,46613.0,43900.0,0.631,Columbia International University,Columbia,0.6582,0.6264
21450.0,21450.0,,23650.0,,,,,,23126.0,20687.0,22849.0,26163.0,27106.0,45.0,5.0,12.0,960.0,8550.0,4940.0,6600.0,4880.0,4880.0,2.0,3.0,0.9579,1245.0,,0.5313,0.7003,20285178.0,21506655.0,11.0,,0.5346,0.50918197,0.577844311,0.365413534,0.453947368,22750.0,12000.0,16079.0,18781.0,41338.0,7300.0,26337.0,55228.0,62300.0,45863.0,6400.0,30981.0,60246.0,43900.0,0.4843,Columbia College,Columbia,0.5294,0.5054
23096.0,23096.0,,19712.0,,,,,,16427.0,17984.0,18624.0,20988.0,23303.0,45.0,5.0,13.0,1350.0,13424.0,3300.0,13424.0,4500.0,4500.0,2.0,3.0,0.64,845.0,,0.4066,0.6531,87045699.0,87697891.0,12.0,1124.0,0.471,0.457489879,0.486590038,0.503759399,0.599009901,27000.0,22250.0,23250.0,22500.0,40867.0,8700.0,26797.0,56823.0,59700.0,33110.0,7600.0,20247.0,45771.0,43700.0,0.4247,Converse University,Spartanburg,0.6844,0.5753
36710.0,36710.0,,22018.0,,,,,,21857.0,16145.0,20343.0,24856.0,24471.0,45.0,5.0,42.0,2200.0,12450.0,4000.0,13000.0,1500.0,12000.0,2.0,3.0,0.6056,821.0,,0.4014,0.7155,39210574.0,38378754.0,15.0,,0.4859,0.344262295,0.522988506,0.614678899,0.710743802,27000.0,5500.0,12000.0,9713.0,53459.0,12000.0,36547.0,77842.0,66600.0,39618.0,6600.0,28015.0,51479.0,44900.0,0.4407,Erskine College,Due West,0.6269,0.4055
11160.0,21544.0,13451.0,,10670.0,12892.0,15205.0,17514.0,17623.0,,,,,,45.0,5.0,41.0,1198.0,8898.0,4234.0,8898.0,4486.0,4486.0,1.0,3.0,0.8223,2640.0,,0.3884,0.4322,42522430.0,44552865.0,12.0,1039.0,0.4273,0.358817533,0.436305732,0.336438923,0.498727735,27000.0,16000.0,15500.0,15000.0,43888.0,10200.0,29906.0,65809.0,63500.0,36304.0,9900.0,23567.0,52312.0,49900.0,0.266,Francis Marion University,Florence,0.6923,0.4552
58312.0,58312.0,,29997.0,,,,,,16190.0,16294.0,24978.0,29927.0,37271.0,45.0,5.0,21.0,1000.0,15868.0,2000.0,15868.0,2000.0,2000.0,2.0,3.0,0.5257,2322.0,,0.1121,0.2781,812285408.0,787489549.0,9.0,1364.0,0.8149,0.680981595,0.784482759,0.769607843,0.803797468,23250.0,19031.0,19500.0,19500.0,68635.0,13600.0,46655.0,102175.0,97400.0,50796.0,10200.0,34088.0,71843.0,63800.0,0.7432,Furman University,Greenville,0.9057,0.8189
11700.0,21300.0,14501.0,,11868.0,11130.0,14297.0,16757.0,17836.0,,,,,,45.0,5.0,32.0,1200.0,10700.0,4470.0,10700.0,4470.0,4470.0,1.0,3.0,0.6792,3384.0,,0.3974,0.5314,21326094.0,23149821.0,17.0,1057.0,0.4876,0.441860465,0.450204638,0.384464752,0.538587849,25000.0,12750.0,12746.0,12000.0,42396.0,11400.0,29159.0,58359.0,61500.0,36851.0,7200.0,23641.0,49427.0,50600.0,0.3464,Lander University,Greenwood,0.6862,0.5474
27500.0,27500.0,,20415.0,,,,,,17648.0,18035.0,21930.0,20986.0,24483.0,45.0,5.0,32.0,1240.0,10079.0,2940.0,11228.0,4202.0,4202.0,2.0,3.0,0.9828,1528.0,,0.4345,0.6991,22481415.0,12654099.0,11.0,,0.2757,0.274611399,0.211079274,0.278309009,0.372289157,27639.0,20000.0,18750.0,15000.0,44999.0,8900.0,28859.0,66159.0,69600.0,38713.0,8900.0,24365.0,55074.0,56600.0,0.2,Limestone University,Gaffney,0.6361,0.3108
,,,,,,,,,,,,,,45.0,5.0,12.0,,,,,,,1.0,3.0,,281.0,,0.1167,0.6233,432267715.0,473504430.0,8.0,,,,,0.837563452,0.842857143,15000.0,15500.0,12771.0,10554.0,88420.0,26900.0,65145.0,119437.0,171200.0,77677.0,33600.0,60705.0,101984.0,133900.0,,Medical University of South Carolina,Charleston,,
16224.0,16224.0,,20375.0,,,,,,19687.0,20984.0,22795.0,20558.0,,45.0,5.0,13.0,3090.0,7380.0,3890.0,7122.0,4308.0,3995.0,2.0,3.0,,421.0,,0.8177,0.8047,11586325.0,12416354.0,10.0,,0.2043,0.22875817,0.256024096,0.094986807,0.171806167,31400.0,12300.0,19250.0,24699.0,30614.0,6900.0,17343.0,42409.0,46200.0,24250.0,3300.0,14629.0,36882.0,37500.0,0.0681,Morris College,Sumter,0.4661,0.2582
30050.0,30050.0,,20351.0,,,,,,18692.0,18786.0,22439.0,18277.0,23338.0,45.0,5.0,32.0,900.0,12850.0,2975.0,8506.0,4058.0,4058.0,2.0,3.0,0.748,1462.0,,0.4892,0.7542,16880555.0,19691034.0,14.0,1008.0,0.4438,0.487341772,0.472491909,0.467817896,0.563573883,26805.0,15750.0,14000.0,17617.0,48040.0,9300.0,30927.0,69487.0,60800.0,38983.0,8300.0,23682.0,52560.0,47000.0,0.3371,Newberry College,Newberry,0.6995,0.5356
24650.0,24650.0,,20612.0,,,,,,18890.0,18746.0,18576.0,21681.0,23740.0,45.0,5.0,41.0,2240.0,11470.0,4970.0,11100.0,5660.0,4940.0,2.0,3.0,0.6278,1719.0,,0.3197,0.5188,34633324.0,33365363.0,13.0,1176.0,0.5491,0.501706485,0.563706564,0.559382423,0.659259259,23082.0,14288.0,15772.0,14000.0,43035.0,6500.0,25987.0,59440.0,58600.0,38173.0,7000.0,23972.0,50810.0,42300.0,0.4642,North Greenville University,Tigerville,0.692,0.5806
43300.0,43300.0,,20899.0,,,,,,17786.0,15964.0,20293.0,21742.0,26955.0,45.0,5.0,32.0,1500.0,12713.0,2996.0,15746.0,3472.0,3472.0,2.0,3.0,0.7234,862.0,,0.2785,0.4838,98278529.0,102653662.0,11.0,1214.0,0.619,0.542857143,0.606635071,0.68956044,0.768181818,26000.0,13722.0,14697.0,13000.0,60194.0,17100.0,42452.0,85285.0,77200.0,44387.0,10200.0,32432.0,63908.0,53100.0,0.4872,Presbyterian College,Clinton,0.7398,0.6069
10760.0,21218.0,11611.0,,7618.0,10107.0,12688.0,16097.0,16708.0,,,,,,45.0,5.0,21.0,1240.0,8736.0,3100.0,10691.0,4158.0,4158.0,1.0,3.0,0.7972,2805.0,,0.3692,0.455,30503543.0,32857828.0,15.0,1063.0,0.4011,0.385681293,0.409244645,0.449035813,0.559398496,24275.0,13516.0,14000.0,12000.0,45603.0,10700.0,30146.0,68565.0,72000.0,39689.0,9100.0,24977.0,60702.0,56000.0,0.2456,University of South Carolina Aiken,Aiken,0.6442,0.4528
10730.0,21776.0,15309.0,,11858.0,12806.0,15774.0,18369.0,19971.0,,,,,,45.0,5.0,31.0,1266.0,9810.0,4055.0,9064.0,4379.0,4187.0,1.0,3.0,0.6918,1958.0,,0.4028,0.4959,9284476.0,9886985.0,14.0,,0.3859,0.325077399,0.376425856,0.425026969,0.593220339,24000.0,15375.0,12500.0,13000.0,48088.0,5800.0,30645.0,71645.0,63400.0,39214.0,7300.0,24552.0,55765.0,50800.0,0.2884,University of South Carolina Beaufort,Bluffton,0.6119,0.3028
12688.0,34934.0,24532.0,,14421.0,17602.0,22744.0,26936.0,29493.0,,,,,,45.0,5.0,12.0,1226.0,12558.0,5505.0,11239.0,5505.0,5505.0,1.0,3.0,0.6149,28113.0,,0.1899,0.4172,666458265.0,717911144.0,18.0,1297.0,0.7775,0.710963455,0.70174306,0.604628331,0.697247706,21500.0,17918.0,18750.0,18500.0,62177.0,12900.0,41018.0,93729.0,89600.0,50621.0,11500.0,34124.0,73603.0,67200.0,0.6872,University of South Carolina-Columbia,Columbia,0.9074,0.7847
11640.0,29628.0,13742.0,,9222.0,9749.0,13209.0,17527.0,18612.0,,,,,,45.0,5.0,13.0,1210.0,11418.0,4150.0,9900.0,4636.0,4626.0,1.0,3.0,0.8019,9909.0,,0.2676,0.5738,44582027.0,51395878.0,16.0,1128.0,0.5084,0.467395264,0.49141549,0.470276498,0.575677111,23750.0,17103.0,17750.0,16250.0,47258.0,9800.0,30885.0,67776.0,70100.0,38070.0,8700.0,22795.0,54230.0,52500.0,0.4021,Coastal Carolina University,Conway,0.7572,0.5208
11060.0,21750.0,18268.0,,17089.0,17509.0,19611.0,24555.0,25130.0,,,,,,45.0,5.0,32.0,2000.0,9000.0,8000.0,10000.0,8000.0,8000.0,1.0,3.0,0.8173,2757.0,,0.6849,0.6584,18189420.0,17164402.0,19.0,,0.2941,0.263502455,0.365409623,0.189632255,0.309278351,31000.0,23000.0,19500.0,18500.0,38262.0,9400.0,22900.0,55233.0,61300.0,30064.0,4900.0,15502.0,43281.0,43400.0,0.1408,South Carolina State University,Orangeburg,0.5875,0.3224
11583.0,22545.0,13725.0,,11021.0,12164.0,13876.0,17711.0,20030.0,,,,,,45.0,5.0,22.0,1600.0,10040.0,3637.0,10800.0,4665.0,4665.0,1.0,3.0,0.6961,4008.0,,0.4546,0.5311,12570749.0,12621427.0,15.0,1082.0,0.4242,0.511897498,0.499356499,0.464773922,0.593930636,22310.0,16000.0,14940.0,14000.0,48587.0,10900.0,32831.0,71756.0,69800.0,43339.0,8800.0,28634.0,65017.0,58500.0,0.2816,University of South Carolina-Upstate,Spartanburg,0.6934,0.4862
12630.0,12630.0,,15411.0,,,,,,15081.0,13624.0,17558.0,18316.0,24543.0,45.0,5.0,43.0,1500.0,7345.0,4860.0,7600.0,5900.0,4400.0,2.0,3.0,,460.0,,0.7749,0.487,9039870.0,9265364.0,10.0,,0.3779,0.292857143,0.290816327,0.127376426,0.148648649,26700.0,16000.0,,,35339.0,5500.0,18828.0,49657.0,55900.0,24199.0,4800.0,13707.0,35214.0,42000.0,0.2674,Voorhees University,Denmark,0.625,0.3173
15956.0,30286.0,16353.0,,13361.0,13395.0,16762.0,19267.0,20653.0,,,,,,45.0,5.0,13.0,1200.0,10488.0,3608.0,10332.0,8880.0,6074.0,1.0,3.0,0.7506,3424.0,,0.3863,0.5536,70252208.0,76829015.0,12.0,1132.0,0.6122,0.546539379,0.601798855,0.441176471,0.514358108,26975.0,20020.0,18750.0,18062.0,47185.0,10200.0,33671.0,66172.0,64600.0,39048.0,9500.0,25476.0,50448.0,46700.0,0.5129,Winthrop University,Rock Hill,0.7284,0.5897
54100.0,54100.0,,28984.0,,,,,,14804.0,22105.0,22432.0,28109.0,34845.0,45.0,5.0,13.0,1200.0,15015.0,2543.0,7677.0,3769.0,3262.0,2.0,3.0,0.5859,1873.0,,0.1509,0.4114,378836923.0,417384227.0,12.0,1297.0,0.8075,0.769811321,0.827731092,0.729411765,0.75862069,25732.0,15000.0,19500.0,21500.0,68964.0,15100.0,47662.0,96651.0,98400.0,52076.0,14500.0,36286.0,70493.0,63300.0,0.7677,Wofford College,Spartanburg,0.8974,0.805
39190.0,39190.0,,24723.0,,,,,,20552.0,18948.0,22479.0,26689.0,26388.0,46.0,4.0,12.0,1000.0,9470.0,6480.0,11460.0,10180.0,6480.0,2.0,3.0,0.5925,1818.0,,0.16,0.5177,108384198.0,115273478.0,11.0,1187.0,0.7563,0.684745763,0.694630872,0.805377721,0.891836735,25000.0,19385.0,21344.0,21500.0,59217.0,15900.0,43122.0,82312.0,80800.0,49826.0,14700.0,35138.0,66972.0,55200.0,0.5958,Augustana University,Sioux Falls,0.8351,0.7112
9000.0,12100.0,17001.0,,12475.0,13564.0,17864.0,19145.0,19987.0,,,,,,46.0,4.0,32.0,1200.0,7400.0,4500.0,7528.0,4500.0,4500.0,1.0,3.0,0.9443,1935.0,,0.1849,0.2962,23173287.0,19863418.0,17.0,1050.0,0.3858,0.285894207,0.321029083,0.570809249,0.732049037,26000.0,16148.0,16000.0,13499.0,46674.0,10000.0,28912.0,63502.0,67900.0,38927.0,8100.0,22990.0,53008.0,53400.0,0.2549,Black Hills State University,Spearfish,0.7224,0.4384
9633.0,12735.0,19725.0,,15948.0,16778.0,20432.0,21975.0,21121.0,,,,,,46.0,4.0,32.0,1200.0,8990.0,6286.0,9776.0,7757.0,6877.0,1.0,3.0,0.9787,1969.0,,0.1596,0.3631,17441044.0,18296514.0,19.0,1129.0,0.493,0.338187702,0.34939759,0.647540984,0.832020997,23500.0,13612.0,16125.0,12500.0,50970.0,14800.0,36497.0,69547.0,71200.0,46146.0,12600.0,31661.0,64204.0,54800.0,0.3531,Dakota State University,Madison,0.7528,0.4594
32890.0,32890.0,,19300.0,,,,,,14366.0,14704.0,17457.0,20297.0,21215.0,46.0,4.0,33.0,1500.0,7600.0,1850.0,9000.0,2000.0,3500.0,2.0,3.0,0.7277,661.0,,0.2628,0.7759,38612630.0,37683892.0,12.0,,0.4643,0.518367347,0.545454545,0.64254386,0.792035398,27000.0,12125.0,21750.0,19500.0,53728.0,11300.0,38140.0,73136.0,62800.0,49432.0,10100.0,37173.0,67627.0,52900.0,0.3473,Dakota Wesleyan University,Mitchell,0.6938,0.503
33100.0,33100.0,,23295.0,,,,,,18894.0,20254.0,25226.0,25340.0,25145.0,46.0,4.0,33.0,1200.0,9300.0,5062.0,9300.0,5826.0,4488.0,2.0,3.0,0.4814,702.0,,0.1935,0.4009,30841524.0,33957539.0,12.0,1120.0,0.6055,0.522875817,0.512195122,0.609071274,0.772925764,26396.0,12979.0,14232.0,15558.0,48179.0,10200.0,33381.0,69519.0,60500.0,46984.0,12400.0,34971.0,63042.0,53000.0,0.5046,Mount Marty University,Yankton,0.6959,0.61
16065.0,16065.0,,22086.0,,,,,,22086.0,,,,,46.0,4.0,13.0,0.0,,,14400.0,3987.0,3987.0,3.0,3.0,,832.0,,0.5705,0.437,,,6.0,,0.6,0.177637795,0.101899521,0.177869372,0.399354839,29020.0,19874.0,19001.0,25000.0,37325.0,8100.0,19986.0,54855.0,82600.0,29641.0,6400.0,13393.0,45617.0,62500.0,0.0,National American University-Rapid City,Rapid City,0.6667,0.125
,,,,,,,,,,,,,,46.0,4.0,12.0,,,,,,,2.0,3.0,0.7429,36.0,,0.0,0.0,6152246.0,9292196.0,8.0,,,,,PS,PS,,,,,,,,,,,,,,,,Kairos University,Sioux Falls,,
8845.0,11947.0,17094.0,,13560.0,14226.0,16444.0,19236.0,18673.0,,,,,,46.0,4.0,33.0,1200.0,10300.0,3000.0,10300.0,3000.0,3000.0,1.0,3.0,0.9279,1239.0,,0.1196,0.2329,36271673.0,49215371.0,17.0,1090.0,0.5224,0.303664921,0.326848249,0.603321033,0.8,22320.0,16314.0,14462.0,16750.0,47618.0,9900.0,32556.0,63985.0,62900.0,41536.0,8500.0,27930.0,55579.0,48100.0,0.316,Northern State University,Aberdeen,0.751,0.5857
10400.0,14800.0,20380.0,,15481.0,17330.0,20041.0,21496.0,22179.0,,,,,,46.0,4.0,13.0,1900.0,8800.0,5000.0,11700.0,5000.0,5000.0,1.0,3.0,0.8525,2042.0,,0.1595,0.4327,88658248.0,100159195.0,12.0,1245.0,0.5817,0.368298368,0.420754717,0.769343066,0.93537415,27000.0,19500.0,18125.0,15625.0,72257.0,16500.0,46211.0,101142.0,103200.0,62863.0,12600.0,39986.0,81122.0,83900.0,0.2691,South Dakota School of Mines and Technology,Rapid City,0.8413,0.5616
9299.0,12809.0,18219.0,,12517.0,14297.0,17811.0,19424.0,20048.0,,,,,,46.0,4.0,33.0,1200.0,9562.0,4683.0,10490.0,5509.0,4132.0,1.0,3.0,0.9871,8798.0,,0.161,0.4578,215024533.0,236844658.0,17.0,1121.0,0.5964,0.448049101,0.436039604,0.720689655,0.854595336,23250.0,15500.0,15950.0,17360.0,55070.0,15500.0,38252.0,78622.0,80000.0,49564.0,14400.0,34507.0,68468.0,63500.0,0.4226,South Dakota State University,Brookings,0.8291,0.602
4714.0,4714.0,7075.0,,6024.0,9188.0,11797.0,,,,,,,,46.0,4.0,43.0,1000.0,,,10000.0,7000.0,7000.0,1.0,3.0,,579.0,,0.5245,0.0,2920593.0,2808261.0,16.0,,0.0,,,,,,,,,20948.0,2800.0,6034.0,41233.0,43700.0,15889.0,1700.0,5541.0,31961.0,35800.0,0.0,Sinte Gleska University,Mission,1.0,0.0
20740.0,20740.0,,20874.0,,,,,,17733.0,16406.0,18201.0,21244.0,23609.0,46.0,4.0,12.0,1000.0,8960.0,4345.0,10675.0,4850.0,3250.0,2.0,3.0,0.8208,1258.0,,0.2898,0.6694,32006968.0,35163123.0,17.0,,0.6051,0.589928058,0.603498542,0.694550063,0.813106796,23249.0,15250.0,16529.0,16655.0,54521.0,12700.0,38541.0,78768.0,70300.0,46712.0,13300.0,35441.0,63650.0,50100.0,0.5112,University of Sioux Falls,Sioux Falls,0.7517,0.5766
9432.0,12942.0,19155.0,,13687.0,16400.0,18608.0,21259.0,21432.0,,,,,,46.0,4.0,32.0,1200.0,9060.0,4947.0,10501.0,6431.0,4947.0,1.0,3.0,0.9895,5239.0,,0.1799,0.4176,326822004.0,289290750.0,14.0,1122.0,0.6143,0.443553774,0.441806601,0.635434412,0.776805252,23592.0,17500.0,17186.0,17614.0,51926.0,12600.0,37336.0,70894.0,73400.0,46290.0,12400.0,32753.0,61934.0,58700.0,0.4819,University of South Dakota,Vermillion,0.7998,0.6137
12474.0,12474.0,,19294.0,,,,,,18655.0,20252.0,,,,47.0,5.0,11.0,1500.0,8640.0,4430.0,9624.0,4430.0,4430.0,2.0,3.0,,48.0,,0.6792,0.6604,2429256.0,2618414.0,5.0,,0.3333,0.23255814,0.45,PS,PS,,19000.0,,,41216.0,,23456.0,57194.0,,32665.0,,,56171.0,,0.0,American Baptist College,Nashville,0.8,0.1
8675.0,14219.0,14846.0,,12559.0,12983.0,16365.0,19443.0,19140.0,,,,,,47.0,5.0,12.0,1250.0,13070.0,3520.0,13696.0,3520.0,3520.0,1.0,3.0,0.9595,7365.0,,0.456,0.3569,42838950.0,50969512.0,15.0,1050.0,0.445,0.318199763,0.355253212,0.386381631,0.55890411,20547.0,13750.0,13250.0,12500.0,44301.0,8000.0,26869.0,64102.0,68200.0,38779.0,7300.0,23590.0,55555.0,55600.0,0.2693,Austin Peay State University,Clarksville,0.6685,0.4137
13846.0,13846.0,,13401.0,,,,,,12765.0,13450.0,15299.0,15626.0,12549.0,47.0,5.0,11.0,1022.0,3980.0,5943.0,7573.0,4295.0,4295.0,2.0,3.0,0.6776,673.0,,0.4698,0.7272,75177752.0,85369696.0,6.0,1050.0,0.5375,0.591065292,0.572649573,0.522906793,0.661073826,29500.0,15750.0,16000.0,16750.0,72529.0,20300.0,48076.0,97481.0,89000.0,59224.0,19600.0,37810.0,78776.0,74200.0,0.325,Baptist Health Sciences University,Memphis,0.5278,0.5862
41320.0,41320.0,,32096.0,,,,,,19516.0,23270.0,27345.0,33191.0,42908.0,47.0,5.0,11.0,1400.0,14290.0,5560.0,19590.0,5560.0,5560.0,2.0,3.0,0.9636,7306.0,,0.1852,0.348,369312966.0,364333151.0,12.0,1277.0,0.717,0.648296593,0.688659794,0.706927176,0.774696707,20500.0,18749.0,18605.0,16750.0,55930.0,9600.0,32026.0,84814.0,83800.0,42770.0,9400.0,24044.0,63078.0,62700.0,0.6123,Belmont University,Nashville,0.8372,0.6859
18168.0,18168.0,,21803.0,,,,,,22495.0,21013.0,21838.0,21825.0,19450.0,47.0,5.0,32.0,1288.0,10537.0,1920.0,10537.0,1920.0,4620.0,2.0,3.0,0.9717,1671.0,,0.3114,0.3855,11860356.0,12024378.0,17.0,1035.0,0.349,0.247252747,0.191384615,0.275345948,0.490353698,27249.0,15634.0,18750.0,17375.0,47482.0,9700.0,30259.0,68992.0,79200.0,38990.0,7600.0,20922.0,59453.0,64200.0,0.0,Bethel University,McKenzie,0.5912,0.3526
18900.0,18900.0,,16494.0,,,,,,12480.0,13126.0,15443.0,18709.0,20893.0,47.0,5.0,32.0,1250.0,8550.0,3670.0,13599.0,3570.0,3570.0,2.0,3.0,,815.0,,0.224,0.3185,7931305.0,8140282.0,13.0,,0.5593,0.362934363,0.24,0.635616438,0.825581395,23000.0,12000.0,12000.0,16245.0,54434.0,6200.0,34075.0,85369.0,69600.0,45559.0,7800.0,27269.0,64312.0,64400.0,0.4724,Bryan College-Dayton,Dayton,0.6452,0.604
34700.0,34700.0,,18661.0,,,,,,15134.0,15829.0,17326.0,24387.0,25010.0,47.0,5.0,23.0,1600.0,10507.0,3736.0,9748.0,4686.0,4686.0,2.0,3.0,0.6827,1374.0,,0.3917,0.524,65772663.0,68655364.0,12.0,1111.0,0.4645,0.515810277,0.514734774,0.555825243,0.678571429,21500.0,13250.0,15316.0,15000.0,48382.0,8500.0,30972.0,68441.0,68300.0,39324.0,6800.0,25171.0,54173.0,51800.0,0.4209,Carson-Newman University,Jefferson City,0.7358,0.5598
37300.0,37300.0,,10896.0,,,,,,8886.0,13157.0,12547.0,11622.0,9103.0,47.0,5.0,11.0,1393.0,10731.0,2128.0,12285.0,2128.0,2128.0,2.0,3.0,0.8842,953.0,,0.3057,0.3121,46210324.0,41013467.0,9.0,1069.0,0.5599,0.503067485,0.580524345,0.483979764,0.637037037,27000.0,19715.0,15625.0,17500.0,57478.0,15300.0,34312.0,80059.0,87500.0,48592.0,9500.0,29497.0,70700.0,62400.0,0.4063,Christian Brothers University,Memphis,0.7257,0.6065
27840.0,27840.0,,18292.0,,,,,,16827.0,18220.0,17891.0,19155.0,23937.0,47.0,5.0,31.0,1200.0,10360.0,5340.0,10540.0,5760.0,13100.0,2.0,3.0,0.67,2053.0,,0.3254,0.2514,16009174.0,20022528.0,18.0,,0.4698,0.594520548,0.551451187,0.5625,0.706624606,17952.0,11080.0,11750.0,12000.0,57687.0,10200.0,38662.0,82086.0,67300.0,52246.0,6100.0,32883.0,77840.0,60300.0,0.2967,Cumberland University,Lebanon,0.6217,0.5303
38824.0,38824.0,,25610.0,,,,,,21886.0,18642.0,23820.0,26322.0,30873.0,47.0,5.0,11.0,1650.0,14804.0,4400.0,14490.0,4400.0,4400.0,2.0,3.0,0.6664,3021.0,,0.2118,0.3344,102543919.0,100562332.0,13.0,1248.0,0.687,0.61042524,0.66918429,0.65060241,0.776183644,19500.0,12500.0,17750.0,17750.0,55541.0,13400.0,36819.0,82845.0,82200.0,50454.0,10500.0,33838.0,70276.0,60600.0,0.6072,Lipscomb University,Nashville,0.8592,0.7171
9950.0,13790.0,15794.0,,13158.0,13625.0,16944.0,19753.0,20907.0,,,,,,47.0,5.0,13.0,1350.0,10270.0,6930.0,11938.0,8280.0,6630.0,1.0,3.0,0.8706,9807.0,,0.3519,0.3581,87795284.0,101832006.0,18.0,1114.0,0.4988,0.492142583,0.498566308,0.455367232,0.623347013,19442.0,14500.0,14304.0,14183.0,44859.0,8700.0,27964.0,66045.0,69400.0,38704.0,6800.0,24711.0,54895.0,54500.0,0.3443,East Tennessee State University,Johnson City,0.7394,0.5291
24298.0,24298.0,,26135.0,,,,,,21410.0,24865.0,27075.0,35437.0,30281.0,47.0,5.0,11.0,2000.0,11698.0,3500.0,11698.0,3500.0,3500.0,2.0,3.0,0.5791,950.0,,0.4827,0.5292,31077545.0,37007351.0,11.0,1236.0,0.4351,0.323943662,0.354497354,0.301960784,0.494949495,27000.0,13000.0,14005.0,23750.0,45454.0,8200.0,25449.0,63020.0,61100.0,33604.0,6100.0,16550.0,50394.0,47800.0,0.3896,Fisk University,Nashville,0.7282,0.4519
20796.0,20796.0,,19983.0,,,,,,17437.0,13190.0,17584.0,25594.0,24365.0,47.0,5.0,21.0,1200.0,8416.0,7500.0,7950.0,8500.0,6000.0,2.0,3.0,,261.0,,0.2725,0.3101,4939387.0,4338694.0,9.0,,0.6143,0.461538462,0.391304348,0.468253968,0.441860465,19500.0,10000.0,11818.0,11599.0,42198.0,10600.0,26564.0,58201.0,64200.0,34190.0,9400.0,23412.0,47193.0,45200.0,0.4722,Welch College,Gallatin,0.65,0.4878
25000.0,25000.0,,20082.0,,,,,,15478.0,16267.0,19533.0,22611.0,23201.0,47.0,5.0,32.0,1300.0,8540.0,3750.0,4500.0,3000.0,2000.0,2.0,3.0,0.9062,1244.0,,0.2249,0.3978,75524714.0,74994778.0,13.0,1109.0,0.6837,0.471518987,0.53008596,0.630699088,0.726256983,21500.0,13671.0,15063.0,18519.0,47485.0,6400.0,26510.0,69867.0,74800.0,40086.0,8600.0,26846.0,53937.0,51100.0,0.5911,Freed-Hardeman University,Henderson,0.8061,0.6473
20318.0,20318.0,,20303.0,,,,,,14271.0,17570.0,18930.0,22121.0,23774.0,47.0,5.0,41.0,1200.0,9278.0,4206.0,11139.0,4206.0,4206.0,2.0,3.0,0.5377,703.0,,0.3827,0.565,126645568.0,125108003.0,11.0,1072.0,0.6216,0.38047138,0.300911854,0.57480315,0.734375,21500.0,10400.0,14000.0,16250.0,40596.0,6600.0,24899.0,55177.0,58800.0,35649.0,5500.0,22994.0,47372.0,47400.0,0.5634,Johnson University,Knoxville,0.7419,0.673
34800.0,34800.0,,23508.0,,,,,,22300.0,19281.0,21500.0,28318.0,26331.0,47.0,5.0,13.0,1706.0,10262.0,3516.0,6890.0,7160.0,7160.0,2.0,3.0,0.5439,975.0,,0.4188,0.6446,37562390.0,38788787.0,12.0,,0.4643,0.530546624,0.398838335,0.538643533,0.610677083,22750.0,16750.0,19368.0,16983.0,59831.0,12800.0,37050.0,88672.0,91100.0,52248.0,10700.0,34803.0,77754.0,69900.0,0.4158,King University,Bristol,0.5986,0.4595
11790.0,11790.0,,14494.0,,,,,,14494.0,,,,,47.0,5.0,13.0,700.0,7610.0,3580.0,7880.0,2500.0,2500.0,2.0,3.0,,822.0,,0.7941,0.602,6436292.0,8311609.0,17.0,,0.1703,0.208538588,0.252204586,0.078771696,0.110882957,30500.0,17750.0,13125.0,16500.0,31670.0,5400.0,16766.0,46586.0,50600.0,24623.0,3300.0,11966.0,38992.0,36700.0,0.1199,Lane College,Jackson,0.4505,0.259
12076.0,12076.0,,8992.0,,,,,,8457.0,9131.0,9198.0,9342.0,,47.0,5.0,11.0,1250.0,6100.0,750.0,7000.0,2500.0,2500.0,2.0,3.0,0.9717,571.0,,0.7126,0.624,13569823.0,14924978.0,9.0,,0.247,,,0.116071429,PS,28070.0,17000.0,16105.0,18000.0,35594.0,8700.0,19395.0,53377.0,60200.0,25992.0,6000.0,13889.0,40738.0,41800.0,0.0811,Le Moyne-Owen College,Memphis,0.6,0.2114
22690.0,22690.0,,20399.0,,,,,,13887.0,13815.0,16890.0,23697.0,26299.0,47.0,5.0,13.0,1250.0,9340.0,4020.0,9340.0,4020.0,4020.0,2.0,3.0,0.7219,2712.0,,0.2673,0.4483,27776527.0,30326624.0,12.0,1144.0,0.6067,0.478967495,0.506572295,0.506126798,0.66581306,25750.0,18041.0,19500.0,20500.0,43222.0,6100.0,25758.0,61725.0,60400.0,38082.0,6400.0,22486.0,52503.0,45800.0,0.486,Lee University,Cleveland,0.8104,0.586
26150.0,26150.0,,17999.0,,,,,,14423.0,12970.0,19591.0,22243.0,25680.0,47.0,5.0,32.0,1500.0,11808.0,4100.0,8982.0,4601.0,4601.0,2.0,3.0,0.5927,1487.0,,0.3635,0.5436,48282346.0,50545523.0,9.0,1093.0,0.5392,0.51509434,0.550943396,0.523472099,0.655007949,20000.0,16694.0,15000.0,15000.0,49956.0,12400.0,30592.0,72811.0,69900.0,45242.0,8600.0,29033.0,66449.0,59200.0,0.3881,Lincoln Memorial University,Harrogate,0.6934,0.5721
10506.0,10506.0,15133.0,,10377.0,13291.0,15701.0,18790.0,18352.0,,,,,,47.0,5.0,32.0,1500.0,8600.0,7500.0,8700.0,10500.0,9900.0,1.0,3.0,0.8271,827.0,,0.3304,0.3337,260323.0,699686.0,13.0,1088.0,0.3566,0.308641975,0.346889952,0.370851371,0.588495575,21500.0,9500.0,12125.0,12000.0,38924.0,4100.0,22783.0,55993.0,58900.0,36151.0,6600.0,22168.0,51280.0,44700.0,0.2664,The University of Tennessee Southern,Pulaski,0.6425,0.3204
38514.0,38514.0,,20986.0,,,,,,15787.0,17122.0,19434.0,23500.0,26602.0,47.0,5.0,21.0,1228.0,13000.0,2986.0,13000.0,2986.0,2986.0,2.0,3.0,0.6568,1028.0,,0.3536,0.8073,109333104.0,102150862.0,12.0,1181.0,0.4718,0.394666667,0.512605042,0.625,0.675675676,25375.0,14750.0,14125.0,15460.0,49279.0,12600.0,34298.0,70568.0,76400.0,39305.0,9600.0,25922.0,54414.0,49600.0,0.3854,Maryville College,Maryville,0.6871,0.5592
10344.0,14784.0,13253.0,,10985.0,12003.0,15357.0,18600.0,19252.0,,,,,,47.0,5.0,11.0,920.0,10344.0,6462.0,12148.0,6462.0,6462.0,1.0,3.0,0.9338,13645.0,,0.3996,0.3877,255276488.0,341027186.0,17.0,1051.0,0.4942,0.456570156,0.507722008,0.335963102,0.474018127,23300.0,17500.0,15000.0,14250.0,48458.0,8800.0,29737.0,70926.0,74200.0,40921.0,7700.0,24959.0,59506.0,57900.0,0.3089,University of Memphis,Memphis,0.7121,0.5656
9506.0,29042.0,12599.0,,8371.0,9462.0,12840.0,17052.0,17620.0,,,,,,47.0,5.0,12.0,1260.0,11704.0,5350.0,11678.0,5564.0,5564.0,1.0,3.0,0.68,16115.0,,0.3137,0.3107,126863487.0,137359609.0,17.0,1119.0,0.54,0.502479711,0.501911084,0.443074624,0.580159062,20000.0,15000.0,14294.0,13249.0,48541.0,9900.0,30810.0,69704.0,72200.0,39941.0,8100.0,24455.0,55662.0,54700.0,0.379,Middle Tennessee State University,Murfreesboro,0.7765,0.5521
54892.0,54892.0,,25060.0,,,,,,12814.0,13319.0,16317.0,23056.0,33764.0,47.0,5.0,11.0,1125.0,12910.0,2619.0,12910.0,2619.0,2398.0,2.0,3.0,0.4968,1931.0,,0.1508,0.2786,394337368.0,405760962.0,11.0,1385.0,0.8164,0.787234043,0.792727273,0.833333333,0.868525896,21761.0,13621.0,19500.0,19500.0,66651.0,17000.0,43822.0,103868.0,118200.0,48898.0,9200.0,31799.0,71855.0,70400.0,0.7656,Rhodes College,Memphis,0.9121,0.8577
53698.0,53698.0,,27498.0,,,,,,10970.0,14429.0,18421.0,26923.0,37122.0,47.0,5.0,42.0,1200.0,15338.0,1750.0,15338.0,1750.0,1750.0,2.0,3.0,0.509,1598.0,,0.1488,0.3013,439971156.0,462795241.0,9.0,1336.0,0.8237,0.791666667,0.719827586,0.755319149,0.800947867,22855.0,13695.0,17500.0,19500.0,64911.0,12500.0,39809.0,99334.0,96500.0,53456.0,5400.0,32088.0,73155.0,54900.0,0.7411,The University of the South,Sewanee,0.8846,0.8034
25590.0,25590.0,,24334.0,,,,,,19100.0,20914.0,23907.0,27508.0,29508.0,47.0,5.0,21.0,1100.0,8460.0,4350.0,9250.0,4350.0,4350.0,2.0,3.0,0.6661,2673.0,,0.3092,0.4372,57796566.0,57688904.0,16.0,1116.0,0.5143,0.373001776,0.474956822,0.576,0.709534368,24500.0,18250.0,18750.0,15750.0,53723.0,7000.0,33870.0,85229.0,83000.0,44818.0,6200.0,26449.0,65654.0,59900.0,0.3807,Southern Adventist University,Collegedale,0.8205,0.5913
29264.0,29264.0,,14879.0,,,,,,11734.0,11881.0,14610.0,17049.0,17797.0,47.0,5.0,32.0,1400.0,9416.0,3000.0,15000.0,3000.0,3000.0,2.0,3.0,0.5941,832.0,,0.3843,0.5813,15313778.0,15866558.0,12.0,1051.0,0.4363,0.13125,0.339726027,0.554198473,0.647761194,20000.0,15000.0,13137.0,14000.0,45989.0,9000.0,30950.0,65645.0,67000.0,45987.0,9900.0,27523.0,62823.0,56600.0,0.348,Tennessee Wesleyan University,Athens,0.6378,0.5167
10144.0,18208.0,12817.0,,8492.0,9682.0,12478.0,17332.0,16862.0,,,,,,47.0,5.0,12.0,1400.0,10052.0,4950.0,10052.0,4950.0,4950.0,1.0,3.0,0.7702,9878.0,,0.3247,0.384,195118564.0,196413703.0,17.0,1117.0,0.5309,0.450589302,0.486367281,0.516076736,0.645600991,19500.0,12500.0,11750.0,12000.0,51151.0,10900.0,33200.0,74361.0,74600.0,42209.0,7800.0,27134.0,58348.0,56100.0,0.3496,The University of Tennessee-Chattanooga,Chattanooga,0.7447,0.5551
13484.0,31974.0,18109.0,,9397.0,12714.0,18820.0,23297.0,25438.0,,,,,,47.0,5.0,12.0,1598.0,12500.0,6096.0,12500.0,6096.0,6096.0,1.0,3.0,0.4599,28763.0,,0.2068,0.3009,1000884291.0,1053905216.0,18.0,1304.0,0.735,0.607814761,0.645588235,0.623328723,0.71382533,20500.0,16000.0,16875.0,15590.0,60249.0,12700.0,39008.0,88456.0,94300.0,47782.0,10700.0,31195.0,68781.0,69700.0,0.5562,The University of Tennessee-Knoxville,Knoxville,0.9108,0.7279
10208.0,16248.0,10299.0,,6949.0,8583.0,12457.0,14476.0,15325.0,,,,,,47.0,5.0,33.0,1500.0,7280.0,4600.0,10296.0,6600.0,6600.0,1.0,3.0,0.8732,4600.0,,0.3429,0.3338,51881379.0,55936458.0,15.0,1090.0,0.5483,0.437928408,0.46898263,0.467832399,0.604515659,21024.0,12687.0,13510.0,12766.0,44213.0,9400.0,30431.0,61331.0,67400.0,38863.0,7500.0,25215.0,54595.0,51600.0,0.3943,The University of Tennessee-Martin,Martin,0.7339,0.5337
8568.0,22284.0,10026.0,,9239.0,9436.0,11079.0,16738.0,16378.0,,,,,,47.0,5.0,11.0,1600.0,10120.0,5580.0,17534.0,6192.0,6192.0,1.0,3.0,0.9263,6498.0,,0.518,0.3924,92159036.0,100119402.0,13.0,1017.0,0.3303,0.333506224,0.339467312,0.2205074,0.382414515,27000.0,17660.0,16998.0,17500.0,42730.0,9500.0,25972.0,61975.0,70300.0,34160.0,7100.0,18094.0,51288.0,57900.0,0.2123,Tennessee State University,Nashville,0.6022,0.3096
10084.0,20116.0,14207.0,,9641.0,11325.0,14405.0,17795.0,18329.0,,,,,,47.0,5.0,33.0,1280.0,10502.0,5400.0,11508.0,5800.0,5400.0,1.0,3.0,0.8316,8495.0,,0.3103,0.3691,85351963.0,95074378.0,16.0,1148.0,0.5423,0.552858684,0.558202247,0.59802614,0.721478307,15650.0,11000.0,11850.0,10628.0,48501.0,11400.0,33538.0,71299.0,79100.0,43759.0,10000.0,29558.0,61737.0,58800.0,0.3537,Tennessee Technological University,Cookeville,0.7748,0.6246
29790.0,29790.0,,14459.0,,,,,,11013.0,11298.0,12303.0,17725.0,19093.0,47.0,5.0,11.0,,10150.0,2760.0,13590.0,12052.0,9658.0,2.0,3.0,0.7002,1697.0,,0.3049,0.4094,41847051.0,64304279.0,22.0,1090.0,0.5481,0.461305008,0.516509434,0.590163934,0.68115942,18744.0,14590.0,14850.0,14750.0,49378.0,10200.0,30775.0,77968.0,80900.0,46065.0,9600.0,28982.0,69103.0,75900.0,0.4632,Trevecca Nazarene University,Nashville,0.7507,0.5032
28500.0,28500.0,,22874.0,,,,,,18818.0,18160.0,21842.0,27678.0,26388.0,47.0,5.0,32.0,2100.0,10750.0,3900.0,9600.0,4944.0,4944.0,2.0,3.0,0.6042,903.0,,0.4518,0.5327,20293230.0,18665525.0,18.0,,0.3054,0.473794549,0.430555556,0.426494346,0.513422819,23250.0,13688.0,15968.0,13666.0,44367.0,15700.0,27593.0,62745.0,81000.0,39925.0,10000.0,24642.0,55580.0,59700.0,0.2066,Tusculum University,Greeneville,0.5804,0.395
38450.0,38450.0,,26815.0,,,,,,24793.0,21812.0,25531.0,27440.0,29835.0,47.0,5.0,13.0,750.0,12166.0,7910.0,13320.0,8830.0,8830.0,2.0,3.0,0.4718,1637.0,,0.2521,0.4705,50616906.0,55249409.0,8.0,1243.0,0.7092,0.585454545,0.638474295,0.622937294,0.736686391,20714.0,16500.0,16800.0,17625.0,53990.0,9900.0,34744.0,78063.0,77900.0,45505.0,10100.0,29697.0,66713.0,74000.0,0.6518,Union University,Jackson,0.8685,0.6862
63946.0,63946.0,,19040.0,,,,,,5797.0,4729.0,6211.0,14780.0,42754.0,47.0,5.0,11.0,1194.0,21054.0,3396.0,,,,2.0,3.0,0.0628,7143.0,,0.1851,0.105,10206067257.0,9684196096.0,7.0,1550.0,0.9269,0.883116883,0.923460899,0.791100124,0.822714681,14000.0,7500.0,11981.0,14000.0,91565.0,22300.0,59554.0,138460.0,144000.0,73909.0,12700.0,49418.0,109566.0,102200.0,0.8725,Vanderbilt University,Nashville,0.9641,0.937
42380.0,42380.0,,27401.0,,,,,,22928.0,24199.0,24921.0,27540.0,32121.0,48.0,6.0,12.0,1250.0,12500.0,3272.0,12500.0,3272.0,3272.0,2.0,3.0,0.6388,3129.0,,0.2202,0.4223,605598419.0,652799959.0,13.0,1189.0,0.6021,0.513994911,0.522262335,0.656968877,0.790513834,24250.0,11000.0,15750.0,17000.0,55736.0,9600.0,36361.0,80010.0,78700.0,46727.0,8700.0,29173.0,64891.0,57900.0,0.4596,Abilene Christian University,Abilene,0.7953,0.6051
,,,,,,,,,,,,,,48.0,6.0,21.0,,,,,,,2.0,3.0,,110.0,,0.2276,0.1463,48445590.0,45983455.0,9.0,,,,,,,,,,,,,,,,,,,,,,Amberton University,Garland,,
8319.0,18399.0,12915.0,,9347.0,10377.0,13147.0,18224.0,20902.0,,,,,,48.0,6.0,13.0,1200.0,11800.0,3870.0,11800.0,3870.0,3870.0,1.0,3.0,0.7923,5515.0,,0.2707,0.2525,228528638.0,232438053.0,18.0,1049.0,0.4073,0.358178054,0.398223538,0.497592847,0.679000925,20000.0,12432.0,12250.0,12500.0,50116.0,11200.0,32254.0,70895.0,77400.0,41050.0,8800.0,26295.0,56753.0,62600.0,0.2919,Angelo State University,San Angelo,0.716,0.462
19290.0,19290.0,,28599.0,,,,,,24353.0,25963.0,31779.0,32224.0,31647.0,48.0,6.0,11.0,1600.0,8310.0,4584.0,18019.0,4584.0,5620.0,2.0,3.0,,268.0,,0.5509,0.8565,,,18.0,,0.0455,0.353846154,0.282051282,0.357664234,0.566666667,27000.0,9500.0,9500.0,6864.0,44644.0,,23688.0,61630.0,,32206.0,,18148.0,50683.0,,0.0,Arlington Baptist University,Arlington,0.4356,0.2286
46500.0,46500.0,,23451.0,,,,,,19701.0,18021.0,22351.0,28185.0,27503.0,48.0,6.0,13.0,1250.0,13495.0,1375.0,9250.0,1555.0,3055.0,2.0,3.0,0.4666,1125.0,,0.3042,0.5176,158325617.0,171640451.0,11.0,1272.0,0.6949,0.600823045,0.678714859,0.707368421,0.765395894,24500.0,17375.0,19250.0,17188.0,61296.0,19000.0,43810.0,87608.0,91200.0,45242.0,10600.0,29750.0,62929.0,57200.0,0.6465,Austin College,Sherman,0.8,0.6827
10050.0,10050.0,,,,,,,,,,,,,48.0,6.0,32.0,1100.0,9000.0,2100.0,9000.0,1500.0,1700.0,2.0,3.0,0.2308,49.0,,0.339,0.0339,1637020.0,1605707.0,3.0,,,,,PS,PS,,,,,,,,,,46562.0,,29179.0,54741.0,,,Baptist Missionary Association Theological Seminary,Jacksonville,,1.0
54844.0,54844.0,,41942.0,,,,,,30674.0,30348.0,32236.0,37708.0,47442.0,48.0,6.0,12.0,1438.0,14235.0,3752.0,14594.0,4484.0,4484.0,2.0,3.0,0.5099,15007.0,,0.1298,0.3377,1993617000.0,1961763000.0,15.0,1313.0,0.8016,0.755983107,0.726569218,0.704527611,0.793902439,23000.0,19898.0,21500.0,19000.0,65793.0,15000.0,44166.0,94158.0,98100.0,56532.0,10700.0,35663.0,77398.0,68000.0,0.6966,Baylor University,Waco,0.9062,0.8192
36690.0,36690.0,,22240.0,,,,,,16380.0,18269.0,20148.0,26629.0,31244.0,48.0,6.0,11.0,800.0,12940.0,3852.0,8844.0,3852.0,3852.0,2.0,3.0,0.9106,1388.0,,0.3978,0.6629,26480089.0,28422359.0,16.0,988.0,0.4051,0.306581059,0.389830508,0.493775934,0.636604775,21852.0,15750.0,14292.0,15875.0,60883.0,11500.0,38795.0,87304.0,86600.0,48058.0,11400.0,31033.0,65425.0,71700.0,0.2737,Concordia University Texas,Austin,0.6319,0.3819
9748.0,21033.0,15137.0,,10936.0,11543.0,14374.0,19660.0,22683.0,,,,,,48.0,6.0,11.0,1248.0,12869.0,3410.0,12321.0,3964.0,4218.0,1.0,3.0,0.8947,7804.0,,0.3965,0.434,133138448.0,131349497.0,18.0,1086.0,0.3374,0.339110776,0.391234419,0.484611372,0.637063351,23000.0,17000.0,15500.0,13125.0,51865.0,12900.0,33062.0,71968.0,81800.0,42933.0,8700.0,25014.0,61360.0,64400.0,0.1966,Texas A & M University-Corpus Christi,Corpus Christi,0.585,0.3826
38140.0,38140.0,,30092.0,,,,,,28693.0,25864.0,27340.0,30289.0,33949.0,48.0,6.0,11.0,1320.0,10215.0,3195.0,12735.0,5886.0,5886.0,2.0,3.0,0.9108,2526.0,,0.239,0.3665,66791021.0,65529061.0,16.0,1109.0,0.6041,0.467302452,0.51686747,0.487400123,0.621654501,21591.0,16892.0,17625.0,15000.0,56807.0,9300.0,34818.0,81273.0,81300.0,45138.0,7700.0,27374.0,62493.0,68900.0,0.4576,Dallas Baptist University,Dallas,0.6377,0.613
20260.0,20260.0,,22456.0,,,,,,21705.0,20642.0,22517.0,23043.0,24553.0,48.0,6.0,21.0,1300.0,10101.0,5500.0,10101.0,5500.0,3900.0,2.0,3.0,0.8403,272.0,,0.5219,0.6494,365674.0,447066.0,13.0,1022.0,0.2391,0.274509804,0.313043478,0.407960199,0.507042254,24912.0,14000.0,15875.0,15000.0,43503.0,10600.0,23556.0,64776.0,81600.0,39868.0,5900.0,23365.0,57103.0,65500.0,0.1591,Dallas Christian College,Dallas,0.3867,0.193
50880.0,50880.0,,25470.0,,,,,,14372.0,14535.0,18311.0,22936.0,34646.0,48.0,6.0,11.0,1500.0,14360.0,3120.0,10272.0,3061.0,2226.0,2.0,3.0,0.542,1403.0,,0.2636,0.4694,92419000.0,90219000.0,11.0,1284.0,0.6802,0.648550725,0.636666667,0.751789976,0.851145038,23117.0,15250.0,13750.0,19500.0,58285.0,12700.0,35659.0,80012.0,83700.0,45950.0,10200.0,28065.0,63176.0,69100.0,0.6229,University of Dallas,Irving,0.8065,0.7252
30050.0,30050.0,,23790.0,,,,,,20306.0,21898.0,22088.0,24843.0,27661.0,48.0,6.0,32.0,1502.0,10629.0,2480.0,8276.0,2894.0,5034.0,2.0,3.0,0.601,1364.0,,0.3141,0.5307,83880235.0,70853780.0,15.0,,0.4797,0.330900243,0.319047619,0.51800554,0.723849372,23250.0,14000.0,15094.0,16084.0,52788.0,8700.0,35467.0,71231.0,76600.0,41759.0,9200.0,25452.0,57370.0,58200.0,0.42,East Texas Baptist University,Marshall,0.6915,0.45
7930.0,20947.0,12637.0,,9919.0,10334.0,11213.0,15899.0,19831.0,,,,,,48.0,6.0,13.0,1800.0,12082.0,4846.0,12082.0,4846.0,4846.0,1.0,3.0,0.8019,1748.0,,0.5126,0.4966,11565632.0,12115097.0,13.0,1006.0,0.312,0.448669202,0.475446429,0.486322188,0.584375,18953.0,12500.0,11862.0,12500.0,45515.0,13200.0,31078.0,61297.0,65000.0,41785.0,10000.0,27000.0,58517.0,52600.0,0.1667,Texas A&M University-Texarkana,Texarkana,0.6,0.2564
10026.0,22626.0,11268.0,,8709.0,8290.0,11193.0,17954.0,20442.0,,,,,,48.0,6.0,32.0,1202.0,9808.0,2968.0,11704.0,4000.0,4000.0,1.0,3.0,0.9259,8249.0,,0.405,0.3825,34196610.0,36081567.0,19.0,1067.0,0.4593,0.442316461,0.494939759,0.39211391,0.515352198,20500.0,14500.0,14250.0,13750.0,50296.0,10100.0,33068.0,66325.0,65500.0,43157.0,8400.0,26437.0,59106.0,52800.0,0.3221,Texas A & M University-Commerce,Commerce,0.6306,0.4314
,,,11130.0,,,,,,9387.0,9799.0,11096.0,15398.0,14922.0,48.0,6.0,11.0,,,,,,,2.0,3.0,0.9823,781.0,,0.4963,0.5746,,,13.0,,0.6827,0.624413146,0.520153551,0.298335467,0.368932039,25438.0,19590.0,19230.0,17578.0,40183.0,7500.0,25449.0,63848.0,72500.0,46666.0,6300.0,27045.0,71783.0,58700.0,0.5842,Hallmark University,San Antonio,0.6765,0.5833
31686.0,31686.0,,21031.0,,,,,,14534.0,15981.0,18485.0,20982.0,26442.0,48.0,6.0,12.0,1060.0,10634.0,3302.0,10634.0,3302.0,3302.0,2.0,3.0,0.9653,1275.0,,0.3838,0.8278,200754526.0,213618188.0,15.0,1064.0,0.4956,0.487119438,0.530092593,0.586243386,0.735891648,24711.0,12500.0,12500.0,14417.0,54771.0,9900.0,37653.0,77040.0,80700.0,44392.0,9300.0,28006.0,61897.0,59100.0,0.3877,Hardin-Simmons University,Abilene,0.6533,0.5182
38100.0,38100.0,,19710.0,,,,,,17782.0,17020.0,20618.0,23711.0,27103.0,48.0,6.0,11.0,1000.0,10816.0,5202.0,10816.0,6470.0,6470.0,2.0,3.0,0.8515,2777.0,,0.5395,0.5625,131245434.0,131481153.0,18.0,1092.0,0.498,0.405271829,0.453521127,0.512639029,0.704960836,22642.0,9500.0,11000.0,14000.0,55933.0,9700.0,32345.0,79846.0,85900.0,44595.0,8800.0,25503.0,64999.0,68800.0,0.3706,Houston Christian University,Houston,0.6915,0.454
7746.0,21330.0,11056.0,,7818.0,6760.0,9994.0,19555.0,22367.0,,,,,,48.0,6.0,12.0,1026.0,11014.0,4590.0,13724.0,4590.0,4590.0,1.0,3.0,0.753,6082.0,,0.438,0.2884,33886456.0,39232909.0,19.0,1105.0,0.5085,0.563282337,0.691756272,0.501034126,0.597883598,17831.0,13500.0,13750.0,13000.0,59004.0,13900.0,40766.0,76140.0,94100.0,52098.0,11900.0,32635.0,64507.0,67600.0,0.2607,University of Houston-Clear Lake,Houston,0.7526,0.5746
7708.0,17788.0,14623.0,,13486.0,13911.0,16332.0,19673.0,22498.0,,,,,,48.0,6.0,11.0,1296.0,,,9882.0,7710.0,7710.0,1.0,3.0,0.9064,12812.0,,0.5162,0.305,55453031.0,59055172.0,18.0,1041.0,0.3376,0.484329446,0.476909672,0.363386098,0.549680418,18750.0,14500.0,13657.0,12500.0,53551.0,11100.0,30812.0,72505.0,82000.0,49120.0,9900.0,27704.0,66363.0,64500.0,0.1454,University of Houston-Downtown,Houston,0.6741,0.343
7499.0,17291.0,8624.0,,6329.0,6764.0,6767.0,15553.0,20307.0,,,,,,48.0,6.0,13.0,1158.0,10494.0,3600.0,10382.0,4204.0,4836.0,1.0,3.0,0.7671,2630.0,,0.4396,0.3847,20342429.0,22186826.0,14.0,1085.0,0.2652,0.409535452,0.449353448,0.438366718,0.679738562,18973.0,12750.0,14250.0,13000.0,54467.0,10800.0,35230.0,82094.0,71200.0,44888.0,10400.0,27463.0,64407.0,60500.0,0.1219,University of Houston-Victoria,Victoria,0.6127,0.2456
9711.0,22191.0,13853.0,,10327.0,10690.0,12613.0,19459.0,22969.0,,,,,,48.0,6.0,11.0,1556.0,10830.0,4637.0,11022.0,5813.0,5813.0,1.0,3.0,0.6953,37175.0,,0.4089,0.319,1106417765.0,1216300190.0,21.0,1229.0,0.6492,0.524561869,0.602028937,0.570872346,0.706298784,18194.0,14200.0,13687.0,14519.0,62377.0,13600.0,39375.0,92999.0,100000.0,52768.0,10800.0,31080.0,73334.0,77200.0,0.4455,University of Houston,Houston,0.8644,0.6506
33322.0,33322.0,,25255.0,,,,,,20589.0,22305.0,26844.0,29620.0,29652.0,48.0,6.0,33.0,1500.0,10074.0,3082.0,8544.0,3248.0,2740.0,2.0,3.0,0.6769,716.0,,0.4217,0.6611,64574047.0,83111367.0,10.0,1019.0,0.3112,0.306590258,0.357142857,0.483766234,0.679802956,26793.0,9500.0,13166.0,11000.0,48376.0,8400.0,33222.0,64999.0,68900.0,38212.0,7800.0,23663.0,55284.0,51700.0,0.249,Howard Payne University,Brownwood,0.5477,0.3574
14703.0,14703.0,,19847.0,,,,,,19481.0,19707.0,21716.0,22434.0,22836.0,48.0,6.0,11.0,1000.0,8449.0,1500.0,10710.0,1500.0,1500.0,2.0,3.0,,982.0,,0.6236,0.7275,11284536.0,12783479.0,16.0,,0.3607,,,0.214689266,0.317073171,30750.0,15000.0,17500.0,17126.0,42937.0,9100.0,24894.0,59998.0,55400.0,38342.0,4500.0,21396.0,56981.0,50800.0,0.2951,Huston-Tillotson University,Austin,0.5054,0.3517
35660.0,35660.0,,20498.0,,,,,,17434.0,18203.0,20732.0,23772.0,28584.0,48.0,6.0,11.0,250.0,13746.0,4314.0,13636.0,4314.0,4314.0,2.0,3.0,0.9336,4545.0,,0.4293,0.7481,170836368.0,167858133.0,12.0,1042.0,0.5184,0.473684211,0.524249423,0.398932622,0.50899928,27000.0,22937.0,21500.0,18832.0,56733.0,12600.0,35538.0,80251.0,85300.0,47625.0,9300.0,27909.0,66628.0,69400.0,0.361,University of the Incarnate Word,San Antonio,0.7238,0.587
11720.0,11720.0,,10409.0,,,,,,8342.0,10067.0,11035.0,15463.0,16092.0,48.0,6.0,42.0,1000.0,9880.0,2680.0,8295.0,3000.0,3000.0,2.0,3.0,,730.0,,0.5226,0.4842,12073160.0,14315036.0,10.0,,0.1508,0.213186813,0.188405797,0.132743363,0.236111111,27000.0,12000.0,11598.0,14991.0,32992.0,4100.0,16808.0,48613.0,49600.0,27077.0,2200.0,14412.0,44410.0,36900.0,0.119,Jarvis Christian University,Hawkins,0.4878,0.36
8690.0,18482.0,11429.0,,9565.0,10103.0,12281.0,16562.0,18473.0,,,,,,48.0,6.0,12.0,1250.0,10272.0,5090.0,9266.0,5290.0,5090.0,1.0,3.0,0.8573,7945.0,,0.438,0.4115,147481501.0,157051397.0,18.0,1040.0,0.3718,0.301061008,0.320239112,0.38245836,0.564506713,21250.0,12589.0,12612.0,12500.0,49652.0,9400.0,30901.0,73800.0,89300.0,47077.0,7500.0,27292.0,68302.0,65500.0,0.1838,Lamar University,Beaumont,0.6099,0.4146
7846.0,19382.0,3061.0,,2677.0,2734.0,2791.0,5119.0,8972.0,,,,,,48.0,6.0,11.0,1270.0,9650.0,3126.0,9650.0,3222.0,3222.0,1.0,3.0,0.4596,6502.0,,0.6333,0.2798,93967070.0,98982284.0,21.0,1008.0,0.4892,0.507264687,0.53906763,0.481822365,0.628359592,15000.0,10998.0,10076.0,12543.0,48386.0,14400.0,29365.0,65061.0,72500.0,37327.0,10900.0,22016.0,56405.0,59100.0,0.2787,Texas A & M International University,Laredo,0.7364,0.5244
35500.0,35500.0,,25314.0,,,,,,19589.0,21319.0,24073.0,26469.0,29482.0,48.0,6.0,13.0,3060.0,10570.0,3128.0,13551.0,6108.0,3128.0,2.0,3.0,0.4068,1510.0,,0.134,0.243,25621542.0,27831294.0,11.0,1262.0,0.6111,0.482617587,0.464419476,0.500874636,0.613285884,26000.0,17972.0,20834.0,18500.0,57103.0,15600.0,37115.0,86554.0,104300.0,51058.0,14200.0,31398.0,75601.0,78600.0,0.5174,LeTourneau University,Longview,0.8054,0.6484
27298.0,27298.0,,25910.0,,,,,,23241.0,22721.0,26392.0,26478.0,26977.0,48.0,6.0,11.0,1300.0,8898.0,5488.0,8898.0,5488.0,5216.0,2.0,3.0,0.7319,1210.0,,0.3306,0.7504,31658132.0,36631268.0,12.0,1086.0,0.4871,0.523702032,0.590799031,0.532861476,0.637583893,20948.0,15373.0,17188.0,15333.0,53787.0,8300.0,34949.0,81706.0,76300.0,46464.0,10900.0,30139.0,67467.0,70700.0,0.3032,Lubbock Christian University,Lubbock,0.7391,0.44
33150.0,33150.0,,28690.0,,,,,,25906.0,25332.0,25729.0,28686.0,33693.0,48.0,6.0,22.0,1300.0,10720.0,3030.0,10720.0,3030.0,3030.0,2.0,3.0,0.9512,2959.0,,0.3685,0.6276,116690283.0,112726473.0,17.0,1098.0,0.534,0.504158004,0.520971302,0.538409704,0.68723099,26000.0,15000.0,15595.0,16750.0,56132.0,11600.0,35989.0,78352.0,76400.0,48368.0,8600.0,29943.0,67709.0,62500.0,0.3835,University of Mary Hardin-Baylor,Belton,0.6788,0.5352
31372.0,31372.0,,19988.0,,,,,,14614.0,15608.0,18512.0,23689.0,28964.0,48.0,6.0,12.0,200.0,9788.0,3350.0,8532.0,3350.0,3350.0,2.0,3.0,0.5765,1108.0,,0.4492,0.6044,104252941.0,106419941.0,13.0,1072.0,0.3862,0.339622642,0.381538462,0.469287469,0.601694915,27000.0,17203.0,20341.0,17500.0,48779.0,10000.0,32535.0,70366.0,75400.0,38647.0,9600.0,24045.0,54177.0,56500.0,0.2724,McMurry University,Abilene,0.646,0.3165
10310.0,12260.0,11882.0,,9575.0,9990.0,11235.0,17458.0,18593.0,,,,,,48.0,6.0,12.0,600.0,10240.0,3976.0,10240.0,3976.0,3114.0,1.0,3.0,0.8738,4043.0,,0.4004,0.4209,93439610.0,101451329.0,16.0,,0.4128,0.454330709,0.517498138,0.496604414,0.644894204,21030.0,13000.0,12500.0,14000.0,55747.0,10600.0,37019.0,80113.0,73100.0,46637.0,11300.0,28469.0,69582.0,69000.0,0.226,Midwestern State University,Wichita Falls,0.63,0.4902
11164.0,21244.0,14352.0,,10816.0,11452.0,13489.0,18573.0,21829.0,,,,,,48.0,6.0,12.0,1120.0,10805.0,3898.0,10680.0,5518.0,5058.0,1.0,3.0,0.7246,33680.0,,0.3608,0.391,246827932.0,267925126.0,23.0,1109.0,0.5957,0.548013245,0.566908993,0.502870442,0.628931773,19250.0,13639.0,14000.0,14000.0,57010.0,11700.0,36403.0,78812.0,79500.0,46304.0,10100.0,27813.0,63518.0,61300.0,0.4303,University of North Texas,Denton,0.7696,0.6215
31728.0,31728.0,,17760.0,,,,,,17664.0,24620.0,16021.0,14902.0,19614.0,48.0,6.0,11.0,,10706.0,3300.0,10706.0,3300.0,3300.0,2.0,3.0,,1110.0,,0.5749,0.646,38048551.0,43691813.0,11.0,,0.4243,0.404612159,0.475836431,0.386167147,0.476578411,24999.0,18171.0,17500.0,15000.0,48675.0,13100.0,30371.0,65309.0,69200.0,41195.0,11200.0,22319.0,58333.0,57200.0,0.3294,Our Lady of the Lake University,San Antonio,0.5833,0.3529
9859.0,19939.0,6500.0,,5006.0,5775.0,7695.0,13104.0,16528.0,,,,,,48.0,6.0,12.0,1190.0,9662.0,3766.0,9780.0,5280.0,5062.0,1.0,3.0,0.8482,27026.0,,0.6376,0.2558,128687783.0,133942399.0,19.0,1020.0,0.4927,0.504240642,0.501915709,0.456792384,0.568661972,12950.0,9454.0,9216.0,11000.0,49620.0,11500.0,29401.0,66597.0,77700.0,35812.0,8600.0,20493.0,55347.0,57500.0,0.2943,The University of Texas Rio Grande Valley,Edinburg,0.7891,0.5617
13498.0,13498.0,,20244.0,,,,,,18812.0,19446.0,19547.0,22322.0,24500.0,48.0,6.0,11.0,1000.0,7650.0,2600.0,9460.0,2600.0,2600.0,2.0,3.0,0.3381,600.0,,0.6976,0.5571,4180517.0,4507005.0,20.0,,0.381,,0.083916084,0.185840708,0.34375,23373.0,11825.0,9796.0,9418.0,29288.0,4900.0,12935.0,45883.0,53500.0,27021.0,3700.0,14151.0,42613.0,47300.0,0.3265,Paul Quinn College,Dallas,0.5567,0.2651
11299.0,26874.0,14041.0,,9605.0,10487.0,17552.0,20779.0,23032.0,,,,,,48.0,6.0,42.0,1571.0,10317.0,4611.0,8872.0,4611.0,3729.0,1.0,3.0,0.753,8527.0,,0.6244,0.5808,135757938.0,139829053.0,16.0,949.0,0.4322,0.325853202,0.37979798,0.238536837,0.420347003,27000.0,16258.0,19300.0,16750.0,45411.0,7200.0,23973.0,65217.0,71600.0,36350.0,6300.0,20096.0,58295.0,63200.0,0.1931,Prairie View A & M University,Prairie View,0.7405,0.4492
58128.0,58128.0,,12640.0,,,,,,3221.0,3666.0,1348.0,18783.0,39303.0,48.0,6.0,11.0,1400.0,15900.0,2850.0,15900.0,2850.0,2850.0,2.0,3.0,0.0788,4562.0,,0.1607,0.0625,7844941000.0,7700629000.0,6.0,1553.0,0.9569,0.902777778,0.902506964,0.844059406,0.882716049,11000.0,6500.0,11192.0,9804.0,89718.0,25700.0,62982.0,143920.0,161600.0,79751.0,10300.0,49934.0,116197.0,119700.0,0.8936,Rice University,Houston,0.9758,0.9306
51384.0,51384.0,,23636.0,,,,,,18740.0,20775.0,22064.0,26084.0,35487.0,48.0,6.0,11.0,2308.0,14010.0,3150.0,15686.0,3748.0,3748.0,2.0,3.0,0.8369,2729.0,,0.3947,0.4814,125862859.0,133673757.0,13.0,1135.0,0.6418,0.603636364,0.607142857,0.567552903,0.666965889,24803.0,21835.0,21500.0,18062.0,58826.0,10000.0,39489.0,86574.0,89500.0,47743.0,9700.0,28771.0,67458.0,64000.0,0.5443,Saint Edward's University,Austin,0.7797,0.6693
33660.0,33660.0,,18762.0,,,,,,17830.0,17460.0,16635.0,19337.0,26466.0,48.0,6.0,11.0,1094.0,10248.0,3902.0,10897.0,4762.0,4762.0,2.0,3.0,0.9334,2826.0,,0.3792,0.3625,130278297.0,135012778.0,15.0,1204.0,0.6862,0.532352941,0.598006645,0.565377532,0.645695364,19928.0,12500.0,14255.0,12000.0,59224.0,15600.0,37152.0,82590.0,96800.0,49971.0,9900.0,30234.0,69585.0,64300.0,0.4828,University of St Thomas,Houston,0.7335,0.6371
9228.0,19020.0,16025.0,,11736.0,12541.0,15419.0,21551.0,23198.0,,,,,,48.0,6.0,32.0,1380.0,11720.0,3866.0,11720.0,3866.0,3866.0,1.0,3.0,0.8539,18138.0,,0.3985,0.4631,149169282.0,163691637.0,20.0,1055.0,0.5507,0.552292264,0.6,0.526479267,0.670612009,21983.0,17250.0,16500.0,15000.0,54211.0,11900.0,36263.0,73178.0,78900.0,45337.0,10600.0,28856.0,61592.0,61200.0,0.3522,Sam Houston State University,Huntsville,0.7544,0.5927
37396.0,37396.0,,20410.0,,,,,,16646.0,16584.0,21461.0,25656.0,27675.0,48.0,6.0,33.0,50.0,10407.0,1575.0,11020.0,2000.0,2000.0,2.0,3.0,0.8797,1028.0,,0.4381,0.6576,81169308.0,78296935.0,15.0,,0.437,0.441176471,0.482758621,0.520193861,0.632786885,23250.0,11846.0,14250.0,14250.0,52228.0,10000.0,34553.0,74165.0,69100.0,45527.0,7800.0,28836.0,62508.0,56600.0,0.3783,Schreiner University,Kerrville,0.7197,0.4602
36242.0,36242.0,,21352.0,,,,,,19965.0,19516.0,19998.0,23906.0,23038.0,48.0,6.0,11.0,1300.0,11720.0,3100.0,4000.0,3000.0,3000.0,2.0,3.0,0.8895,1911.0,,0.4203,0.5217,233509022.0,235365568.0,10.0,989.0,0.5879,0.532347505,0.581034483,0.473222125,0.574750831,25563.0,19500.0,20500.0,18500.0,56955.0,17900.0,38690.0,79025.0,85300.0,44130.0,10600.0,27933.0,60639.0,59700.0,0.0591,St. Mary's University,San Antonio,0.6749,0.5942
64460.0,64460.0,,41778.0,,,,,,30165.0,16581.0,24746.0,37145.0,57595.0,48.0,6.0,21.0,800.0,18230.0,2600.0,10808.0,2600.0,2600.0,2.0,3.0,0.6122,7106.0,,0.1186,0.2174,2022673000.0,2024326000.0,11.0,1424.0,0.8325,0.605263158,0.703851262,0.714057508,0.782657658,19500.0,17000.0,17500.0,14000.0,78354.0,14900.0,50337.0,121566.0,126200.0,65556.0,12100.0,38016.0,94165.0,93700.0,0.7635,Southern Methodist University,Dallas,0.8961,0.8285
18610.0,18610.0,,19655.0,,,,,,16990.0,17898.0,19915.0,21796.0,22351.0,48.0,6.0,21.0,1406.0,9050.0,6194.0,14820.0,5148.0,5148.0,2.0,3.0,0.8423,1366.0,,0.495,0.6372,13573563.0,13429780.0,15.0,1014.0,0.3553,0.352253756,0.391843972,0.461187215,0.621212121,24725.0,14250.0,14995.0,15250.0,46238.0,6200.0,28464.0,63010.0,63500.0,37425.0,6700.0,22765.0,52052.0,49800.0,0.3032,Southwestern Assemblies of God University,Waxahachie,0.8125,0.5232
51058.0,51058.0,,27468.0,,,,,,18791.0,21567.0,24800.0,27434.0,33832.0,48.0,6.0,13.0,1300.0,13628.0,1620.0,16350.0,2370.0,2490.0,2.0,3.0,0.3907,1454.0,,0.2313,0.4302,366389813.0,377085053.0,11.0,1269.0,0.6934,0.731884058,0.635616438,0.689497717,0.753378378,25000.0,24750.0,16000.0,19500.0,56878.0,13200.0,37176.0,86002.0,96300.0,49249.0,11600.0,30025.0,67667.0,63200.0,0.6105,Southwestern University,Georgetown,0.8303,0.7374
10600.0,20680.0,15152.0,,11426.0,11174.0,14068.0,18985.0,21940.0,,,,,,48.0,6.0,33.0,1202.0,11142.0,3860.0,11142.0,3860.0,3860.0,1.0,3.0,0.8825,8746.0,,0.3679,0.4294,106949530.0,125352449.0,15.0,1074.0,0.5175,0.51572327,0.539886578,0.464927207,0.637278583,23409.0,18315.0,17500.0,17750.0,49634.0,12000.0,32573.0,67133.0,74100.0,43144.0,9800.0,27194.0,58761.0,56900.0,0.3837,Stephen F Austin State University,Nacogdoches,0.7129,0.5386
11450.0,23210.0,16438.0,,12144.0,12576.0,16117.0,21528.0,23150.0,,,,,,48.0,6.0,13.0,740.0,12270.0,4170.0,12480.0,3960.0,5710.0,1.0,3.0,0.8948,34547.0,,0.3615,0.4259,334120596.0,358612351.0,21.0,1093.0,0.5617,0.527698245,0.5980792,0.511992462,0.625650195,21000.0,14966.0,14835.0,15000.0,56906.0,13500.0,38577.0,80902.0,82200.0,46716.0,10800.0,29928.0,63304.0,61200.0,0.3665,Texas State University,San Marcos,0.7751,0.5953
24588.0,24588.0,,20581.0,,,,,,17482.0,18600.0,21435.0,22112.0,24537.0,48.0,6.0,31.0,1200.0,9032.0,3000.0,9032.0,3000.0,3000.0,2.0,3.0,0.5552,574.0,,0.3885,0.5602,21692471.0,23471980.0,12.0,1031.0,0.4109,0.382222222,0.444444444,0.442222222,0.628571429,26998.0,23685.0,22274.0,17750.0,52946.0,9300.0,32967.0,80092.0,79100.0,43643.0,7300.0,21384.0,63739.0,66600.0,0.2636,Southwestern Adventist University,Keene,0.704,0.4452
7592.0,17384.0,10991.0,,6209.0,9462.0,10614.0,18084.0,20654.0,,,,,,48.0,6.0,33.0,1490.0,10330.0,5504.0,9744.0,5504.0,8120.0,1.0,3.0,0.9562,1378.0,,0.5161,0.38,23837014.0,26286230.0,11.0,984.0,0.2744,0.212121212,0.135566188,0.366361366,0.49689441,15900.0,11250.0,11320.0,9250.0,41871.0,11600.0,22884.0,58116.0,70400.0,34340.0,8000.0,20759.0,49699.0,54700.0,0.1707,Sul Ross State University,Alpine,0.5833,0.3131
7878.0,17958.0,20261.0,,15477.0,16966.0,20599.0,22714.0,22981.0,,,,,,48.0,6.0,33.0,1560.0,10846.0,3816.0,13332.0,3816.0,3816.0,1.0,3.0,0.942,12263.0,,0.3711,0.4548,83786985.0,96354488.0,18.0,1068.0,0.5123,0.518543046,0.482500748,0.48965376,0.627332325,19606.0,13783.0,14050.0,13750.0,53040.0,12800.0,35348.0,73166.0,78500.0,46729.0,10700.0,30372.0,63379.0,62900.0,0.346,Tarleton State University,Stephenville,0.7381,0.5128
,,,,,,,,,,,,,,48.0,6.0,11.0,,,,,,,1.0,3.0,,864.0,,0.3516,0.5465,773466800.0,781164321.0,6.0,,,0.914285714,0.894886364,0.781758958,0.84082397,15000.0,16500.0,14774.0,13371.0,82206.0,32400.0,58134.0,108388.0,183900.0,73887.0,31300.0,57145.0,91688.0,123400.0,,The University of Texas Health Science Center at San Antonio,San Antonio,,
,,,,,,,,,,,,,,48.0,6.0,13.0,,,,,,,1.0,3.0,,559.0,,0.2051,0.4513,779202807.0,789556111.0,10.0,,,0.904605263,0.92384106,0.830827068,0.823943662,13396.0,15000.0,12500.0,12110.0,92961.0,30200.0,67466.0,122608.0,104900.0,82535.0,29700.0,66763.0,100608.0,102800.0,,The University of Texas Medical Branch at Galveston,Galveston,,
9892.0,26106.0,10204.0,,8028.0,8470.0,11410.0,15502.0,17903.0,,,,,,48.0,6.0,32.0,1190.0,10823.0,3322.0,11613.0,3859.0,3788.0,1.0,3.0,0.9229,4622.0,,0.5455,0.4648,125092998.0,145268686.0,16.0,1030.0,0.4559,0.242621694,0.395414462,0.426302841,0.559504577,22934.0,16027.0,15676.0,15450.0,51450.0,9500.0,32330.0,68303.0,81200.0,44882.0,9600.0,27115.0,60315.0,68600.0,0.2572,Texas A & M University-Kingsville,Kingsville,0.6698,0.4632
13099.0,40328.0,20924.0,,12273.0,12597.0,18685.0,26336.0,29548.0,,,,,,48.0,6.0,12.0,900.0,13154.0,6354.0,11780.0,6354.0,6354.0,1.0,3.0,0.6325,59099.0,,0.1923,0.2634,17219500588.0,18128516595.0,19.0,1272.0,0.8378,0.764223268,0.795539033,0.788558443,0.862496666,17804.0,14612.0,15000.0,15250.0,72097.0,19600.0,48234.0,106337.0,110600.0,59386.0,14400.0,39907.0,81508.0,80000.0,0.6078,Texas A & M University-College Station,College Station,0.9425,0.842
11728.0,29660.0,15235.0,,13535.0,13225.0,14602.0,20025.0,22617.0,,,,,,48.0,6.0,11.0,1150.0,10582.0,5316.0,12138.0,5316.0,5316.0,1.0,3.0,0.8129,30834.0,,0.3958,0.3281,203134018.0,206275898.0,23.0,1116.0,0.5652,0.494045332,0.548395942,0.51323052,0.663788352,17527.0,11558.0,11904.0,12000.0,63199.0,13500.0,41572.0,91958.0,88100.0,60902.0,10500.0,38722.0,88068.0,69000.0,0.3543,The University of Texas at Arlington,Arlington,0.7288,0.5415
11678.0,42778.0,19678.0,,12972.0,15543.0,18618.0,25697.0,28972.0,,,,,,48.0,6.0,11.0,724.0,14136.0,5034.0,14840.0,5034.0,5034.0,1.0,3.0,0.2912,42100.0,,0.2511,0.2706,5625135885.0,5741226537.0,18.0,1380.0,0.8764,0.767211868,0.806003752,0.726042073,0.797543472,20500.0,18750.0,18446.0,19500.0,75121.0,16200.0,50527.0,116556.0,120000.0,60896.0,12400.0,40112.0,88797.0,87100.0,0.7285,The University of Texas at Austin,Austin,0.9612,0.8896
14564.0,40064.0,17435.0,,11089.0,11910.0,14813.0,21886.0,25491.0,,,,,,48.0,6.0,12.0,1200.0,13832.0,3780.0,13730.0,4770.0,5650.0,1.0,3.0,0.6546,21317.0,,0.2973,0.3528,742548896.0,791614528.0,27.0,1300.0,0.7083,0.641025641,0.673547936,0.597744361,0.693009119,18000.0,13750.0,13063.0,14000.0,68227.0,15500.0,44421.0,101340.0,102300.0,57249.0,11600.0,33642.0,80605.0,72500.0,0.5559,The University of Texas at Dallas,Richardson,0.8813,0.7319
9744.0,25512.0,10726.0,,9413.0,9876.0,11289.0,16289.0,18978.0,,,,,,48.0,6.0,11.0,1646.0,10864.0,3662.0,12452.0,4520.0,4520.0,1.0,3.0,0.999,20547.0,,0.606,0.2946,353327003.0,362794518.0,20.0,982.0,0.4595,0.355888224,0.429275991,0.409772423,0.566016713,18000.0,12500.0,12500.0,13383.0,50923.0,11200.0,29422.0,70184.0,77900.0,37978.0,7400.0,22332.0,58305.0,60000.0,0.2098,The University of Texas at El Paso,El Paso,0.7735,0.5166
9920.0,25198.0,13931.0,,11040.0,10398.0,13583.0,19056.0,21450.0,,,,,,48.0,6.0,12.0,2860.0,10710.0,3092.0,9820.0,5590.0,5036.0,1.0,3.0,0.9154,7009.0,,0.3796,0.3266,188714671.0,195031492.0,17.0,1113.0,0.4677,0.531862745,0.530856005,0.525104603,0.701598579,17137.0,13250.0,12500.0,12500.0,57053.0,14800.0,36917.0,83095.0,87400.0,49355.0,10700.0,31573.0,71784.0,68600.0,0.3631,The University of Texas at Tyler,Tyler,0.7303,0.4321
57220.0,57220.0,,33531.0,,,,,,15531.0,12341.0,18714.0,32933.0,49598.0,48.0,6.0,11.0,800.0,14800.0,4240.0,14800.0,4240.0,4240.0,2.0,3.0,0.426,10919.0,,0.1347,0.2505,2440718000.0,2503569000.0,14.0,1303.0,0.8561,0.769903762,0.806796117,0.734984194,0.795241529,21500.0,20000.0,18959.0,18750.0,68424.0,14300.0,44497.0,98051.0,100100.0,60435.0,13300.0,39846.0,84757.0,72300.0,0.7382,Texas Christian University,Fort Worth,0.9428,0.8308
10008.0,10008.0,,10650.0,,,,,,10966.0,11282.0,8403.0,,,48.0,6.0,12.0,2300.0,8000.0,1500.0,8000.0,2600.0,1500.0,2.0,3.0,,644.0,,0.8536,0.6293,7430836.0,8312578.0,23.0,,0.1069,0.196832579,0.204134367,0.135483871,0.263157895,31000.0,20375.0,13000.0,19875.0,33752.0,4500.0,18016.0,52271.0,49700.0,27901.0,3400.0,13408.0,41801.0,42800.0,0.0687,Texas College,Tyler,0.597,0.1687
34920.0,34920.0,,22587.0,,,,,,20458.0,20270.0,22551.0,22601.0,26533.0,48.0,6.0,31.0,1000.0,11880.0,3650.0,14640.0,5920.0,4000.0,2.0,3.0,0.9479,1260.0,,0.3763,0.6593,102240096.0,93057629.0,10.0,1124.0,0.5518,0.475675676,0.517906336,0.596651446,0.711038961,25000.0,15000.0,14750.0,14000.0,53863.0,14300.0,35261.0,74010.0,86000.0,48125.0,10300.0,29257.0,66550.0,57100.0,0.3422,Texas Lutheran University,Seguin,0.6715,0.5482
10904.0,23212.0,9144.0,,7684.0,7920.0,9055.0,11317.0,16113.0,,,,,,48.0,6.0,12.0,1684.0,12780.0,3398.0,11836.0,4464.0,4256.0,1.0,3.0,0.8446,4122.0,,0.356,0.2983,63970248.0,64599317.0,20.0,1031.0,0.4298,0.1996337,0.318510858,0.540734824,0.672253259,17750.0,11501.0,12750.0,11746.0,56073.0,12200.0,37375.0,78631.0,82100.0,50020.0,11900.0,30495.0,72096.0,68700.0,0.2806,The University of Texas Permian Basin,Odessa,0.6136,0.444
8991.0,21965.0,11234.0,,7802.0,7976.0,9699.0,15948.0,19758.0,,,,,,48.0,6.0,11.0,1000.0,11843.0,2932.0,10449.0,5680.0,4364.0,1.0,3.0,0.8846,29675.0,,0.4225,0.4257,264163030.0,286634701.0,25.0,1102.0,0.5119,0.502711324,0.537340256,0.49022082,0.600316581,20500.0,15000.0,15000.0,14500.0,57131.0,14000.0,37060.0,80771.0,81400.0,46340.0,10100.0,28446.0,65289.0,60800.0,0.3192,The University of Texas at San Antonio,San Antonio,0.794,0.5324
9173.0,21773.0,19734.0,,19738.0,19676.0,19237.0,,,,,,,,48.0,6.0,11.0,1654.0,10914.0,6028.0,15320.0,6028.0,6028.0,1.0,3.0,0.9335,6619.0,,0.713,0.6527,75543963.0,85546076.0,16.0,913.0,0.1989,0.213955443,0.275427996,0.189351481,0.369908562,29000.0,17856.0,15000.0,13689.0,38924.0,6300.0,18610.0,59970.0,72500.0,32986.0,4700.0,16807.0,50015.0,52200.0,0.0593,Texas Southern University,Houston,0.5699,0.2624
11852.0,24451.0,20071.0,,13922.0,15173.0,18376.0,23239.0,24903.0,,,,,,48.0,6.0,11.0,1200.0,10460.0,4510.0,10460.0,4510.0,4510.0,1.0,3.0,0.7089,32446.0,,0.2575,0.4348,953209330.0,977855606.0,21.0,1182.0,0.6747,0.551956098,0.599219621,0.611172812,0.734296482,21500.0,17500.0,16000.0,14000.0,62454.0,14900.0,41009.0,91778.0,96800.0,52588.0,13300.0,33853.0,72818.0,72300.0,0.4448,Texas Tech University,Lubbock,0.8487,0.6432
37934.0,37934.0,,19398.0,,,,,,17583.0,18037.0,19764.0,23783.0,26015.0,48.0,6.0,11.0,1500.0,13024.0,4272.0,17328.0,5712.0,5712.0,2.0,3.0,0.6239,1671.0,,0.4114,0.4279,73285787.0,70099303.0,13.0,1051.0,0.3235,0.458947368,0.462242563,0.376344086,0.48346056,23125.0,16700.0,13000.0,11875.0,54053.0,9600.0,31559.0,68156.0,67900.0,44773.0,8200.0,27696.0,59808.0,57300.0,0.2255,Texas Wesleyan University,Fort Worth,0.6312,0.2932
8648.0,18720.0,10948.0,,8378.0,8345.0,11121.0,15974.0,17856.0,,,,,,48.0,6.0,12.0,1140.0,11358.0,3564.0,9477.0,4374.0,2916.0,1.0,3.0,0.9499,8804.0,,0.4045,0.3909,100343890.0,115023726.0,17.0,,0.4421,0.503137255,0.580812102,0.481269282,0.632716049,19218.0,14000.0,14223.0,13028.0,56544.0,12000.0,35935.0,77086.0,83700.0,48773.0,11200.0,30257.0,66824.0,71700.0,0.2749,Texas Woman's University,Denton,0.7362,0.5274
51352.0,51352.0,,23650.0,,,,,,14184.0,12334.0,15774.0,24156.0,35186.0,48.0,6.0,11.0,1000.0,14472.0,1400.0,14472.0,1400.0,9065.0,2.0,3.0,0.2816,2518.0,,0.164,0.2918,1712579517.0,1663739320.0,9.0,1407.0,0.8193,0.796666667,0.734126984,0.813909774,0.866834171,22954.0,18337.0,19500.0,19500.0,71668.0,15200.0,52586.0,107584.0,113200.0,55224.0,18700.0,36755.0,74088.0,76400.0,0.7336,Trinity University,San Antonio,0.9237,0.804
,,,,,,,,,,,,,,48.0,6.0,11.0,,,,,,,1.0,3.0,,460.0,,0.426,0.713,899272216.0,942144337.0,5.0,,,0.872053872,0.89869281,0.841059603,0.871244635,13063.0,12500.0,12500.0,12500.0,88757.0,30000.0,58915.0,115506.0,231700.0,89371.0,25200.0,67477.0,107240.0,128700.0,,The University of Texas Health Science Center at Houston,Houston,,
,,,,,,,,,,,,,,48.0,6.0,11.0,,,,,,,1.0,3.0,,1374.0,,0.143,0.5152,260758825.0,267188325.0,7.0,,,0.616009281,0.633663366,0.758357211,0.809399478,12268.0,12401.0,12500.0,11250.0,92348.0,22900.0,66133.0,123034.0,117300.0,84007.0,33100.0,62851.0,106138.0,125700.0,,Texas Tech University Health Sciences Center,Lubbock,,
23186.0,23186.0,,20540.0,,,,,,18610.0,18314.0,20654.0,22676.0,23518.0,48.0,6.0,33.0,780.0,9356.0,3300.0,13500.0,3300.0,3300.0,2.0,3.0,0.5405,2090.0,,0.3952,0.4338,87853223.0,114616109.0,10.0,,0.1919,0.335774059,0.351730589,0.396943029,0.544728435,23106.0,16445.0,15244.0,12750.0,51838.0,11300.0,33771.0,77809.0,78700.0,44159.0,10800.0,26660.0,65396.0,70100.0,0.0923,Wayland Baptist University,Plainview,0.4754,0.2604
9101.0,10996.0,20841.0,,17085.0,17997.0,20915.0,23058.0,23378.0,,,,,,48.0,6.0,31.0,1200.0,9449.0,4854.0,8582.0,4854.0,4854.0,1.0,3.0,0.9735,6771.0,,0.3933,0.382,111242804.0,122227931.0,18.0,1072.0,0.4731,0.392456677,0.429098577,0.503115776,0.643297381,19500.0,12530.0,12500.0,13000.0,50741.0,10900.0,34234.0,71388.0,78400.0,44399.0,10100.0,29499.0,60914.0,62400.0,0.1393,West Texas A & M University,Canyon,0.6715,0.4732
12500.0,12500.0,,10095.0,,,,,,8970.0,9926.0,12198.0,13826.0,17272.0,48.0,6.0,32.0,600.0,5000.0,1200.0,5000.0,2200.0,2000.0,2.0,3.0,,636.0,,0.7708,0.6218,7554612.0,7645662.0,18.0,,0.2,0.241791045,0.264770241,0.237472767,0.371134021,24989.0,18500.0,15000.0,12399.0,33159.0,7200.0,17006.0,49586.0,54500.0,28078.0,4100.0,12131.0,42414.0,48800.0,0.1371,Wiley University,Marshall,0.3167,0.2848
8050.0,8050.0,,8471.0,,,,,,8088.0,8963.0,9411.0,11855.0,,72.0,9.0,23.0,1600.0,6800.0,3000.0,7900.0,3060.0,4500.0,2.0,3.0,1.0,769.0,,0.804,0.245,134104.0,134104.0,18.0,,0.4603,0.39031339,0.482479784,0.361702128,0.481675393,15750.0,12000.0,11000.0,8100.0,28465.0,3300.0,14084.0,46781.0,52400.0,27766.0,3100.0,11455.0,48184.0,41100.0,0.2583,Universidad Adventista de las Antillas,Mayaguez,0.7614,0.4744
8280.0,8280.0,,6305.0,,,,,,5596.0,6663.0,9039.0,9843.0,,72.0,9.0,13.0,900.0,,,4800.0,3510.0,3510.0,2.0,3.0,,1517.0,,0.8351,0.071,,,28.0,,0.3574,0.304347826,0.376623377,0.420454546,0.596491228,5457.0,4000.0,,,25272.0,3200.0,13885.0,38594.0,39500.0,19079.0,1600.0,9197.0,31778.0,33500.0,0.1645,Atlantic University,Guaynabo,0.7305,0.4981
5986.0,5986.0,,4285.0,,,,,,3492.0,4079.0,7215.0,9174.0,10164.0,72.0,9.0,12.0,1504.0,5962.0,5409.0,5962.0,5409.0,5409.0,2.0,3.0,0.8636,594.0,,0.8331,0.1538,1313656.0,1391603.0,14.0,,0.3789,0.167095116,0.265306122,0.359430605,0.463087248,9393.0,7250.0,,,25021.0,3100.0,13728.0,37912.0,38100.0,19745.0,2200.0,8461.0,32820.0,31700.0,0.1398,Universidad Central de Bayamon,Bayamón,0.7971,0.4295
7797.0,7797.0,,10933.0,,,,,,9913.0,11660.0,15489.0,18647.0,19676.0,72.0,9.0,11.0,3528.0,,,15438.0,5432.0,5432.0,2.0,3.0,1.0,758.0,,0.6913,0.266,1152626.0,1168876.0,20.0,,0.69,0.334677419,0.51,0.390625,0.445544555,5500.0,5000.0,6332.0,4500.0,41544.0,5500.0,20474.0,60492.0,53500.0,32168.0,5200.0,16070.0,50877.0,55400.0,0.65,Albizu University-San Juan,San Juan,0.7919,0.4468
5966.0,5966.0,,7635.0,,,,,,7635.0,,,,,72.0,9.0,21.0,1650.0,,,7953.0,1958.0,1958.0,2.0,3.0,,113.0,,0.7176,0.1527,1975.0,17377.0,9.0,,0.44,0.102941176,0.210045662,0.247180451,0.346938776,10500.0,7063.0,,,22842.0,2900.0,12390.0,38346.0,40700.0,18349.0,2100.0,7923.0,32452.0,34500.0,0.125,Caribbean University-Carolina,Carolina,0.5714,0.25
6238.0,6238.0,,9421.0,,,,,,8370.0,10504.0,11663.0,,,72.0,9.0,23.0,3512.0,,,8038.0,6232.0,8928.0,2.0,3.0,0.8538,273.0,,0.7597,0.3344,2881637.0,3430132.0,12.0,,0.3919,0.290040769,0.424747475,0.257735849,0.377654663,15500.0,11000.0,11600.0,15626.0,24908.0,3500.0,13683.0,40900.0,40700.0,20637.0,2400.0,8601.0,33916.0,31200.0,0.1364,Pontifical Catholic University of Puerto Rico-Arecibo,Arecibo,0.8235,0.35
6340.0,6340.0,,10082.0,,,,,,9321.0,10319.0,13608.0,15251.0,17061.0,72.0,9.0,12.0,3512.0,6663.0,6285.0,8038.0,6661.0,9357.0,2.0,3.0,0.9033,3827.0,,0.8137,0.3163,9445370.0,11243215.0,22.0,1285.0,0.4794,0.290040769,0.424747475,0.257735849,0.377654663,15500.0,11000.0,11600.0,15626.0,24908.0,3500.0,13683.0,40900.0,40700.0,20637.0,2400.0,8601.0,33916.0,31200.0,0.1844,Pontifical Catholic University of Puerto Rico-Ponce,Ponce,0.7893,0.4846
6660.0,6660.0,,11987.0,,,,,,11987.0,,,,,72.0,9.0,21.0,1000.0,,,4000.0,2850.0,2850.0,2.0,3.0,,192.0,,0.5836,0.4413,,,3.0,,0.2105,0.177777778,0.203703704,PS,PS,12050.0,,,,23536.0,,12813.0,34310.0,,24867.0,,11377.0,39473.0,,0.0526,Universidad Teologica del Caribe,Trujillo Alto,1.0,0.4
2340.0,2340.0,200.0,,29.0,-32.0,5278.0,5317.0,,,,,,,72.0,9.0,11.0,1130.0,,,7350.0,1600.0,1340.0,1.0,3.0,0.8088,542.0,,0.7768,0.0,,,11.0,,0.3013,0.304347826,0.330508475,,,,,,,26510.0,5800.0,14638.0,41946.0,49300.0,22675.0,3500.0,10444.0,35939.0,41000.0,0.0781,Colegio Universitario de San Juan,San Juan,0.7647,0.25
6920.0,6920.0,,7559.0,,,,,,7230.0,10047.0,7592.0,,,72.0,9.0,11.0,2000.0,,,8000.0,4800.0,4800.0,2.0,3.0,,4579.0,,0.6885,0.3596,27761938.0,28440968.0,21.0,,0.3111,0.319727891,0.386698847,0.386463953,0.512064343,14250.0,10011.0,10000.0,10487.0,24490.0,3700.0,13268.0,39515.0,43100.0,21596.0,2400.0,9961.0,36124.0,36000.0,0.1243,Universidad Ana G. Mendez-Cupey Campus,San Juan,0.7037,0.3232
3370.0,3370.0,5244.0,,636.0,,7175.0,7920.0,,,,,,,72.0,9.0,11.0,1800.0,,,10000.0,2750.0,2750.0,1.0,3.0,0.8101,295.0,,0.6598,0.1306,1718767.0,2392975.0,4.0,,0.5714,0.281690141,0.4,0.5,PS,8875.0,8500.0,,,19474.0,,8306.0,33221.0,,9910.0,,,22658.0,,0.2381,Puerto Rico Conservatory of Music,San Juan,1.0,0.5556
4902.0,8502.0,5231.0,,4970.0,5538.0,6187.0,,,,,,,,72.0,9.0,11.0,3200.0,,,9144.0,2100.0,600.0,1.0,3.0,1.0,497.0,,0.7689,0.0,2653205.0,2858298.0,10.0,985.0,0.4493,0.3,0.363636364,,,,,,,21790.0,,8867.0,38269.0,,12949.0,,5315.0,25571.0,,0.0,Escuela de Artes Plasticas y Diseno de Puerto Rico,San Juan,0.76,0.4066
5580.0,5580.0,,9034.0,,,,,,8792.0,9109.0,10778.0,13230.0,,72.0,9.0,23.0,2460.0,5092.0,6360.0,8498.0,7433.0,7433.0,2.0,3.0,0.5067,2641.0,,0.8245,0.119,,,25.0,,0.4272,0.311918063,0.359531773,,,8500.0,6750.0,7675.0,5575.0,25416.0,,13950.0,40779.0,,21573.0,,8658.0,38171.0,,0.1231,Inter American University of Puerto Rico-San German,San German,0.7872,0.4494
5542.0,5542.0,,7607.0,,,,,,7394.0,8077.0,9829.0,,,72.0,9.0,22.0,2460.0,,,8498.0,7433.0,7433.0,2.0,3.0,0.4674,3002.0,,0.8396,0.1166,,,27.0,,0.3871,0.209486166,0.166781057,,,6250.0,5500.0,5500.0,4000.0,24776.0,,12949.0,42682.0,,23322.0,,10908.0,37767.0,,0.0808,Inter American University of Puerto Rico-Aguadilla,Aguadilla,0.7457,0.3631
5580.0,5580.0,,8036.0,,,,,,7802.0,8651.0,9765.0,12697.0,,72.0,9.0,13.0,2460.0,,,8498.0,7433.0,7433.0,2.0,3.0,0.3778,2275.0,,0.8139,0.1354,,,26.0,,0.3537,0.230708035,0.293557833,,,9000.0,6188.0,8250.0,5500.0,24539.0,,12963.0,40764.0,,22401.0,,10758.0,36923.0,,0.0609,Inter American University of Puerto Rico-Arecibo,Arecibo,0.75,0.4057
5542.0,5542.0,,7382.0,,,,,,7109.0,8242.0,10642.0,7910.0,,72.0,9.0,21.0,2460.0,,,8498.0,7433.0,7433.0,2.0,3.0,0.6583,919.0,,0.889,0.111,,,23.0,,0.3837,0.28548124,0.297841727,,,5200.0,3500.0,,,23204.0,,12656.0,37481.0,,18186.0,,7191.0,32551.0,,0.1733,Inter American University of Puerto Rico-Barranquitas,Barranquitas,0.7748,0.4436
5580.0,5580.0,,8964.0,,,,,,8424.0,9388.0,10800.0,13173.0,,72.0,9.0,11.0,2460.0,12539.0,7433.0,8498.0,7433.0,7433.0,2.0,3.0,0.6644,2692.0,,0.6592,0.1815,,,19.0,,0.316,0.372529964,0.33110883,,,10975.0,8499.0,8832.0,9920.0,30821.0,,16134.0,50138.0,,27318.0,,12296.0,43663.0,,0.183,Inter American University of Puerto Rico-Metro,San Juan,0.7296,0.3503
5580.0,5580.0,,8245.0,,,,,,8012.0,8421.0,10650.0,12835.0,,72.0,9.0,41.0,2460.0,,,8498.0,7433.0,7433.0,2.0,3.0,0.7029,2602.0,,0.8194,0.1803,,,22.0,,0.4311,0.28248974,0.305047144,,,6375.0,4500.0,5500.0,5000.0,26721.0,,14904.0,43184.0,,22276.0,,9380.0,36106.0,,0.1165,Inter American University of Puerto Rico-Ponce,Mercedita,0.7643,0.3667
5580.0,5580.0,,8787.0,,,,,,8581.0,9031.0,11943.0,12762.0,13891.0,72.0,9.0,23.0,2460.0,,,8498.0,7433.0,7433.0,2.0,3.0,0.3556,1149.0,,0.8348,0.1338,,,23.0,,0.3285,0.252554745,0.25751073,,,5750.0,5500.0,,,23132.0,,12888.0,37750.0,,21557.0,,9481.0,33962.0,,0.087,Inter American University of Puerto Rico-Fajardo,Fajardo,0.6914,0.3913
5580.0,5580.0,,8932.0,,,,,,8612.0,9498.0,11967.0,,,72.0,9.0,13.0,2460.0,,,8498.0,7433.0,7433.0,2.0,3.0,0.485,1661.0,,0.752,0.2648,,,25.0,,0.3936,0.270588235,0.288288288,,,9500.0,6500.0,,,25827.0,,14108.0,41029.0,,21635.0,,8949.0,34600.0,,0.1609,Inter American University of Puerto Rico-Guayama,Guayama,0.8063,0.5163
5580.0,5580.0,,8783.0,,,,,,8345.0,9393.0,10782.0,12816.0,,72.0,9.0,12.0,2460.0,7492.0,7433.0,8498.0,7433.0,7433.0,2.0,3.0,0.3642,3453.0,,0.8089,0.1439,,,28.0,,0.3301,0.205923836,0.261955746,,,8250.0,5400.0,5750.0,5500.0,29936.0,,17184.0,45503.0,,23776.0,,10103.0,38150.0,,0.0493,Inter American University of Puerto Rico-Bayamon,Bayamon,0.7149,0.3618
5954.0,5954.0,8142.0,,7670.0,8655.0,9460.0,9173.0,11744.0,,,,,,72.0,9.0,22.0,4168.0,,,11385.0,3090.0,3090.0,1.0,3.0,0.8174,1847.0,,0.8196,0.0625,,,20.0,921.0,0.4766,0.300598802,0.401333333,0.548736462,0.67114094,5500.0,5250.0,,,27997.0,,15965.0,46016.0,,18193.0,,7168.0,34603.0,,0.108,University of Puerto Rico-Aguadilla,Aguadilla,0.9788,0.459
5324.0,5324.0,11759.0,,11261.0,12466.0,13259.0,13208.0,,,,,,,72.0,9.0,13.0,2168.0,,,11385.0,4072.0,4894.0,1.0,3.0,0.6226,2788.0,,0.8571,0.0449,,,18.0,,0.5068,0.3619818,0.521081081,0.550151976,0.634042553,4500.0,4500.0,,,30512.0,,18436.0,45917.0,,19546.0,,7531.0,36058.0,,0.1034,University of Puerto Rico-Arecibo,Arecibo,0.7875,0.5061
6284.0,6284.0,9657.0,,9314.0,9780.0,10808.0,11242.0,9655.0,,,,,,72.0,9.0,12.0,2168.0,,,11161.0,4751.0,3953.0,1.0,3.0,0.9245,2967.0,,0.7793,0.0443,,,21.0,,0.3141,0.202965709,0.296187683,0.615720524,0.755395684,5500.0,5500.0,,,34409.0,,21475.0,53632.0,,22382.0,,8424.0,36919.0,,0.0226,University of Puerto Rico-Bayamon,Bayamon,0.7846,0.333
7986.0,7986.0,14072.0,,13801.0,14401.0,14824.0,14999.0,,,,,,,72.0,9.0,21.0,2793.0,,,11385.0,4072.0,3090.0,1.0,3.0,0.5273,2367.0,,0.7419,0.0352,,,17.0,904.0,0.4023,0.049309665,0.167619048,0.55513308,0.705882353,5500.0,4500.0,4500.0,4500.0,30626.0,,18884.0,45745.0,,22317.0,,8647.0,34874.0,,0.3611,University of Puerto Rico-Carolina,Carolina,0.7576,0.4503
5354.0,5354.0,9148.0,,8652.0,9610.0,10406.0,11049.0,15746.0,,,,,,72.0,9.0,21.0,2168.0,,,11385.0,4072.0,4894.0,1.0,3.0,0.9584,2201.0,,0.7568,0.0393,4663.0,4732.0,19.0,978.0,0.4861,0.361527967,0.510083037,0.65,0.697674419,5000.0,5000.0,,,30958.0,,20415.0,48488.0,,21819.0,,8764.0,33054.0,,0.0818,University of Puerto Rico at Cayey,Cayey,0.7884,0.4722
5364.0,5364.0,13487.0,,12801.0,13940.0,15920.0,17922.0,,,,,,,72.0,9.0,21.0,4168.0,,,11385.0,4072.0,4894.0,1.0,3.0,0.5849,2555.0,,0.7935,0.0319,24601.0,25257.0,11.0,,0.5293,0.408405172,0.545801527,0.614864865,0.736040609,5500.0,5500.0,,,29521.0,,17850.0,44472.0,,20013.0,,7394.0,33724.0,,0.1248,University of Puerto Rico-Humacao,Humacao,0.748,0.512
5274.0,5274.0,12684.0,,10257.0,14659.0,15527.0,16110.0,16166.0,,,,,,72.0,9.0,13.0,4168.0,,,11385.0,4072.0,4894.0,1.0,3.0,0.5217,9564.0,,0.6456,0.0875,380505.0,527690.0,19.0,,0.4696,0.30893186,0.605247813,0.63022508,0.74854482,8250.0,8000.0,7500.0,7500.0,48992.0,,26813.0,81247.0,,32706.0,,13426.0,62849.0,,0.0503,University of Puerto Rico-Mayaguez,Mayaguez,0.8421,0.5389
,,,,,,,,,,,,,,72.0,9.0,11.0,,,,,,,1.0,3.0,,224.0,,0.6629,0.2083,4041266.0,4717016.0,2.0,,,0.804878049,0.738888889,0.676691729,PS,,,,,45953.0,,25893.0,74500.0,,38222.0,,28234.0,50646.0,,,University of Puerto Rico-Medical Sciences,San Juan,,
5354.0,5354.0,7455.0,,7047.0,7848.0,8335.0,8538.0,9585.0,,,,,,72.0,9.0,12.0,4168.0,,,11385.0,4072.0,4894.0,1.0,3.0,0.5614,2276.0,,0.8113,0.0675,,,21.0,,0.5058,0.323284823,0.458121827,0.504237288,0.581699346,5500.0,5500.0,,,31394.0,,19115.0,49117.0,,22404.0,,8404.0,36781.0,,0.1268,University of Puerto Rico at Ponce,Ponce,0.8029,0.4735
5324.0,5324.0,6507.0,,5691.0,7089.0,8024.0,9161.0,12782.0,,,,,,72.0,9.0,11.0,4168.0,,,11385.0,3090.0,3090.0,1.0,3.0,0.532,8748.0,,0.6475,0.0555,998598.0,1876679.0,12.0,,0.5248,0.332532051,0.484848485,0.546583851,0.527607362,5500.0,5500.0,5500.0,5500.0,35723.0,,20985.0,57886.0,,22417.0,,8707.0,39396.0,,0.1955,University of Puerto Rico-Rio Piedras,San Juan,0.7986,0.5505
6920.0,6920.0,,7569.0,,,,,,6465.0,9118.0,12484.0,9867.0,6301.0,72.0,9.0,21.0,2000.0,,,8000.0,4800.0,4800.0,2.0,3.0,,4383.0,,0.699,0.301,24860588.0,24453711.0,23.0,,0.3641,0.285920369,0.346676931,0.334902488,0.47826087,14500.0,9750.0,10700.0,14075.0,24328.0,3800.0,12674.0,38614.0,41300.0,21125.0,2600.0,9834.0,35329.0,35000.0,0.0539,Universidad Ana G. Mendez-Carolina Campus,Carolina,0.6991,0.3249
6360.0,6360.0,,13024.0,,,,,,12215.0,12926.0,15784.0,17318.0,19383.0,72.0,9.0,11.0,2500.0,9200.0,7500.0,10000.0,7500.0,7500.0,2.0,3.0,0.5341,4042.0,,0.7081,0.2192,21613015.0,22654995.0,21.0,,0.436,0.46353167,0.486263736,0.402173913,0.540925267,16250.0,11250.0,11675.0,9500.0,31754.0,3300.0,14939.0,54237.0,46100.0,27544.0,2000.0,12465.0,45575.0,33100.0,0.1728,Universidad del Sagrado Corazon,Santurce,0.7909,0.4539
9810.0,9810.0,,16338.0,,,,,,15277.0,16276.0,18513.0,20951.0,21701.0,72.0,9.0,11.0,2448.0,10635.0,7868.0,12393.0,7868.0,7868.0,2.0,3.0,,3791.0,,0.6232,0.3405,23421518.0,23696861.0,17.0,,0.2356,0.049222798,0.114325069,0.480916031,0.632794457,22564.0,12542.0,12666.0,15500.0,47540.0,4600.0,25266.0,69091.0,61600.0,37753.0,3500.0,16176.0,59481.0,50500.0,0.0364,Universidad Politecnica de Puerto Rico,Hato Rey,0.7736,0.3313
6238.0,6238.0,,8264.0,,,,,,7867.0,8404.0,11642.0,13024.0,,72.0,9.0,13.0,3512.0,,,8038.0,5278.0,7974.0,2.0,3.0,0.973,597.0,,0.8346,0.2671,3682092.0,4382947.0,14.0,,0.4211,0.290040769,0.424747475,0.257735849,0.377654663,15500.0,11000.0,11600.0,15626.0,24908.0,3500.0,13683.0,40900.0,40700.0,20637.0,2400.0,8601.0,33916.0,31200.0,0.1126,Pontifical Catholic University of Puerto Rico-Mayaguez,Mayaguez,0.7667,0.4157
6920.0,6920.0,,7668.0,,,,,,6848.0,7897.0,9578.0,13157.0,,72.0,9.0,21.0,1700.0,,,8000.0,4800.0,4800.0,2.0,3.0,,7666.0,,0.8266,0.2693,28647784.0,29329658.0,26.0,,0.3021,0.286853552,0.379792512,0.400281228,0.519242155,13448.0,8750.0,9579.0,12250.0,26223.0,3500.0,14676.0,42305.0,41900.0,23727.0,2600.0,10662.0,38875.0,34900.0,0.062,Universidad Ana G. Mendez-Gurabo Campus,Gurabo,0.7513,0.3333
18238.0,18238.0,,22886.0,,,,,,22895.0,22854.0,,,,45.0,5.0,21.0,1500.0,,,8925.0,7914.0,5541.0,3.0,3.0,,445.0,,0.5762,0.5952,,,14.0,,0.0,0.222162162,0.178076996,0.192723315,0.386992275,26123.0,12643.0,15278.0,14700.0,34421.0,7100.0,17463.0,53014.0,67200.0,34115.0,7600.0,17590.0,54613.0,74600.0,0.0,South University-Columbia,Columbia,0.1,0.08
5966.0,5966.0,,6680.0,,,,,,6680.0,,,,,72.0,9.0,12.0,1650.0,,,7953.0,1958.0,1958.0,2.0,3.0,,419.0,,0.7457,0.2,4132.0,36345.0,10.0,,0.4167,0.102941176,0.210045662,0.247180451,0.346938776,10500.0,7063.0,,,22842.0,2900.0,12390.0,38346.0,40700.0,18349.0,2100.0,7923.0,32452.0,34500.0,0.2414,Caribbean University-Ponce,Ponce,0.5,0.1842
5966.0,5966.0,,6310.0,,,,,,6310.0,,,,,72.0,9.0,21.0,1650.0,,,7953.0,1958.0,1958.0,2.0,3.0,,176.0,,0.7943,0.1986,2156.0,18969.0,11.0,,0.625,0.102941176,0.210045662,0.247180451,0.346938776,10500.0,7063.0,,,22842.0,2900.0,12390.0,38346.0,40700.0,18349.0,2100.0,7923.0,32452.0,34500.0,0.2,Caribbean University-Vega Baja,Vega Baja,0.6875,0.5
20350.0,20350.0,,23591.0,,,,,,22498.0,23123.0,24549.0,25355.0,26846.0,47.0,5.0,11.0,700.0,,,5400.0,4400.0,4400.0,3.0,3.0,0.4327,278.0,,0.5772,0.7349,,,10.0,,0.3548,0.237623762,0.413043478,0.315960912,0.394736842,33498.0,17500.0,19000.0,17013.0,35113.0,4100.0,16555.0,49258.0,51700.0,28099.0,4500.0,15069.0,40426.0,43700.0,0.1935,Nossi College of Art and Design,Nashville,0.75,0.8039
7475.0,9275.0,,16267.0,,,,,,13437.0,14394.0,17715.0,18415.0,,48.0,6.0,11.0,975.0,4000.0,500.0,10728.0,2248.0,2248.0,2.0,3.0,,482.0,,0.7854,0.7366,582820.0,237820.0,12.0,,0.6,0.169117647,0.194444444,0.346153846,0.491803279,25570.0,14622.0,13414.0,15819.0,39260.0,9200.0,21510.0,60248.0,92600.0,33366.0,7800.0,15899.0,55124.0,66500.0,0.0,College of Biblical Studies-Houston,Houston,,0.5
,,,,,,,,,,,,,,48.0,6.0,11.0,,,,,,,1.0,3.0,,322.0,,0.3205,0.3501,5253885.0,6308524.0,9.0,,,0.699029126,0.181818182,0.740112994,PS,12500.0,12500.0,12750.0,11000.0,90232.0,,67740.0,115697.0,,72924.0,,55982.0,88316.0,,,The University of Texas MD Anderson Cancer Center,Houston,,
11200.0,11200.0,,18541.0,,,,,,17029.0,,21566.0,,,48.0,6.0,21.0,1500.0,12635.0,4546.0,19235.0,4546.0,2511.0,2.0,3.0,0.5,26.0,,0.8421,1.0,824851.0,837406.0,8.0,,0.5556,,,0.326530612,PS,,,,,29463.0,,17447.0,53629.0,,29135.0,,14863.0,46319.0,,0.3333,Messenger College,Bedford,0.6667,0.4615
9489.0,15686.0,,7589.0,,,,,,7487.0,7867.0,7984.0,,,72.0,9.0,13.0,1772.0,,,6300.0,1080.0,1080.0,2.0,3.0,1.0,60.0,,0.8767,0.1644,,,8.0,,0.3333,,,PS,PS,,,,,,,,,,,,,,,0.3333,San Juan Bautista School of Medicine,Caguas,0.625,0.3333
,,,,,,,,,,,,,,48.0,6.0,11.0,,,,,,,3.0,3.0,,,,,,,,,,,,,PS,PS,,,,,,,,,,,,,,,,Texas Health and Science University,Austin,,
12480.0,12480.0,,23878.0,,,,,,,24128.0,,23628.0,,48.0,6.0,21.0,1218.0,,,11717.0,6286.0,4377.0,2.0,3.0,1.0,272.0,,0.0824,0.0941,4244218.0,5416283.0,10.0,,0.4,0.277777778,0.170731707,0.387096774,PS,27000.0,14237.0,19500.0,9712.0,41471.0,,18321.0,62440.0,,30883.0,,15276.0,55089.0,,0.2727,The King's University,Southlake,1.0,0.3125
4220.0,4220.0,,5607.0,,,,,,5607.0,,,,,72.0,9.0,11.0,1000.0,3760.0,3136.0,4120.0,3312.0,2936.0,2.0,3.0,,138.0,,0.5786,0.0,,,10.0,,0.1429,0.263157895,0.239130435,,,,,,,21410.0,,12313.0,36945.0,,20908.0,,9149.0,37672.0,,0.2,Universidad Pentecostal Mizpa,Rio Piedras,0.0,0.2
15010.0,15010.0,,22721.0,,,,,,22474.0,,22417.0,23577.0,,47.0,5.0,13.0,1080.0,,,15350.0,4754.0,8804.0,2.0,3.0,,40.0,,0.3902,0.3415,,,7.0,,0.5,,0.545454545,0.342857143,PS,,,,,37474.0,,24221.0,49998.0,,47309.0,,32909.0,57157.0,,0.0,Williamson Christian College,Franklin,0.75,0.0
6970.0,6970.0,,4704.0,,,,,,4566.0,4968.0,6018.0,,,72.0,9.0,11.0,1500.0,,,6598.0,1000.0,1000.0,2.0,3.0,,270.0,,0.8996,0.2079,,,19.0,,0.5224,0.24260355,0.370509383,PS,PS,5185.0,5167.0,,,19761.0,2100.0,9317.0,33664.0,35000.0,17132.0,2200.0,7935.0,30414.0,35200.0,0.0448,Dewey University-Hato Rey,Hato Rey,0.6071,0.0562
13920.0,13920.0,,18466.0,,,,,,18466.0,,,,,47.0,5.0,11.0,675.0,,,9438.0,1125.0,1125.0,3.0,3.0,,2670.0,,0.8603,0.1463,,,39.0,,0.0,0.133444207,0.154570325,0.170581897,0.337864078,40621.0,12667.0,20636.0,22364.0,40092.0,11500.0,20698.0,62129.0,106500.0,36582.0,9600.0,18625.0,56532.0,83200.0,0.0,Strayer University-Tennessee,Memphis,0.4,0.0
13920.0,13920.0,,21360.0,,,,,,21360.0,,,,,42.0,2.0,21.0,675.0,,,9438.0,1125.0,1125.0,3.0,3.0,,1334.0,,0.68,0.1293,,,39.0,,,0.133444207,0.154570325,0.170581897,0.337864078,40621.0,12667.0,20636.0,22364.0,40092.0,11500.0,20698.0,62129.0,106500.0,36582.0,9600.0,18625.0,56532.0,83200.0,,Strayer University-Pennsylvania,Trevose,0.0,1.0
7680.0,7680.0,,8750.0,,,,,,8083.0,8031.0,10856.0,,,48.0,6.0,11.0,600.0,7670.0,1100.0,8530.0,1600.0,1500.0,2.0,3.0,,98.0,,0.3241,0.0185,4046875.0,4103344.0,12.0,,0.2727,0.272727273,,PS,PS,,,,,37709.0,,24454.0,54812.0,,27315.0,,,42409.0,,0.1,Baptist University of the Americas,San Antonio,0.5556,0.3529
14842.0,14842.0,,18264.0,,,,,,18264.0,,,,,48.0,6.0,11.0,1200.0,,,8057.0,1988.0,1785.0,3.0,3.0,,124.0,,0.7705,0.7459,,,15.0,,0.4545,0.151370833,0.163817146,0.180906855,0.27415476,31000.0,9500.0,12667.0,13020.0,36144.0,8300.0,18174.0,56003.0,102100.0,27823.0,5400.0,12996.0,44907.0,72300.0,0.5714,American InterContinental University-Houston,Houston,0.5,0.3333
23900.0,23900.0,,13766.0,,,,,,10291.0,12086.0,12510.0,18031.0,17783.0,42.0,2.0,13.0,1200.0,9900.0,2800.0,9900.0,2800.0,3800.0,2.0,3.0,0.8178,650.0,,0.4823,0.6133,1068010.0,1251035.0,17.0,,0.4337,0.295857988,0.339285714,0.392156863,0.548387097,27000.0,12594.0,11249.0,9793.0,52374.0,,34213.0,69826.0,,34365.0,,18813.0,53420.0,,0.2551,Harrisburg University of Science and Technology,Harrisburg,0.7252,0.3333
13920.0,13920.0,,22134.0,,,,,,22134.0,,,,,45.0,5.0,13.0,675.0,,,9438.0,1125.0,1125.0,3.0,3.0,,1830.0,,0.7889,0.1452,,,39.0,,0.0,0.133444207,0.154570325,0.170581897,0.337864078,40621.0,12667.0,20636.0,22364.0,40092.0,11500.0,20698.0,62129.0,106500.0,36582.0,9600.0,18625.0,56532.0,83200.0,0.0,Strayer University-South Carolina,Greenville,0.1667,0.0
13920.0,13920.0,,17517.0,,,,,,18092.0,16943.0,,,,48.0,6.0,21.0,675.0,,,9438.0,1125.0,1125.0,3.0,3.0,,2397.0,,0.7428,0.1031,,,39.0,,0.5,0.133444207,0.154570325,0.170581897,0.337864078,40621.0,12667.0,20636.0,22364.0,40092.0,11500.0,20698.0,62129.0,106500.0,36582.0,9600.0,18625.0,56532.0,83200.0,0.25,Strayer University-Texas,Farmers Branch,0.2,0.1667
9548.0,23124.0,13220.0,,11412.0,11600.0,14295.0,18063.0,20436.0,,,,,,48.0,6.0,11.0,1200.0,10760.0,4304.0,11472.0,5580.0,5580.0,1.0,3.0,0.92,6224.0,,0.5083,0.4008,4211101.0,4485645.0,19.0,954.0,0.2937,0.582857143,,,,18401.0,13127.0,12500.0,12655.0,54338.0,,,64918.0,,43479.0,,29125.0,58378.0,,0.119,Texas A&M University-San Antonio,San Antonio,0.6316,
13365.0,13365.0,,21611.0,,,,,,18449.0,20006.0,20720.0,25365.0,25365.0,44.0,1.0,12.0,1200.0,,,11200.0,1758.0,1758.0,2.0,3.0,0.5426,1980.0,,0.3559,0.5762,42303386.0,45845661.0,11.0,,0.0,0.512580877,0.584014957,0.610088326,0.735520454,26000.0,17250.0,18277.0,14250.0,43418.0,9100.0,25436.0,63933.0,68100.0,35802.0,8700.0,21130.0,51901.0,51700.0,0.0,Johnson & Wales University-Online,Providence,0.5417,0.0
12836.0,12836.0,,17950.0,,,,,,15554.0,19251.0,22451.0,24799.0,24909.0,48.0,6.0,21.0,1122.0,8360.0,3498.0,10000.0,5500.0,5000.0,2.0,3.0,,573.0,,0.5143,0.404,,,15.0,,0.2698,0.230769231,0.231707317,PS,PS,4925.0,5500.0,2750.0,2750.0,,,,,,32221.0,,18300.0,55342.0,,0.2222,North American University,Stafford,0.4333,0.2941
19686.0,19686.0,,32247.0,,,,,,31843.0,32189.0,,,35652.0,48.0,6.0,11.0,600.0,,,14540.0,7808.0,7808.0,3.0,3.0,0.9565,2416.0,,0.4952,0.7937,,,10.0,,0.0,0.49228169,0.503994394,0.541874536,0.622781457,20919.0,16577.0,15795.0,17250.0,92405.0,13200.0,66826.0,120947.0,94100.0,84533.0,27800.0,62630.0,108596.0,98800.0,0.0,Chamberlain University-Texas,Houston,0.75,0.0
7630.0,7630.0,,4039.0,,,,,,3586.0,5045.0,5898.0,,,72.0,9.0,21.0,1600.0,,,5800.0,1000.0,1000.0,2.0,3.0,,255.0,,0.8938,0.2123,,,16.0,,0.7429,0.24260355,0.370509383,PS,PS,5185.0,5167.0,,,19761.0,2100.0,9317.0,33664.0,35000.0,17132.0,2200.0,7935.0,30414.0,35200.0,0.0286,Dewey University-Manati,Manati,0.6667,0.0596
14310.0,14310.0,,12929.0,,,,,,,10032.0,11109.0,13131.0,21955.0,48.0,6.0,11.0,842.0,8681.0,3915.0,14202.0,4662.0,4662.0,2.0,3.0,0.9167,118.0,,0.3443,0.2377,8679828.0,8786887.0,5.0,,0.5714,,0.346938776,0.44,PS,25346.0,,14250.0,,43185.0,,19114.0,71440.0,,42026.0,,26762.0,61018.0,,0.1429,Criswell College,Dallas,0.6364,0.4286
16715.0,16715.0,,25957.0,,,,,,26507.0,23232.0,,30857.0,,48.0,6.0,12.0,2508.0,,,8928.0,7920.0,7920.0,3.0,3.0,,1014.0,,0.52,0.8021,,,14.0,,,0.652895909,0.747831116,0.597508591,0.686904762,32946.0,26500.0,24145.0,20630.0,102672.0,,61405.0,132904.0,,96114.0,32100.0,65076.0,122867.0,125100.0,,West Coast University-Dallas,Richardson,0.75,
15204.0,15204.0,20826.0,,18032.0,20397.0,20910.0,25494.0,25449.0,,,,,,42.0,2.0,13.0,1840.0,,,13448.0,3222.0,1854.0,1.0,3.0,0.8027,7554.0,,0.2967,0.4118,71065300.0,72618248.0,16.0,1198.0,0.3363,0.573754019,0.609746714,0.639834847,0.760363336,25000.0,19000.0,20000.0,19700.0,63435.0,14400.0,40301.0,93790.0,94200.0,55620.0,11600.0,34752.0,79149.0,71200.0,0.1717,Pennsylvania State University-World Campus,University Park,0.6629,0.3297
18238.0,18238.0,,24532.0,,,,,,25179.0,18666.0,,27266.0,24982.0,48.0,6.0,12.0,1500.0,,,8925.0,7914.0,5541.0,3.0,3.0,,243.0,,0.5382,0.5868,,,12.0,,0.0909,0.222162162,0.178076996,0.192723315,0.386992275,26123.0,12643.0,15278.0,14700.0,34421.0,7100.0,17463.0,53014.0,67200.0,34115.0,7600.0,17590.0,54613.0,74600.0,0.0,South University-Austin,Round Rock,0.1667,0.2667
11905.0,11905.0,,11881.0,,,,,,10866.0,,12897.0,,,47.0,5.0,11.0,400.0,4600.0,5363.0,11794.0,7666.0,5363.0,2.0,3.0,1.0,23.0,,0.3529,0.0,164370.0,178922.0,3.0,,0.75,,,,,,,,,,,,,,,,,,,0.75,Mid-South Christian College,Memphis,1.0,1.0
6760.0,6760.0,,,,,,,,,,,,,48.0,6.0,12.0,900.0,,,15552.0,11961.0,4221.0,2.0,3.0,,215.0,,0.1196,0.0761,,,12.0,,,,,,,,,,,,,,,,,,,,,,Grace School of Theology,Conroe,,0.0
17488.0,17488.0,,,,,,,,,,,,,48.0,6.0,11.0,400.0,,,14536.0,7708.0,7708.0,3.0,3.0,0.0,26.0,,0.369,0.4405,,,1.0,,0.3333,0.218566206,0.195822076,0.282223068,0.443987851,24807.0,11756.0,14317.0,14750.0,45987.0,11500.0,25449.0,71271.0,91000.0,42178.0,7700.0,23114.0,63768.0,73100.0,0.3333,DeVry University-Texas,Irving,,0.25
6627.0,16419.0,1113.0,,509.0,3946.0,-1325.0,,,,,,,,48.0,6.0,41.0,1400.0,,,11664.0,3244.0,3244.0,1.0,3.0,1.0,1698.0,,0.4847,0.4275,3333796.0,3522561.0,15.0,,,0.532413793,0.62962963,,,17750.0,12500.0,13500.0,12816.0,,,,,,50382.0,,33999.0,65238.0,,,Texas A&M University-Central Texas,Killeen,,
,,,,,,,,,,,,,,48.0,6.0,11.0,,,,,,,3.0,3.0,,20.0,,0.2222,0.4259,,,7.0,,0.0,0.219897166,0.241965106,0.218911048,0.342430963,31553.0,15000.0,19953.0,18466.0,37752.0,13300.0,18569.0,59631.0,110100.0,35359.0,9000.0,16841.0,56259.0,84700.0,0.0,University of Phoenix-Texas,Dallas,,0.1818
9590.0,22189.0,8376.0,,7316.0,8563.0,7686.0,14157.0,15780.0,,,,,,48.0,6.0,11.0,1500.0,9954.0,3864.0,7900.0,4878.0,4506.0,1.0,3.0,0.9386,2914.0,,0.5148,0.2966,944981.0,968626.0,17.0,916.0,0.4379,0.350694444,0.38,,,18606.0,12500.0,12500.0,11691.0,,,,,,51716.0,,31421.0,66910.0,,0.2931,University of North Texas at Dallas,Dallas,0.7042,0.4299
9054.0,9054.0,,,,,,,,,,,,,46.0,4.0,12.0,3900.0,,,7108.0,6562.0,6562.0,3.0,3.0,,141.0,,0.78,0.6333,,,11.0,,0.1024,,,,,,7082.0,,,,,,,,,,,,,0.0873,California Intercontinental University,Sioux Falls,,1.0
20572.0,20572.0,,26389.0,,,,,,26389.0,,,,,45.0,5.0,12.0,950.0,,,12761.0,4701.0,4701.0,2.0,3.0,0.6207,140.0,,0.1986,0.3759,1843852.0,1914780.0,8.0,1137.0,0.64,,,,,12500.0,,,,,,,,,,,,,,0.55,American College of the Building Arts,Charleston,1.0,0.4583
39350.0,39350.0,,21131.0,,,,,,12172.0,14848.0,20830.0,22332.0,25534.0,47.0,5.0,22.0,1300.0,8000.0,4376.0,7050.0,5706.0,4066.0,2.0,3.0,0.7027,783.0,,0.2344,0.4901,51050100.0,49949904.0,9.0,1195.0,0.6029,0.647342995,0.549407115,0.663507109,0.760683761,25219.0,18500.0,19010.0,18063.0,46641.0,12100.0,33603.0,70084.0,75800.0,43168.0,9800.0,29203.0,62041.0,65600.0,0.5294,Milligan University,Milligan,0.7943,0.7005
,,,,,,,,,,,,,,47.0,5.0,11.0,,,,,,,1.0,3.0,,376.0,,0.1254,0.5017,242944778.0,253790824.0,7.0,,,0.844660194,0.837209302,,,12500.0,12500.0,12484.0,7500.0,66318.0,,53909.0,87229.0,,68668.0,,44845.0,86432.0,,,The University of Tennessee Health Science Center,Memphis,,
,,,,,,,,,,,,,,48.0,6.0,11.0,,,,,,,1.0,3.0,,235.0,,0.531,0.6977,160765266.0,162928460.0,9.0,,,,,,,12500.0,12500.0,12500.0,12421.0,,,,,,,,,,,,Texas Tech University Health Sciences Center-El Paso,El Paso,,
10488.0,10488.0,,19116.0,,,,,,19116.0,,,,,44.0,1.0,12.0,225.0,,,16200.0,225.0,225.0,2.0,3.0,,398.0,,0.5684,0.4947,,,7.0,,,,,,,12500.0,5500.0,,,,,,,,,,,,,,College Unbound,Providence,0.5714,
23760.0,23760.0,,33228.0,,,,,,32827.0,29871.0,31579.0,39211.0,,48.0,6.0,11.0,,,,11844.0,10503.0,7037.0,3.0,3.0,1.0,383.0,,0.6542,0.8068,,,20.0,,,0.586859688,0.590994371,0.261904762,0.337078652,9500.0,9500.0,9500.0,10250.0,34657.0,5100.0,17281.0,48422.0,45700.0,32840.0,4000.0,17567.0,43637.0,39100.0,,Arizona College of Nursing-Dallas,Dallas,0.6429,
8229.0,8229.0,,7157.0,,,,,,7157.0,,,,,48.0,6.0,21.0,120.0,5322.0,1400.0,10112.0,6588.0,6864.0,2.0,3.0,,43.0,,0.5957,0.0,40000.0,540000.0,10.0,,0.0,,,,,,,,,,,,,,,,,,,0.0,Christ Mission College,San Antonio,0.7143,0.5
10504.0,21504.0,,17687.0,,,,,,16912.0,16936.0,24250.0,,,72.0,9.0,12.0,600.0,,,11320.0,6100.0,17420.0,3.0,3.0,0.5795,65.0,,0.8696,0.1957,,,2.0,,0.7778,,,PS,PS,,,,,,,,,,,,,,,0.7778,Ponce Health Sciences University-East,Ponce,0.85,
14520.0,14520.0,,12714.0,,,,,,12740.0,11018.0,12225.0,16221.0,17857.0,48.0,6.0,21.0,1250.0,,,11628.0,3272.0,3272.0,2.0,3.0,1.0,918.0,,0.5992,0.7402,93626172.0,100923582.0,26.0,,,0.513994911,0.522262335,0.656968877,0.790513834,24250.0,11000.0,15750.0,17000.0,55736.0,9600.0,36361.0,80010.0,78700.0,46727.0,8700.0,29173.0,64891.0,57900.0,,Abilene Christian University-Undergraduate Online,Addison,0.4,
11046.0,22870.0,18877.0,,13799.0,14068.0,17711.0,21110.0,23167.0,,,,,,42.0,2.0,32.0,1200.0,11106.0,3118.0,10616.0,3240.0,5000.0,1.0,3.0,0.9475,9309.0,,0.2934,0.5842,78738633.0,76522240.0,19.0,1093.0,0.5302,0.516775599,0.577078289,0.662662663,0.7928051,26000.0,19500.0,20000.0,19500.0,52416.0,14100.0,35693.0,72563.0,75900.0,44053.0,10400.0,29136.0,60540.0,59500.0,0.4124,Commonwealth University of Pennsylvania,Bloomsburg,0.748,0.5831
11388.0,16006.0,19352.0,,14651.0,15059.0,18863.0,23147.0,24265.0,,,,,,42.0,2.0,32.0,1240.0,13200.0,3480.0,10770.0,3480.0,3480.0,1.0,3.0,0.9365,8134.0,,0.3686,0.5682,105049439.0,112892752.0,17.0,1076.0,0.5103,0.359133127,0.496004566,0.583313297,0.697799731,23725.0,16750.0,17500.0,16228.0,47295.0,9700.0,30587.0,64952.0,69600.0,38474.0,9000.0,24177.0,53827.0,57700.0,0.3976,Pennsylvania Western University,California,0.7043,0.5324
,,,,,,,,,,,,,,48.0,6.0,11.0,,,,,,,3.0,3.0,,70.0,,,,,,9.0,,,0.858490566,0.906906907,0.725099602,0.744541485,26500.0,27122.0,19513.0,18013.0,81809.0,,55991.0,107032.0,,80184.0,,63011.0,96382.0,,,Denver College of Nursing-Houston,Houston,,
6496.0,6496.0,,14487.0,,,,,,9531.0,10224.0,12374.0,16389.0,20042.0,49.0,7.0,12.0,1040.0,9720.0,5736.0,9720.0,5736.0,5736.0,2.0,3.0,0.6919,32221.0,,0.3229,0.1163,3123969000.0,2775383000.0,21.0,1376.0,0.8221,0.547360539,0.655660377,0.764562195,0.851105976,11069.0,8000.0,9000.0,8250.0,75790.0,7000.0,39894.0,119196.0,127300.0,58450.0,4900.0,30263.0,87154.0,79300.0,0.2807,Brigham Young University,Provo,0.8905,0.8204
16491.0,16491.0,,28945.0,,,,,,29106.0,28304.0,,,,49.0,7.0,13.0,,,,11100.0,9840.0,5055.0,3.0,3.0,,252.0,,0.4828,0.6935,,,22.0,,0.5278,0.599423631,0.595121951,0.217100868,0.287410926,43021.0,17946.0,24000.0,24862.0,37518.0,4600.0,20717.0,54175.0,58000.0,36393.0,4700.0,20649.0,51015.0,43300.0,0.3889,Eagle Gate College-Murray,Murray,0.6667,0.3571
9228.0,24802.0,12869.0,,9601.0,9966.0,11599.0,14825.0,17671.0,,,,,,49.0,7.0,13.0,856.0,8644.0,4192.0,8890.0,4192.0,4192.0,1.0,3.0,0.9362,20342.0,,0.2569,0.1925,532367445.0,555549165.0,19.0,1189.0,0.5732,0.457947607,0.508864887,0.654810343,0.802721088,14340.0,10255.0,9782.0,8750.0,54022.0,6300.0,28475.0,80715.0,88000.0,44822.0,5400.0,25537.0,65311.0,64100.0,0.304,Utah State University,Logan,0.7415,0.5744
6270.0,17830.0,8463.0,,6381.0,7303.0,8871.0,11410.0,14064.0,,,,,,49.0,7.0,13.0,670.0,,,9234.0,3556.0,3556.0,1.0,3.0,,27481.0,,0.2337,0.0895,84136334.0,98599692.0,28.0,,0.4074,0.292503675,0.340686275,0.539522744,0.745842372,14750.0,10225.0,9500.0,6649.0,55486.0,6800.0,30185.0,86094.0,94600.0,46825.0,5900.0,26124.0,69504.0,67300.0,0.1716,Utah Valley University,Orem,0.6967,0.3943
9315.0,29837.0,13172.0,,10447.0,10667.0,12398.0,16886.0,17278.0,,,,,,49.0,7.0,12.0,1100.0,12398.0,7800.0,18200.0,7800.0,7800.0,1.0,3.0,0.8717,26041.0,,0.201,0.215,1360642000.0,1589401000.0,18.0,1231.0,0.6391,0.474244256,0.572067594,0.664106145,0.77104288,19000.0,14500.0,14783.0,13000.0,67170.0,10400.0,40587.0,99335.0,108700.0,55239.0,9700.0,34515.0,78555.0,79100.0,0.3428,University of Utah,Salt Lake City,0.8538,0.7292
41416.0,41416.0,,26536.0,,,,,,17947.0,19820.0,21345.0,26189.0,30467.0,49.0,7.0,12.0,1000.0,11770.0,3681.0,15107.0,4184.0,4184.0,2.0,3.0,0.6883,882.0,,0.2508,0.6608,80307609.0,78856401.0,8.0,1249.0,0.6936,0.5,0.526570048,0.672240803,0.769673704,22250.0,19256.0,20500.0,15750.0,66215.0,11800.0,38860.0,95331.0,90700.0,52994.0,12100.0,33676.0,75416.0,73400.0,0.585,Westminster University,Salt Lake City,0.7594,0.6398
64644.0,64644.0,,31918.0,,,,,,18950.0,18334.0,26325.0,30794.0,43365.0,50.0,1.0,32.0,1200.0,18640.0,2800.0,18640.0,2800.0,2800.0,2.0,3.0,0.4804,759.0,,0.2124,0.4942,36022212.0,40749368.0,9.0,1358.0,0.6667,0.65248227,0.79047619,0.725409836,0.794117647,26000.0,15423.0,18198.0,21250.0,38289.0,5000.0,19841.0,67910.0,55800.0,24711.0,5000.0,8892.0,42378.0,41500.0,0.5114,Bennington College,Bennington,0.8505,0.6776
45550.0,45550.0,,35000.0,,,,,,26378.0,26755.0,33025.0,35867.0,40631.0,50.0,1.0,13.0,1000.0,16900.0,2484.0,13720.0,2484.0,2484.0,2.0,3.0,0.6672,2870.0,,0.2314,0.5134,25253711.0,27438005.0,13.0,1262.0,0.6301,0.531215772,0.612903226,0.708333333,0.802067947,26814.0,17201.0,20495.0,20000.0,58386.0,12800.0,33909.0,89444.0,73000.0,48844.0,11900.0,27226.0,81182.0,63000.0,0.5325,Champlain College,Burlington,0.7666,0.6892
19568.0,19568.0,,30152.0,,,,,,27429.0,,,,35596.0,50.0,1.0,42.0,1200.0,2100.0,634.0,12000.0,7586.0,7586.0,2.0,3.0,0.1951,113.0,,0.5268,0.6875,751629.0,861669.0,7.0,,0.75,0.597560976,0.677419355,0.504716981,0.5625,18750.0,18000.0,,,25552.0,4200.0,9643.0,56207.0,61900.0,41102.0,,19318.0,64292.0,,0.5,Goddard College,Plainfield,1.0,0.5
65280.0,65280.0,,25934.0,,,,,,10270.0,8548.0,14741.0,22228.0,48804.0,50.0,1.0,32.0,1000.0,18600.0,1000.0,7700.0,6080.0,1000.0,2.0,3.0,0.1037,2785.0,,0.1673,0.2279,1302000380.0,1303473464.0,9.0,1500.0,0.9259,0.882943144,0.926470588,0.837209302,0.860119048,13857.0,7303.0,11975.0,13153.0,76310.0,13900.0,48442.0,124474.0,165400.0,57291.0,14000.0,36807.0,87323.0,89700.0,0.7098,Middlebury College,Middlebury,0.9358,0.9134
49600.0,49600.0,,25600.0,,,,,,19842.0,20895.0,22423.0,25197.0,31555.0,50.0,1.0,42.0,1500.0,14000.0,2760.0,15800.0,2700.0,2700.0,2.0,3.0,0.7361,2490.0,,0.2445,0.459,283445000.0,262930000.0,12.0,1190.0,0.6103,0.583333333,0.606927711,0.733333333,0.856589147,25000.0,19000.0,18617.0,16030.0,65575.0,11900.0,42747.0,86999.0,85200.0,59743.0,11500.0,36289.0,74168.0,65800.0,0.5382,Norwich University,Northfield,0.694,0.6296
50040.0,50040.0,,30033.0,,,,,,18855.0,19637.0,24230.0,27761.0,34664.0,50.0,1.0,22.0,1000.0,16495.0,1687.0,16495.0,1687.0,2387.0,2.0,3.0,0.9185,1157.0,,0.177,0.5831,94359408.0,93377433.0,10.0,1241.0,0.6887,0.783382789,0.832524272,0.815147625,0.86115993,26922.0,19500.0,21500.0,23000.0,61317.0,16600.0,46033.0,81070.0,89500.0,46898.0,13200.0,29031.0,64042.0,59400.0,0.6275,Saint Michael's College,Colchester,0.8411,0.7883
40760.0,40760.0,,30785.0,,,,,,,13954.0,32290.0,40040.0,33820.0,50.0,1.0,43.0,1200.0,10950.0,1500.0,10950.0,2000.0,4000.0,2.0,3.0,0.9231,66.0,,0.3465,0.3564,1065705.0,1086825.0,9.0,,0.4286,0.558823529,0.658536585,0.64516129,PS,23000.0,16596.0,,,30573.0,,22107.0,,,27109.0,,16134.0,42821.0,,0.2857,Sterling College,Craftsbury Common,0.3,0.4
11400.0,21408.0,20865.0,,16958.0,16623.0,19809.0,24115.0,26240.0,,,,,,50.0,1.0,43.0,1000.0,12898.0,1650.0,13326.0,2340.0,2340.0,1.0,3.0,0.8323,3567.0,,0.3148,0.5528,,,9.0,,0.4894,0.602247191,0.671497585,0.755198488,0.82422452,15000.0,12000.0,9750.0,11000.0,50331.0,15700.0,35188.0,74896.0,74600.0,41340.0,11600.0,25775.0,60599.0,63500.0,0.3214,Vermont State University,Randolph,0.6681,0.4601
18890.0,43890.0,20860.0,,11958.0,13113.0,17261.0,22233.0,28049.0,,,,,,50.0,1.0,13.0,1200.0,13354.0,2354.0,15014.0,3260.0,4908.0,1.0,3.0,0.6002,11614.0,,0.1283,0.384,761013000.0,835279000.0,17.0,1357.0,0.7856,0.721046771,0.707465719,0.780859917,0.836973479,20951.0,16417.0,18048.0,17500.0,62472.0,12800.0,39819.0,91148.0,86800.0,48164.0,10700.0,29913.0,68542.0,63200.0,0.6994,University of Vermont,Burlington,0.8816,0.7783
38550.0,38550.0,,23262.0,,,,,,21743.0,22129.0,19655.0,24859.0,27470.0,51.0,5.0,32.0,1000.0,13016.0,2874.0,10592.0,2874.0,2874.0,2.0,3.0,0.478,1162.0,,0.3904,0.6754,26654790.0,24708420.0,13.0,1054.0,0.4357,0.460496614,0.479674797,0.451733833,0.55142232,25000.0,16250.0,17125.0,17225.0,51516.0,13300.0,33532.0,75785.0,87000.0,46273.0,12200.0,31935.0,64477.0,72300.0,0.3107,Averett University,Danville,0.5863,0.4173
29696.0,29696.0,,22198.0,,,,,,22017.0,22146.0,20952.0,21214.0,23958.0,51.0,5.0,32.0,440.0,9814.0,3370.0,8358.0,3870.0,3870.0,2.0,3.0,0.6272,683.0,,0.4567,0.6199,6707650.0,7300199.0,15.0,,0.2714,0.397435897,0.419141914,0.442338073,0.660377359,21855.0,14031.0,13000.0,12000.0,48896.0,12600.0,32976.0,72675.0,87100.0,41923.0,10000.0,26984.0,60260.0,76000.0,0.1905,Bluefield University,Bluefield,0.4932,0.3557
41350.0,41350.0,,20173.0,,,,,,14410.0,19132.0,21102.0,21317.0,21465.0,51.0,5.0,23.0,905.0,14370.0,3420.0,11975.0,4639.0,4639.0,2.0,3.0,0.9081,1388.0,,0.2939,0.6477,97906051.0,102601810.0,12.0,1225.0,0.4944,0.610894942,0.588582677,0.738621587,0.817180617,26000.0,17000.0,18094.0,17500.0,53453.0,13500.0,39649.0,72917.0,82100.0,45620.0,11600.0,31202.0,59439.0,53200.0,0.4288,Bridgewater College,Bridgewater,0.7749,0.6227
25040.0,49412.0,22529.0,,6616.0,6407.0,12603.0,20439.0,35264.0,,,,,,51.0,5.0,23.0,1080.0,14555.0,2360.0,14555.0,2360.0,2850.0,1.0,3.0,0.3272,6949.0,,0.1208,0.2335,1301722385.0,1360786638.0,13.0,1458.0,0.9101,0.872340426,0.902404526,0.802264808,0.832466181,18500.0,11250.0,15110.0,16750.0,73490.0,18500.0,48980.0,112948.0,124900.0,62959.0,11900.0,41117.0,92001.0,79300.0,0.857,William & Mary,Williamsburg,0.9463,0.9189
20686.0,20686.0,,18749.0,,,,,,18843.0,18644.0,16647.0,20261.0,18990.0,51.0,5.0,11.0,1000.0,7658.0,3488.0,11584.0,3488.0,3488.0,2.0,3.0,0.4118,4282.0,,0.48,0.574,100448000.0,111032000.0,20.0,1169.0,0.5409,0.337395278,0.468299712,0.364897959,0.556603774,24534.0,9500.0,13000.0,13000.0,44498.0,,23248.0,69937.0,,42066.0,5500.0,23362.0,60326.0,70400.0,0.4291,Regent University,Virginia Beach,0.6627,0.6414
16351.0,30988.0,22197.0,,9652.0,11509.0,15030.0,24931.0,30024.0,,,,,,51.0,5.0,12.0,1516.0,12360.0,4296.0,13850.0,4992.0,4992.0,1.0,3.0,0.8796,4402.0,,0.1457,0.3648,47219889.0,48947546.0,13.0,1207.0,0.7508,0.711805556,0.742630385,0.732467533,0.81030445,25000.0,20000.0,21230.0,19500.0,60509.0,13600.0,41512.0,85473.0,77100.0,51931.0,11900.0,35013.0,69728.0,61800.0,0.6602,Christopher Newport University,Newport News,0.8277,0.7514
35280.0,35280.0,,20591.0,,,,,,17348.0,20308.0,19781.0,21071.0,23722.0,51.0,5.0,41.0,1200.0,14360.0,2900.0,8500.0,2900.0,2900.0,2.0,3.0,0.963,1107.0,,0.4085,0.659,98986442.0,103634884.0,12.0,1171.0,0.5375,0.391891892,0.464566929,0.582750583,0.656716418,26332.0,17500.0,18085.0,19500.0,47385.0,16500.0,30905.0,68854.0,72300.0,39448.0,10800.0,23634.0,49645.0,49300.0,0.4466,Emory & Henry University,Emory,0.6916,0.5164
41860.0,41860.0,,23615.0,,,,,,16418.0,14081.0,21592.0,26047.0,31526.0,51.0,5.0,13.0,1100.0,12620.0,2920.0,10000.0,3540.0,3540.0,2.0,3.0,0.9975,800.0,,0.2691,0.5538,38137881.0,40675289.0,10.0,,0.4709,0.434920635,0.484076433,0.720640569,0.849802372,24813.0,15750.0,17033.0,16812.0,54869.0,12600.0,37199.0,79999.0,76000.0,48158.0,9800.0,32473.0,71122.0,65000.0,0.3386,Eastern Mennonite University,Harrisonburg,0.7612,0.563
38320.0,38320.0,,22085.0,,,,,,18607.0,18625.0,20145.0,25397.0,28515.0,51.0,5.0,42.0,1000.0,13230.0,2550.0,13230.0,2550.0,3680.0,2.0,3.0,1.0,745.0,,0.4651,0.7481,58232586.0,57677711.0,11.0,990.0,0.2886,0.293598234,0.309882747,0.40619137,0.55982906,27000.0,14250.0,12697.0,15125.0,44296.0,9900.0,28441.0,59166.0,63000.0,36418.0,9800.0,21817.0,49884.0,46500.0,0.22,Ferrum College,Ferrum,0.586,0.335
13815.0,39397.0,18287.0,,12197.0,13383.0,16296.0,20394.0,25247.0,,,,,,51.0,5.0,21.0,1278.0,15151.0,3504.0,15151.0,7790.0,4676.0,1.0,3.0,0.8883,27083.0,,0.2951,0.3425,142352154.0,164455915.0,16.0,1247.0,0.6932,0.662478336,0.740972222,0.684095543,0.75942156,19500.0,16000.0,16000.0,15125.0,76343.0,16300.0,47905.0,109864.0,107000.0,60536.0,12700.0,37271.0,85008.0,79500.0,0.4766,George Mason University,Fairfax,0.8735,0.7276
52388.0,52388.0,,24668.0,,,,,,12552.0,12732.0,23831.0,22295.0,33760.0,51.0,5.0,42.0,1000.0,15110.0,1000.0,11480.0,2000.0,2250.0,2.0,3.0,0.5013,876.0,,0.22,0.48,242130846.0,242199104.0,9.0,1168.0,0.6527,0.582524272,0.583732057,0.763380282,0.819047619,26000.0,18238.0,21000.0,19500.0,67640.0,14500.0,45237.0,102102.0,106000.0,55846.0,8200.0,36628.0,74793.0,60900.0,0.5949,Hampden-Sydney College,Hampden-Sydney,0.8495,0.6555
29162.0,29162.0,,32145.0,,,,,,29338.0,30636.0,32980.0,,44119.0,51.0,5.0,21.0,1100.0,12986.0,2800.0,12986.0,4500.0,2800.0,2.0,3.0,0.4827,3254.0,,0.3806,0.5636,350863695.0,356597269.0,15.0,1062.0,0.5567,0.514254386,0.243496358,0.348638548,0.445098039,25442.0,20827.0,19500.0,19500.0,59159.0,10600.0,36078.0,84402.0,85500.0,42721.0,9000.0,25388.0,63803.0,69500.0,0.3626,Hampton University,Hampton,0.8478,0.5796
42260.0,42260.0,,22263.0,,,,,,16579.0,18974.0,24291.0,23733.0,26329.0,51.0,5.0,22.0,800.0,15400.0,2200.0,14625.0,2400.0,5080.0,2.0,3.0,0.7086,673.0,,0.3314,0.589,214659371.0,254763313.0,8.0,1256.0,0.6968,0.565445026,0.586666667,0.543814433,0.584615385,27000.0,21000.0,20500.0,26000.0,40075.0,9000.0,21153.0,57630.0,70600.0,29863.0,5800.0,17795.0,44900.0,48700.0,0.6129,Hollins University,Roanoke,0.7429,0.5867
13576.0,30790.0,21816.0,,10582.0,12172.0,17150.0,23171.0,28869.0,,,,,,51.0,5.0,13.0,1254.0,12584.0,4560.0,12584.0,4560.0,4560.0,1.0,3.0,0.7625,20497.0,,0.1683,0.3042,123393340.0,135362639.0,17.0,1247.0,0.8089,0.776315789,0.834082397,0.799862448,0.848708487,20093.0,15500.0,16161.0,17963.0,69954.0,19500.0,48802.0,100257.0,102600.0,57438.0,13900.0,38870.0,76780.0,69900.0,0.6687,James Madison University,Harrisonburg,0.9014,0.823
21222.0,21222.0,,29552.0,,,,,,30504.0,28423.0,26312.0,28290.0,31028.0,51.0,5.0,13.0,1599.0,12919.0,6940.0,10411.0,8230.0,6942.0,2.0,3.0,0.9932,50059.0,,0.3908,0.4902,2169446963.0,2277179613.0,18.0,,0.6348,0.322822231,0.339102068,0.308443999,0.559479297,24500.0,13935.0,16666.0,16892.0,44813.0,8000.0,24639.0,68020.0,77700.0,39707.0,7600.0,21679.0,59266.0,59900.0,0.5224,Liberty University,Lynchburg,0.7879,0.6744
15200.0,27410.0,20814.0,,14546.0,15727.0,18489.0,22915.0,26405.0,,,,,,51.0,5.0,32.0,1240.0,15887.0,2804.0,15887.0,3804.0,3804.0,1.0,3.0,0.848,2957.0,,0.26,0.4943,104979588.0,95277612.0,14.0,1117.0,0.616,0.495016611,0.182564103,0.711198428,0.81100141,25000.0,15000.0,20000.0,19500.0,52347.0,16000.0,37953.0,66882.0,71000.0,46058.0,12500.0,31166.0,58052.0,52500.0,0.4669,Longwood University,Farmville,0.7775,0.6558
35540.0,35540.0,,20187.0,,,,,,18308.0,18616.0,19432.0,19594.0,21490.0,51.0,5.0,13.0,1000.0,13250.0,2050.0,12550.0,2050.0,4600.0,2.0,3.0,0.8219,1599.0,,0.2731,0.5802,142176447.0,135834763.0,11.0,1100.0,0.6162,0.5625,0.534709193,0.631578947,0.73151751,27000.0,25000.0,24896.0,20948.0,56380.0,13800.0,38040.0,78352.0,83100.0,44261.0,10000.0,29544.0,61504.0,57900.0,0.5387,University of Lynchburg,Lynchburg,0.7585,0.6641
33157.0,33157.0,,17833.0,,,,,,15996.0,14762.0,16899.0,21736.0,23106.0,51.0,5.0,13.0,900.0,10630.0,2130.0,11250.0,2860.0,4560.0,2.0,3.0,,1188.0,,0.4833,0.6644,33702836.0,36621111.0,14.0,,0.5566,0.404145078,0.440860215,0.445147679,0.563636364,26586.0,12950.0,12000.0,12000.0,44427.0,10800.0,26390.0,57577.0,69000.0,39075.0,7900.0,23001.0,51484.0,49700.0,0.4057,Mary Baldwin University,Staunton,0.6124,0.4894
14559.0,31479.0,21108.0,,11137.0,12388.0,19886.0,26300.0,29234.0,,,,,,51.0,5.0,22.0,1200.0,14040.0,2750.0,13040.0,3750.0,3750.0,1.0,3.0,0.8626,3504.0,,0.2024,0.3075,60429775.0,77600450.0,13.0,1241.0,0.6738,0.61861521,0.674019608,0.699619772,0.785123967,20500.0,17000.0,16125.0,15700.0,60613.0,15500.0,40127.0,88325.0,97700.0,49411.0,14300.0,30631.0,67484.0,67300.0,0.5794,University of Mary Washington,Fredericksburg,0.8197,0.6898
39050.0,39050.0,,25153.0,,,,,,21888.0,23980.0,24661.0,29865.0,28619.0,51.0,5.0,12.0,2000.0,16188.0,5360.0,14775.0,6130.0,3180.0,2.0,3.0,0.8052,1795.0,,0.2211,0.3503,49328676.0,31977707.0,13.0,,0.5789,0.651567944,0.625441696,0.583850932,0.702868853,25000.0,21000.0,20079.0,19500.0,67516.0,10700.0,42262.0,94804.0,97700.0,57801.0,13800.0,33197.0,82983.0,76700.0,0.4762,Marymount University,Arlington,0.76,0.6392
,,,,,,,,,,,,,,51.0,5.0,11.0,,,,,,,2.0,3.0,,239.0,,0.3449,0.5331,,,7.0,,,0.876811594,0.883928571,0.710280374,0.76056338,19450.0,17326.0,14250.0,18466.0,77821.0,9700.0,50130.0,93470.0,88700.0,78992.0,16800.0,62674.0,100938.0,78000.0,,Sentara College of Health Sciences,Chesapeake,,
9910.0,21412.0,12973.0,,11099.0,12836.0,13868.0,14235.0,18020.0,,,,,,51.0,5.0,12.0,1200.0,11692.0,4700.0,11692.0,4700.0,3650.0,1.0,3.0,0.8746,5495.0,,0.6219,0.5827,81543353.0,68263710.0,18.0,980.0,0.3267,0.278234086,0.403781229,0.196115974,0.301850049,29000.0,18270.0,16000.0,15000.0,44666.0,9700.0,25584.0,64690.0,67600.0,33412.0,6900.0,18911.0,50358.0,55600.0,0.0759,Norfolk State University,Norfolk,0.7197,0.3899
12262.0,32662.0,14170.0,,9627.0,9883.0,13142.0,18121.0,22658.0,,,,,,51.0,5.0,12.0,1800.0,14592.0,3000.0,14592.0,3000.0,3000.0,1.0,3.0,0.9052,17521.0,,0.3694,0.4217,311896044.0,310940822.0,15.0,1190.0,0.4435,0.435328589,0.494164235,0.482089178,0.580969808,24000.0,17610.0,16542.0,15000.0,54914.0,13600.0,37373.0,80436.0,83800.0,46732.0,10700.0,30287.0,65302.0,64900.0,0.2575,Old Dominion University,Norfolk,0.7592,0.5085
12286.0,25185.0,16640.0,,11289.0,11883.0,14533.0,20204.0,22537.0,,,,,,51.0,5.0,31.0,1260.0,11973.0,3652.0,11973.0,3652.0,7190.0,1.0,3.0,0.9064,5609.0,,0.3537,0.5514,64900486.0,67463786.0,12.0,1061.0,0.4962,0.563621533,0.617164493,0.631298162,0.725874867,24000.0,18750.0,17500.0,16446.0,53739.0,16000.0,38051.0,77202.0,81500.0,44830.0,12000.0,30635.0,62021.0,57700.0,0.3436,Radford University,Radford,0.7267,0.5472
48002.0,48002.0,,27759.0,,,,,,20959.0,24278.0,28921.0,28916.0,29417.0,51.0,5.0,21.0,1000.0,14630.0,1550.0,12314.0,1550.0,1550.0,2.0,3.0,0.834,1489.0,,0.202,0.5819,203175738.0,209331307.0,10.0,1148.0,0.746,0.709580838,0.656957929,0.685220729,0.795379538,27000.0,24270.0,23500.0,20750.0,58448.0,21000.0,40135.0,82908.0,84000.0,48067.0,15400.0,34438.0,66457.0,58500.0,0.6765,Randolph-Macon College,Ashland,0.8092,0.7203
29010.0,29010.0,,18436.0,,,,,,16931.0,16767.0,17824.0,22362.0,18740.0,51.0,5.0,13.0,1240.0,11890.0,2900.0,,,,2.0,3.0,0.9494,520.0,,0.4059,0.5628,188011000.0,184607000.0,7.0,1109.0,0.5149,0.572519084,0.466321244,0.600775194,0.690140845,26950.0,14979.0,18767.0,17500.0,53409.0,12800.0,32764.0,78006.0,71100.0,39122.0,5700.0,25224.0,52931.0,52300.0,0.3911,Randolph College,Lynchburg,0.6803,0.5598
,,,,,,,,,,,,,,51.0,5.0,21.0,,,,,,,2.0,3.0,,527.0,,0.2058,0.4075,495506.0,484542.0,10.0,,,0.85840708,0.902654867,0.689922481,0.804597701,26500.0,25410.0,27931.0,20500.0,77014.0,,50334.0,98178.0,,75150.0,26300.0,59283.0,93527.0,71800.0,,Bon Secours Memorial College of Nursing,Richmond,,
62600.0,62600.0,,33417.0,,,,,,11026.0,18646.0,15818.0,27086.0,47669.0,51.0,5.0,12.0,1000.0,16210.0,1510.0,16210.0,1510.0,1510.0,2.0,3.0,0.2331,3002.0,,0.1755,0.3335,3153393000.0,3150033000.0,7.0,1474.0,0.8784,0.821826281,0.842105263,0.730810811,0.777626194,21000.0,13055.0,17750.0,20500.0,76178.0,21100.0,50485.0,111727.0,131800.0,67927.0,14800.0,44797.0,94208.0,89300.0,0.8246,University of Richmond,University of Richmond,0.9318,0.897
36774.0,36774.0,,27786.0,,,,,,20269.0,19396.0,24279.0,26939.0,32137.0,51.0,5.0,22.0,1000.0,15366.0,2250.0,15564.0,2250.0,2250.0,2.0,3.0,0.8007,1801.0,,0.2432,0.8094,159678868.0,171694240.0,11.0,1193.0,0.6589,0.613744076,0.684989429,0.710059172,0.761384335,27000.0,23250.0,21625.0,22250.0,58047.0,15600.0,40380.0,81482.0,82500.0,45330.0,9700.0,31058.0,61444.0,57700.0,0.5709,Roanoke College,Salem,0.7789,0.7002
36028.0,36028.0,,30055.0,,,,,,21803.0,24419.0,25951.0,30797.0,34304.0,51.0,5.0,13.0,1500.0,11800.0,2600.0,11800.0,2600.0,3980.0,2.0,3.0,0.7784,2127.0,,0.1865,0.5847,71885957.0,77812387.0,11.0,,0.7055,0.527027027,0.612716763,0.611111111,0.71948052,25000.0,21750.0,19000.0,18992.0,58433.0,6900.0,38172.0,90361.0,87300.0,48167.0,9300.0,28920.0,71002.0,71900.0,0.6096,Shenandoah University,Winchester,0.8168,0.6485
20040.0,20040.0,,24014.0,,,,,,20722.0,21345.0,23925.0,25350.0,26686.0,51.0,5.0,32.0,1500.0,9376.0,3500.0,7000.0,3500.0,3500.0,2.0,3.0,0.9964,967.0,,0.4329,0.5563,1665438.0,1696182.0,17.0,1099.0,0.3829,0.328063241,0.277777778,0.45154185,0.638888889,24224.0,18750.0,15500.0,12000.0,50002.0,4000.0,27572.0,74656.0,73500.0,36988.0,3800.0,22066.0,56333.0,52300.0,0.2082,Southern Virginia University,Buena Vista,0.8246,0.4478
13920.0,13920.0,,,,,,,,,,,,,51.0,5.0,12.0,675.0,,,9438.0,1125.0,1125.0,3.0,3.0,,2010.0,,0.5469,0.1074,,,39.0,,0.1333,0.133444207,0.154570325,0.170581897,0.337864078,40621.0,12667.0,20636.0,22364.0,40092.0,11500.0,20698.0,62129.0,106500.0,36582.0,9600.0,18625.0,56532.0,83200.0,0.0,Strayer University-Virginia,Arlington,0.5,0.2727
25110.0,25110.0,,23383.0,,,,,,16674.0,18456.0,20468.0,26738.0,31184.0,51.0,5.0,41.0,1400.0,14720.0,2850.0,8000.0,2850.0,2850.0,2.0,3.0,0.7174,463.0,,0.3129,0.5055,68209620.0,69913212.0,9.0,1227.0,0.481,0.405405405,0.344594595,0.699115044,0.748251748,27000.0,24219.0,21500.0,19500.0,51943.0,9700.0,32164.0,75018.0,70500.0,35533.0,4700.0,21499.0,51006.0,54400.0,0.4684,Sweet Briar College,Sweet Briar,0.7662,0.4167
11656.0,32540.0,11180.0,,15634.0,6448.0,7159.0,9605.0,11647.0,,,,,,51.0,5.0,32.0,1680.0,12535.0,2530.0,10225.0,3120.0,3120.0,1.0,3.0,0.9392,1214.0,,0.3298,0.2148,159077648.0,159407962.0,13.0,1104.0,0.4981,0.267772512,0.387614679,0.480712166,0.660447761,16750.0,11000.0,11000.0,9847.0,45325.0,14200.0,32165.0,64827.0,72000.0,39725.0,8000.0,25049.0,56545.0,48600.0,0.3333,University of Virginia's College at Wise,Wise,0.732,0.4097
15478.0,36694.0,23790.0,,13536.0,14891.0,19660.0,26533.0,30568.0,,,,,,51.0,5.0,13.0,2620.0,14888.0,4266.0,12578.0,4266.0,4266.0,1.0,3.0,0.5703,30435.0,,0.1501,0.3426,1675200000.0,1889900000.0,17.0,1337.0,0.8628,0.747608927,0.807897862,0.773326975,0.828322621,21500.0,17977.0,19500.0,19000.0,81698.0,21100.0,53415.0,113356.0,105600.0,67377.0,15500.0,45466.0,90681.0,76400.0,0.6911,Virginia Polytechnic Institute and State University,Blacksburg,0.9179,0.8778
16458.0,39042.0,19452.0,,12830.0,13612.0,16455.0,20633.0,28474.0,,,,,,51.0,5.0,12.0,1240.0,16119.0,6150.0,14054.0,9034.0,8034.0,1.0,3.0,0.9306,20797.0,,0.2971,0.4173,2408531845.0,2582571339.0,17.0,1168.0,0.6538,0.616020343,0.661170093,0.521817962,0.599243856,21500.0,18000.0,17500.0,15750.0,58128.0,12100.0,37933.0,84890.0,86100.0,47161.0,9700.0,28332.0,67933.0,65700.0,0.4679,Virginia Commonwealth University,Richmond,0.8563,0.6975
20986.0,58014.0,22881.0,,10123.0,8842.0,14658.0,24023.0,34777.0,,,,,,51.0,5.0,22.0,1480.0,13940.0,3520.0,13940.0,3520.0,3000.0,1.0,3.0,0.1686,17315.0,,0.1371,0.2041,9703267510.0,9644274803.0,15.0,1488.0,0.953,0.876807403,0.898509174,0.82432943,0.863697706,17500.0,10047.0,15000.0,18414.0,86863.0,21600.0,59194.0,130294.0,126500.0,72359.0,13300.0,48498.0,105089.0,87200.0,0.9181,University of Virginia-Main Campus,Charlottesville,0.9734,0.9422
20484.0,51186.0,18849.0,,3152.0,5980.0,10551.0,16055.0,25359.0,,,,,,51.0,5.0,32.0,1200.0,10990.0,2150.0,,,,1.0,3.0,0.8173,1560.0,,0.1647,0.5992,661475133.0,715617553.0,10.0,1183.0,0.818,0.73880597,0.813229572,0.808035714,0.860927152,22996.0,18238.0,19500.0,18270.0,77369.0,15800.0,52604.0,90374.0,97800.0,63545.0,13600.0,51201.0,71197.0,71000.0,0.7163,Virginia Military Institute,Lexington,0.8444,0.7436
9248.0,9248.0,,18184.0,,,,,,17007.0,17084.0,20797.0,21581.0,20348.0,51.0,5.0,13.0,800.0,9400.0,6129.0,9400.0,6129.0,4302.0,2.0,3.0,,170.0,,0.7853,0.7423,2789133.0,2991143.0,12.0,,0.2609,0.088888889,0.111111111,0.050772627,PS,24250.0,12808.0,,,28396.0,,14193.0,44950.0,,24718.0,,10991.0,39198.0,,0.058,Virginia University of Lynchburg,Lynchburg,0.75,0.25
9755.0,22006.0,14553.0,,12432.0,13665.0,17511.0,19774.0,22390.0,,,,,,51.0,5.0,21.0,1300.0,12966.0,3640.0,15068.0,4940.0,12826.0,1.0,3.0,0.891,4787.0,,0.71,0.7567,78114593.0,98894825.0,13.0,917.0,0.4072,0.414634146,0.405797101,0.210967935,0.30234375,26500.0,17805.0,17781.0,15000.0,45543.0,8400.0,27137.0,65094.0,68900.0,33630.0,6700.0,18098.0,50839.0,51400.0,0.2715,Virginia State University,Petersburg,0.7118,0.4922
14880.0,14880.0,,19580.0,,,,,,17272.0,20536.0,22097.0,24665.0,21677.0,51.0,5.0,12.0,0.0,9552.0,5000.0,5000.0,5000.0,7500.0,2.0,3.0,0.9773,1153.0,,0.5064,0.456,28957923.0,30874196.0,22.0,860.0,0.4133,0.352941176,0.292156863,0.137850467,0.237704918,29000.0,22500.0,22650.0,21000.0,38275.0,7000.0,22194.0,53574.0,59000.0,27977.0,3600.0,14276.0,44493.0,43400.0,0.2755,Virginia Union University,Richmond,0.6182,0.4352
36960.0,36960.0,,20583.0,,,,,,18365.0,15471.0,18364.0,23470.0,25187.0,51.0,5.0,11.0,1500.0,11513.0,3100.0,11513.0,3220.0,3220.0,2.0,3.0,0.7129,1243.0,,0.2617,0.476,115895125.0,115876756.0,13.0,1281.0,0.4905,0.398058252,0.45398773,0.528936743,0.64756447,27000.0,12750.0,15000.0,13000.0,50074.0,7700.0,32037.0,72086.0,74700.0,39200.0,9800.0,25246.0,52323.0,50000.0,0.4289,Virginia Wesleyan University,Virginia Beach,0.6679,0.4711
64525.0,64525.0,,23911.0,,,,,,76.0,887.0,6983.0,9222.0,42745.0,51.0,5.0,32.0,2290.0,17685.0,2500.0,,,,2.0,3.0,0.1736,1884.0,,0.1109,0.1505,1998334000.0,1973892000.0,8.0,1504.0,0.949,,0.932885906,0.872807018,PS,19500.0,,,19500.0,94810.0,29200.0,64147.0,141033.0,164000.0,76516.0,17300.0,52834.0,100978.0,112000.0,0.9151,Washington and Lee University,Lexington,0.9538,0.9383
9192.0,26771.0,14715.0,,7978.0,11430.0,15182.0,18886.0,22366.0,,,,,,53.0,8.0,32.0,900.0,16314.0,4032.0,9741.0,4032.0,4032.0,1.0,3.0,0.9022,8081.0,,0.3114,0.3568,47545176.0,50842029.0,17.0,,0.4985,0.462713068,0.571997106,0.566759113,0.682972136,19500.0,13888.0,13068.0,13000.0,61580.0,12800.0,38275.0,84664.0,83000.0,49398.0,10800.0,31254.0,68583.0,63000.0,0.3236,Central Washington University,Ellensburg,0.6897,0.5438
14589.0,14589.0,,35049.0,,,,,,,35049.0,,,,53.0,8.0,11.0,762.0,11613.0,1950.0,17868.0,1950.0,1950.0,2.0,3.0,,1091.0,,0.1284,0.1437,594672.0,3843124.0,9.0,,0.1667,0.367021277,0.353413655,0.464882943,0.609467456,25000.0,14929.0,13857.0,13000.0,69460.0,12000.0,45546.0,96256.0,99500.0,56195.0,10600.0,36143.0,77703.0,86000.0,0.0,City University of Seattle,Seattle,0.0,
39913.0,39913.0,,39060.0,,,,,,28155.0,30948.0,36693.0,40853.0,44405.0,53.0,8.0,11.0,1800.0,15760.0,2800.0,15760.0,2800.0,2800.0,2.0,3.0,0.7046,480.0,,0.3002,0.7291,10761936.0,11137341.0,6.0,,0.5198,0.522167488,0.571428571,0.612107623,0.63671875,27000.0,24000.0,19500.0,19500.0,33696.0,6200.0,17015.0,57635.0,62400.0,27580.0,5500.0,13200.0,44900.0,44000.0,0.5141,Cornish College of the Arts,Seattle,0.6855,0.5225
8353.0,25892.0,13091.0,,8578.0,8788.0,12004.0,18464.0,20564.0,,,,,,53.0,8.0,31.0,798.0,14880.0,3867.0,14880.0,3867.0,3867.0,1.0,3.0,0.9177,6517.0,,0.3451,0.6753,38392357.0,42037706.0,20.0,,0.4721,0.427763108,0.542127335,0.568484596,0.687163375,19500.0,15000.0,14000.0,13500.0,57897.0,10700.0,36589.0,80559.0,77100.0,46469.0,9800.0,30195.0,65517.0,62100.0,0.2953,Eastern Washington University,Cheney,0.6707,0.5257
8999.0,30980.0,22585.0,,19969.0,20956.0,24430.0,25683.0,25934.0,,,,,,53.0,8.0,22.0,900.0,16451.0,3454.0,16451.0,3454.0,7896.0,1.0,3.0,0.9723,2042.0,,0.4108,0.406,21464164.0,22360518.0,20.0,1161.0,0.4356,0.453667954,0.546242775,0.469026549,0.531561462,20500.0,16283.0,14440.0,13629.0,45320.0,5500.0,24244.0,66437.0,63700.0,34774.0,3700.0,17808.0,53386.0,52400.0,0.3446,The Evergreen State College,Olympia,0.682,0.4271
53500.0,53500.0,,36371.0,,,,,,23364.0,22330.0,25096.0,35623.0,43615.0,53.0,8.0,12.0,1382.0,15080.0,4287.0,18343.0,4287.0,4287.0,2.0,3.0,0.7596,5098.0,,0.1326,0.36,439480000.0,433820000.0,12.0,1316.0,0.8687,0.808870116,0.808736718,0.81598063,0.864608076,24454.0,23650.0,20000.0,20418.0,78892.0,17600.0,53874.0,111646.0,99900.0,66525.0,12200.0,45665.0,88911.0,69700.0,0.7757,Gonzaga University,Spokane,0.9391,0.8541
19920.0,19920.0,,11893.0,,,,,,10713.0,12202.0,12511.0,13275.0,18198.0,53.0,8.0,41.0,942.0,,,17868.0,3736.0,3736.0,2.0,3.0,,782.0,,0.6269,0.3166,31167146.0,33538286.0,7.0,,0.3981,0.557446809,0.592198582,0.365105008,0.507142857,14573.0,12500.0,10155.0,15000.0,49416.0,5900.0,30073.0,70156.0,59200.0,47001.0,6000.0,32568.0,63419.0,52900.0,0.2336,Heritage University,Toppenish,0.5794,0.5294
,,,,,,,,,,,,,,53.0,8.0,21.0,,,,,,,2.0,3.0,,58.0,,0.3784,0.5135,4079424.0,2595187.0,9.0,,,0.818181818,0.862068966,0.526548673,0.536723164,13817.0,12500.0,12500.0,11853.0,49364.0,4000.0,21033.0,72433.0,70800.0,46867.0,6500.0,23477.0,69389.0,58900.0,,Bastyr University,Kenmore,,
36035.0,36035.0,,25161.0,,,,,,14935.0,15418.0,19757.0,25518.0,31535.0,53.0,8.0,21.0,702.0,10648.0,3462.0,10648.0,3462.0,7944.0,2.0,3.0,0.8805,642.0,,0.2306,0.7333,11177000.0,10569000.0,9.0,1204.0,0.6349,0.461254613,0.487012987,0.624472574,0.769230769,20891.0,14881.0,15732.0,15000.0,54914.0,7200.0,31694.0,83872.0,78300.0,50495.0,7800.0,31226.0,73774.0,67900.0,0.5798,Northwest University,Kirkland,0.7308,0.5764
50964.0,50964.0,,21370.0,,,,,,13847.0,13035.0,18653.0,24898.0,29289.0,53.0,8.0,21.0,762.0,12446.0,2665.0,12446.0,2665.0,3771.0,2.0,3.0,0.8053,2350.0,,0.3277,0.4398,123140000.0,117676000.0,12.0,1152.0,0.7099,0.670788253,0.699280576,0.701547531,0.782035928,22578.0,16500.0,18500.0,16750.0,66990.0,13700.0,44167.0,88955.0,84400.0,52212.0,11600.0,34145.0,72788.0,67000.0,0.5057,Pacific Lutheran University,Tacoma,0.7943,0.7016
59900.0,59900.0,,38920.0,,,,,,28409.0,29663.0,33336.0,37880.0,45996.0,53.0,8.0,12.0,1000.0,15040.0,2624.0,15040.0,2624.0,2624.0,2.0,3.0,0.7628,1631.0,,0.1671,0.4287,427977000.0,448621000.0,10.0,1332.0,0.6791,0.723577236,0.766129032,0.766666667,0.803986711,25000.0,19593.0,19375.0,18939.0,69594.0,12000.0,43124.0,102646.0,97400.0,46802.0,10500.0,26807.0,70051.0,68200.0,0.5993,University of Puget Sound,Tacoma,0.8045,0.7423
44210.0,44210.0,,22618.0,,,,,,15233.0,20657.0,19090.0,25956.0,29720.0,53.0,8.0,13.0,1000.0,13980.0,3000.0,11440.0,3000.0,3000.0,2.0,3.0,0.7593,1254.0,,0.3978,0.5927,35994329.0,40547844.0,10.0,1057.0,0.5709,0.606451613,0.701388889,0.602112676,0.739837398,22500.0,17875.0,15000.0,15139.0,62092.0,15000.0,38810.0,85700.0,87600.0,57998.0,10400.0,39582.0,81346.0,67700.0,0.4109,Saint Martin's University,Lacey,0.7329,0.6145
38814.0,38814.0,,24820.0,,,,,,19348.0,18024.0,23893.0,29476.0,32524.0,53.0,8.0,11.0,768.0,15498.0,3888.0,15498.0,3888.0,3888.0,2.0,3.0,0.9109,2073.0,,0.3318,0.5148,157684000.0,162108000.0,10.0,1191.0,0.6215,0.548104956,0.581620314,0.759285714,0.841441441,24000.0,17519.0,15000.0,17965.0,64506.0,10200.0,39567.0,97253.0,90100.0,51496.0,8700.0,31618.0,75900.0,63800.0,0.4564,Seattle Pacific University,Seattle,0.7462,0.6638
54285.0,54285.0,,34802.0,,,,,,23374.0,24900.0,30151.0,38105.0,42970.0,53.0,8.0,11.0,762.0,14748.0,3818.0,14748.0,3818.0,3818.0,2.0,3.0,0.7605,4117.0,,0.2161,0.461,284644864.0,297798719.0,10.0,1266.0,0.7331,0.727474972,0.742494226,0.727069351,0.788476118,19883.0,18268.0,16334.0,15900.0,75272.0,16300.0,49222.0,107987.0,99800.0,64656.0,11500.0,38579.0,88387.0,80100.0,0.6551,Seattle University,Seattle,0.846,0.754
33027.0,33027.0,,23992.0,,,,,,17833.0,17578.0,21728.0,25322.0,28840.0,53.0,8.0,23.0,765.0,10416.0,1755.0,10416.0,1755.0,1755.0,2.0,3.0,,1214.0,,0.2515,0.4854,36736853.0,39872609.0,13.0,,0.6416,0.606837607,0.580645161,0.675599436,0.72,26842.0,19166.0,18500.0,20500.0,61885.0,10800.0,37548.0,88335.0,88400.0,52840.0,7800.0,32806.0,76591.0,72800.0,0.3994,Walla Walla University,College Place,0.8446,0.6514
12997.0,29073.0,14401.0,,7147.0,8723.0,12308.0,19445.0,24472.0,,,,,,53.0,8.0,32.0,762.0,13131.0,3642.0,13131.0,3642.0,3642.0,1.0,3.0,0.8536,21583.0,,0.2559,0.3083,1196529000.0,1270300418.0,15.0,,0.6164,0.527318933,0.602316602,0.658941468,0.768071045,19500.0,14597.0,14750.0,15000.0,68905.0,12800.0,43186.0,97582.0,93000.0,53510.0,11900.0,33786.0,76626.0,71300.0,0.4254,Washington State University,Pullman,0.7957,0.6147
12643.0,41997.0,13485.0,,6398.0,6601.0,7817.0,17234.0,28383.0,,,,,,53.0,8.0,11.0,900.0,17982.0,3027.0,17982.0,3027.0,3297.0,1.0,3.0,0.4253,31588.0,,0.1546,0.1579,4503322446.0,4721829797.0,20.0,,0.837,0.591303026,0.733613951,0.720972879,0.780047758,14615.0,12184.0,11667.0,12851.0,78466.0,16200.0,50171.0,115782.0,110400.0,62979.0,11200.0,39660.0,90996.0,86600.0,0.7089,University of Washington-Seattle Campus,Seattle,0.949,0.8473
9286.0,27853.0,18680.0,,11416.0,12741.0,16177.0,21581.0,25698.0,,,,,,53.0,8.0,13.0,1176.0,14915.0,4590.0,14915.0,4590.0,4590.0,1.0,3.0,0.9131,13574.0,,0.2076,0.2816,95459335.0,115126944.0,17.0,1235.0,0.6555,0.594775856,0.657622278,0.68542146,0.744765703,18500.0,13477.0,13000.0,14000.0,62569.0,11300.0,39304.0,86564.0,82400.0,45272.0,9700.0,28084.0,64682.0,59500.0,0.4197,Western Washington University,Bellingham,0.7973,0.6917
61492.0,61492.0,,35506.0,,,,,,19307.0,19724.0,28426.0,27829.0,47254.0,53.0,8.0,13.0,1400.0,14640.0,800.0,14640.0,800.0,800.0,2.0,3.0,0.4999,1523.0,,0.1467,0.3637,683569141.0,732832355.0,10.0,1365.0,0.8098,0.874285714,0.89047619,0.903645833,0.931740614,18437.0,9500.0,13542.0,12000.0,67589.0,13800.0,44195.0,101439.0,94400.0,45594.0,4600.0,24740.0,62635.0,56300.0,0.6812,Whitman College,Walla Walla,0.8869,0.8956
50920.0,50920.0,,25884.0,,,,,,16492.0,17727.0,20336.0,29657.0,33339.0,53.0,8.0,21.0,768.0,13700.0,3825.0,16515.0,3969.0,11652.0,2.0,3.0,0.8677,1927.0,,0.2799,0.5364,183144050.0,189357345.0,10.0,1212.0,0.6839,0.691927512,0.692307692,0.683158896,0.748563218,25000.0,19724.0,19500.0,15750.0,58561.0,9500.0,38934.0,80121.0,81600.0,49510.0,9600.0,33151.0,69338.0,63800.0,0.6024,Whitworth University,Spokane,0.8035,0.7625
18230.0,18230.0,,17401.0,,,,,,16089.0,16437.0,19260.0,3591.0,21851.0,54.0,5.0,23.0,1326.0,9160.0,2948.0,6840.0,3434.0,3180.0,2.0,3.0,0.9857,168.0,,0.4091,0.2091,1961665.0,1911886.0,8.0,1068.0,0.7561,0.58490566,0.7,0.786666667,PS,11000.0,,7392.0,,37467.0,4900.0,20722.0,57713.0,66100.0,29147.0,,13036.0,41362.0,,0.5758,Appalachian Bible College,Mount Hope,0.85,0.7083
34816.0,34816.0,,15306.0,,,,,,9618.0,10220.0,14911.0,20457.0,23711.0,54.0,5.0,41.0,700.0,12936.0,2716.0,10489.0,2716.0,2716.0,2.0,3.0,0.6049,642.0,,0.4097,0.6839,50379522.0,51430829.0,12.0,,0.4625,0.355555556,0.320930233,0.47254902,0.627906977,27000.0,14250.0,25283.0,25125.0,44512.0,12400.0,24862.0,65576.0,81200.0,37124.0,8700.0,21945.0,52389.0,47000.0,0.3938,Bethany College,Bethany,0.6307,0.4364
10240.0,17560.0,12529.0,,10971.0,11213.0,11772.0,16204.0,15428.0,,,,,,54.0,5.0,32.0,1200.0,11327.0,4300.0,11327.0,4300.0,4300.0,1.0,3.0,0.8722,1231.0,,0.4075,0.5347,4099523.0,4648984.0,17.0,998.0,0.3456,0.296803653,0.270788913,0.240196078,0.49009901,18250.0,12125.0,13000.0,11000.0,38217.0,5800.0,18934.0,61745.0,63200.0,35030.0,3500.0,19205.0,51005.0,53200.0,0.2063,Bluefield State University,Bluefield,0.5533,0.3986
32842.0,32842.0,,22012.0,,,,,,20938.0,21646.0,21133.0,22526.0,23451.0,54.0,5.0,13.0,2000.0,11162.0,2730.0,11400.0,3030.0,2530.0,2.0,3.0,0.6453,2083.0,,0.2863,0.3374,55592721.0,56895188.0,15.0,,0.4633,0.512987013,0.374137931,0.454423593,0.647651007,19500.0,11999.0,13000.0,13242.0,55774.0,11200.0,34245.0,83868.0,71500.0,42698.0,8200.0,26110.0,67653.0,65700.0,0.3925,University of Charleston,Charleston,0.6907,0.43
9700.0,20600.0,9983.0,,8292.0,9307.0,10904.0,13948.0,13256.0,,,,,,54.0,5.0,41.0,1100.0,12114.0,3068.0,12114.0,3068.0,3068.0,1.0,3.0,0.8965,1394.0,,0.4682,0.456,38203436.0,41185793.0,15.0,980.0,0.4225,0.366602687,0.392857143,0.431903687,0.568548387,18900.0,11207.0,10560.0,11825.0,42703.0,8300.0,26282.0,57358.0,64100.0,33094.0,5900.0,19043.0,46056.0,52600.0,0.3239,Concord University,Athens,0.4904,0.4279
31270.0,31270.0,,19428.0,,,,,,17780.0,15228.0,18783.0,22902.0,21729.0,54.0,5.0,33.0,1462.0,10425.0,3304.0,8746.0,4064.0,4154.0,2.0,3.0,0.5823,681.0,,0.4031,0.6538,61636967.0,64031427.0,11.0,985.0,0.366,0.353448276,0.205223881,0.476851852,0.625698324,27000.0,16459.0,16668.0,17500.0,43411.0,7500.0,27027.0,63017.0,69700.0,38495.0,7500.0,24271.0,56272.0,54800.0,0.2983,Davis & Elkins College,Elkins,0.581,0.485
8454.0,18372.0,9055.0,,8019.0,8713.0,9166.0,10588.0,9661.0,,,,,,54.0,5.0,32.0,1000.0,11486.0,2000.0,11486.0,2000.0,2500.0,1.0,3.0,0.9924,2690.0,,0.3304,0.4131,28443847.0,29957801.0,12.0,993.0,0.4832,0.360824742,0.410984848,0.383753501,0.537349398,21000.0,12881.0,12792.0,11997.0,46857.0,8400.0,28411.0,69615.0,70100.0,41197.0,6100.0,25613.0,60555.0,56800.0,0.3168,Fairmont State University,Fairmont,0.6421,0.4531
9412.0,11140.0,16358.0,,12878.0,13426.0,16460.0,20348.0,20355.0,,,,,,54.0,5.0,43.0,780.0,11484.0,3808.0,11484.0,3808.0,3808.0,1.0,3.0,,1177.0,,0.4204,0.3507,14720530.0,17316276.0,15.0,,0.3549,0.16957606,0.286549708,0.304295943,0.463519313,25000.0,10250.0,12000.0,11500.0,39315.0,5400.0,22225.0,56900.0,66700.0,34917.0,6500.0,19818.0,49212.0,55000.0,0.2754,Glenville State University,Glenville,0.6293,0.4476
8942.0,20294.0,8327.0,,4820.0,5572.0,7970.0,12243.0,15496.0,,,,,,54.0,5.0,13.0,1100.0,12852.0,2400.0,11274.0,3200.0,6100.0,1.0,3.0,0.9646,7149.0,,0.3784,0.4534,200692752.0,213673105.0,15.0,1051.0,0.4869,0.441108545,0.474847203,0.380829016,0.511897853,23250.0,15793.0,17405.0,17001.0,46354.0,8800.0,29123.0,68397.0,70800.0,39561.0,7000.0,23718.0,58775.0,54800.0,0.335,Marshall University,Huntington,0.787,0.5468
10750.0,13750.0,,14469.0,,,,,,12462.0,14635.0,15427.0,15442.0,16258.0,54.0,5.0,42.0,800.0,8400.0,2000.0,8400.0,2000.0,2000.0,3.0,3.0,,695.0,,0.5144,0.668,,,16.0,,0.273,0.349333333,0.204444444,0.200274348,0.343195266,24694.0,5913.0,12500.0,10467.0,34642.0,3900.0,17082.0,55885.0,66600.0,31612.0,,15241.0,49433.0,,0.2149,Salem University,Salem,0.5197,0.2194
8642.0,19082.0,12391.0,,7488.0,9838.0,12068.0,15412.0,16778.0,,,,,,54.0,5.0,41.0,1000.0,11308.0,2566.0,11500.0,2566.0,4416.0,1.0,3.0,0.9565,2375.0,,0.2694,0.4111,27298195.0,29718043.0,16.0,1022.0,0.4949,0.427745665,0.487486398,0.463822894,0.617834395,21600.0,14274.0,14000.0,14750.0,49358.0,10500.0,29776.0,72112.0,70300.0,43726.0,9100.0,27733.0,62049.0,59500.0,0.3322,Shepherd University,Shepherdstown,0.7206,0.4444
9049.0,14623.0,10191.0,,8962.0,11652.0,12283.0,13633.0,,,,,,,54.0,5.0,22.0,1309.0,12936.0,2323.0,11960.0,2323.0,2323.0,1.0,3.0,0.9637,1328.0,,0.1758,0.1571,11265296.0,12034181.0,12.0,979.0,0.3351,0.337931034,0.345609065,0.292647059,0.388157895,23338.0,14250.0,16482.0,14500.0,40492.0,5700.0,24235.0,56182.0,60800.0,32849.0,4100.0,18559.0,46818.0,50000.0,0.2493,West Virginia State University,Institute,0.6324,0.3191
8732.0,17116.0,16295.0,,13368.0,14580.0,16744.0,19852.0,19090.0,,,,,,54.0,5.0,41.0,1140.0,10694.0,3984.0,7572.0,4702.0,4106.0,1.0,3.0,0.7212,1578.0,,0.3194,0.4878,18103323.0,19765777.0,12.0,1041.0,0.6062,0.485380117,0.294975689,0.457165733,0.599469496,23250.0,14750.0,16250.0,17250.0,43296.0,9000.0,28311.0,61253.0,68400.0,36822.0,7300.0,24295.0,51730.0,54800.0,0.4244,West Liberty University,West Liberty,0.691,0.4201
8064.0,20120.0,9957.0,,6947.0,8865.0,9532.0,12351.0,14408.0,,,,,,54.0,5.0,13.0,950.0,13020.0,3170.0,9690.0,3170.0,3170.0,1.0,3.0,0.61,1009.0,,0.2429,0.2554,16941635.0,17045605.0,12.0,1044.0,0.3612,0.493481222,0.504888397,0.533946605,0.67239504,22500.0,14250.0,15250.0,16500.0,55939.0,13300.0,35542.0,84067.0,93600.0,45181.0,9600.0,27491.0,66603.0,67100.0,0.2478,West Virginia University Institute of Technology,Beckley,0.6094,0.289
33494.0,33494.0,,18148.0,,,,,,12553.0,13597.0,16406.0,19593.0,24477.0,54.0,5.0,33.0,1500.0,10980.0,3565.0,4000.0,3565.0,3565.0,2.0,3.0,0.9505,909.0,,0.3735,0.7559,70553094.0,79166880.0,13.0,1045.0,0.4945,0.444776119,0.485576923,0.582554517,0.73088685,27000.0,13750.0,12702.0,19500.0,51593.0,17000.0,35845.0,76753.0,84200.0,42672.0,10800.0,27965.0,61211.0,58900.0,0.3852,West Virginia Wesleyan College,Buckhannon,0.6836,0.551
9648.0,27360.0,12997.0,,9217.0,10199.0,12379.0,15708.0,17130.0,,,,,,54.0,5.0,13.0,950.0,13876.0,3170.0,9700.0,3170.0,3170.0,1.0,3.0,0.8626,17705.0,,0.2041,0.4408,821669324.0,826711854.0,17.0,1129.0,0.612,0.493481222,0.504888397,0.533946605,0.67239504,22500.0,14250.0,15250.0,16500.0,55939.0,13300.0,35542.0,84067.0,93600.0,45181.0,9600.0,27491.0,66603.0,67100.0,0.4325,West Virginia University,Morgantown,0.8145,0.6432
29475.0,29475.0,,19040.0,,,,,,14139.0,13524.0,19257.0,21265.0,22026.0,54.0,5.0,13.0,1300.0,12420.0,2092.0,5000.0,2292.0,4692.0,2.0,3.0,0.7518,567.0,,0.2524,0.5596,11907750.0,1312363.0,14.0,,0.3204,0.299065421,0.436532508,0.575488455,0.634285714,25125.0,11000.0,17250.0,17750.0,57949.0,14100.0,39537.0,86644.0,85200.0,48482.0,14500.0,32850.0,69196.0,63700.0,0.2652,Wheeling University,Wheeling,0.6552,0.5707
32794.0,32794.0,,16722.0,,,,,,15889.0,15885.0,19307.0,17449.0,17577.0,55.0,3.0,11.0,768.0,10238.0,10261.0,13708.0,12305.0,12305.0,2.0,3.0,0.931,724.0,,0.4911,0.5914,35474095.0,38632746.0,10.0,,0.5051,0.533730159,0.498120301,0.405245347,0.608013937,27000.0,24500.0,21496.0,18625.0,53145.0,8900.0,33402.0,76239.0,75100.0,51755.0,9400.0,31624.0,72818.0,63700.0,0.3583,Alverno College,Milwaukee,0.7863,0.4866
28211.0,28211.0,,27313.0,,,,,,18390.0,17817.0,31125.0,29775.0,30610.0,55.0,3.0,22.0,3275.0,,,12375.0,5830.0,5830.0,2.0,3.0,1.0,338.0,,0.1332,0.3925,13958982.0,14737519.0,8.0,,0.7429,,,0.828947368,PS,18000.0,23425.0,17133.0,15000.0,76222.0,,56301.0,96731.0,,72118.0,29800.0,62354.0,83279.0,74400.0,0.7143,Bellin College,Green Bay,0.9111,0.6071
58554.0,58554.0,,21924.0,,,,,,16637.0,17610.0,18491.0,25700.0,28465.0,55.0,3.0,13.0,1134.0,10740.0,1531.0,12102.0,1531.0,1531.0,2.0,3.0,0.5736,898.0,,0.2946,0.5384,83541468.0,85638410.0,11.0,1318.0,0.6718,0.643356643,0.714932127,0.721382289,0.788519638,25738.0,23434.0,20000.0,23250.0,53260.0,10000.0,34613.0,73974.0,69500.0,41660.0,4500.0,24265.0,57519.0,50300.0,0.5697,Beloit College,Beloit,0.8621,0.7423
37230.0,37230.0,,24362.0,,,,,,18992.0,18701.0,22720.0,25198.0,27395.0,55.0,3.0,13.0,1324.0,13340.0,2870.0,8270.0,5802.0,4462.0,2.0,3.0,0.5841,2525.0,,0.2165,0.6135,81033098.0,86232826.0,13.0,1209.0,0.696,0.615989515,0.625675676,0.689462666,0.779373368,27000.0,18625.0,21500.0,23250.0,58009.0,13800.0,41980.0,79764.0,75100.0,54456.0,12600.0,38461.0,72679.0,61400.0,0.5872,Carroll University,Waukesha,0.7889,0.6755
36500.0,36500.0,,24813.0,,,,,,18307.0,20228.0,22692.0,25465.0,27527.0,55.0,3.0,13.0,1200.0,12950.0,2400.0,12950.0,2400.0,2400.0,2.0,3.0,0.8415,2628.0,,0.2577,0.8333,136204897.0,149045261.0,13.0,1113.0,0.6051,0.656077348,0.623015873,0.629985229,0.758957655,26000.0,16666.0,19500.0,19500.0,56950.0,13600.0,40368.0,80915.0,78200.0,46116.0,10600.0,29775.0,63697.0,59700.0,0.5227,Carthage College,Kenosha,0.8164,0.6858
34250.0,34250.0,,26067.0,,,,,,19323.0,21547.0,24914.0,26823.0,29439.0,55.0,3.0,21.0,2400.0,12700.0,4900.0,12700.0,4900.0,8200.0,2.0,3.0,0.6753,2310.0,,0.2247,0.4629,92707403.0,99997445.0,12.0,1250.0,0.6431,0.475589226,0.458492003,0.472448058,0.67948718,25750.0,17750.0,19500.0,20500.0,56075.0,11500.0,37673.0,78409.0,78200.0,49761.0,10300.0,34250.0,70550.0,67300.0,0.5548,Concordia University-Wisconsin,Mequon,0.7845,0.6066
34850.0,34850.0,,25634.0,,,,,,20926.0,21345.0,20806.0,26982.0,29049.0,55.0,3.0,11.0,800.0,12590.0,2912.0,10800.0,3310.0,3310.0,2.0,3.0,0.9452,1104.0,,0.2344,0.5738,65977917.0,65527533.0,13.0,,0.6738,0.568396226,0.623376623,0.660678643,0.78515625,24424.0,14584.0,19000.0,19500.0,59728.0,10900.0,40198.0,84290.0,76500.0,53843.0,14200.0,38674.0,72921.0,66400.0,0.4659,Edgewood College,Madison,0.749,0.6229
32286.0,32286.0,,22092.0,,,,,,17150.0,21083.0,14130.0,24082.0,27389.0,55.0,3.0,41.0,1100.0,11872.0,4344.0,8838.0,7038.0,7560.0,2.0,3.0,0.9109,1230.0,,0.2898,0.5501,18777358.0,19847162.0,13.0,,0.5575,0.44205298,0.479032258,0.51255887,0.657894737,25000.0,17950.0,20000.0,19938.0,55961.0,11100.0,39063.0,76612.0,72000.0,49546.0,10300.0,35297.0,66568.0,64700.0,0.5,Lakeland University,Plymouth,0.6652,0.4293
55461.0,55461.0,,24563.0,,,,,,12025.0,14498.0,17215.0,22712.0,32492.0,55.0,3.0,13.0,900.0,11838.0,1650.0,9087.0,5643.0,3153.0,2.0,3.0,0.6303,1394.0,,0.2076,0.5989,440838808.0,443506343.0,7.0,1349.0,0.7642,0.697095436,0.673003802,0.74049217,0.776357828,26000.0,22026.0,22036.0,19062.0,55789.0,13700.0,37114.0,83652.0,81600.0,40653.0,8400.0,18951.0,54486.0,56000.0,0.5881,Lawrence University,Appleton,0.8709,0.8122
20280.0,20280.0,,24659.0,,,,,,23056.0,21143.0,22427.0,29013.0,30558.0,55.0,3.0,31.0,2544.0,8800.0,6062.0,8926.0,6062.0,6062.0,2.0,3.0,0.7087,566.0,,0.3397,0.2758,277946.0,280546.0,10.0,1141.0,0.6569,0.446078431,0.417355372,0.741293532,0.842592593,14143.0,13750.0,11500.0,14936.0,45593.0,5100.0,27983.0,67603.0,68100.0,40403.0,8900.0,28868.0,57397.0,49900.0,0.472,Maranatha Baptist University,Watertown,0.7568,0.5093
33000.0,33000.0,,23341.0,,,,,,24155.0,21978.0,20296.0,21839.0,24866.0,55.0,3.0,13.0,900.0,8953.0,3100.0,5709.0,4000.0,3100.0,2.0,3.0,0.6685,1050.0,,0.3174,0.7828,9628441.0,10062299.0,12.0,,0.4119,0.393103448,0.530612245,0.558641975,0.715930902,25000.0,14250.0,17846.0,18355.0,53501.0,11100.0,35359.0,74849.0,73100.0,49839.0,10900.0,35094.0,65905.0,64700.0,0.3011,Marian University,Fond Du Lac,0.6233,0.562
48700.0,48700.0,,29237.0,,,,,,18364.0,18903.0,24176.0,30974.0,34465.0,55.0,3.0,11.0,720.0,15740.0,3270.0,11660.0,5950.0,5950.0,2.0,3.0,0.8744,7238.0,,0.1876,0.403,865300000.0,916804000.0,13.0,1306.0,0.8006,0.771944217,0.79505814,0.77515528,0.837527352,23940.0,18738.0,19800.0,21500.0,78257.0,23600.0,54671.0,105538.0,106000.0,65241.0,17700.0,45047.0,83196.0,79400.0,0.6576,Marquette University,Milwaukee,0.9135,0.8152
42268.0,42268.0,,27514.0,,,,,,23183.0,22634.0,23112.0,29328.0,32135.0,55.0,3.0,11.0,1060.0,10430.0,1844.0,10430.0,1844.0,2712.0,2.0,3.0,0.628,883.0,,0.3638,0.7712,3690014.0,3783935.0,11.0,1155.0,0.6327,0.502512563,0.556179775,0.527272727,0.620192308,27000.0,14500.0,19250.0,15875.0,41174.0,7700.0,22588.0,62110.0,66200.0,29841.0,7200.0,15701.0,49385.0,48800.0,0.5255,Milwaukee Institute of Art & Design,Milwaukee,0.8371,0.5311
48421.0,48421.0,,24021.0,,,,,,14869.0,15403.0,17233.0,22123.0,31207.0,55.0,3.0,11.0,1000.0,12562.0,2132.0,12562.0,5766.0,2998.0,2.0,3.0,0.6039,2607.0,,0.2268,0.6105,75683084.0,82872635.0,12.0,,0.7154,0.569892473,0.621107266,0.808625337,0.92199688,27000.0,24500.0,25000.0,24146.0,89070.0,22600.0,66120.0,109311.0,103000.0,75114.0,21700.0,55596.0,89365.0,75400.0,0.4971,Milwaukee School of Engineering,Milwaukee,0.8318,0.6741
34390.0,34390.0,,18295.0,,,,,,17470.0,17079.0,18312.0,20665.0,20654.0,55.0,3.0,11.0,1442.0,10120.0,6834.0,6993.0,6834.0,6834.0,2.0,3.0,0.9335,703.0,,0.5768,0.8156,25553567.0,27206462.0,10.0,1050.0,0.5887,0.518828452,0.617346939,0.483920368,0.568493151,25288.0,20000.0,17500.0,18695.0,48745.0,9000.0,32376.0,66929.0,68600.0,40421.0,10900.0,26188.0,52311.0,65900.0,0.5,Mount Mary University,Milwaukee,0.6581,0.5137
42491.0,42491.0,,20780.0,,,,,,17367.0,18357.0,20256.0,22840.0,27084.0,55.0,3.0,33.0,800.0,11100.0,2650.0,11100.0,2650.0,2650.0,2.0,3.0,0.7181,457.0,,0.3185,0.6602,6228175.0,6554846.0,8.0,1153.0,0.4332,0.569444444,0.50625,0.62987013,0.732394366,25450.0,15000.0,14000.0,18500.0,44560.0,7600.0,32956.0,57708.0,59900.0,35819.0,5700.0,23738.0,50240.0,42400.0,0.369,Northland College,Ashland,0.7131,0.5748
50700.0,50700.0,,21176.0,,,,,,13478.0,13038.0,17763.0,22858.0,29200.0,55.0,3.0,32.0,750.0,10190.0,1900.0,6750.0,1900.0,1900.0,2.0,3.0,0.8392,720.0,,0.3329,0.7389,110826272.0,112583784.0,12.0,1143.0,0.5991,0.613861386,0.63255814,0.698067633,0.791044776,27000.0,17621.0,18625.0,19750.0,54902.0,19500.0,40128.0,75166.0,75500.0,42334.0,10400.0,29650.0,59116.0,50500.0,0.5431,Ripon College,Ripon,0.7551,0.6296
44432.0,44432.0,,25674.0,,,,,,19944.0,20300.0,19828.0,26035.0,30490.0,55.0,3.0,22.0,810.0,12698.0,1368.0,9154.0,2412.0,2666.0,2.0,3.0,0.9215,1749.0,,0.1358,0.4519,173050862.0,170287239.0,12.0,1233.0,0.7357,0.667293233,0.543429844,0.754299754,PS,26731.0,22355.0,25000.0,20500.0,58363.0,13900.0,43919.0,82286.0,80600.0,49775.0,13500.0,38310.0,66033.0,57000.0,0.6712,Saint Norbert College,De Pere,0.8214,0.7845
32350.0,32350.0,,22633.0,,,,,,15779.0,19129.0,20165.0,21629.0,26575.0,55.0,3.0,13.0,1000.0,10680.0,2500.0,10680.0,2500.0,2000.0,2.0,3.0,0.7327,1392.0,,0.2249,0.5785,60778544.0,64974762.0,12.0,1184.0,0.6516,0.620171674,0.560784314,0.653321201,0.766723842,25000.0,18971.0,18325.0,21159.0,55660.0,13200.0,38772.0,77048.0,76600.0,56804.0,12000.0,40869.0,76430.0,64300.0,0.4983,Viterbo University,La Crosse,0.6979,0.6452
8250.0,17916.0,14785.0,,8426.0,10003.0,14049.0,17177.0,18142.0,,,,,,55.0,3.0,32.0,300.0,7770.0,3240.0,8100.0,3240.0,3240.0,1.0,3.0,0.8276,9180.0,,0.2503,0.4712,34259959.0,38334112.0,20.0,1090.0,0.643,0.583835947,0.64334816,0.662536607,0.762132061,23188.0,13445.0,16400.0,18176.0,55356.0,13900.0,40426.0,75834.0,74300.0,47909.0,12000.0,34713.0,63328.0,55000.0,0.3985,University of Wisconsin-Whitewater,Whitewater,0.7754,0.6439
9277.0,18516.0,16948.0,,9565.0,10534.0,13803.0,18951.0,20469.0,,,,,,55.0,3.0,13.0,400.0,9200.0,3366.0,9200.0,3366.0,2630.0,1.0,3.0,0.7608,8995.0,,0.1867,0.4321,64838453.0,70748417.0,19.0,1190.0,0.6756,0.541271347,0.633587786,0.72827448,0.814056225,20909.0,10443.0,12929.0,14250.0,58561.0,16500.0,43086.0,79920.0,78500.0,50011.0,14000.0,37483.0,66284.0,60400.0,0.4353,University of Wisconsin-Eau Claire,Eau Claire,0.8189,0.689
8342.0,16929.0,12878.0,,8742.0,8220.0,11231.0,15838.0,17830.0,,,,,,55.0,3.0,12.0,800.0,8042.0,4276.0,8042.0,4276.0,3274.0,1.0,3.0,0.8784,6230.0,,0.2257,0.3102,54492077.0,53257194.0,23.0,1090.0,0.5309,0.519708029,0.541490858,0.642343268,0.727392739,18500.0,11000.0,11074.0,12000.0,52528.0,14900.0,38607.0,73130.0,67800.0,46546.0,12100.0,32932.0,61796.0,55800.0,0.3774,University of Wisconsin-Green Bay,Green Bay,0.7042,0.5526
9651.0,18691.0,15374.0,,6798.0,8794.0,13175.0,16528.0,17538.0,,,,,,55.0,3.0,13.0,120.0,7960.0,2036.0,7960.0,2036.0,2036.0,1.0,3.0,0.7325,9194.0,,0.1423,0.4398,41701196.0,42013528.0,19.0,1190.0,0.7119,0.658713693,0.675911659,0.770148291,0.841056303,22500.0,14305.0,17819.0,18750.0,60378.0,17100.0,44880.0,81523.0,80000.0,49626.0,13700.0,37435.0,65662.0,60800.0,0.4905,University of Wisconsin-La Crosse,La Crosse,0.8573,0.7369
35080.0,35080.0,,21315.0,,,,,,14218.0,14305.0,17500.0,22983.0,26682.0,55.0,3.0,11.0,800.0,11880.0,3038.0,9192.0,8216.0,3322.0,2.0,3.0,0.7905,1009.0,,0.2542,0.7069,43865288.0,47018413.0,11.0,1214.0,0.6266,0.565079365,0.541538462,0.714953271,0.84279476,26000.0,18375.0,18500.0,21297.0,54664.0,11400.0,37791.0,74006.0,63000.0,49095.0,8700.0,31918.0,65814.0,51800.0,0.5236,Wisconsin Lutheran College,Milwaukee,0.7994,0.6105
8212.0,16125.0,14761.0,,9232.0,10209.0,13961.0,17218.0,18553.0,,,,,,55.0,3.0,13.0,1000.0,8940.0,3000.0,8940.0,3000.0,3000.0,1.0,3.0,0.8668,7613.0,,0.158,0.2719,32767890.0,40147200.0,21.0,1090.0,0.5789,0.518314099,0.560676533,0.667404293,0.784789644,21500.0,12000.0,14072.0,12000.0,55548.0,14200.0,40222.0,76239.0,70200.0,50140.0,13100.0,36567.0,66730.0,57200.0,0.2805,University of Wisconsin-Oshkosh,Oshkosh,0.7226,0.5731
7855.0,16497.0,10044.0,,5551.0,7109.0,10670.0,14941.0,16329.0,,,,,,55.0,3.0,41.0,590.0,8286.0,5164.0,8286.0,5164.0,4756.0,1.0,3.0,0.7262,2951.0,,0.3421,0.3752,16130111.0,13986800.0,18.0,1090.0,0.3982,0.373937677,0.40315877,0.471495327,0.587719298,20492.0,14250.0,13750.0,14000.0,51129.0,10800.0,33245.0,72867.0,70500.0,42154.0,7400.0,26387.0,59440.0,55600.0,0.1857,University of Wisconsin-Parkside,Kenosha,0.7126,0.4408
10142.0,18706.0,17365.0,,10499.0,11643.0,15799.0,19803.0,21221.0,,,,,,55.0,3.0,32.0,488.0,8718.0,3780.0,8563.0,3780.0,3780.0,1.0,3.0,0.8474,5900.0,,0.2274,0.4891,72176144.0,78873617.0,18.0,1150.0,0.5253,0.487634409,0.5232,0.716955941,0.823929961,23000.0,15118.0,16452.0,16185.0,58084.0,14100.0,40531.0,80699.0,77500.0,50251.0,13300.0,35347.0,68502.0,59800.0,0.2577,University of Wisconsin-Stout,Menomonie,0.741,0.5779
8487.0,16400.0,13405.0,,8194.0,7797.0,12195.0,16774.0,17218.0,,,,,,55.0,3.0,22.0,1050.0,7227.0,5596.0,7227.0,5596.0,5023.0,1.0,3.0,0.9364,1899.0,,0.296,0.4596,21615266.0,22959656.0,17.0,1050.0,0.4412,0.371376812,0.478851964,0.50877193,0.613223141,22500.0,13830.0,15321.0,14000.0,49606.0,8900.0,34128.0,67440.0,64800.0,41868.0,8700.0,28919.0,54633.0,51300.0,0.2706,University of Wisconsin-Superior,Superior,0.7074,0.4494
11205.0,40603.0,16928.0,,4458.0,5268.0,9613.0,21123.0,26427.0,,,,,,55.0,3.0,11.0,1100.0,13500.0,3100.0,13500.0,3100.0,3800.0,1.0,3.0,0.4335,35665.0,,0.1532,0.217,4995679379.0,5530156867.0,18.0,1402.0,0.8933,0.70955785,0.753291925,0.80799305,0.85400638,20484.0,13750.0,16850.0,19058.0,73792.0,19100.0,52171.0,108161.0,104600.0,61275.0,14300.0,42452.0,82458.0,76800.0,0.729,University of Wisconsin-Madison,Madison,0.9453,0.9008
10020.0,22020.0,16177.0,,10860.0,12001.0,15762.0,19773.0,21112.0,,,,,,55.0,3.0,11.0,800.0,10980.0,3600.0,10980.0,3600.0,3600.0,1.0,3.0,0.8844,16762.0,,0.3019,0.4378,220503966.0,236646370.0,17.0,1090.0,0.5119,0.445422166,0.488870902,0.566420996,0.721842317,23000.0,16500.0,15492.0,14750.0,54990.0,12600.0,36406.0,76601.0,74700.0,45851.0,11200.0,29673.0,64282.0,59300.0,0.285,University of Wisconsin-Milwaukee,Milwaukee,0.7206,0.5057
8315.0,17274.0,14754.0,,8666.0,8552.0,12737.0,17051.0,18259.0,,,,,,55.0,3.0,32.0,220.0,8174.0,5360.0,9774.0,5360.0,4290.0,1.0,3.0,0.8726,5928.0,,0.2104,0.4385,51934302.0,55699222.0,20.0,1190.0,0.6154,0.528014616,0.593620791,0.731155779,0.860148515,21977.0,12666.0,14260.0,17121.0,61760.0,16600.0,43703.0,83326.0,80600.0,54825.0,13500.0,39503.0,73076.0,64900.0,0.3173,University of Wisconsin-Platteville,Platteville,0.8006,0.6126
8606.0,16887.0,14714.0,,9520.0,11067.0,14246.0,17463.0,17858.0,,,,,,55.0,3.0,32.0,440.0,7658.0,3700.0,9660.0,5040.0,5040.0,1.0,3.0,0.8162,4152.0,,0.2048,0.4491,29228586.0,29419892.0,17.0,1120.0,0.6088,0.560153257,0.590277778,0.717175302,0.800124533,20500.0,12500.0,15225.0,15016.0,54458.0,13100.0,38018.0,72674.0,72100.0,46524.0,11500.0,34134.0,59398.0,53500.0,0.4345,University of Wisconsin-River Falls,River Falls,0.7282,0.5769
8834.0,17854.0,13726.0,,7953.0,8490.0,12706.0,16141.0,17500.0,,,,,,55.0,3.0,32.0,250.0,8500.0,3322.0,8500.0,3322.0,3322.0,1.0,3.0,0.9014,7104.0,,0.2777,0.4983,66152803.0,58446676.0,21.0,1120.0,0.5596,0.529439696,0.622020972,0.702144352,0.790739092,21503.0,13990.0,14144.0,15000.0,52021.0,13300.0,37608.0,69056.0,65700.0,43371.0,12100.0,29836.0,56312.0,52000.0,0.3792,University of Wisconsin-Stevens Point,Stevens Point,0.7544,0.567
6938.0,22718.0,11779.0,,7602.0,7618.0,10168.0,15315.0,18136.0,,,,,,56.0,7.0,33.0,1670.0,13340.0,3920.0,9140.0,4480.0,4480.0,1.0,3.0,0.9741,8047.0,,0.2218,0.2828,715309048.0,747129000.0,13.0,,0.5985,0.495089544,0.529348411,0.704025485,0.842592593,18000.0,12500.0,12000.0,12000.0,56880.0,11300.0,37256.0,80898.0,90700.0,48360.0,9600.0,29715.0,67169.0,70800.0,0.4027,University of Wyoming,Laramie,0.7749,0.6256
5612.0,15521.0,7563.0,,6828.0,6211.0,8895.0,10729.0,10895.0,,,,,,78.0,9.0,41.0,1750.0,10650.0,3140.0,11374.0,3432.0,3432.0,1.0,3.0,0.9744,1431.0,,0.4623,0.1691,53390418.0,53760376.0,10.0,915.0,0.2857,0.174369748,0.243186583,0.349834984,0.524475525,16800.0,9326.0,11000.0,9767.0,38681.0,11000.0,23467.0,56467.0,59300.0,32360.0,7800.0,16878.0,46685.0,58200.0,0.109,University of the Virgin Islands,Charlotte Amalie,0.7644,0.3709
18100.0,18100.0,,20185.0,,,,,,14817.0,17795.0,21306.0,29021.0,29127.0,53.0,8.0,12.0,680.0,,,15888.0,3560.0,3440.0,3.0,3.0,0.7647,150.0,,0.521,0.521,,,29.0,,0.3636,0.448275862,0.5,0.363636364,PS,30750.0,,30750.0,,31167.0,,10385.0,46798.0,,27505.0,,13457.0,43152.0,,0.2727,Northwest College of Art & Design,Tacoma,0.7826,0.3793
12559.0,41913.0,10898.0,,5081.0,5969.0,8059.0,16230.0,23389.0,,,,,,53.0,8.0,21.0,900.0,17115.0,4110.0,17115.0,4110.0,4110.0,1.0,3.0,0.9177,5228.0,,0.2843,0.2022,93819217.0,98371454.0,21.0,1376.0,0.6822,0.591303026,0.733613951,0.720972879,0.780047758,14615.0,12184.0,11667.0,12851.0,78466.0,16200.0,50171.0,115782.0,110400.0,62979.0,11200.0,39660.0,90996.0,86600.0,0.5019,University of Washington-Bothell Campus,Bothell,0.8617,0.6834
12817.0,42171.0,10017.0,,4709.0,5936.0,7900.0,16772.0,22095.0,,,,,,53.0,8.0,12.0,900.0,15948.0,3582.0,15948.0,3582.0,3582.0,1.0,3.0,0.8295,3989.0,,0.4019,0.2968,93819217.0,98371454.0,15.0,,0.6226,0.591303026,0.733613951,0.720972879,0.780047758,14615.0,12184.0,11667.0,12851.0,78466.0,16200.0,50171.0,115782.0,110400.0,62979.0,11200.0,39660.0,90996.0,86600.0,0.5115,University of Washington-Tacoma Campus,Tacoma,0.7768,0.5893
16491.0,16491.0,,30255.0,,,,,,30790.0,25175.0,,,,49.0,7.0,12.0,,,,11100.0,9840.0,5055.0,3.0,3.0,,704.0,,0.5688,0.7963,,,39.0,,0.6364,0.642857143,0.695473251,0.419220056,0.489461358,41733.0,23584.0,21928.0,25359.0,39645.0,3300.0,20033.0,60287.0,54200.0,32673.0,2400.0,17131.0,52409.0,51100.0,0.5455,Provo College,Provo,0.7619,0.0
,,,,,,,,,,,,,,55.0,3.0,21.0,,,,,,,2.0,3.0,,57.0,,0.4603,0.5556,329637.0,265878.0,2.0,,,0.406649616,0.27471384,0.376561827,0.558421851,21500.0,12975.0,13726.0,12000.0,55552.0,11200.0,35894.0,79726.0,78100.0,49139.0,11000.0,31477.0,69164.0,68900.0,,Ottawa University-Milwaukee,Brookfield,,
8300.0,8300.0,,10442.0,,,,,,9358.0,9848.0,10666.0,13731.0,14297.0,49.0,7.0,21.0,200.0,,,8100.0,1000.0,4300.0,2.0,3.0,,135822.0,,0.3488,0.4261,82390.0,2632637.0,42.0,,0.5089,0.446750614,0.485632184,0.479278634,0.658341658,11116.0,7219.0,8540.0,9602.0,60615.0,14100.0,37733.0,96337.0,82100.0,69572.0,9400.0,43800.0,100953.0,85200.0,0.3378,Western Governors University,Salt Lake City,0.6151,0.6656
9450.0,9450.0,,,,,,,,,,,,,51.0,5.0,12.0,240.0,,,6954.0,500.0,500.0,3.0,3.0,,322.0,,0.0483,0.0375,,,30.0,,1.0,0.588235294,0.630136986,0.489361702,PS,,8822.0,,,68530.0,,,103016.0,,63721.0,,42265.0,84201.0,,,University of Management and Technology,Arlington,,0.0
6660.0,6660.0,,,,,,,,,,,,,51.0,5.0,21.0,500.0,,,11360.0,5800.0,5800.0,3.0,3.0,,177.0,,0.0,0.0,,,9.0,,0.7778,,0.186046512,0.234463277,0.28125,8769.0,,8885.0,,34961.0,14400.0,13216.0,58024.0,113000.0,38444.0,7700.0,,68447.0,97800.0,0.0,University of the Potomac-VA Campus,FALLS CHURCH,0.75,0.8333
8850.0,8850.0,,18361.0,,,,,,17595.0,,,19893.0,,53.0,8.0,12.0,762.0,,,17868.0,3888.0,3750.0,2.0,3.0,,196.0,,0.4716,0.3182,,,14.0,,0.6667,,0.565217391,0.430379747,0.486486487,17650.0,,13750.0,,51006.0,,31986.0,84275.0,,52989.0,,32504.0,80137.0,,0.6667,Faith International University,Tacoma,0.6667,0.25
37400.0,37400.0,,42033.0,,,,,,31681.0,35891.0,36920.0,46250.0,48574.0,53.0,8.0,13.0,2140.0,16240.0,3512.0,16240.0,3512.0,3512.0,3.0,3.0,0.6802,1032.0,,0.224,0.4405,,,11.0,1295.0,0.5156,0.502590674,0.550802139,0.734693878,0.9,27000.0,25875.0,22750.0,19000.0,79878.0,,44010.0,142169.0,,58771.0,15200.0,30710.0,109351.0,95200.0,0.4178,DigiPen Institute of Technology,Redmond,0.7322,0.5803
,,,29378.0,,,,,,27579.0,29096.0,30610.0,31740.0,32149.0,49.0,7.0,12.0,,,,,,,3.0,3.0,,4244.0,,0.4347,0.7279,,,12.0,,0.45,0.702702703,,0.611940299,PS,25250.0,10500.0,10750.0,14000.0,27126.0,,12177.0,44352.0,,63412.0,,40285.0,80207.0,,0.0833,Nightingale College,Salt Lake City,0.5745,
27375.0,27375.0,,28979.0,,,,,,26380.0,26730.0,31022.0,32666.0,30965.0,49.0,7.0,12.0,1200.0,14724.0,4320.0,9891.0,4320.0,4320.0,3.0,3.0,0.8924,530.0,,0.5733,0.859,,,25.0,1112.0,0.5655,,,0.684210526,0.884955752,,,,,97827.0,,51736.0,128589.0,,77865.0,16500.0,40716.0,103424.0,98500.0,0.4762,Neumont College of Computer Science,Salt Lake City,0.7716,0.54
,,,32097.0,,,,,,31342.0,34865.0,,,,49.0,7.0,21.0,,,,,,,3.0,3.0,,205.0,,0.5884,0.7653,,,29.0,,0.68,0.599423631,0.595121951,0.217100868,0.287410926,43021.0,17946.0,24000.0,24862.0,37518.0,4600.0,20717.0,54175.0,58000.0,36393.0,4700.0,20649.0,51015.0,43300.0,0.6364,Eagle Gate College-Layton,Layton,0.625,0.4
,,,,,,,,,,,,,,49.0,7.0,13.0,,,,,,,3.0,3.0,,118.0,,0.5311,0.7175,,,13.0,,,,,0.897959184,PS,,28896.0,28948.0,19937.0,30829.0,,12017.0,62722.0,,48228.0,,25901.0,70762.0,,,Careers Unlimited,Orem,,
8400.0,8400.0,,9104.0,,,,,,9011.0,9637.0,7301.0,14848.0,,54.0,5.0,31.0,0.0,,,8792.0,2768.0,2768.0,3.0,3.0,,38976.0,,0.2467,0.1329,,,25.0,,0.5323,0.201525231,0.153350765,0.186226515,0.564397906,21743.0,9500.0,10484.0,13280.0,44409.0,,20126.0,73944.0,,32917.0,7800.0,14098.0,55768.0,115600.0,0.3192,American Public University System,Charles Town,0.9362,0.4611
28425.0,28425.0,,,,,,,,,,,,,51.0,5.0,31.0,500.0,11020.0,500.0,9000.0,500.0,2000.0,2.0,3.0,0.8198,373.0,,0.0,0.0,2323880.0,2772014.0,14.0,1351.0,0.6545,,,,,,,,,,,,,,,,,,,0.5455,Patrick Henry College,Purcellville,0.8788,0.7246
13920.0,13920.0,,16943.0,,,,,,16943.0,,,,,54.0,5.0,22.0,675.0,,,9438.0,1125.0,1125.0,3.0,3.0,,377.0,,0.8507,0.1319,,,39.0,,0.5,0.133444207,0.154570325,0.170581897,0.337864078,40621.0,12667.0,20636.0,22364.0,40092.0,11500.0,20698.0,62129.0,106500.0,36582.0,9600.0,18625.0,56532.0,83200.0,0.5,Strayer University-West Virginia,Scott Depot,1.0,
7680.0,7680.0,,,,,,,,,,,,,51.0,5.0,21.0,730.0,,,11500.0,7500.0,5559.0,2.0,3.0,,85.0,,0.26,0.29,52940.0,79288.0,8.0,,0.5,,,PS,PS,,,,,,,,,,31455.0,,17332.0,46911.0,,0.0,Ascent College,Gainesville,,0.0
18238.0,18238.0,,26205.0,,,,,,26036.0,27054.0,,,,51.0,5.0,21.0,1500.0,,,8925.0,7914.0,5541.0,3.0,3.0,,244.0,,0.4125,0.5519,,,11.0,,0.2069,0.222162162,0.178076996,0.192723315,0.386992275,26123.0,12643.0,15278.0,14700.0,34421.0,7100.0,17463.0,53014.0,67200.0,34115.0,7600.0,17590.0,54613.0,74600.0,0.1111,South University-Richmond,Glen Allen,0.6364,0.0714
18238.0,18238.0,,24372.0,,,,,,25182.0,23513.0,26139.0,,,51.0,5.0,11.0,1500.0,,,8925.0,7914.0,5541.0,3.0,3.0,,252.0,,0.5122,0.5024,,,11.0,,0.1364,0.222162162,0.178076996,0.192723315,0.386992275,26123.0,12643.0,15278.0,14700.0,34421.0,7100.0,17463.0,53014.0,67200.0,34115.0,7600.0,17590.0,54613.0,74600.0,0.0556,South University-Virginia Beach,Virginia Beach,0.25,0.0
13420.0,13420.0,,17613.0,,,,,,16517.0,14912.0,19668.0,19601.0,21633.0,55.0,3.0,13.0,,,,8928.0,6066.0,3033.0,2.0,3.0,0.8939,543.0,,0.6204,0.8166,,,16.0,,0.5,0.338302173,0.351520087,0.249672892,0.390226112,21500.0,10662.0,13130.0,15250.0,36909.0,12300.0,19077.0,56514.0,77200.0,35295.0,7200.0,18140.0,54822.0,58300.0,0.2727,Herzing University-Kenosha,Kenosha,0.7692,0.4444
10128.0,10128.0,,,,,,,,,,,,,51.0,5.0,21.0,1600.0,,,6860.0,6000.0,3768.0,2.0,3.0,,5.0,,0.0,0.0,10000.0,10000.0,3.0,,0.0,,,,,,,,,,,,,,,,,,,0.0,Fairfax University of America,Fairfax,0.625,0.1667
20462.0,20462.0,,,,,,,,,,,,,51.0,5.0,21.0,600.0,,,16724.0,7808.0,7808.0,3.0,3.0,1.0,567.0,,0.4389,0.7541,,,8.0,,1.0,0.49228169,0.503994394,0.541874536,0.622781457,20919.0,16577.0,15795.0,17250.0,92405.0,13200.0,66826.0,120947.0,94100.0,84533.0,27800.0,62630.0,108596.0,98800.0,1.0,Chamberlain University-Virginia,Vienna,,0.25
,,,,,,,,,,,,,,53.0,8.0,21.0,,,,,,,2.0,3.0,,170.0,,0.4689,0.6328,,,10.0,,,0.691927512,0.692307692,0.683158896,0.748563218,25000.0,19724.0,19500.0,15750.0,58561.0,9500.0,38934.0,80121.0,81600.0,49510.0,9600.0,33151.0,69338.0,63800.0,,Whitworth University-Adult Degree Programs,Spokane,,
9600.0,9600.0,,,,,,,,,,,,,54.0,5.0,31.0,1175.0,,,8576.0,2195.0,2195.0,2.0,3.0,,95.0,,0.2,0.2,,,3.0,,,,,,,,,,,,,,,,,,,,,,Catholic Distance University,Charles Town,,
8256.0,8256.0,,26463.0,,,,,,,,26463.0,,,49.0,7.0,12.0,875.0,,,20109.0,26536.0,14855.0,2.0,3.0,0.6,253.0,,0.5161,0.5986,,,4.0,,0.0,0.254901961,0.344444444,PS,PS,21054.0,6207.0,,,,,,,,24743.0,,9045.0,48668.0,,0.0,Midwives College of Utah,Salt Lake City,1.0,0.0
17488.0,17488.0,,22341.0,,,,,,22341.0,,,,,51.0,5.0,12.0,400.0,,,16716.0,7708.0,7708.0,3.0,3.0,1.0,25.0,,0.4237,0.5254,,,2.0,,1.0,0.218566206,0.195822076,0.282223068,0.443987851,24807.0,11756.0,14317.0,14750.0,45987.0,11500.0,25449.0,71271.0,91000.0,42178.0,7700.0,23114.0,63768.0,73100.0,1.0,DeVry University-Virginia,Arlington,0.5,0.0
13178.0,13178.0,,,,,,,,,,,,,51.0,5.0,21.0,1200.0,,,7902.0,7902.0,7902.0,3.0,3.0,0.1149,302.0,,0.0,0.0,,,16.0,,0.5455,,,,,,,,,,,,,,,,,,,0.0,Washington University of Science and Technology,Vienna,0.5965,0.2778
14652.0,14652.0,,26734.0,,,,,,22003.0,24176.0,28262.0,28928.0,30786.0,53.0,8.0,21.0,1128.0,,,28839.0,5562.0,5562.0,2.0,3.0,,477.0,,0.2072,0.3821,,,19.0,,0.3077,0.461254613,0.487012987,0.624472574,0.769230769,20891.0,14881.0,15732.0,15000.0,54914.0,7200.0,31694.0,83872.0,78300.0,50495.0,7800.0,31226.0,73774.0,67900.0,0.1176,Northwest University-Center for Online and Extended Education,Kirkland,0.7083,0.45
33000.0,33000.0,,41429.0,,,,,,37755.0,40601.0,,47354.0,,53.0,8.0,11.0,740.0,,,17868.0,3888.0,3888.0,3.0,3.0,,60.0,,0.4058,0.5942,,,8.0,,0.8889,,,,,13000.0,12167.0,,,,,,,,,,,,,,Seattle Film Institute,Seattle,0.7273,
,,,,,,,,,,,,,,55.0,3.0,11.0,,,,,,,1.0,3.0,0.9231,570.0,,0.1732,0.2827,2227312.0,2390367.0,18.0,,,0.445422166,0.488870902,0.566420996,0.721842317,23000.0,16500.0,15492.0,14750.0,54990.0,12600.0,36406.0,76601.0,74700.0,45851.0,11200.0,29673.0,64282.0,59300.0,,University of Wisconsin-Milwaukee Flex,Milwaukee,,
,,,,,,,,,,,,,,55.0,3.0,41.0,,,,,,,1.0,3.0,,143.0,,0.1849,0.3356,162930.0,141280.0,18.0,,,0.373937677,0.40315877,0.471495327,0.587719298,20492.0,14250.0,13750.0,14000.0,51129.0,10800.0,33245.0,72867.0,70500.0,42154.0,7400.0,26387.0,59440.0,55600.0,,University of Wisconsin-Parkside Flex,Kenosha,,
17700.0,17700.0,,31680.0,,,,,,,,29650.0,32695.0,32695.0,53.0,8.0,12.0,977.0,11538.0,3959.0,11535.0,3959.0,3959.0,2.0,3.0,1.0,36.0,,0.4571,0.3143,,,3.0,,,,,,,,,,,,,,,,,,,,,,Great Northern University,Spokane,1.0,
22586.0,22586.0,,31831.0,,,,,,27516.0,32058.0,30671.0,33221.0,35805.0,49.0,7.0,13.0,,,,11844.0,10503.0,7037.0,3.0,3.0,1.0,323.0,,0.4845,0.7674,,,20.0,,,0.586859688,0.590994371,0.261904762,0.337078652,9500.0,9500.0,9500.0,10250.0,34657.0,5100.0,17281.0,48422.0,45700.0,32840.0,4000.0,17567.0,43637.0,39100.0,,Arizona College of Nursing-Salt Lake City,Murray,0.9375,
23760.0,23760.0,,33304.0,,,,,,33651.0,32377.0,,,,51.0,5.0,21.0,,,,11844.0,10503.0,7037.0,3.0,3.0,1.0,284.0,,0.5208,0.8194,,,20.0,,,0.586859688,0.590994371,0.261904762,0.337078652,9500.0,9500.0,9500.0,10250.0,34657.0,5100.0,17281.0,48422.0,45700.0,32840.0,4000.0,17567.0,43637.0,39100.0,,Arizona College of Nursing-Falls Church,Falls Church,0.5455,
