TUITIONFEE_IN,TUITIONFEE_OUT,ST_FIPS,REGION,LOCALE,CONTROL,PREDDEG,UGDS,PCTPELL,PCTFLOAN,STUFACR,C150_4,COMP_ORIG_YR4_RT,COMP_ORIG_YR6_RT,GRAD_DEBT_MDN,LO_INC_DEBT_MDN,MD_INC_DEBT_MDN,HI_INC_DEBT_MDN,MD_EARN_WNE_P10,PCT10_EARN_WNE_P10,PCT25_EARN_WNE_P10,PCT75_EARN_WNE_P10,PCT90_EARN_WNE_P10,MD_EARN_WNE_P6,PCT10_EARN_WNE_P6,PCT25_EARN_WNE_P6,PCT75_EARN_WNE_P6,PCT90_EARN_WNE_P6,C100_4,INSTNM,CITY,RET_FT4,C200_4
10024.0,18634.0,1.0,5.0,12.0,1.0,3.0,5726.0,0.6441,0.5859,19.0,0.2874,0.22236671,0.30275974,31000.0,17500.0,16000.0,15000.0,40628.0,6700.0,23030.0,60507.0,70000.0,27851.0,4500.0,14130.0,44543.0,51400.0,0.1488,Alabama A & M University,Normal,0.6387,0.2962
8832.0,21864.0,1.0,5.0,12.0,1.0,3.0,12118.0,0.3318,0.4097,18.0,0.626,0.454072146,0.540062844,22300.0,16666.0,15985.0,15000.0,54501.0,10900.0,33873.0,80711.0,84000.0,46572.0,9700.0,29464.0,66959.0,66200.0,0.4327,University of Alabama at Birmingham,Birmingham,0.8195,0.649
11770.0,24662.0,1.0,5.0,12.0,1.0,3.0,6650.0,0.225,0.3391,17.0,0.6191,0.369397218,0.480613165,20705.0,14502.0,13075.0,13954.0,61767.0,12900.0,37446.0,91119.0,93300.0,55610.0,9100.0,33999.0,81066.0,70300.0,0.41,University of Alabama in Huntsville,Huntsville,0.805,0.6296
11248.0,19576.0,1.0,5.0,12.0,1.0,3.0,3322.0,0.7203,0.7776,16.0,0.3018,0.246203038,0.322360953,31000.0,17750.0,17000.0,18500.0,34502.0,7100.0,18132.0,51026.0,55400.0,27453.0,4300.0,15271.0,40900.0,39800.0,0.1346,Alabama State University,Montgomery,0.6045,0.2972
11900.0,33200.0,1.0,5.0,12.0,1.0,3.0,32323.0,0.1799,0.3358,19.0,0.7369,0.57664659,0.619616205,22750.0,17750.0,18500.0,17750.0,59221.0,13100.0,39848.0,87405.0,85000.0,52233.0,9800.0,33353.0,75004.0,61600.0,0.5623,The University of Alabama,Tuscaloosa,0.8609,0.7298
9436.0,20092.0,1.0,5.0,12.0,1.0,3.0,2693.0,0.4275,0.456,15.0,0.3568,0.279424978,0.311836735,25000.0,13000.0,14125.0,12500.0,44391.0,9500.0,26860.0,63615.0,66300.0,38216.0,8800.0,22285.0,55734.0,55900.0,0.136,Auburn University at Montgomery,Montgomery,0.658,0.3993
12536.0,33944.0,1.0,5.0,13.0,1.0,3.0,25732.0,0.1226,0.2701,21.0,0.7921,0.664,0.731697506,21000.0,18750.0,18250.0,16750.0,65337.0,13800.0,43620.0,95597.0,91400.0,54629.0,11800.0,36022.0,74667.0,67000.0,0.5661,Auburn University,Auburn,0.9319,0.8216
22750.0,22750.0,1.0,5.0,12.0,2.0,3.0,713.0,0.2256,0.6738,9.0,0.6418,0.662962963,0.643171806,25000.0,12000.0,17730.0,16250.0,59481.0,9800.0,33426.0,92516.0,77600.0,45229.0,6300.0,27202.0,60501.0,58300.0,0.5559,Birmingham-Southern College,Birmingham,0.6311,0.7052
18238.0,18238.0,1.0,5.0,12.0,3.0,3.0,302.0,0.6952,0.7016,13.0,0.1538,0.222162162,0.178076996,26123.0,12643.0,15278.0,14700.0,34421.0,7100.0,17463.0,53014.0,67200.0,34115.0,7600.0,17590.0,54613.0,74600.0,0.0,South University-Montgomery,Montgomery,0.2857,0.1364
23920.0,23920.0,1.0,5.0,12.0,2.0,3.0,1555.0,0.4381,0.5787,13.0,0.3766,0.354166667,0.326674501,23000.0,15750.0,14000.0,14600.0,43457.0,9800.0,25494.0,64288.0,80700.0,37313.0,8200.0,21514.0,55122.0,63600.0,0.2048,Faulkner University,Montgomery,0.7039,0.1661
28650.0,28650.0,1.0,5.0,12.0,2.0,3.0,865.0,0.3879,0.7081,14.0,0.4694,0.515060241,0.572192513,27000.0,25000.0,19625.0,15250.0,49601.0,9100.0,34151.0,71130.0,73200.0,42147.0,12200.0,28944.0,58518.0,54500.0,0.3946,Huntingdon College,Montgomery,0.6667,0.4462
12426.0,22716.0,1.0,5.0,23.0,1.0,3.0,7030.0,0.4309,0.6941,19.0,0.5112,0.45508982,0.466340269,22189.0,14000.0,14250.0,14000.0,45235.0,9000.0,28035.0,64633.0,64200.0,40158.0,7000.0,24984.0,56108.0,53800.0,0.3193,Jacksonville State University,Jacksonville,0.6442,0.5152
10990.0,20090.0,1.0,5.0,43.0,1.0,3.0,2666.0,0.5401,0.6373,17.0,0.3804,0.145025295,0.226984127,24944.0,12500.0,13250.0,13000.0,44232.0,8500.0,27937.0,62576.0,63700.0,37106.0,8200.0,20253.0,54320.0,58500.0,0.2041,University of West Alabama,Livingston,0.6075,0.3875
12714.0,12714.0,1.0,5.0,21.0,2.0,3.0,1151.0,0.7552,0.775,12.0,0.2566,0.059945504,0.127686473,31217.0,16500.0,14250.0,15000.0,32627.0,6400.0,17195.0,47772.0,51200.0,25822.0,3700.0,13276.0,39521.0,41300.0,0.1612,Miles College,Fairfield,0.5563,0.2435
26120.0,26120.0,1.0,5.0,41.0,2.0,3.0,1079.0,0.2986,0.4287,13.0,0.5551,0.418552036,0.45915493,26500.0,22223.0,18750.0,14300.0,43611.0,9600.0,28429.0,59995.0,73400.0,37411.0,6800.0,21776.0,52086.0,60600.0,0.4185,University of Mobile,Mobile,0.7169,0.5142
13710.0,26730.0,1.0,5.0,31.0,1.0,3.0,2087.0,0.3904,0.5207,13.0,0.4938,0.39122807,0.542763158,24000.0,15745.0,19500.0,14625.0,42957.0,9900.0,25530.0,56437.0,62300.0,35406.0,8000.0,21903.0,46399.0,45100.0,0.3423,University of Montevallo,Montevallo,0.7315,0.5289
11990.0,22190.0,1.0,5.0,13.0,1.0,3.0,5468.0,0.2411,0.2957,18.0,0.5403,0.418245614,0.451740506,22077.0,16250.0,15000.0,16799.0,45415.0,9800.0,28413.0,64932.0,68400.0,38295.0,6900.0,23383.0,54058.0,54700.0,0.3321,University of North Alabama,Florence,0.7776,0.5268
21838.0,21838.0,1.0,5.0,12.0,2.0,3.0,1253.0,0.4735,0.5754,10.0,0.4891,0.232911392,0.391402715,27000.0,20500.0,20750.0,21500.0,42488.0,7900.0,23113.0,67182.0,75600.0,30969.0,4900.0,13283.0,51747.0,52100.0,0.3137,Oakwood University,Huntsville,0.6388,0.5164
38144.0,38144.0,1.0,5.0,21.0,2.0,3.0,3828.0,0.1084,0.287,14.0,0.7988,0.711409396,0.692139738,19500.0,18538.0,17494.0,15000.0,58469.0,12600.0,38802.0,91693.0,124000.0,49466.0,9700.0,33129.0,68283.0,73500.0,0.7181,Samford University,Birmingham,0.8765,0.7915
9676.0,18652.0,1.0,5.0,12.0,1.0,3.0,8540.0,0.3713,0.4872,18.0,0.5257,0.422551253,0.456873823,24929.0,18750.0,17508.0,16500.0,49379.0,10500.0,30000.0,73471.0,78800.0,41307.0,6800.0,26452.0,60705.0,64100.0,0.3324,University of South Alabama,Mobile,0.7625,0.4957
11392.0,11392.0,1.0,5.0,12.0,2.0,3.0,761.0,0.682,0.6912,12.0,0.4103,0.146496815,0.236666667,29067.0,16375.0,14250.0,20344.0,35421.0,5100.0,18957.0,53304.0,51500.0,29790.0,5000.0,16023.0,42693.0,43400.0,0.3162,Stillman College,Tuscaloosa,0.7886,0.1623
15650.0,15650.0,1.0,5.0,32.0,2.0,3.0,782.0,0.7551,0.7778,19.0,0.6497,0.163398693,0.301694915,28500.0,14750.0,16750.0,12500.0,32229.0,4300.0,17337.0,48588.0,53300.0,22613.0,1300.0,11007.0,36735.0,35600.0,0.586,Talladega College,Talladega,0.8142,0.2627
9792.0,19584.0,1.0,5.0,33.0,1.0,3.0,10089.0,0.423,0.6617,15.0,0.4684,0.28379224,0.269603768,25000.0,17000.0,15000.0,15000.0,42062.0,9700.0,24464.0,61119.0,70800.0,39392.0,8300.0,23920.0,56609.0,60300.0,0.2816,Troy University,Troy,0.7299,0.5248
23440.0,23440.0,1.0,5.0,32.0,2.0,3.0,2367.0,0.4767,0.6167,12.0,0.5709,0.454833597,0.487218045,27000.0,22937.0,21500.0,19500.0,49641.0,9200.0,26919.0,78316.0,81200.0,38332.0,6000.0,20813.0,63359.0,65900.0,0.3115,Tuskegee University,Tuskegee,0.7298,0.5754
7566.0,21693.0,2.0,8.0,11.0,1.0,3.0,6916.0,0.191,0.1488,12.0,0.2894,0.174219094,0.230218538,20210.0,12500.0,11222.0,10250.0,51871.0,7600.0,28505.0,80117.0,84200.0,42313.0,6600.0,23854.0,62335.0,77600.0,0.1522,University of Alaska Anchorage,Anchorage,0.7166,0.3579
8640.0,22752.0,2.0,8.0,13.0,1.0,3.0,4027.0,0.2237,0.1765,12.0,0.3197,0.232333011,0.267857143,20291.0,12136.0,11191.0,11000.0,48866.0,6600.0,25153.0,74202.0,81500.0,40746.0,5300.0,22551.0,63454.0,67300.0,0.2067,University of Alaska Fairbanks,Fairbanks,0.721,0.4643
20760.0,20760.0,2.0,8.0,11.0,2.0,3.0,400.0,0.3442,0.4186,8.0,0.4688,0.43373494,0.53030303,23500.0,11250.0,11000.0,16000.0,54271.0,10800.0,29511.0,79869.0,85000.0,47803.0,8200.0,26774.0,63277.0,68900.0,0.1875,Alaska Pacific University,Anchorage,0.6818,0.25
12051.0,32193.0,4.0,6.0,12.0,1.0,3.0,64398.0,0.2966,0.284,18.0,0.6785,0.492382069,0.593368454,19500.0,13750.0,13750.0,13245.0,62668.0,12900.0,40826.0,92934.0,93300.0,52843.0,10400.0,34185.0,76723.0,70000.0,0.5479,Arizona State University Campus Immersion,Tempe,0.8532,0.6755
13626.0,41095.0,4.0,6.0,11.0,1.0,3.0,40769.0,0.2624,0.2695,19.0,0.6589,0.49911675,0.576708279,19620.0,13000.0,13770.0,14000.0,59979.0,12100.0,38990.0,92199.0,99400.0,47665.0,9200.0,30542.0,71211.0,69600.0,0.5091,University of Arizona,Tucson,0.8767,0.6601
42204.0,42204.0,4.0,6.0,13.0,2.0,3.0,3245.0,0.174,0.3439,17.0,0.6976,0.372737887,0.46662367,23666.0,15000.0,13000.0,14750.0,84131.0,22400.0,55392.0,112155.0,115500.0,65391.0,13300.0,45209.0,88729.0,87800.0,0.4749,Embry-Riddle Aeronautical University-Prescott,Prescott,0.8382,0.7059
17450.0,17450.0,4.0,6.0,11.0,3.0,3.0,68619.0,0.4308,0.535,21.0,0.4304,0.388376103,0.422683904,22114.0,10764.0,13842.0,15000.0,42186.0,11100.0,21881.0,68589.0,96100.0,47280.0,10000.0,26237.0,81082.0,90500.0,0.3679,Grand Canyon University,Phoenix,0.6838,0.4635
12652.0,28900.0,4.0,6.0,13.0,1.0,3.0,23041.0,0.2983,0.331,19.0,0.5686,0.532272457,0.567625308,19000.0,12500.0,12500.0,13533.0,54384.0,10300.0,35991.0,78281.0,77800.0,47308.0,9500.0,31158.0,67057.0,61900.0,0.4538,Northern Arizona University,Flagstaff,0.7256,0.5993
35685.0,35685.0,4.0,6.0,13.0,2.0,3.0,253.0,0.4728,0.5367,9.0,0.3594,0.330357143,0.255474453,16300.0,12500.0,12793.0,10500.0,42359.0,7100.0,19444.0,61057.0,63500.0,33539.0,5100.0,16545.0,49452.0,48300.0,0.2969,Prescott College,Prescott,0.75,0.4
8455.0,19210.0,5.0,5.0,12.0,1.0,3.0,4740.0,0.4105,0.3765,11.0,0.4142,0.289168766,0.314468504,22000.0,15500.0,14250.0,12000.0,45265.0,9400.0,28588.0,67515.0,70000.0,40040.0,5800.0,24652.0,58220.0,57700.0,0.2539,University of Arkansas at Little Rock,Little Rock,0.7146,0.3952
31000.0,31000.0,5.0,5.0,33.0,2.0,3.0,563.0,0.3596,0.6121,10.0,0.5591,0.082474227,0.439306358,21500.0,9500.0,11000.0,11185.0,44232.0,12600.0,29991.0,61811.0,71300.0,37629.0,9200.0,26648.0,55976.0,50100.0,0.4409,Lyon College,Batesville,0.6806,0.4554
9748.0,28772.0,5.0,5.0,13.0,1.0,3.0,27312.0,0.173,0.3405,20.0,0.6997,0.547314578,0.566499722,21500.0,15000.0,15250.0,16750.0,58191.0,13000.0,36435.0,87469.0,87200.0,49686.0,10300.0,31667.0,71439.0,65500.0,0.5543,University of Arkansas,Fayetteville,0.8646,0.7136
9019.0,17029.0,5.0,5.0,32.0,1.0,3.0,1899.0,0.6687,0.5852,13.0,0.3968,0.34529703,0.345367028,24202.0,14250.0,14250.0,15000.0,35550.0,6700.0,19942.0,50676.0,58000.0,31161.0,4100.0,16575.0,44874.0,44400.0,0.2425,University of Arkansas at Pine Bluff,Pine Bluff,0.6454,0.4164
7754.0,13826.0,5.0,5.0,13.0,1.0,3.0,7994.0,0.3679,0.4234,15.0,0.551,0.396875,0.420649398,20500.0,16000.0,14421.0,14750.0,42617.0,7600.0,26452.0,61266.0,67100.0,38944.0,6100.0,24391.0,55036.0,53400.0,0.4065,Arkansas State University,Jonesboro,0.7782,0.541
10118.0,17258.0,5.0,5.0,13.0,1.0,3.0,7426.0,0.3734,0.4169,14.0,0.5335,0.391435986,0.397518014,20346.0,12981.0,13500.0,12713.0,45938.0,9900.0,28642.0,65378.0,73600.0,36670.0,8000.0,22599.0,51454.0,56300.0,0.4032,University of Central Arkansas,Conway,0.7343,0.5025
19680.0,19680.0,5.0,5.0,13.0,2.0,3.0,477.0,0.422,0.4947,12.0,0.3529,0.20361991,0.134920635,22250.0,13382.0,12000.0,14000.0,46789.0,10300.0,29462.0,65716.0,67100.0,37681.0,6200.0,23561.0,53072.0,60700.0,0.3194,Central Baptist College,Conway,0.5922,0.4225
24888.0,24888.0,5.0,5.0,32.0,2.0,3.0,3323.0,0.1922,0.3951,16.0,0.7094,0.586021505,0.626530612,26500.0,22214.0,23125.0,21480.0,52876.0,9000.0,34804.0,76562.0,77800.0,43555.0,8600.0,28627.0,59686.0,60000.0,0.5525,Harding University,Searcy,0.8663,0.6808
7885.0,9882.0,5.0,5.0,32.0,1.0,3.0,1491.0,0.477,0.4466,17.0,0.3805,0.336864407,0.367408907,19500.0,12000.0,11878.0,12000.0,43459.0,10100.0,27855.0,60051.0,67300.0,35194.0,7600.0,20589.0,49691.0,50400.0,0.29,Henderson State University,Arkadelphia,0.5935,0.3839
36650.0,36650.0,5.0,5.0,13.0,2.0,3.0,1094.0,0.2341,0.4479,11.0,0.6923,0.619402985,0.657243816,26688.0,19488.0,20750.0,19500.0,60376.0,11900.0,37323.0,84322.0,75800.0,39913.0,5200.0,26035.0,54929.0,50200.0,0.6183,Hendrix College,Conway,0.7824,0.734
30832.0,30832.0,5.0,5.0,32.0,2.0,3.0,1415.0,0.2138,0.3615,16.0,0.6677,0.626146789,0.662870159,21250.0,15735.0,17489.0,16750.0,53907.0,11800.0,36159.0,85072.0,106800.0,46114.0,12300.0,28517.0,73237.0,75000.0,0.5969,John Brown University,Siloam Springs,0.8421,0.7207
32480.0,32480.0,5.0,5.0,32.0,2.0,3.0,1612.0,0.226,0.485,12.0,0.703,0.626062323,0.538709677,21050.0,14750.0,14550.0,15000.0,51673.0,8500.0,34167.0,70232.0,77700.0,41697.0,7700.0,25947.0,57890.0,55300.0,0.6157,Ouachita Baptist University,Arkadelphia,0.827,0.6642
25950.0,25950.0,5.0,5.0,33.0,2.0,3.0,753.0,0.3597,0.4349,13.0,0.5176,0.405405405,0.409090909,20875.0,10900.0,9500.0,13000.0,44384.0,3600.0,32523.0,60124.0,62900.0,37651.0,5900.0,22363.0,49910.0,44700.0,0.4118,University of the Ozarks,Clarksville,0.7289,0.4928
13014.0,13014.0,5.0,5.0,12.0,2.0,3.0,842.0,0.7139,0.6268,12.0,0.3231,0.258426966,0.394904459,24736.0,15000.0,14000.0,15000.0,38427.0,6200.0,19226.0,51858.0,57200.0,25254.0,4600.0,14037.0,39896.0,40800.0,0.1877,Philander Smith University,Little Rock,0.6728,0.3059
20330.0,20330.0,5.0,5.0,42.0,2.0,3.0,490.0,0.4715,0.4733,12.0,0.3592,0.341935484,0.413793103,21820.0,8411.0,10000.0,11500.0,38484.0,8400.0,24778.0,50005.0,61900.0,38067.0,6700.0,26619.0,50165.0,46800.0,0.2624,Williams Baptist University,Walnut Ridge,0.4965,0.3254
9820.0,15400.0,5.0,5.0,33.0,1.0,3.0,2865.0,0.446,0.6668,16.0,0.465,0.392094017,0.421856639,18750.0,14000.0,12013.0,11278.0,42386.0,9800.0,25370.0,61851.0,70600.0,37008.0,7100.0,21462.0,52918.0,56200.0,0.3014,Southern Arkansas University Main Campus,Magnolia,0.6913,0.3864
6906.0,13770.0,5.0,5.0,13.0,1.0,3.0,4133.0,0.3914,0.2817,20.0,0.3696,0.283519553,0.333530106,18250.0,10965.0,10250.0,11000.0,41102.0,6000.0,24344.0,61170.0,62300.0,35925.0,6200.0,22372.0,51417.0,50400.0,0.0265,University of Arkansas-Fort Smith,Fort Smith,0.7163,0.2444
28024.0,28024.0,6.0,8.0,11.0,3.0,3.0,4131.0,0.4176,0.5049,15.0,0.4046,0.100392842,0.187649402,31000.0,10500.0,11000.0,12000.0,39008.0,5900.0,17463.0,65466.0,90600.0,30452.0,4400.0,13368.0,52293.0,65900.0,0.0788,Academy of Art University,San Francisco,0.6725,0.4052
51640.0,51640.0,6.0,8.0,12.0,2.0,3.0,2054.0,0.245,0.3564,8.0,0.8261,0.590214067,0.685628743,31000.0,28500.0,26800.0,23288.0,71958.0,7600.0,28421.0,125307.0,114700.0,53562.0,6200.0,19313.0,89947.0,92100.0,0.387,Art Center College of Design,Pasadena,0.8221,0.8276
43600.0,43600.0,6.0,8.0,21.0,2.0,3.0,2977.0,0.3465,0.4648,10.0,0.6442,0.524090909,0.595446585,23219.0,20500.0,21000.0,18500.0,66677.0,10100.0,38819.0,98212.0,92800.0,56794.0,9300.0,31057.0,86635.0,83100.0,0.4923,Azusa Pacific University,Azusa,0.8373,0.7244
46704.0,46704.0,6.0,8.0,21.0,2.0,3.0,3390.0,0.2601,0.4467,14.0,0.6881,0.625284738,0.710470085,23875.0,19500.0,19500.0,18375.0,56778.0,6000.0,32980.0,83447.0,84500.0,45752.0,7200.0,25474.0,66438.0,70300.0,0.5541,Biola University,La Mirada,0.8526,0.7115
39720.0,39720.0,6.0,8.0,11.0,2.0,3.0,7914.0,0.4096,0.6258,20.0,0.5953,0.510648148,0.580823293,26063.0,21500.0,21542.0,19000.0,61504.0,8700.0,34450.0,88303.0,76500.0,52336.0,7000.0,30550.0,77547.0,71600.0,0.425,California Baptist University,Riverside,0.7421,0.5981
57946.0,57946.0,6.0,8.0,11.0,2.0,3.0,1004.0,0.2474,0.4564,7.0,0.5872,0.562189055,0.632142857,27000.0,23875.0,24620.0,14460.0,49414.0,3300.0,18349.0,93969.0,100300.0,38308.0,6300.0,16463.0,69267.0,68800.0,0.3915,California College of the Arts,San Francisco,0.5737,0.6833
50670.0,50670.0,6.0,8.0,12.0,2.0,3.0,2374.0,0.3016,0.7776,13.0,0.7402,0.69241573,0.653731343,21669.0,18750.0,20148.0,17500.0,68712.0,13200.0,44592.0,96084.0,96300.0,54981.0,10000.0,33476.0,77304.0,71900.0,0.665,California Lutheran University,Thousand Oaks,0.8056,0.7445
11075.0,30995.0,6.0,8.0,23.0,1.0,3.0,21521.0,0.1832,0.2349,18.0,0.8519,0.762199563,0.777699613,18500.0,15000.0,15911.0,15450.0,90768.0,15700.0,58977.0,132118.0,112300.0,72358.0,13800.0,47243.0,98611.0,81700.0,0.6115,California Polytechnic State University-San Luis Obispo,San Luis Obispo,0.9521,0.8661
7696.0,19576.0,6.0,8.0,11.0,1.0,3.0,8183.0,0.612,0.2512,16.0,0.4931,0.125161847,0.31122449,16600.0,11000.0,11000.0,13000.0,59009.0,11500.0,34128.0,84724.0,81900.0,44282.0,8500.0,25338.0,66441.0,67500.0,0.2762,California State University-Bakersfield,Bakersfield,0.7972,0.521
7826.0,19706.0,6.0,8.0,23.0,1.0,3.0,8564.0,0.5531,0.2266,16.0,0.58,0.535947712,0.609453878,13540.0,11000.0,10986.0,13080.0,63188.0,9000.0,39410.0,86094.0,75100.0,47793.0,6300.0,28638.0,66925.0,63000.0,0.2562,California State University-Stanislaus,Turlock,0.8017,0.627
7675.0,19555.0,6.0,8.0,12.0,1.0,3.0,15771.0,0.5713,0.2337,19.0,0.5465,0.547338569,0.637971391,14715.0,12500.0,11000.0,14253.0,59977.0,10000.0,36326.0,83589.0,81000.0,43149.0,7200.0,25384.0,64033.0,66500.0,0.2396,California State University-San Bernardino,San Bernardino,0.7764,0.6168
7439.0,19319.0,6.0,8.0,21.0,1.0,3.0,24271.0,0.4603,0.2526,23.0,0.6674,0.625288536,0.716670327,16000.0,12500.0,12829.0,15000.0,71902.0,12700.0,45083.0,100593.0,96700.0,54466.0,9900.0,31827.0,78996.0,71900.0,0.2912,California State Polytechnic University-Pomona,Pomona,0.8814,0.7398
8064.0,19944.0,6.0,8.0,12.0,1.0,3.0,13057.0,0.4008,0.3306,20.0,0.6363,0.617200217,0.685462555,16552.0,13500.0,14000.0,15000.0,64172.0,11100.0,41693.0,95212.0,91400.0,50493.0,8500.0,31136.0,75163.0,71500.0,0.3312,California State University-Chico,Chico,0.8371,0.6799
7064.0,18944.0,6.0,8.0,13.0,1.0,3.0,12642.0,0.6104,0.1956,18.0,0.4685,0.552723059,0.578516903,13807.0,12000.0,11000.0,12524.0,57162.0,9700.0,33459.0,82789.0,80600.0,46827.0,7500.0,27098.0,67371.0,70900.0,0.1774,California State University-Dominguez Hills,Carson,0.6562,0.5695
6980.0,18860.0,6.0,8.0,11.0,1.0,3.0,21070.0,0.5573,0.1978,18.0,0.5482,0.511571745,0.61487779,14505.0,11750.0,11000.0,14661.0,61244.0,10000.0,38091.0,84801.0,83800.0,44012.0,7600.0,26799.0,66013.0,64400.0,0.2471,California State University-Fresno,Fresno,0.7778,0.6141
7073.0,18953.0,6.0,8.0,21.0,1.0,3.0,36956.0,0.4714,0.2206,22.0,0.6922,0.662209529,0.729172471,13750.0,10957.0,11000.0,14500.0,62951.0,10800.0,39060.0,89304.0,88000.0,48558.0,8500.0,28456.0,71487.0,65900.0,0.3624,California State University-Fullerton,Fullerton,0.8499,0.7574
7055.0,18935.0,6.0,8.0,21.0,1.0,3.0,10422.0,0.4357,0.2857,17.0,0.4551,0.510668563,0.565558912,16544.0,12500.0,13000.0,13000.0,71401.0,10800.0,45094.0,103383.0,97900.0,55546.0,8400.0,30765.0,83938.0,77200.0,0.1773,California State University-East Bay,Hayward,0.7857,0.5306
7008.0,18888.0,6.0,8.0,11.0,1.0,3.0,34131.0,0.4932,0.2414,19.0,0.6986,0.717224745,0.776177618,14289.0,12000.0,11000.0,13646.0,64403.0,11400.0,38902.0,91639.0,88000.0,50062.0,9100.0,28776.0,72747.0,68900.0,0.3794,California State University-Long Beach,Long Beach,0.853,0.7825
6813.0,18698.0,6.0,8.0,11.0,1.0,3.0,21478.0,0.6605,0.204,19.0,0.5257,0.515903927,0.616604478,13000.0,11500.0,11157.0,13368.0,59211.0,11700.0,36906.0,83961.0,81700.0,45702.0,8100.0,26242.0,67251.0,70000.0,0.2109,California State University-Los Angeles,Los Angeles,0.7287,0.5632
7095.0,18975.0,6.0,8.0,11.0,1.0,3.0,32357.0,0.5599,0.2263,21.0,0.5618,0.565212565,0.64083045,13872.0,11333.0,11000.0,13717.0,59115.0,9800.0,34394.0,85290.0,84800.0,44372.0,7700.0,24996.0,66136.0,65200.0,0.2497,California State University-Northridge,Northridge,0.744,0.5951
7602.0,19482.0,6.0,8.0,11.0,1.0,3.0,27867.0,0.4863,0.2485,21.0,0.5582,0.583096485,0.637906648,15000.0,12500.0,11250.0,13000.0,64876.0,11900.0,43257.0,89789.0,90700.0,51074.0,9000.0,31683.0,71620.0,70000.0,0.2585,California State University-Sacramento,Sacramento,0.8107,0.6258
14850.0,45627.0,6.0,8.0,12.0,1.0,3.0,33073.0,0.2733,0.1823,18.0,0.9289,0.751293996,0.743494424,13000.0,11000.0,11000.0,13000.0,92446.0,16200.0,58247.0,153111.0,149700.0,74919.0,9200.0,43734.0,118096.0,95700.0,0.8078,University of California-Berkeley,Berkeley,0.9675,0.9407
15247.0,46024.0,6.0,8.0,23.0,1.0,3.0,31777.0,0.3078,0.2322,21.0,0.8507,0.762075134,0.81337421,13000.0,11000.0,11000.0,12204.0,80838.0,16900.0,53021.0,122634.0,117500.0,58461.0,9200.0,35610.0,85701.0,76900.0,0.6857,University of California-Davis,Davis,0.9337,0.8824
14237.0,45014.0,6.0,8.0,11.0,1.0,3.0,29494.0,0.3729,0.2181,18.0,0.8595,0.787461459,0.749405234,15000.0,13000.0,13300.0,15000.0,80735.0,15600.0,54469.0,117372.0,108500.0,56210.0,8700.0,33901.0,84215.0,73500.0,0.7326,University of California-Irvine,Irvine,0.9379,0.8477
13747.0,44524.0,6.0,8.0,11.0,1.0,3.0,33040.0,0.271,0.2069,18.0,0.9266,0.790731205,0.824773414,14000.0,11723.0,12538.0,14339.0,82511.0,13900.0,55896.0,126452.0,128000.0,59063.0,8600.0,33185.0,89122.0,82500.0,0.8571,University of California-Los Angeles,Los Angeles,0.9676,0.9285
14170.0,44947.0,6.0,8.0,11.0,1.0,3.0,22644.0,0.4669,0.3281,23.0,0.7656,0.69415219,0.626283847,17500.0,13757.0,14750.0,15449.0,67699.0,12600.0,42680.0,95385.0,92800.0,48593.0,8200.0,27763.0,71922.0,61800.0,0.6524,University of California-Riverside,Riverside,0.8819,0.7774
15265.0,46042.0,6.0,8.0,11.0,1.0,3.0,33787.0,0.3289,0.2412,19.0,0.8763,0.834979523,0.860964912,15500.0,14552.0,14800.0,14792.0,84943.0,17800.0,57071.0,127245.0,122700.0,65669.0,8600.0,38807.0,96246.0,76200.0,0.7492,University of California-San Diego,La Jolla,0.9392,0.9062
14965.0,45742.0,6.0,8.0,22.0,1.0,3.0,23205.0,0.2799,0.2021,17.0,0.8533,0.530453448,0.64837002,13993.0,11167.0,11668.0,12000.0,74915.0,13500.0,49095.0,111078.0,104800.0,56852.0,9100.0,34995.0,81447.0,68200.0,0.7328,University of California-Santa Barbara,Santa Barbara,0.9191,0.8627
14560.0,45337.0,6.0,8.0,13.0,1.0,3.0,17812.0,0.3175,0.2943,22.0,0.7445,0.71414791,0.693739968,16666.0,14710.0,14876.0,13080.0,68396.0,10900.0,41808.0,102779.0,90100.0,49716.0,6600.0,27574.0,77721.0,61300.0,0.6086,University of California-Santa Cruz,Santa Cruz,0.8967,0.7922
56724.0,56724.0,6.0,8.0,21.0,2.0,3.0,881.0,0.2213,0.3404,7.0,0.6415,0.724137931,0.649746193,25000.0,20000.0,17313.0,14000.0,41198.0,5400.0,13878.0,89495.0,96900.0,28018.0,4300.0,11269.0,58797.0,66500.0,0.4292,California Institute of the Arts,Valencia,0.8624,0.7193
7672.0,19552.0,6.0,8.0,12.0,1.0,3.0,761.0,0.2871,0.4332,10.0,0.6682,0.624390244,0.641025641,24965.0,16356.0,15459.0,17534.0,94784.0,18800.0,63941.0,134253.0,141200.0,84676.0,10100.0,52183.0,116881.0,122900.0,0.4978,California State University Maritime Academy,Vallejo,0.7586,0.7045
62784.0,62784.0,6.0,8.0,12.0,2.0,3.0,7629.0,0.1974,0.62,12.0,0.8036,0.764705882,0.744985673,20500.0,19000.0,18750.0,16851.0,70070.0,10700.0,42691.0,100753.0,90100.0,58080.0,9700.0,32459.0,82287.0,76500.0,0.7069,Chapman University,Orange,0.8999,0.8014
41390.0,41390.0,6.0,8.0,11.0,2.0,3.0,1456.0,0.2295,0.5091,13.0,0.625,0.61208577,0.570671378,24247.0,18750.0,20000.0,18667.0,65083.0,8600.0,39043.0,96875.0,84300.0,53777.0,7400.0,31453.0,80697.0,67600.0,0.5396,Concordia University-Irvine,Irvine,0.7558,0.6856
26300.0,26300.0,6.0,8.0,21.0,2.0,3.0,91.0,0.1605,0.1639,10.0,0.2353,0.234615385,0.338028169,24941.0,15750.0,12500.0,12000.0,49766.0,3600.0,22595.0,80011.0,75800.0,39848.0,6400.0,22211.0,60111.0,52300.0,0.1569,San Diego Christian College,Santee,0.127,0.2794
64150.0,64150.0,6.0,8.0,21.0,2.0,3.0,1379.0,0.1948,0.1941,8.0,0.9517,0.866141732,0.891089109,13500.0,13500.0,11500.0,11948.0,104736.0,18200.0,66067.0,182223.0,164000.0,87603.0,14600.0,55065.0,127349.0,94400.0,0.821,Claremont McKenna College,Claremont,0.9627,0.93
50666.0,50666.0,6.0,8.0,13.0,2.0,3.0,1178.0,0.2958,0.5477,8.0,0.7627,0.705882353,0.716216216,27000.0,23375.0,21769.0,25624.0,84713.0,9700.0,54435.0,132065.0,124200.0,71477.0,11900.0,41935.0,112916.0,103400.0,0.6059,Dominican University of California,San Rafael,0.8837,0.7738
35558.0,35558.0,6.0,8.0,11.0,2.0,3.0,1614.0,0.5872,0.4725,8.0,0.5594,0.5496614,0.464739884,23146.0,19500.0,19000.0,18750.0,58896.0,7600.0,36450.0,81151.0,73300.0,51422.0,7200.0,29815.0,70535.0,58700.0,0.4356,Fresno Pacific University,Fresno,0.8052,0.7073
7913.0,19793.0,6.0,8.0,33.0,1.0,3.0,5491.0,0.4571,0.3708,14.0,0.4663,0.498865184,0.571015888,18000.0,14283.0,15000.0,14000.0,47626.0,7100.0,27312.0,69390.0,73900.0,37382.0,5200.0,21936.0,53551.0,54700.0,0.2399,California State Polytechnic University-Humboldt,Arcata,0.7559,0.5029
14760.0,14760.0,6.0,8.0,11.0,2.0,3.0,178.0,0.5535,0.5912,5.0,0.5,0.348258706,0.339712919,35500.0,25529.0,22775.0,19917.0,39248.0,4600.0,19100.0,58278.0,62500.0,40569.0,4100.0,20383.0,57449.0,52600.0,1.0,Humphreys University-Stockton and Modesto Campuses,Stockton,1.0,1.0
20462.0,20462.0,6.0,8.0,21.0,2.0,3.0,393.0,0.4861,0.6171,11.0,0.5682,0.486187845,0.473053892,22395.0,15400.0,13458.0,12000.0,43299.0,5200.0,26248.0,68649.0,72800.0,35814.0,6100.0,17900.0,50498.0,46600.0,0.3333,Life Pacific University,San Dimas,0.5614,0.5
47000.0,47000.0,6.0,8.0,21.0,2.0,3.0,3341.0,0.4754,0.5733,11.0,0.6545,0.540900444,0.5468649,23500.0,21950.0,21250.0,19804.0,65464.0,13200.0,41064.0,90462.0,96200.0,53806.0,10800.0,33203.0,75204.0,70700.0,0.5515,University of La Verne,La Verne,0.7634,0.7103
35910.0,35910.0,6.0,8.0,11.0,2.0,3.0,1155.0,0.4735,0.6128,11.0,0.6806,0.338003503,0.321144674,27000.0,22404.0,19629.0,15000.0,61824.0,6600.0,37425.0,91365.0,87100.0,42617.0,6300.0,23861.0,71506.0,74100.0,0.0355,La Sierra University,Riverside,0.8241,0.6055
36930.0,36930.0,6.0,8.0,21.0,2.0,3.0,1606.0,0.1938,0.3841,14.0,0.6375,0.597069597,0.58781362,20500.0,14500.0,17545.0,17500.0,57106.0,6600.0,30389.0,83256.0,90600.0,41665.0,8900.0,22014.0,63553.0,65400.0,0.4375,The Master's University and Seminary,Santa Clarita,0.8514,0.7413
58974.0,58974.0,6.0,8.0,11.0,2.0,3.0,7171.0,0.1303,0.3037,11.0,0.7978,0.711720227,0.752567694,19500.0,13950.0,15750.0,15500.0,78349.0,17300.0,48957.0,115071.0,113000.0,62763.0,10200.0,36785.0,86288.0,85000.0,0.7091,Loyola Marymount University,Los Angeles,0.8824,0.792
51070.0,51070.0,6.0,8.0,21.0,2.0,3.0,811.0,0.2938,0.385,12.0,0.5133,0.540697674,0.547297297,21750.0,13000.0,17750.0,12000.0,76419.0,11000.0,42007.0,118127.0,115800.0,60608.0,9100.0,32179.0,90334.0,72300.0,0.3067,Menlo College,Atherton,0.6968,0.5497
48132.0,48132.0,6.0,8.0,11.0,2.0,3.0,1746.0,0.5515,0.6906,11.0,0.5342,0.580684597,0.655421687,25949.0,22375.0,23250.0,18914.0,72379.0,14300.0,44640.0,114343.0,103700.0,61335.0,11300.0,35225.0,103279.0,99700.0,0.402,Mount Saint Mary's University,Los Angeles,0.7401,0.6392
13320.0,13320.0,6.0,8.0,11.0,2.0,3.0,9725.0,0.2553,0.2279,16.0,0.5,0.446808511,0.452628266,25000.0,20000.0,18664.0,18000.0,67548.0,11200.0,42112.0,100253.0,91100.0,64331.0,12200.0,40275.0,93352.0,82000.0,0.6,National University,San Diego,0.5385,0.4643
63446.0,63446.0,6.0,8.0,11.0,2.0,3.0,1844.0,0.1595,0.3875,9.0,0.8511,0.816393443,0.858064516,23000.0,19000.0,17500.0,19248.0,75951.0,11000.0,53141.0,105789.0,94200.0,52209.0,7900.0,26670.0,72939.0,64400.0,0.7181,Occidental College,Los Angeles,0.8719,0.8291
55513.0,55513.0,6.0,8.0,11.0,2.0,3.0,1242.0,0.3068,0.418,8.0,0.6059,0.705202312,0.691099476,27000.0,21500.0,19500.0,19399.0,58152.0,8400.0,24657.0,89129.0,101500.0,43654.0,5100.0,20527.0,67669.0,68400.0,0.5172,Otis College of Art and Design,Los Angeles,0.7293,0.6859
36250.0,36250.0,6.0,8.0,21.0,2.0,3.0,549.0,0.4288,0.6034,13.0,0.4565,0.371335505,0.441489362,23000.0,17750.0,15072.0,15000.0,49697.0,6000.0,28526.0,66867.0,73700.0,36030.0,6700.0,18933.0,53016.0,64600.0,0.4565,Hope International University,Fullerton,0.6818,0.4464
35214.0,35214.0,6.0,8.0,41.0,2.0,3.0,910.0,0.3337,0.5932,11.0,0.5147,0.285310734,0.45021645,27500.0,21482.0,19750.0,19500.0,70484.0,9300.0,38738.0,111035.0,110900.0,52713.0,7200.0,28917.0,94762.0,93900.0,0.3942,Pacific Union College,Angwin,0.875,0.4327
55340.0,55340.0,6.0,8.0,11.0,2.0,3.0,3247.0,0.343,0.4274,14.0,0.6782,0.641414141,0.695180723,19500.0,19500.0,18000.0,15000.0,78445.0,15900.0,50494.0,122307.0,154800.0,62672.0,11600.0,39217.0,90196.0,146200.0,0.4492,University of the Pacific,Stockton,0.8856,0.6981
66742.0,66742.0,6.0,8.0,21.0,2.0,3.0,3629.0,0.1961,0.3842,13.0,0.8467,0.695652174,0.830645161,23510.0,21975.0,20500.0,19500.0,82939.0,15200.0,55698.0,126331.0,137800.0,64934.0,13400.0,40029.0,91644.0,112300.0,0.7503,Pepperdine University,Malibu,0.8596,0.8389
43550.0,43550.0,6.0,8.0,11.0,2.0,3.0,3132.0,0.2273,0.4981,13.0,0.7379,0.637179487,0.701724138,22990.0,18548.0,19250.0,19688.0,63998.0,11400.0,37877.0,93468.0,90300.0,54811.0,9800.0,34928.0,81902.0,75400.0,0.6812,Point Loma Nazarene University,San Diego,0.8607,0.7375
62326.0,62326.0,6.0,8.0,21.0,2.0,3.0,1638.0,0.1853,0.0793,7.0,0.9319,0.919463087,0.919117647,11782.0,5500.0,6500.0,12000.0,77779.0,17200.0,44975.0,118516.0,133700.0,60850.0,5200.0,31993.0,101961.0,81100.0,0.7129,Pomona College,Claremont,0.9587,0.9348
57614.0,57614.0,6.0,8.0,13.0,2.0,3.0,2095.0,0.3511,0.5664,11.0,0.7068,0.647845468,0.673960613,26000.0,20656.0,23000.0,20500.0,72690.0,13900.0,44770.0,100345.0,97100.0,61686.0,11000.0,35914.0,80812.0,71700.0,0.6096,University of Redlands,Redlands,0.8146,0.7094
8290.0,20170.0,6.0,8.0,11.0,1.0,3.0,33654.0,0.3142,0.2314,22.0,0.7827,0.74266448,0.759723737,15000.0,12441.0,12500.0,14996.0,64909.0,12600.0,39563.0,94570.0,92000.0,52620.0,10200.0,31326.0,76668.0,70000.0,0.5665,San Diego State University,San Diego,0.9032,0.774
56444.0,56444.0,6.0,8.0,11.0,2.0,3.0,5619.0,0.1935,0.3272,14.0,0.8158,0.785326087,0.816281628,22940.0,20010.0,19911.0,18000.0,86522.0,14500.0,56511.0,125761.0,113700.0,64995.0,10200.0,40510.0,90469.0,86300.0,0.7154,University of San Diego,San Diego,0.8978,0.8038
7424.0,19304.0,6.0,8.0,11.0,1.0,3.0,20033.0,0.414,0.2543,16.0,0.5015,0.551049392,0.640867931,15371.0,13145.0,12500.0,13000.0,68077.0,10300.0,38781.0,100910.0,92900.0,52650.0,8700.0,28131.0,77382.0,68200.0,0.2654,San Francisco State University,San Francisco,0.8374,0.5629
58222.0,58222.0,6.0,8.0,11.0,2.0,3.0,5697.0,0.2722,0.4727,12.0,0.7113,0.729500471,0.730337079,23000.0,19500.0,19308.0,18500.0,89812.0,18000.0,55032.0,140551.0,122100.0,69951.0,12700.0,42618.0,110657.0,110700.0,0.6368,University of San Francisco,San Francisco,0.801,0.7577
37150.0,37150.0,6.0,8.0,21.0,2.0,3.0,1021.0,0.343,0.4731,9.0,0.6071,0.498525074,0.55942029,23700.0,14125.0,13567.0,15000.0,56257.0,5800.0,30885.0,79790.0,73400.0,43163.0,6800.0,24597.0,62622.0,67800.0,0.4583,William Jessup University,Rocklin,0.6883,0.6207
7992.0,19872.0,6.0,8.0,11.0,1.0,3.0,26757.0,0.3545,0.2075,18.0,0.6465,0.111701041,0.36351706,15000.0,12000.0,11500.0,13000.0,78988.0,13200.0,48356.0,115546.0,107600.0,62448.0,9800.0,35996.0,90687.0,81500.0,0.3,San Jose State University,San Jose,0.8643,0.7251
59241.0,59241.0,6.0,8.0,12.0,2.0,3.0,6235.0,0.1087,0.2445,10.0,0.8845,0.869947276,0.838983051,19162.0,14472.0,17900.0,17000.0,109183.0,21600.0,70946.0,160882.0,139000.0,91198.0,12700.0,60802.0,123527.0,87000.0,0.8254,Santa Clara University,Santa Clara,0.9359,0.9135
63434.0,63434.0,6.0,8.0,21.0,2.0,3.0,1077.0,0.1147,0.2285,11.0,0.8712,0.776699029,0.869565217,13500.0,9901.0,12250.0,12500.0,77539.0,9700.0,50918.0,112196.0,95900.0,68027.0,6400.0,40236.0,86125.0,56600.0,0.681,Scripps College,Claremont,0.8808,0.8267
38522.0,38522.0,6.0,8.0,13.0,2.0,3.0,751.0,0.4221,0.5807,15.0,0.4167,0.621019108,0.61618799,18750.0,12500.0,14000.0,13988.0,54340.0,5300.0,34449.0,81376.0,63200.0,51256.0,5400.0,31265.0,71788.0,58800.0,0.3438,Simpson University,Redding,0.6239,0.5114
56134.0,56134.0,6.0,8.0,21.0,2.0,3.0,2024.0,0.2381,0.661,10.0,0.6899,0.628712871,0.640601504,23691.0,23000.0,20500.0,19500.0,78812.0,15500.0,50156.0,121277.0,127400.0,60388.0,10400.0,35608.0,85317.0,76700.0,0.6062,Saint Mary's College of California,Moraga,0.8514,0.7415
8190.0,20070.0,6.0,8.0,21.0,1.0,3.0,5374.0,0.3615,0.2701,15.0,0.6052,0.60629515,0.595997837,16705.0,12000.0,13000.0,14000.0,65986.0,10900.0,42120.0,91892.0,89200.0,52179.0,9100.0,31195.0,73618.0,67100.0,0.4226,Sonoma State University,Rohnert Park,0.7532,0.6152
39950.0,39950.0,6.0,8.0,12.0,2.0,3.0,1975.0,0.4288,0.8406,16.0,0.5586,0.127906977,0.473421927,22000.0,14500.0,15145.0,15460.0,59541.0,6800.0,33700.0,85469.0,90700.0,43464.0,7400.0,24295.0,69191.0,69800.0,0.5184,Vanguard University of Southern California,Costa Mesa,0.7365,0.627
68237.0,68237.0,6.0,8.0,11.0,2.0,3.0,20817.0,0.2166,0.2485,9.0,0.9199,0.837837838,0.875949367,18000.0,16938.0,17000.0,15000.0,92498.0,15800.0,58692.0,141338.0,143900.0,74461.0,13500.0,43204.0,106598.0,125100.0,0.7672,University of Southern California,Los Angeles,0.965,0.9281
51790.0,51790.0,6.0,8.0,22.0,2.0,3.0,1310.0,0.1858,0.5,10.0,0.7009,0.750915751,0.744588745,23250.0,12907.0,21249.0,19000.0,64778.0,11900.0,33002.0,97039.0,99100.0,53737.0,7700.0,34958.0,72817.0,65000.0,0.6838,Westmont College,Santa Barbara,0.8682,0.7345
49864.0,49864.0,6.0,8.0,21.0,2.0,3.0,812.0,0.3185,0.5847,8.0,0.6339,0.62962963,0.724880383,24937.0,18000.0,18767.0,17750.0,59492.0,13700.0,37211.0,83711.0,85500.0,46025.0,6400.0,25053.0,66067.0,59200.0,0.5549,Whittier College,Whittier,0.5285,0.6606
44886.0,44886.0,6.0,8.0,11.0,2.0,3.0,825.0,0.4896,0.6141,9.0,0.5478,0.471428571,0.506849315,26960.0,24199.0,21500.0,18250.0,65668.0,9500.0,38567.0,87865.0,90100.0,47665.0,5500.0,22932.0,70804.0,65100.0,0.2957,Woodbury University,Burbank,0.7965,0.6087
9776.0,21848.0,8.0,7.0,33.0,1.0,3.0,1239.0,0.3499,0.3341,14.0,0.3165,0.278056951,0.277310924,19500.0,12500.0,11701.0,10884.0,44372.0,9500.0,28262.0,64019.0,66100.0,38338.0,5500.0,25385.0,52265.0,47500.0,0.1643,Adams State University,Alamosa,0.5548,0.3636
10017.0,28209.0,8.0,7.0,11.0,1.0,3.0,10686.0,0.2579,0.2515,16.0,0.474,0.482312666,0.587274291,20500.0,15916.0,14000.0,13971.0,64270.0,21700.0,40026.0,93795.0,157000.0,52475.0,12600.0,32132.0,75221.0,99600.0,0.2797,University of Colorado Denver/Anschutz Medical Campus,Denver,0.7148,0.507
9712.0,20492.0,8.0,7.0,11.0,1.0,3.0,8870.0,0.2625,0.3514,15.0,0.4534,0.416876574,0.475792988,20000.0,13466.0,12553.0,12522.0,54659.0,10700.0,34957.0,81777.0,84800.0,45766.0,8100.0,29643.0,67651.0,61800.0,0.2824,University of Colorado Colorado Springs,Colorado Springs,0.6712,0.4623
16430.0,41943.0,8.0,7.0,12.0,1.0,3.0,31578.0,0.1477,0.2436,19.0,0.7503,0.439797923,0.585598207,19500.0,13000.0,13000.0,13000.0,69738.0,12700.0,43748.0,103315.0,99400.0,54939.0,9300.0,34047.0,78762.0,69000.0,0.5793,University of Colorado Boulder,Boulder,0.8917,0.7531
39266.0,39266.0,8.0,7.0,21.0,2.0,3.0,5363.0,0.329,0.4192,15.0,0.5532,0.249224405,0.266477675,28312.0,9977.0,16850.0,16750.0,50416.0,10400.0,30894.0,78791.0,82900.0,41623.0,7400.0,22745.0,62695.0,66000.0,0.4934,Colorado Christian University,Lakewood,0.789,0.5857
67932.0,67932.0,8.0,7.0,11.0,2.0,3.0,2139.0,0.1381,0.2427,9.0,0.86,0.777777778,0.853881279,18257.0,10474.0,14026.0,15000.0,65222.0,9100.0,39898.0,98182.0,84500.0,47611.0,7600.0,23990.0,72325.0,53600.0,0.7661,Colorado College,Colorado Springs,0.9476,0.8574
21186.0,44376.0,8.0,7.0,21.0,1.0,3.0,5801.0,0.1333,0.3363,17.0,0.7944,0.7734375,0.810725552,23000.0,18441.0,17500.0,17143.0,97335.0,25400.0,69672.0,130454.0,136700.0,82950.0,19600.0,61464.0,101708.0,113400.0,0.6593,Colorado School of Mines,Golden,0.9298,0.8415
12896.0,33751.0,8.0,7.0,12.0,1.0,3.0,25148.0,0.1889,0.3089,17.0,0.6691,0.555029319,0.642487047,20000.0,14822.0,15000.0,14513.0,60543.0,11700.0,40471.0,88212.0,89900.0,49748.0,10100.0,32677.0,70958.0,64700.0,0.4714,Colorado State University-Fort Collins,Fort Collins,0.8483,0.7046
12760.0,12760.0,8.0,7.0,11.0,3.0,3.0,25932.0,0.6832,0.707,29.0,0.1761,0.197844828,0.179723908,29832.0,10500.0,17188.0,17000.0,37180.0,11800.0,18869.0,57737.0,101900.0,30406.0,5700.0,14053.0,49999.0,77500.0,0.1092,Colorado Technical University-Colorado Springs,Colorado Springs,0.4399,0.2026
59340.0,59340.0,8.0,7.0,11.0,2.0,3.0,6059.0,0.1471,0.3011,10.0,0.7795,0.692118227,0.694813028,21844.0,15250.0,19500.0,18500.0,71155.0,13000.0,45159.0,107151.0,105000.0,57118.0,11700.0,36207.0,80443.0,78500.0,0.6939,University of Denver,Denver,0.8772,0.7682
9670.0,20798.0,8.0,7.0,32.0,1.0,3.0,3070.0,0.361,0.2914,14.0,0.4315,0.394977169,0.430540827,18389.0,9818.0,8250.0,8750.0,46349.0,7100.0,28571.0,68747.0,71900.0,36352.0,6400.0,22222.0,53016.0,52600.0,0.3016,Fort Lewis College,Durango,0.6261,0.4592
9712.0,24312.0,8.0,7.0,13.0,1.0,3.0,7604.0,0.274,0.3322,18.0,0.4152,0.283340817,0.303413401,22000.0,12000.0,12000.0,10950.0,45823.0,8600.0,26727.0,67577.0,73500.0,39223.0,6100.0,25399.0,57754.0,62700.0,0.2784,Colorado Mesa University,Grand Junction,0.7518,0.4761
10780.0,29503.0,8.0,7.0,11.0,1.0,3.0,14932.0,0.3508,0.2964,14.0,0.2989,0.307603687,0.355335968,21500.0,13643.0,12551.0,11000.0,52093.0,8200.0,30445.0,75678.0,76500.0,45391.0,7400.0,28074.0,64181.0,59800.0,0.1278,Metropolitan State University of Denver,Denver,0.7037,0.3357
34600.0,34600.0,8.0,7.0,12.0,2.0,3.0,368.0,0.5656,0.551,9.0,0.4595,0.455882353,0.495798319,24712.0,19250.0,13306.0,10000.0,28720.0,2500.0,14346.0,51332.0,51400.0,21841.0,1800.0,9849.0,38078.0,40700.0,0.1892,Naropa University,Boulder,0.5714,0.3421
12010.0,26204.0,8.0,7.0,12.0,1.0,3.0,5693.0,0.2619,0.3968,14.0,0.5134,0.498178506,0.54993033,20470.0,14000.0,12750.0,14000.0,52231.0,11100.0,35297.0,71676.0,74500.0,43756.0,10400.0,29857.0,58982.0,58200.0,0.3693,University of Northern Colorado,Greeley,0.7441,0.5304
43980.0,43980.0,8.0,7.0,11.0,2.0,3.0,2599.0,0.2615,0.4562,9.0,0.6111,0.402195609,0.489110708,25000.0,20625.0,21500.0,17501.0,72105.0,15100.0,44693.0,108313.0,99900.0,64557.0,11900.0,42180.0,91003.0,88000.0,0.5056,Regis University,Denver,0.7523,0.633
23720.0,23720.0,8.0,7.0,21.0,3.0,3.0,1878.0,0.4599,0.6029,12.0,0.3651,0.26076555,0.257995736,31000.0,9500.0,9500.0,10110.0,42958.0,5400.0,22213.0,64437.0,66600.0,30280.0,5500.0,14294.0,48079.0,48300.0,0.2381,Rocky Mountain College of Art and Design,Lakewood,0.5779,0.4342
9401.0,17242.0,8.0,7.0,12.0,1.0,3.0,3028.0,0.2785,0.25,16.0,0.3798,0.379073756,0.414655172,21500.0,16590.0,13662.0,13000.0,55563.0,10000.0,34654.0,84507.0,71000.0,43053.0,7700.0,27435.0,61359.0,61400.0,0.2191,Colorado State University Pueblo,Pueblo,0.6501,0.4209
11083.0,23683.0,8.0,7.0,33.0,1.0,3.0,1653.0,0.1347,0.2258,18.0,0.5067,0.39055794,0.487068966,20250.0,12500.0,14250.0,11250.0,46833.0,10200.0,32806.0,66361.0,69600.0,40037.0,7200.0,23790.0,54425.0,52300.0,0.3161,Western Colorado University,Gunnison,0.7294,0.4957
39924.0,39924.0,9.0,1.0,12.0,2.0,3.0,882.0,0.4711,0.7558,15.0,0.4609,0.497487437,0.605479452,30964.0,25000.0,27000.0,19374.0,60144.0,12600.0,34829.0,90104.0,100600.0,47153.0,9800.0,32381.0,67415.0,82200.0,0.3796,Albertus Magnus College,New Haven,0.7469,0.5597
35760.0,35760.0,9.0,1.0,12.0,2.0,3.0,1450.0,0.5168,0.7245,16.0,0.4809,0.420838972,0.474828375,25750.0,21393.0,19000.0,15875.0,50323.0,7800.0,27040.0,69614.0,78600.0,38575.0,6900.0,18596.0,56947.0,69400.0,0.3588,University of Bridgeport,Bridgeport,0.6286,0.4608
12460.0,25736.0,9.0,1.0,21.0,1.0,3.0,7670.0,0.3486,0.5024,14.0,0.4933,0.504468275,0.588018433,22300.0,17635.0,17607.0,15250.0,58562.0,13500.0,38465.0,89439.0,78800.0,49016.0,10700.0,31737.0,69134.0,62900.0,0.2781,Central Connecticut State University,New Britain,0.7861,0.5771
64812.0,64812.0,9.0,1.0,13.0,2.0,3.0,1960.0,0.1432,0.3604,9.0,0.8375,0.813186813,0.871595331,23500.0,18359.0,19500.0,21500.0,75001.0,13800.0,46471.0,120051.0,100300.0,49165.0,10300.0,31082.0,78960.0,67800.0,0.763,Connecticut College,New London,0.8698,0.8096
20366.0,43034.0,9.0,1.0,31.0,1.0,3.0,19147.0,0.2416,0.4053,16.0,0.838,0.736753776,0.760905447,21500.0,16000.0,18745.0,19500.0,73997.0,19000.0,50150.0,109163.0,101800.0,63322.0,14200.0,39107.0,83669.0,76300.0,0.7558,University of Connecticut,Storrs,0.9144,0.8377
13292.0,16624.0,9.0,1.0,31.0,1.0,3.0,3377.0,0.2817,0.5048,15.0,0.5814,0.520126283,0.556634304,24250.0,17708.0,18750.0,18750.0,56469.0,13600.0,37092.0,82962.0,74300.0,47289.0,11400.0,29673.0,70932.0,59100.0,0.4662,Eastern Connecticut State University,Willimantic,0.8423,0.5826
56360.0,56360.0,9.0,1.0,21.0,2.0,3.0,4938.0,0.0683,0.4759,12.0,0.8379,0.824534161,0.821036107,26000.0,21500.0,23250.0,24239.0,88794.0,28300.0,56485.0,120240.0,125500.0,73693.0,21600.0,52776.0,91627.0,87000.0,0.8117,Fairfield University,Fairfield,0.8973,0.8404
47647.0,47647.0,9.0,1.0,12.0,2.0,3.0,4032.0,0.2976,0.6442,11.0,0.5828,0.512682552,0.56730038,27000.0,19500.0,19500.0,19500.0,60823.0,11600.0,36342.0,85013.0,85200.0,42581.0,9900.0,25066.0,66941.0,64800.0,0.5274,University of Hartford,West Hartford,0.7885,0.6107
39050.0,39050.0,9.0,1.0,13.0,2.0,3.0,421.0,0.3933,0.6104,14.0,0.4414,0.444444444,0.457399103,25150.0,12295.0,14441.0,17800.0,39115.0,5200.0,17742.0,57365.0,62300.0,35330.0,4700.0,15357.0,45824.0,48500.0,0.3857,Mitchell College,New London,0.57,0.4202
45730.0,45730.0,9.0,1.0,21.0,2.0,3.0,4799.0,0.274,0.8094,18.0,0.5925,0.630136986,0.587712207,27000.0,20500.0,19500.0,20500.0,60126.0,13800.0,42019.0,84847.0,89500.0,49829.0,11600.0,30145.0,66087.0,69700.0,0.5038,University of New Haven,West Haven,0.7716,0.6656
17100.0,17100.0,9.0,1.0,12.0,3.0,3.0,18975.0,0.7298,0.7646,16.0,0.3534,0.126275813,0.173791822,30157.0,7125.0,11875.0,14063.0,38696.0,7300.0,18524.0,65105.0,78800.0,31401.0,9000.0,14373.0,53350.0,65300.0,0.2928,Post University,Waterbury,0.3235,0.2215
53090.0,53090.0,9.0,1.0,21.0,2.0,3.0,6208.0,0.1551,0.5878,11.0,0.7728,0.686738836,0.729046243,26000.0,19500.0,22899.0,21500.0,83759.0,21100.0,57610.0,112458.0,102400.0,65744.0,18100.0,45748.0,86564.0,78700.0,0.7254,Quinnipiac University,Hamden,0.8672,0.8033
48460.0,48460.0,9.0,1.0,21.0,2.0,3.0,6904.0,0.1517,0.568,16.0,0.745,0.587268994,0.639321075,25000.0,15591.0,18249.0,21446.0,75059.0,17100.0,52706.0,106588.0,96600.0,63925.0,12400.0,44282.0,86108.0,72700.0,0.6844,Sacred Heart University,Fairfield,0.8484,0.7395
45908.0,45908.0,9.0,1.0,13.0,2.0,3.0,825.0,0.361,0.7593,9.0,0.697,0.541538462,0.634615385,27000.0,25000.0,24233.0,21500.0,59908.0,12200.0,43084.0,88688.0,80800.0,52053.0,14300.0,34656.0,70482.0,72200.0,0.5682,University of Saint Joseph,West Hartford,0.8571,0.5687
12828.0,26104.0,9.0,1.0,12.0,1.0,3.0,6180.0,0.3727,0.5439,11.0,0.4782,0.499749624,0.523396044,22250.0,15000.0,15188.0,15000.0,55043.0,11900.0,38356.0,78130.0,77300.0,45422.0,10300.0,29503.0,65460.0,63200.0,0.2971,Southern Connecticut State University,New Haven,0.758,0.5417
67420.0,67420.0,9.0,1.0,12.0,2.0,3.0,2193.0,0.1518,0.3982,9.0,0.8276,0.824817518,0.858921162,23000.0,19000.0,19000.0,21500.0,90779.0,18200.0,64313.0,139476.0,126800.0,67628.0,13500.0,44078.0,92157.0,87100.0,0.7828,Trinity College,Hartford,0.9076,0.8533
67316.0,67316.0,9.0,1.0,13.0,2.0,3.0,2973.0,0.1499,0.1818,7.0,0.9157,0.923295455,0.894230769,17000.0,8988.0,12782.0,16000.0,73897.0,11400.0,46198.0,125026.0,105200.0,60385.0,8500.0,36957.0,96911.0,71300.0,0.8076,Wesleyan University,Middletown,0.9542,0.9128
12763.0,16095.0,9.0,1.0,13.0,1.0,3.0,3434.0,0.3464,0.498,11.0,0.5025,0.461471103,0.512992456,24147.0,18661.0,17000.0,15750.0,59115.0,11100.0,31567.0,86883.0,82600.0,45997.0,9300.0,28527.0,69012.0,65700.0,0.3309,Western Connecticut State University,Danbury,0.7003,0.5353
64700.0,64700.0,9.0,1.0,12.0,2.0,3.0,6811.0,0.1916,0.0582,6.0,0.9633,0.873015873,0.929919137,12975.0,8294.0,7500.0,12000.0,100533.0,15400.0,66022.0,193688.0,184800.0,81765.0,14000.0,52868.0,128841.0,142100.0,0.6612,Yale University,New Haven,0.9897,0.9743
10314.0,20250.0,10.0,2.0,13.0,1.0,3.0,4630.0,0.4335,0.485,18.0,0.3866,0.421774931,0.408925319,26000.0,18463.0,17500.0,16500.0,49307.0,6600.0,29089.0,69606.0,64300.0,37503.0,5100.0,21236.0,52848.0,49500.0,0.278,Delaware State University,Dover,0.7231,0.4882
16080.0,39720.0,10.0,2.0,21.0,1.0,3.0,18812.0,0.1565,0.4812,15.0,0.7878,0.745976649,0.788318813,24572.0,19231.0,21500.0,21256.0,72950.0,19100.0,50480.0,101260.0,97600.0,58846.0,14900.0,38164.0,79907.0,72700.0,0.7224,University of Delaware,Newark,0.9011,0.8442
13440.0,13440.0,10.0,2.0,21.0,2.0,3.0,634.0,0.3887,0.3855,18.0,0.5886,0.522580645,0.593220339,18900.0,11613.0,13615.0,16701.0,59892.0,13400.0,39905.0,86020.0,83300.0,45097.0,11100.0,25655.0,63734.0,67500.0,0.4759,Goldey-Beacom College,Wilmington,0.7677,0.5625
12330.0,12330.0,10.0,2.0,21.0,2.0,3.0,8497.0,0.2631,0.4697,12.0,0.2257,0.363364858,0.453446732,20000.0,14860.0,14219.0,13500.0,53844.0,11700.0,34180.0,78738.0,78200.0,49635.0,9600.0,32490.0,72616.0,66100.0,0.1235,Wilmington University,New Castle,0.5378,0.2683
56543.0,56543.0,11.0,2.0,11.0,2.0,3.0,7593.0,0.1273,0.35,10.0,0.7849,0.751326763,0.778423237,22750.0,18500.0,19500.0,19750.0,77370.0,15000.0,51260.0,112884.0,110700.0,61328.0,11600.0,40237.0,80780.0,73600.0,0.7247,American University,Washington,0.8618,0.7892
55834.0,55834.0,11.0,2.0,11.0,2.0,3.0,3063.0,0.1674,0.4846,11.0,0.8133,0.686241611,0.709489051,26000.0,20219.0,24187.0,22310.0,73250.0,14000.0,47330.0,101075.0,97200.0,63217.0,13000.0,41930.0,85418.0,74700.0,0.7506,The Catholic University of America,Washington,0.8349,0.7378
6152.0,13004.0,11.0,2.0,11.0,1.0,3.0,3080.0,0.4282,0.2623,6.0,0.2626,0.172496984,0.208232446,24872.0,15130.0,12500.0,13300.0,44236.0,8000.0,21221.0,68748.0,73400.0,36358.0,4400.0,15702.0,57540.0,60500.0,0.2326,University of the District of Columbia,Washington,0.6667,0.466
18382.0,18382.0,11.0,2.0,11.0,2.0,3.0,879.0,0.5427,0.407,6.0,0.4656,0.498007968,0.600760456,18000.0,13000.0,13594.0,12000.0,43101.0,4600.0,26348.0,59872.0,60300.0,36578.0,3700.0,23422.0,49533.0,58100.0,0.1741,Gallaudet University,Washington,0.7702,0.6348
64990.0,64990.0,11.0,2.0,11.0,2.0,3.0,10848.0,0.1483,0.3238,12.0,0.8518,0.773119605,0.782133676,20449.0,19500.0,20000.0,19500.0,90873.0,19300.0,62102.0,130294.0,137200.0,71607.0,15500.0,50013.0,96066.0,97600.0,0.7946,George Washington University,Washington,0.9186,0.8432
65081.0,65081.0,11.0,2.0,11.0,2.0,3.0,7462.0,0.1032,0.1939,11.0,0.943,0.884561892,0.897560976,15500.0,10000.0,13500.0,14750.0,103494.0,28500.0,66808.0,167685.0,221900.0,83222.0,23300.0,55445.0,119117.0,179900.0,0.8703,Georgetown University,Washington,0.9714,0.9552
33344.0,33344.0,11.0,2.0,11.0,2.0,3.0,9604.0,0.4053,0.5712,11.0,0.689,0.396721311,0.560233918,24500.0,19197.0,19750.0,18500.0,63066.0,8800.0,34222.0,92903.0,92800.0,47379.0,8900.0,23659.0,72785.0,74000.0,0.5975,Howard University,Washington,0.9008,0.6486
26110.0,26110.0,11.0,2.0,11.0,2.0,3.0,1415.0,0.5131,0.3959,9.0,0.444,0.343317972,0.372781065,28250.0,19250.0,19125.0,19731.0,53804.0,11400.0,30684.0,77621.0,92200.0,38533.0,5300.0,19223.0,57055.0,63400.0,0.3475,Trinity Washington University,Washington,0.7121,0.4194
13160.0,13160.0,6.0,8.0,11.0,3.0,3.0,23734.0,0.3114,0.3576,16.0,0.0877,0.164761054,0.203264158,31250.0,9500.0,12727.0,14750.0,35404.0,10200.0,17745.0,55420.0,66400.0,33397.0,8200.0,16584.0,52006.0,74400.0,0.0179,Ashford University,San Diego,0.3065,0.0968
62484.0,62484.0,6.0,8.0,21.0,2.0,3.0,7841.0,0.1923,0.0629,6.0,0.9282,0.740041929,0.881526104,12000.0,6500.0,7213.0,12000.0,124080.0,22500.0,73321.0,219740.0,232800.0,102887.0,18700.0,64169.0,162289.0,214600.0,0.5812,Stanford University,Stanford,0.9781,0.9697
19430.0,19430.0,4.0,6.0,12.0,3.0,3.0,892.0,0.5773,0.7606,14.0,0.3929,0.349775785,0.283828383,28812.0,9500.0,14125.0,15000.0,50719.0,8700.0,33290.0,87683.0,96500.0,39016.0,8100.0,26314.0,59660.0,80800.0,0.3133,University of Advancing Technology,Tempe,0.7864,0.3333
7739.0,19619.0,6.0,8.0,21.0,1.0,3.0,14174.0,0.436,0.296,21.0,0.5418,0.564389359,0.605181347,17350.0,12610.0,12500.0,15000.0,62908.0,9800.0,37472.0,87350.0,86600.0,48673.0,10100.0,30166.0,71559.0,67100.0,0.2383,California State University-San Marcos,San Marcos,0.7481,0.6218
7437.0,19317.0,6.0,8.0,22.0,1.0,3.0,5811.0,0.4299,0.3145,16.0,0.6323,0.624117328,0.647521161,12750.0,11000.0,11000.0,11000.0,59247.0,10200.0,36050.0,82407.0,76900.0,48648.0,5900.0,29180.0,69800.0,57600.0,0.4046,California State University-Monterey Bay,Seaside,0.7912,0.6168
17462.0,40130.0,9.0,1.0,12.0,1.0,3.0,746.0,0.5,0.3724,20.0,0.5948,0.736753776,0.760905447,21500.0,16000.0,18745.0,19500.0,73997.0,19000.0,50150.0,109163.0,101800.0,63322.0,14200.0,39107.0,83669.0,76300.0,0.4052,University of Connecticut-Waterbury Campus,Waterbury,0.7949,0.6712
17462.0,40130.0,9.0,1.0,22.0,1.0,3.0,464.0,0.3428,0.355,13.0,0.5667,0.736753776,0.760905447,21500.0,16000.0,18745.0,19500.0,73997.0,19000.0,50150.0,109163.0,101800.0,63322.0,14200.0,39107.0,83669.0,76300.0,0.3857,University of Connecticut-Avery Point,Groton,0.7989,0.5837
17472.0,40140.0,9.0,1.0,12.0,1.0,3.0,2177.0,0.5037,0.3426,19.0,0.5686,0.736753776,0.760905447,21500.0,16000.0,18745.0,19500.0,73997.0,19000.0,50150.0,109163.0,101800.0,63322.0,14200.0,39107.0,83669.0,76300.0,0.3272,University of Connecticut-Stamford,Stamford,0.7783,0.6005
12310.0,12310.0,4.0,6.0,11.0,3.0,3.0,6734.0,0.7291,0.7174,34.0,0.212,0.151370833,0.163817146,31000.0,9500.0,12667.0,13020.0,36144.0,8300.0,18174.0,56003.0,102100.0,27823.0,5400.0,12996.0,44907.0,72300.0,0.15,American InterContinental University System,Chandler,0.2013,0.0897
20462.0,20462.0,4.0,6.0,11.0,3.0,3.0,745.0,0.4352,0.8166,11.0,0.6667,0.49228169,0.503994394,20919.0,16577.0,15795.0,17250.0,92405.0,13200.0,66826.0,120947.0,94100.0,84533.0,27800.0,62630.0,108596.0,98800.0,0.6667,Chamberlain University-Arizona,Phoenix,0.5556,0.5
13920.0,13920.0,11.0,2.0,11.0,3.0,3.0,10087.0,0.5278,0.0733,39.0,0.2,0.133444207,0.154570325,40621.0,12667.0,20636.0,22364.0,40092.0,11500.0,20698.0,62129.0,106500.0,36582.0,9600.0,18625.0,56532.0,83200.0,0.2,Strayer University-Global Region,Washington,0.3333,0.1429
17452.0,40120.0,9.0,1.0,12.0,1.0,3.0,1473.0,0.458,0.3779,24.0,0.6536,0.736753776,0.760905447,21500.0,16000.0,18745.0,19500.0,73997.0,19000.0,50150.0,109163.0,101800.0,63322.0,14200.0,39107.0,83669.0,76300.0,0.4403,University of Connecticut-Hartford Campus,Hartford,0.7752,0.6682
17488.0,17488.0,6.0,8.0,12.0,3.0,3.0,2081.0,0.5357,0.5736,18.0,0.4286,0.218566206,0.195822076,24807.0,11756.0,14317.0,14750.0,45987.0,11500.0,25449.0,71271.0,91000.0,42178.0,7700.0,23114.0,63768.0,73100.0,0.3333,DeVry University-California,Ontario,0.7222,0.0982
9552.0,9552.0,4.0,6.0,11.0,3.0,3.0,76996.0,0.4534,0.6037,132.0,0.1951,0.219897166,0.241965106,31553.0,15000.0,19953.0,18466.0,37752.0,13300.0,18569.0,59631.0,110100.0,35359.0,9000.0,16841.0,56259.0,84700.0,0.0154,University of Phoenix-Arizona,Phoenix,0.4091,0.1015
33450.0,33450.0,12.0,5.0,21.0,2.0,3.0,2245.0,0.4571,0.5157,10.0,0.3659,0.467880086,0.465890183,26997.0,15750.0,15497.0,15250.0,55966.0,13800.0,34258.0,83130.0,93200.0,47637.0,10700.0,26778.0,76004.0,77200.0,0.1788,Barry University,Miami,0.5772,0.4084
14794.0,14794.0,12.0,5.0,13.0,2.0,3.0,2414.0,0.7694,0.7919,14.0,0.2783,0.268551237,0.340691685,31000.0,24250.0,21250.0,20500.0,38518.0,6800.0,20686.0,54236.0,58500.0,28282.0,5300.0,15279.0,40764.0,44800.0,0.137,Bethune-Cookman University,Daytona Beach,0.5614,0.3392
42950.0,42950.0,12.0,5.0,13.0,2.0,3.0,2820.0,0.2272,0.3556,16.0,0.5269,0.498583569,0.553691275,17940.0,11500.0,10000.0,9500.0,49006.0,6300.0,27097.0,73029.0,84400.0,41427.0,4800.0,21515.0,58476.0,62200.0,0.4473,Lynn University,Boca Raton,0.7148,0.5098
13128.0,13128.0,12.0,5.0,13.0,2.0,3.0,225.0,0.5161,0.6406,13.0,0.6,0.334677419,0.51,5500.0,5000.0,6332.0,4500.0,41544.0,5500.0,20474.0,60492.0,53500.0,32168.0,5200.0,16070.0,50877.0,55400.0,0.6,Albizu University-Miami,Miami,0.6667,0.0
19658.0,19658.0,12.0,5.0,21.0,2.0,3.0,136.0,0.4645,0.5613,10.0,0.2364,0.38047138,0.300911854,21500.0,10400.0,14000.0,16250.0,40596.0,6600.0,24899.0,55177.0,58800.0,35649.0,5500.0,22994.0,47372.0,47400.0,0.0727,Johnson University Florida,Kissimmee,0.4848,0.3333
6368.0,22467.0,12.0,5.0,21.0,1.0,3.0,59095.0,0.3342,0.2421,29.0,0.7515,0.40505317,0.55489886,18190.0,15000.0,14201.0,15745.0,58308.0,13000.0,38654.0,85651.0,86600.0,47137.0,10500.0,29907.0,66801.0,63600.0,0.5,University of Central Florida,Orlando,0.9216,0.7755
18238.0,18238.0,12.0,5.0,21.0,3.0,3.0,284.0,0.5677,0.6535,13.0,0.2143,0.222162162,0.178076996,26123.0,12643.0,15278.0,14700.0,34421.0,7100.0,17463.0,53014.0,67200.0,34115.0,7600.0,17590.0,54613.0,74600.0,0.0,South University-West Palm Beach,Royal Palm Beach,0.4286,0.3571
50374.0,50374.0,12.0,5.0,11.0,2.0,3.0,1984.0,0.1621,0.3638,11.0,0.6756,0.584615385,0.566326531,27000.0,19000.0,23167.0,19500.0,51819.0,8200.0,32964.0,76174.0,82700.0,37505.0,7000.0,20967.0,55775.0,60800.0,0.5842,Eckerd College,Saint Petersburg,0.7735,0.686
42304.0,42304.0,12.0,5.0,13.0,2.0,3.0,7535.0,0.1507,0.3072,18.0,0.6736,0.372737887,0.46662367,23666.0,15000.0,13000.0,14750.0,84131.0,22400.0,55392.0,112155.0,115500.0,65391.0,13300.0,45209.0,88729.0,87800.0,0.3919,Embry-Riddle Aeronautical University-Daytona Beach,Daytona Beach,0.8549,0.646
5785.0,17725.0,12.0,5.0,12.0,1.0,3.0,7516.0,0.5557,0.5094,14.0,0.5194,0.441411765,0.499436302,23548.0,18500.0,17500.0,17000.0,44349.0,9800.0,27036.0,65195.0,88900.0,36153.0,7100.0,21789.0,53809.0,63000.0,0.2716,Florida Agricultural and Mechanical University,Tallahassee,0.8632,0.5783
4879.0,17324.0,12.0,5.0,13.0,1.0,3.0,23458.0,0.3515,0.2792,23.0,0.6433,0.522508591,0.581218712,17236.0,12500.0,12000.0,12618.0,56746.0,11000.0,37067.0,81414.0,84800.0,45647.0,9300.0,27348.0,64377.0,64900.0,0.5011,Florida Atlantic University,Boca Raton,0.8416,0.5709
26610.0,26610.0,12.0,5.0,23.0,2.0,3.0,2404.0,0.2831,0.5362,16.0,0.5589,0.610486891,0.580908033,24250.0,16681.0,14500.0,15000.0,49483.0,9800.0,33439.0,68796.0,69300.0,41963.0,8400.0,26450.0,54461.0,51400.0,0.4831,Flagler College,Saint Augustine,0.6767,0.579
20880.0,20880.0,12.0,5.0,11.0,2.0,3.0,1068.0,0.3739,0.4964,6.0,0.3562,0.430594901,0.533613445,24590.0,19668.0,16750.0,16540.0,72282.0,13500.0,46439.0,99089.0,83900.0,63230.0,14300.0,39877.0,81489.0,84600.0,0.3438,AdventHealth University,Orlando,0.4839,0.4167
44360.0,44360.0,12.0,5.0,13.0,2.0,3.0,3235.0,0.201,0.398,13.0,0.6545,0.270525694,0.220379147,27000.0,12125.0,17002.0,16250.0,43137.0,20400.0,21924.0,71519.0,92300.0,41941.0,12900.0,23348.0,67534.0,74700.0,0.4755,Florida Institute of Technology,Melbourne,0.7704,0.6708
6565.0,18963.0,12.0,5.0,21.0,1.0,3.0,38761.0,0.4042,0.1778,24.0,0.7387,0.51731738,0.539217805,16500.0,14500.0,13750.0,15000.0,60249.0,12500.0,37426.0,87897.0,88000.0,47768.0,9000.0,28218.0,69017.0,67000.0,0.5878,Florida International University,Miami,0.9161,0.7077
19110.0,19110.0,12.0,5.0,21.0,2.0,3.0,1299.0,0.6621,0.5528,16.0,0.3023,0.199556541,0.207392197,30063.0,18500.0,12625.0,17250.0,36624.0,5500.0,19267.0,54357.0,54300.0,28943.0,4300.0,15001.0,45116.0,44400.0,0.0864,Florida Memorial University,Miami Gardens,0.5688,0.3251
42360.0,42360.0,12.0,5.0,12.0,2.0,3.0,2607.0,0.2602,0.5413,10.0,0.6933,0.641481481,0.630252101,25000.0,19000.0,19500.0,19500.0,55294.0,9400.0,37450.0,81883.0,69400.0,47749.0,9400.0,29889.0,63234.0,52400.0,0.6443,Florida Southern College,Lakeland,0.7779,0.6773
5656.0,18786.0,12.0,5.0,12.0,1.0,3.0,31812.0,0.2375,0.2191,17.0,0.8299,0.729898804,0.781704095,18000.0,15233.0,15339.0,17061.0,61675.0,14900.0,40653.0,90690.0,87300.0,49814.0,10300.0,31513.0,70725.0,63000.0,0.7273,Florida State University,Tallahassee,0.9564,0.839
6381.0,28659.0,12.0,5.0,12.0,1.0,3.0,34102.0,0.2198,0.1192,16.0,0.9151,0.741971004,0.834045861,15000.0,13000.0,13397.0,15000.0,71588.0,15900.0,47083.0,106122.0,109000.0,56398.0,10800.0,35867.0,81093.0,81200.0,0.7557,University of Florida,Gainesville,0.9709,0.9143
26417.0,26417.0,12.0,5.0,21.0,3.0,3.0,25195.0,0.5669,0.6177,31.0,0.4959,0.438328358,0.427660236,27000.0,11000.0,16379.0,18874.0,38219.0,7300.0,18089.0,62244.0,78000.0,31917.0,6000.0,15140.0,49756.0,61300.0,0.4985,Full Sail University,Winter Park,0.6383,0.4405
46180.0,46180.0,12.0,5.0,11.0,2.0,3.0,2649.0,0.2993,0.478,13.0,0.5697,0.442401961,0.476614699,22000.0,12500.0,12750.0,13450.0,68010.0,13800.0,40141.0,99286.0,91700.0,61991.0,8700.0,37299.0,92010.0,75100.0,0.4512,Jacksonville University,Jacksonville,0.7529,0.4828
59926.0,59926.0,12.0,5.0,21.0,2.0,3.0,12570.0,0.154,0.2662,11.0,0.8423,0.720421394,0.768178546,17500.0,15500.0,16464.0,14500.0,75328.0,12300.0,49163.0,115933.0,112900.0,61508.0,10100.0,34279.0,86061.0,88400.0,0.7264,University of Miami,Coral Gables,0.9215,0.8405
6389.0,20793.0,12.0,5.0,11.0,1.0,3.0,13915.0,0.3075,0.2437,19.0,0.6818,0.54496788,0.595300261,15531.0,12043.0,12000.0,11168.0,56343.0,11700.0,37373.0,79957.0,82600.0,46546.0,9800.0,30222.0,65036.0,62100.0,0.485,University of North Florida,Jacksonville,0.8118,0.6372
37080.0,37080.0,12.0,5.0,21.0,2.0,3.0,7171.0,0.3685,0.4387,17.0,0.6434,0.596491228,0.600738007,24250.0,19025.0,16750.0,13500.0,59209.0,13300.0,34270.0,92510.0,112300.0,58153.0,10300.0,33941.0,84316.0,89000.0,0.5789,Nova Southeastern University,Fort Lauderdale,0.7642,0.6082
37990.0,37990.0,12.0,5.0,12.0,2.0,3.0,2427.0,0.251,0.3804,13.0,0.5895,0.448540707,0.45183175,22500.0,12625.0,13500.0,14520.0,49232.0,7400.0,29283.0,76114.0,81300.0,42366.0,7600.0,26924.0,60176.0,62100.0,0.4867,Palm Beach Atlantic University,West Palm Beach,0.6695,0.6137
55480.0,55480.0,12.0,5.0,13.0,2.0,3.0,1719.0,0.2111,0.3836,11.0,0.708,0.730337079,0.674641148,27000.0,26421.0,27000.0,27000.0,43325.0,6900.0,21453.0,79118.0,92400.0,39650.0,8300.0,18892.0,62489.0,67900.0,0.5868,Ringling College of Art and Design,Sarasota,0.8434,0.8146
58300.0,58300.0,12.0,5.0,21.0,2.0,3.0,2582.0,0.221,0.3754,13.0,0.7689,0.640186916,0.699779249,25500.0,22500.0,21500.0,20238.0,58295.0,11200.0,32866.0,89810.0,91400.0,48239.0,7200.0,28895.0,72887.0,63000.0,0.6989,Rollins College,Winter Park,0.8465,0.7149
28360.0,28360.0,12.0,5.0,31.0,2.0,3.0,6999.0,0.3682,0.3657,20.0,0.4878,0.288311688,0.375713442,25278.0,13099.0,16417.0,14750.0,48364.0,11900.0,28410.0,70530.0,89400.0,41619.0,10800.0,23653.0,59245.0,75700.0,0.4015,Saint Leo University,Saint Leo,0.578,0.4579
6410.0,17324.0,12.0,5.0,11.0,1.0,3.0,36299.0,0.2988,0.2471,22.0,0.7458,0.591702257,0.676051188,17988.0,15000.0,14490.0,15000.0,57743.0,12200.0,38636.0,84504.0,81300.0,48328.0,9900.0,31386.0,67226.0,61600.0,0.6263,University of South Florida,Tampa,0.9144,0.7612
34770.0,34770.0,12.0,5.0,21.0,2.0,3.0,1963.0,0.2498,0.2806,17.0,0.4342,0.410714286,0.495833333,19125.0,9500.0,8292.0,9250.0,54272.0,9200.0,32619.0,82134.0,90000.0,44435.0,10100.0,25690.0,70879.0,113100.0,0.3509,St. Thomas University,Miami Gardens,0.5487,0.4124
55220.0,55220.0,12.0,5.0,13.0,2.0,3.0,2292.0,0.3542,0.483,10.0,0.628,0.583006536,0.621276596,23250.0,16000.0,15000.0,15000.0,51642.0,12300.0,32864.0,76909.0,88300.0,44792.0,11000.0,28977.0,62021.0,63400.0,0.5747,Stetson University,DeLand,0.7278,0.6357
31732.0,31732.0,12.0,5.0,12.0,2.0,3.0,4646.0,0.2214,0.3623,26.0,0.433,0.430031447,0.382297552,21500.0,12332.0,12500.0,12000.0,46744.0,6000.0,28202.0,63763.0,62600.0,36314.0,8500.0,21080.0,50547.0,49000.0,0.3792,Southeastern University,Lakeland,0.7222,0.4812
33424.0,33424.0,12.0,5.0,11.0,2.0,3.0,10093.0,0.1561,0.6791,17.0,0.6192,0.568521843,0.558644068,24211.0,17500.0,19500.0,18500.0,59436.0,11900.0,38879.0,87838.0,88400.0,48397.0,11000.0,29911.0,67311.0,63600.0,0.5222,The University of Tampa,Tampa,0.8009,0.6224
14300.0,14300.0,12.0,5.0,11.0,2.0,3.0,363.0,0.4647,0.5971,12.0,0.4423,0.223021583,0.306569343,24250.0,11875.0,12500.0,8846.0,37275.0,5500.0,25053.0,56949.0,56000.0,33640.0,3800.0,22986.0,50075.0,48200.0,0.2326,Trinity Baptist College,Jacksonville,0.5227,0.2121
28160.0,28160.0,12.0,5.0,41.0,2.0,3.0,753.0,0.5348,0.6715,13.0,0.3492,0.434895833,0.419618529,22250.0,14250.0,14250.0,11000.0,46086.0,15100.0,26799.0,60997.0,83600.0,39589.0,10800.0,23534.0,53127.0,66600.0,0.2683,Warner University,Lake Wales,0.4519,0.3096
32150.0,32150.0,12.0,5.0,41.0,2.0,3.0,879.0,0.5435,0.7051,18.0,0.2601,0.294117647,0.406926407,25250.0,8250.0,8437.0,9500.0,45606.0,10600.0,26734.0,70198.0,69700.0,37691.0,7200.0,23277.0,52726.0,51100.0,0.1445,Webber International University,Babson Park,0.5529,0.2044
6360.0,19241.0,12.0,5.0,41.0,1.0,3.0,9042.0,0.3255,0.255,22.0,0.6176,0.282264779,0.456147893,16624.0,13750.0,13000.0,12618.0,49137.0,9500.0,32366.0,73762.0,74300.0,42204.0,8800.0,25924.0,60741.0,55300.0,0.4742,University of West Florida,Pensacola,0.8764,0.5368
3195.0,10101.0,13.0,5.0,32.0,1.0,3.0,3218.0,0.3412,0.2677,23.0,0.2912,0.232774674,0.237288136,16750.0,8750.0,8250.0,8751.0,34996.0,8900.0,19421.0,53296.0,64500.0,35495.0,7800.0,20330.0,52854.0,50300.0,0.1614,Abraham Baldwin Agricultural College,Tifton,0.6923,0.3526
48150.0,48150.0,13.0,5.0,21.0,2.0,3.0,898.0,0.3613,0.5283,10.0,0.7052,0.647321429,0.664948454,26749.0,16000.0,20427.0,15750.0,56274.0,8200.0,33082.0,77511.0,79600.0,41382.0,8200.0,23755.0,62799.0,54700.0,0.6056,Agnes Scott College,Decatur,0.8007,0.7491
5934.0,16656.0,13.0,5.0,13.0,1.0,3.0,5829.0,0.6498,0.624,20.0,0.2279,0.200436681,0.188247352,25024.0,12000.0,12500.0,13000.0,40674.0,10300.0,23741.0,59552.0,61200.0,35579.0,5400.0,20058.0,54480.0,43400.0,0.1395,Albany State University,Albany,0.7841,0.369
22300.0,22300.0,13.0,5.0,32.0,2.0,3.0,2617.0,0.3217,0.2398,13.0,0.4044,0.316115702,0.429928741,25250.0,14250.0,15125.0,14535.0,38740.0,8400.0,19421.0,59089.0,59500.0,36410.0,5000.0,22595.0,53318.0,49300.0,0.2638,Point University,West Point,0.7095,0.2765
26446.0,26446.0,13.0,5.0,11.0,2.0,3.0,3482.0,0.691,0.8786,16.0,0.478,0.362992922,0.4217119,27000.0,19250.0,19500.0,19500.0,42712.0,6600.0,22235.0,62609.0,71600.0,28097.0,5000.0,13718.0,45248.0,49000.0,0.344,Clark Atlanta University,Atlanta,0.692,0.4227
40416.0,40416.0,13.0,5.0,23.0,2.0,3.0,2213.0,0.2434,0.3883,12.0,0.7391,0.68973747,0.667304015,23250.0,17314.0,16937.0,19500.0,53800.0,10600.0,36699.0,74990.0,82500.0,45014.0,7300.0,28330.0,63867.0,51100.0,0.6775,Berry College,Mount Berry,0.8297,0.726
33275.0,33275.0,13.0,5.0,13.0,2.0,3.0,981.0,0.4671,0.7456,11.0,0.3536,0.343698854,0.414211438,27000.0,16500.0,19750.0,17500.0,54003.0,14600.0,34083.0,79256.0,77600.0,41664.0,8600.0,25036.0,62234.0,63900.0,0.2806,Brenau University,Gainesville,0.6198,0.5273
3483.0,10389.0,13.0,5.0,13.0,1.0,3.0,2794.0,0.4051,0.3109,20.0,0.2556,0.200823893,0.280182232,15039.0,8750.0,8750.0,6833.0,39318.0,5600.0,19732.0,59937.0,60000.0,35382.0,4600.0,21494.0,52922.0,51700.0,0.1471,College of Coastal Georgia,Brunswick,0.5251,0.2465
5068.0,15790.0,13.0,5.0,21.0,1.0,3.0,4390.0,0.5191,0.4011,17.0,0.3539,0.339100346,0.413950829,25706.0,17519.0,15845.0,15750.0,49179.0,10400.0,27996.0,74456.0,73500.0,41633.0,8600.0,22831.0,62850.0,62500.0,0.1544,Clayton  State University,Morrow,0.7321,0.3794
5751.0,16805.0,13.0,5.0,12.0,1.0,3.0,5537.0,0.444,0.4171,18.0,0.4174,0.351914414,0.384073673,26000.0,15000.0,15073.0,15000.0,44544.0,9900.0,27521.0,62748.0,69100.0,39190.0,7600.0,24100.0,57728.0,51900.0,0.2217,Columbus State University,Columbus,0.7273,0.4626
40464.0,40464.0,13.0,5.0,21.0,2.0,3.0,858.0,0.1845,0.4148,12.0,0.7186,0.562874251,0.526785714,22500.0,13750.0,18840.0,19500.0,50412.0,7100.0,33938.0,73784.0,83600.0,39570.0,6500.0,21912.0,52180.0,61900.0,0.616,Covenant College,Lookout Mountain,0.8734,0.7209
3283.0,10189.0,13.0,5.0,13.0,1.0,3.0,4419.0,0.4977,0.1497,20.0,0.2959,0.202391119,0.286277603,12937.0,8293.0,6501.0,7101.0,40251.0,6600.0,24619.0,56194.0,57700.0,37491.0,5600.0,23967.0,51653.0,48400.0,0.1373,Dalton State College,Dalton,0.5951,0.3406
18238.0,18238.0,13.0,5.0,12.0,3.0,3.0,246.0,0.7231,0.5641,11.0,0.2273,0.222162162,0.178076996,26123.0,12643.0,15278.0,14700.0,34421.0,7100.0,17463.0,53014.0,67200.0,34115.0,7600.0,17590.0,54613.0,74600.0,0.0,South University-Savannah,Savannah,0.5,0.1429
23664.0,23664.0,13.0,5.0,42.0,2.0,3.0,719.0,0.2976,0.4429,12.0,0.346,0.364661654,0.355140187,24325.0,12150.0,14125.0,11000.0,38208.0,7000.0,18566.0,57243.0,60000.0,37595.0,5900.0,23432.0,53047.0,45900.0,0.2946,Emmanuel University,Franklin Springs,0.5745,0.3405
60774.0,60774.0,13.0,5.0,11.0,2.0,3.0,7275.0,0.1818,0.1124,9.0,0.9176,0.876,0.898522167,18250.0,15984.0,16750.0,17500.0,80137.0,18300.0,57523.0,120080.0,135900.0,74980.0,12900.0,46152.0,107505.0,121700.0,0.833,Emory University,Atlanta,0.9617,0.9057
5392.0,16114.0,13.0,5.0,31.0,1.0,3.0,2541.0,0.7195,0.7005,18.0,0.4519,0.34870317,0.366522367,31000.0,20250.0,18438.0,16000.0,36666.0,7900.0,19149.0,53170.0,58300.0,28649.0,5200.0,13496.0,43821.0,46600.0,0.1807,Fort Valley State University,Fort Valley,0.7256,0.4683
11764.0,32876.0,13.0,5.0,11.0,1.0,3.0,18260.0,0.1367,0.193,18.0,0.9228,0.597126796,0.796589525,21672.0,20048.0,20500.0,19834.0,102772.0,23700.0,73294.0,136204.0,130000.0,89432.0,19000.0,69050.0,111799.0,89700.0,0.5706,Georgia Institute of Technology-Main Campus,Atlanta,0.9774,0.9303
4980.0,15702.0,13.0,5.0,32.0,1.0,3.0,2291.0,0.4066,0.3917,18.0,0.3191,0.402985075,0.435600579,18851.0,11115.0,11750.0,10090.0,48757.0,9100.0,32438.0,69561.0,69000.0,42047.0,8400.0,27203.0,64123.0,55300.0,0.1955,Georgia Southwestern State University,Americus,0.6393,0.3636
8998.0,28178.0,13.0,5.0,32.0,1.0,3.0,5599.0,0.1637,0.3438,16.0,0.6157,0.530357143,0.593518519,22250.0,18231.0,17250.0,15000.0,58140.0,11300.0,39235.0,82395.0,70600.0,50644.0,9200.0,33474.0,71242.0,54000.0,0.5038,Georgia College & State University,Milledgeville,0.8447,0.6216
5905.0,16959.0,13.0,5.0,32.0,1.0,3.0,21029.0,0.3549,0.4004,24.0,0.5205,0.421656508,0.486972147,23250.0,15838.0,15250.0,15000.0,53236.0,12000.0,32941.0,79064.0,75900.0,44423.0,9300.0,27338.0,64898.0,57600.0,0.3397,Georgia Southern University,Statesboro,0.7719,0.5651
8478.0,23709.0,13.0,5.0,11.0,1.0,3.0,27109.0,0.5011,0.4147,25.0,0.5372,0.310962373,0.338142773,20903.0,12180.0,11500.0,11000.0,47384.0,10200.0,24994.0,72355.0,81800.0,37844.0,8800.0,18862.0,59064.0,62800.0,0.3434,Georgia State University,Atlanta,0.7835,0.5893
11180.0,30220.0,13.0,5.0,12.0,1.0,3.0,31310.0,0.1722,0.2165,17.0,0.8716,0.713911386,0.764719792,18500.0,16250.0,16675.0,16750.0,68726.0,14200.0,45171.0,102181.0,96200.0,57565.0,11200.0,37697.0,79605.0,68900.0,0.7123,University of Georgia,Athens,0.9454,0.8811
34540.0,34540.0,13.0,5.0,32.0,2.0,3.0,566.0,0.4366,0.71,11.0,0.4176,0.411411411,0.379104478,25730.0,15000.0,18250.0,15000.0,51745.0,14800.0,32714.0,72273.0,70500.0,46599.0,8300.0,29096.0,64427.0,60400.0,0.348,LaGrange College,Lagrange,0.6045,0.4639
15036.0,15036.0,13.0,5.0,13.0,2.0,3.0,869.0,0.3923,0.4907,16.0,0.3214,0.422764228,0.404320988,16666.0,9500.0,9167.0,7500.0,47397.0,7100.0,25502.0,73921.0,90300.0,37368.0,4400.0,19024.0,56714.0,73200.0,0.1964,Life University,Marietta,0.6258,0.4505
40890.0,40890.0,13.0,5.0,12.0,2.0,3.0,4620.0,0.333,0.61,13.0,0.7339,0.596928983,0.579940417,24199.0,18538.0,18500.0,15750.0,58354.0,13400.0,36398.0,85903.0,114200.0,50231.0,13000.0,30624.0,74636.0,107000.0,0.6404,Mercer University,Macon,0.8272,0.737
31725.0,31725.0,13.0,5.0,11.0,2.0,3.0,2736.0,0.4438,0.5979,13.0,0.5267,0.362676056,0.435950413,25000.0,20000.0,18500.0,16500.0,52889.0,7000.0,29053.0,82328.0,96300.0,38267.0,6900.0,18548.0,65371.0,68600.0,0.3647,Morehouse College,Atlanta,0.8584,0.5096
45806.0,45806.0,13.0,5.0,21.0,2.0,3.0,1429.0,0.3374,0.6727,14.0,0.5392,0.486666667,0.448412698,25000.0,16250.0,14951.0,12375.0,55232.0,7600.0,33088.0,87292.0,91000.0,42691.0,8800.0,26100.0,61285.0,61500.0,0.4578,Oglethorpe University,Atlanta,0.7506,0.575
30680.0,30680.0,13.0,5.0,32.0,2.0,3.0,1235.0,0.4145,0.6795,12.0,0.4146,0.509302326,0.535620053,25000.0,18250.0,18863.0,15500.0,49130.0,8100.0,33695.0,70024.0,67100.0,43761.0,8800.0,28150.0,62143.0,62500.0,0.2892,Piedmont University,Demorest,0.7708,0.4907
28420.0,28420.0,13.0,5.0,41.0,2.0,3.0,1012.0,0.3909,0.5826,11.0,0.3562,0.343137255,0.29707113,23900.0,12885.0,14250.0,13141.0,46541.0,10300.0,29886.0,67335.0,65500.0,40411.0,6100.0,24829.0,58290.0,54200.0,0.2769,Reinhardt University,Waleska,0.5667,0.3571
40595.0,40595.0,13.0,5.0,12.0,2.0,3.0,14423.0,0.1854,0.3456,20.0,0.7048,0.623868778,0.668235294,25148.0,15000.0,15500.0,15537.0,45954.0,8100.0,22720.0,74382.0,78400.0,34110.0,5600.0,16488.0,56340.0,53400.0,0.5322,Savannah College of Art and Design,Savannah,0.8683,0.722
5498.0,16218.0,13.0,5.0,12.0,1.0,3.0,2727.0,0.6485,0.6612,21.0,0.2517,0.214102564,0.267707083,28000.0,18750.0,14000.0,14000.0,37981.0,8400.0,20193.0,56131.0,64700.0,27494.0,5200.0,14631.0,41943.0,43800.0,0.1667,Savannah State University,Savannah,0.7002,0.2583
24044.0,24044.0,13.0,5.0,13.0,2.0,3.0,1091.0,0.3744,0.4924,15.0,0.3708,0.437743191,0.492727273,25000.0,12250.0,12500.0,12500.0,44604.0,12100.0,27477.0,64265.0,85400.0,41860.0,10900.0,25387.0,60038.0,74200.0,0.2734,Shorter University,Rome,0.6716,0.3755
30058.0,30058.0,13.0,5.0,11.0,2.0,3.0,3633.0,0.2937,0.577,11.0,0.761,0.63064833,0.657425743,25000.0,22796.0,22469.0,21500.0,59993.0,12100.0,40168.0,86219.0,87400.0,45676.0,8300.0,25898.0,66368.0,64700.0,0.682,Spelman College,Atlanta,0.9376,0.7673
11640.0,11640.0,13.0,5.0,32.0,2.0,3.0,813.0,0.4678,0.5574,11.0,0.2778,0.357664234,0.422580645,21198.0,17750.0,14000.0,14000.0,49716.0,6200.0,31997.0,74817.0,69400.0,45305.0,7200.0,27706.0,65320.0,57100.0,0.2609,Thomas University,Thomasville,0.6364,0.4545
23250.0,23250.0,13.0,5.0,32.0,2.0,3.0,820.0,0.1972,0.2525,16.0,0.4601,0.459915612,0.492248062,22250.0,9500.0,12000.0,12867.0,36630.0,6200.0,21730.0,53553.0,52700.0,33131.0,5900.0,20552.0,48171.0,42500.0,0.3413,Toccoa Falls College,Toccoa Falls,0.5727,0.529
25568.0,25568.0,13.0,5.0,42.0,2.0,3.0,768.0,0.1037,0.1607,16.0,0.4115,0.313901345,0.443089431,23439.0,9500.0,17169.0,11000.0,46700.0,8200.0,30962.0,63630.0,64600.0,39193.0,4900.0,24329.0,54612.0,45500.0,0.3301,Truett McConnell University,Cleveland,0.5926,0.3527
6007.0,17062.0,13.0,5.0,13.0,1.0,3.0,6858.0,0.5086,0.4657,17.0,0.4174,0.321348315,0.325131101,24779.0,14200.0,13750.0,13000.0,49361.0,11300.0,31232.0,69186.0,68600.0,39416.0,9000.0,23717.0,54951.0,53200.0,0.2406,Valdosta State University,Valdosta,0.6747,0.4347
27650.0,27650.0,13.0,5.0,12.0,2.0,3.0,466.0,0.4446,0.5147,7.0,0.6056,0.474820144,0.455284553,24094.0,15425.0,19500.0,12925.0,44317.0,7200.0,25212.0,60741.0,67300.0,35630.0,2400.0,18139.0,52559.0,50500.0,0.5493,Wesleyan College,Macon,0.7524,0.563
5971.0,17024.0,13.0,5.0,32.0,1.0,3.0,7485.0,0.418,0.3983,16.0,0.4272,0.388028896,0.490003635,23970.0,15750.0,15500.0,14000.0,49587.0,10000.0,31963.0,69802.0,69000.0,41000.0,8900.0,23977.0,58554.0,56100.0,0.2499,University of West Georgia,Carrollton,0.7602,0.4434
32305.0,32305.0,13.0,5.0,43.0,2.0,3.0,810.0,0.2106,0.3269,11.0,0.4566,0.347079038,0.32010582,27000.0,12000.0,12000.0,12000.0,47195.0,8500.0,28097.0,66894.0,64000.0,36389.0,6600.0,22576.0,48257.0,48900.0,0.4189,Young Harris College,Young Harris,0.668,0.4133
29970.0,29970.0,15.0,8.0,11.0,2.0,3.0,1648.0,0.422,0.3708,11.0,0.5814,0.379061372,0.395348837,23250.0,16104.0,19452.0,18699.0,52343.0,10500.0,32180.0,73655.0,77200.0,48660.0,5600.0,27273.0,69967.0,53800.0,0.5095,Chaminade University of Honolulu,Honolulu,0.7397,0.6574
7838.0,20798.0,15.0,8.0,33.0,1.0,3.0,2260.0,0.3953,0.2985,12.0,0.4163,0.350993377,0.430257511,20500.0,14600.0,12500.0,10375.0,47856.0,7300.0,26276.0,68319.0,69000.0,37204.0,6200.0,21515.0,55327.0,53300.0,0.2512,University of Hawaii at Hilo,Hilo,0.6977,0.4514
12186.0,34218.0,15.0,8.0,11.0,1.0,3.0,14306.0,0.2451,0.2736,14.0,0.6257,0.524629555,0.581562838,18500.0,14000.0,12500.0,13099.0,57624.0,12200.0,34835.0,84162.0,89000.0,45701.0,7800.0,25993.0,67046.0,68800.0,0.398,University of Hawaii at Manoa,Honolulu,0.7478,0.6145
33020.0,33020.0,15.0,8.0,11.0,2.0,3.0,2502.0,0.2,0.2527,15.0,0.4121,0.228395062,0.36122178,22000.0,12500.0,12000.0,11790.0,59593.0,9700.0,35751.0,90587.0,97500.0,48773.0,9700.0,29251.0,76219.0,84500.0,0.302,Hawaii Pacific University,Honolulu,0.5724,0.4362
7584.0,20544.0,15.0,8.0,21.0,1.0,3.0,2510.0,0.2966,0.2012,16.0,0.4684,0.473837209,0.436728395,14500.0,12500.0,11775.0,11000.0,52075.0,10400.0,32168.0,71489.0,72000.0,44352.0,6700.0,26761.0,59858.0,59700.0,0.2305,University of Hawaii-West Oahu,Kapolei,0.6898,0.4017
8782.0,26976.0,16.0,7.0,12.0,1.0,3.0,17081.0,0.1794,0.2526,19.0,0.6187,0.476040353,0.5191659,20500.0,15489.0,14000.0,12909.0,51658.0,7800.0,32650.0,76483.0,75100.0,45251.0,6700.0,30218.0,66072.0,57800.0,0.3967,Boise State University,Boise,0.7786,0.5589
8356.0,27466.0,16.0,7.0,13.0,1.0,3.0,7260.0,0.2684,0.2479,13.0,0.383,0.357107232,0.396628656,20039.0,13000.0,12755.0,11033.0,45608.0,6800.0,26351.0,70935.0,82600.0,41377.0,5200.0,25466.0,61873.0,64100.0,0.2381,Idaho State University,Pocatello,0.7363,0.3918
8816.0,29784.0,16.0,7.0,32.0,1.0,3.0,7363.0,0.2276,0.3053,17.0,0.609,0.508264463,0.543189369,21982.0,18500.0,15477.0,15000.0,54670.0,11100.0,34494.0,80860.0,83100.0,42602.0,8900.0,28235.0,60684.0,62500.0,0.4122,University of Idaho,Moscow,0.7513,0.6052
36030.0,36030.0,16.0,7.0,22.0,2.0,3.0,1049.0,0.2405,0.5152,10.0,0.6412,0.546961326,0.64137931,24500.0,19000.0,18500.0,14795.0,48473.0,10800.0,28152.0,71310.0,79600.0,42097.0,8600.0,28624.0,54418.0,53000.0,0.5687,The College of Idaho,Caldwell,0.7649,0.5606
7388.0,21386.0,16.0,7.0,13.0,1.0,3.0,2277.0,0.2401,0.2631,16.0,0.4472,0.417594655,0.395715896,18500.0,11976.0,10908.0,9736.0,46001.0,6700.0,27168.0,66552.0,65200.0,42133.0,6400.0,26383.0,62552.0,54500.0,0.2329,Lewis-Clark State College,Lewiston,0.6414,0.3401
39370.0,39370.0,16.0,7.0,22.0,2.0,3.0,1138.0,0.2947,0.5991,14.0,0.5993,0.590643275,0.608069164,23750.0,18500.0,16901.0,15750.0,51719.0,8700.0,32147.0,76869.0,72900.0,45488.0,10400.0,30625.0,68841.0,61600.0,0.4831,Northwest Nazarene University,Nampa,0.7872,0.6318
4656.0,4656.0,16.0,7.0,32.0,2.0,3.0,42090.0,0.2487,0.1154,20.0,0.5508,0.326196293,0.462232052,13969.0,8539.0,8540.0,9230.0,53406.0,4500.0,26332.0,85303.0,88300.0,40447.0,3900.0,20341.0,63010.0,64000.0,0.2086,Brigham Young University-Idaho,Rexburg,0.6963,0.5618
39510.0,39510.0,17.0,3.0,11.0,3.0,3.0,90.0,0.6306,0.8378,6.0,0.45,0.416666667,0.495327103,27000.0,28338.0,27000.0,19000.0,34324.0,7900.0,15996.0,47746.0,60000.0,25368.0,4200.0,11390.0,38549.0,39600.0,0.4,American Academy of Art College,Chicago,0.5,0.569
54530.0,54530.0,17.0,3.0,11.0,2.0,3.0,2762.0,0.1911,0.3698,10.0,0.6402,0.474654378,0.651685393,27000.0,21363.0,19500.0,18456.0,40151.0,3900.0,19505.0,65300.0,68500.0,26742.0,5600.0,11671.0,48869.0,50600.0,0.3941,School of the Art Institute of Chicago,Chicago,0.824,0.6702
49834.0,49834.0,17.0,3.0,13.0,2.0,3.0,2418.0,0.2192,0.5837,11.0,0.7918,0.764604811,0.678362573,27000.0,25000.0,25280.0,26000.0,62971.0,19900.0,45347.0,87097.0,89900.0,49849.0,12200.0,33951.0,67609.0,58800.0,0.7306,Augustana College,Rock Island,0.828,0.7876
28220.0,28220.0,17.0,3.0,21.0,2.0,3.0,4021.0,0.4345,0.4884,18.0,0.5832,0.635585971,0.635678392,20318.0,16000.0,16000.0,15000.0,58709.0,12100.0,41124.0,82940.0,79500.0,51237.0,11000.0,35653.0,73049.0,61300.0,0.4618,Aurora University,Aurora,0.7784,0.56
26758.0,26758.0,17.0,3.0,32.0,2.0,3.0,341.0,0.544,0.5052,9.0,0.5241,0.424107143,0.343195266,24242.0,13546.0,13600.0,18500.0,46802.0,11400.0,32912.0,63312.0,71600.0,36665.0,10100.0,21660.0,50709.0,50200.0,0.4276,Blackburn College,Carlinville,0.5769,0.4591
39680.0,39680.0,17.0,3.0,12.0,2.0,3.0,3865.0,0.2942,0.6358,11.0,0.7214,0.703872437,0.728456914,27000.0,23250.0,23250.0,23250.0,66852.0,18200.0,44657.0,91207.0,96700.0,59114.0,13800.0,39544.0,79440.0,71500.0,0.5675,Bradley University,Peoria,0.8446,0.7551
12754.0,12754.0,17.0,3.0,11.0,1.0,3.0,1414.0,0.5497,0.6131,10.0,0.1695,0.249142857,0.271232877,30625.0,23000.0,19000.0,15000.0,42778.0,6800.0,21510.0,64024.0,70700.0,33805.0,6000.0,15483.0,52337.0,59800.0,0.0678,Chicago State University,Chicago,0.4675,0.2407
66939.0,66939.0,17.0,3.0,11.0,2.0,3.0,7540.0,0.1447,0.0506,5.0,0.9491,0.910526316,0.91440501,15000.0,8250.0,12000.0,14500.0,91885.0,16700.0,60576.0,158433.0,195000.0,80870.0,11900.0,48014.0,138142.0,160400.0,0.8641,University of Chicago,Chicago,0.9942,0.9616
32520.0,32520.0,17.0,3.0,11.0,2.0,3.0,6294.0,0.4318,0.5732,15.0,0.4846,0.523377213,0.548038431,25000.0,18000.0,15548.0,15750.0,42195.0,5900.0,20974.0,65271.0,68900.0,32596.0,5900.0,15904.0,50402.0,51200.0,0.3911,Columbia College Chicago,Chicago,0.6397,0.5153
36258.0,36258.0,17.0,3.0,21.0,2.0,3.0,1337.0,0.4458,0.5858,13.0,0.474,0.435779817,0.514652015,23000.0,12500.0,14250.0,15000.0,54089.0,9100.0,36112.0,75178.0,76900.0,44405.0,7900.0,26730.0,62666.0,53800.0,0.3456,Concordia University-Chicago,River Forest,0.6255,0.4315
44460.0,44460.0,17.0,3.0,11.0,2.0,3.0,14283.0,0.3066,0.4717,17.0,0.7,0.629003559,0.707964602,23168.0,20702.0,19333.0,18500.0,68751.0,12200.0,42705.0,101987.0,99700.0,54695.0,10000.0,32838.0,77881.0,70300.0,0.5597,DePaul University,Chicago,0.8669,0.708
13403.0,15879.0,17.0,3.0,33.0,1.0,3.0,4398.0,0.3087,0.3495,15.0,0.4517,0.523376623,0.556593977,21500.0,15075.0,15091.0,16750.0,51989.0,14000.0,35825.0,72492.0,77000.0,42694.0,11300.0,28414.0,57654.0,53700.0,0.2884,Eastern Illinois University,Charleston,0.7003,0.5139
41628.0,41628.0,17.0,3.0,21.0,2.0,3.0,2954.0,0.368,0.5084,14.0,0.6519,0.650773196,0.686695279,20489.0,15000.0,16750.0,14236.0,61462.0,12700.0,41317.0,84145.0,85700.0,52803.0,10900.0,35577.0,72793.0,67400.0,0.497,Elmhurst University,Elmhurst,0.7585,0.6904
28400.0,28400.0,17.0,3.0,31.0,2.0,3.0,522.0,0.2272,0.3381,14.0,0.4057,0.519230769,0.478947368,23250.0,14875.0,15000.0,15750.0,51641.0,10200.0,35183.0,66939.0,72100.0,42968.0,10500.0,28388.0,57342.0,56800.0,0.3208,Eureka College,Eureka,0.6309,0.5061
11320.0,11320.0,17.0,3.0,21.0,1.0,3.0,2518.0,0.524,0.3986,11.0,0.196,0.389830508,0.560189573,18618.0,15702.0,13000.0,13000.0,58169.0,10900.0,37592.0,84427.0,80400.0,45435.0,7200.0,27153.0,64037.0,71100.0,0.1307,Governors State University,University Park,0.5944,0.1724
30598.0,30598.0,17.0,3.0,32.0,2.0,3.0,873.0,0.3766,0.5738,12.0,0.5136,0.498591549,0.533149171,23875.0,17125.0,16500.0,14906.0,46827.0,8500.0,31411.0,64428.0,70500.0,40307.0,6800.0,25521.0,56088.0,52500.0,0.4636,Greenville University,Greenville,0.7018,0.4885
14338.0,29360.0,17.0,3.0,11.0,1.0,3.0,21814.0,0.4957,0.2496,17.0,0.603,0.619583687,0.672150139,16704.0,12750.0,13000.0,15000.0,68740.0,14300.0,44790.0,95794.0,106700.0,53218.0,10500.0,32597.0,76529.0,72300.0,0.3975,University of Illinois Chicago,Chicago,0.7837,0.6434
34290.0,34290.0,17.0,3.0,21.0,2.0,3.0,1817.0,0.3918,0.4936,13.0,0.5095,0.533701657,0.484581498,22500.0,18750.0,18000.0,15608.0,63446.0,15400.0,40888.0,87863.0,97500.0,50222.0,7900.0,32611.0,71792.0,74700.0,0.3762,Benedictine University,Lisle,0.6916,0.4821
16004.0,34501.0,17.0,3.0,13.0,1.0,3.0,34623.0,0.2381,0.2897,20.0,0.8489,0.797046414,0.823867403,19500.0,13613.0,16985.0,17500.0,81054.0,20800.0,54886.0,116541.0,112000.0,64802.0,13900.0,42569.0,90437.0,80100.0,0.7349,University of Illinois Urbana-Champaign,Champaign,0.9432,0.8598
55704.0,55704.0,17.0,3.0,13.0,2.0,3.0,1570.0,0.2318,0.6313,11.0,0.8254,0.775075988,0.737789203,27000.0,22250.0,24738.0,22624.0,70871.0,19400.0,50689.0,98120.0,104500.0,56082.0,16700.0,37013.0,80087.0,69400.0,0.7778,Illinois Wesleyan University,Bloomington,0.8455,0.8222
37470.0,37470.0,17.0,3.0,32.0,2.0,3.0,925.0,0.3512,0.8531,11.0,0.6109,0.650793651,0.613475177,25565.0,12500.0,14000.0,18838.0,52575.0,16100.0,37164.0,78809.0,73600.0,40110.0,11000.0,29099.0,53760.0,51200.0,0.5525,Illinois College,Jacksonville,0.6996,0.6444
51763.0,51763.0,17.0,3.0,11.0,2.0,3.0,2812.0,0.2906,0.3261,17.0,0.7244,0.613733906,0.681514477,25000.0,22500.0,19000.0,20500.0,82592.0,22400.0,56428.0,113769.0,118200.0,70803.0,13500.0,44506.0,90293.0,93100.0,0.3547,Illinois Institute of Technology,Chicago,0.8692,0.7332
16021.0,28086.0,17.0,3.0,22.0,1.0,3.0,18414.0,0.3005,0.4536,19.0,0.6632,0.644597701,0.695148978,20482.0,16500.0,15200.0,15845.0,62117.0,16500.0,44007.0,86157.0,81200.0,50599.0,12800.0,35463.0,69164.0,61700.0,0.5134,Illinois State University,Normal,0.8133,0.6811
30910.0,30910.0,17.0,3.0,12.0,2.0,3.0,780.0,0.3972,0.4436,11.0,0.5325,0.486013986,0.534818942,25000.0,12579.0,14000.0,14875.0,56313.0,10400.0,37531.0,79120.0,86400.0,45374.0,11300.0,27773.0,63684.0,64700.0,0.432,Judson University,Elgin,0.7375,0.6759
55587.0,55587.0,17.0,3.0,32.0,2.0,3.0,997.0,0.2972,0.7198,10.0,0.6751,0.6816609,0.622222222,27000.0,22155.0,25000.0,21500.0,54820.0,11500.0,35617.0,80037.0,87000.0,37757.0,6800.0,21996.0,50770.0,49000.0,0.5182,Knox College,Galesburg,0.7992,0.7565
54202.0,54202.0,17.0,3.0,21.0,2.0,3.0,1782.0,0.3515,0.7082,12.0,0.7042,0.730994152,0.76945245,26158.0,21267.0,19500.0,23250.0,61825.0,14300.0,41213.0,88777.0,99500.0,51324.0,6800.0,33967.0,72217.0,62400.0,0.6366,Lake Forest College,Lake Forest,0.8629,0.7303
37882.0,37882.0,17.0,3.0,21.0,2.0,3.0,3665.0,0.3089,0.4645,14.0,0.6256,0.442434211,0.340214699,21500.0,18500.0,19112.0,18500.0,66099.0,12300.0,44698.0,91311.0,91900.0,56095.0,11900.0,38400.0,77721.0,69800.0,0.4809,Lewis University,Romeoville,0.8364,0.6058
15400.0,15400.0,17.0,3.0,32.0,2.0,3.0,44.0,0.3908,0.2989,2.0,0.5823,0.377622378,0.34,20250.0,17750.0,15250.0,13000.0,43038.0,6400.0,25614.0,66012.0,60700.0,35416.0,8500.0,23822.0,49715.0,54600.0,0.4225,Lincoln Christian University,Lincoln,0.0,0.4286
51716.0,51716.0,17.0,3.0,11.0,2.0,3.0,11576.0,0.2324,0.4794,13.0,0.7692,0.582852066,0.702871411,24157.0,22000.0,22000.0,19500.0,71530.0,15900.0,49691.0,99274.0,96900.0,58411.0,12500.0,38612.0,79129.0,70300.0,0.6868,Loyola University Chicago,Chicago,0.8421,0.7247
34070.0,34070.0,17.0,3.0,21.0,2.0,3.0,1600.0,0.2909,0.4455,16.0,0.5954,0.468123862,0.548286604,23250.0,15813.0,14522.0,18500.0,58572.0,12200.0,39892.0,83018.0,77100.0,49439.0,10200.0,31830.0,67379.0,66900.0,0.4957,McKendree University,Lebanon,0.6816,0.5585
26892.0,43670.0,17.0,3.0,13.0,2.0,3.0,1458.0,0.3472,0.6089,10.0,0.5907,0.539347409,0.561594203,27000.0,20000.0,20000.0,16207.0,51262.0,15000.0,33474.0,72474.0,81900.0,43100.0,10900.0,27347.0,57980.0,60800.0,0.4873,Millikin University,Decatur,0.7376,0.555
43520.0,43520.0,17.0,3.0,32.0,2.0,3.0,725.0,0.3091,0.7195,10.0,0.6014,0.529850746,0.628865979,27000.0,20500.0,17272.0,21750.0,51110.0,13900.0,33309.0,69258.0,74900.0,43158.0,12000.0,29847.0,58465.0,55700.0,0.5018,Monmouth College,Monmouth,0.6957,0.5667
12345.0,12345.0,17.0,3.0,11.0,2.0,3.0,4100.0,0.5728,0.4709,17.0,0.3687,0.399146211,0.471115538,19750.0,13248.0,10508.0,11835.0,45799.0,9600.0,26351.0,68973.0,101300.0,43562.0,10300.0,25380.0,61185.0,79100.0,0.2926,National Louis University,Chicago,0.5643,0.35
44394.0,44394.0,17.0,3.0,12.0,2.0,3.0,2360.0,0.247,0.7981,12.0,0.7114,0.677069199,0.699867198,24500.0,20000.0,19000.0,17625.0,60123.0,13000.0,41286.0,83972.0,82200.0,51762.0,11600.0,35935.0,69316.0,63500.0,0.6434,North Central College,Naperville,0.817,0.6477
35325.0,35325.0,17.0,3.0,11.0,2.0,3.0,1844.0,0.432,0.5373,11.0,0.5596,0.56152513,0.481989708,25500.0,20832.0,19875.0,19500.0,59572.0,9600.0,37927.0,81814.0,79000.0,49326.0,10500.0,30511.0,70659.0,63500.0,0.4171,North Park University,Chicago,0.6878,0.6173
12700.0,12700.0,17.0,3.0,23.0,1.0,3.0,11277.0,0.4555,0.4886,14.0,0.4965,0.542162162,0.564079008,22162.0,18000.0,16000.0,15000.0,57808.0,13000.0,37890.0,83290.0,82800.0,46113.0,11400.0,27951.0,67518.0,63700.0,0.3342,Northern Illinois University,Dekalb,0.7038,0.5253
65997.0,65997.0,17.0,3.0,13.0,2.0,3.0,8960.0,0.187,0.1877,6.0,0.9589,0.882787751,0.891504606,15000.0,12500.0,12369.0,15000.0,89363.0,16800.0,61037.0,139122.0,173600.0,76844.0,15200.0,48122.0,107715.0,118400.0,0.8768,Northwestern University,Evanston,0.9744,0.9592
12383.0,22726.0,17.0,3.0,11.0,1.0,3.0,3869.0,0.5377,0.2168,12.0,0.1679,0.425404434,0.476425439,14600.0,11754.0,11875.0,12500.0,52234.0,8000.0,32480.0,75431.0,72000.0,43801.0,6600.0,26539.0,61851.0,58600.0,0.0404,Northeastern Illinois University,Chicago,0.6104,0.2238
37940.0,37940.0,17.0,3.0,23.0,2.0,3.0,2485.0,0.3533,0.6804,14.0,0.6027,0.526315789,0.575221239,25000.0,14250.0,19000.0,21430.0,53213.0,9600.0,34206.0,80621.0,73500.0,49278.0,8400.0,32749.0,72566.0,60900.0,0.5227,Olivet Nazarene University,Bourbonnais,0.6814,0.6411
35740.0,35740.0,17.0,3.0,33.0,2.0,3.0,1038.0,0.2964,0.5231,14.0,0.4274,0.325966851,0.498644986,24000.0,10955.0,14000.0,14000.0,50369.0,11700.0,34763.0,67726.0,73200.0,43331.0,9700.0,29993.0,64825.0,52600.0,0.312,Quincy University,Quincy,0.6403,0.4173
37300.0,37300.0,17.0,3.0,12.0,2.0,3.0,956.0,0.4175,0.5983,10.0,0.3826,0.510447761,0.585227273,22274.0,18204.0,15000.0,13000.0,54794.0,9900.0,37948.0,75592.0,70900.0,45847.0,8900.0,31285.0,69141.0,63000.0,0.0537,Rockford University,Rockford,0.7006,0.4024
20280.0,20280.0,17.0,3.0,11.0,2.0,3.0,2583.0,0.4642,0.5433,11.0,0.4099,0.418293936,0.424818108,22000.0,14750.0,14500.0,14626.0,48712.0,10400.0,27597.0,71216.0,83000.0,42896.0,8200.0,25120.0,62834.0,67100.0,0.3716,Roosevelt University,Chicago,0.6173,0.385
37844.0,37844.0,17.0,3.0,21.0,2.0,3.0,2271.0,0.4934,0.5838,12.0,0.6236,0.526002972,0.615499255,24411.0,17617.0,19000.0,19422.0,60327.0,12000.0,39029.0,81636.0,78800.0,47907.0,9500.0,34551.0,68320.0,58300.0,0.4898,Dominican University,River Forest,0.7926,0.5238
37000.0,37000.0,17.0,3.0,21.0,2.0,3.0,1292.0,0.3706,0.7977,13.0,0.6463,0.609022556,0.631355932,21079.0,16600.0,17160.0,15750.0,63926.0,12500.0,45128.0,90346.0,85300.0,56648.0,15100.0,38556.0,78396.0,76100.0,0.4716,University of St Francis,Joliet,0.7336,0.6519
36840.0,36840.0,17.0,3.0,11.0,2.0,3.0,3030.0,0.5599,0.8662,15.0,0.59,0.566486486,0.597664544,22223.0,15086.0,17535.0,18000.0,58656.0,13100.0,39439.0,84749.0,81800.0,50784.0,11500.0,31406.0,72408.0,68100.0,0.4767,Saint Xavier University,Chicago,0.7439,0.5258
12252.0,22017.0,17.0,3.0,12.0,1.0,3.0,2292.0,0.3585,0.3832,14.0,0.6137,0.483547926,0.520050125,19128.0,12653.0,15000.0,14000.0,57103.0,12600.0,38573.0,81440.0,75100.0,47432.0,11500.0,30997.0,67272.0,66600.0,0.4344,University of Illinois Springfield,Springfield,0.8066,0.5236
13244.0,13244.0,17.0,3.0,32.0,1.0,3.0,8116.0,0.3665,0.481,11.0,0.563,0.466197614,0.51147541,21543.0,19750.0,17500.0,15000.0,53390.0,10800.0,34030.0,77347.0,83600.0,43087.0,9500.0,26370.0,63339.0,62400.0,0.3986,Southern Illinois University-Carbondale,Carbondale,0.6869,0.4605
12922.0,12922.0,17.0,3.0,21.0,1.0,3.0,8836.0,0.3157,0.4037,15.0,0.5497,0.475669958,0.516582552,20500.0,17048.0,15000.0,15000.0,56346.0,11300.0,37805.0,82428.0,80100.0,46384.0,10900.0,30292.0,67351.0,62700.0,0.3273,Southern Illinois University-Edwardsville,Edwardsville,0.7222,0.5184
20325.0,20325.0,17.0,3.0,21.0,2.0,3.0,796.0,0.3329,0.6441,10.0,0.6387,0.515669516,0.586206897,25009.0,21429.0,21850.0,20150.0,55700.0,11300.0,37795.0,75406.0,73700.0,48107.0,11400.0,34609.0,66158.0,62800.0,0.5131,Trinity Christian College,Palos Heights,0.792,0.6579
12320.0,12320.0,17.0,3.0,21.0,2.0,3.0,140.0,0.3288,0.6914,9.0,0.4565,0.367041199,0.4375,26082.0,19554.0,19343.0,19375.0,46989.0,8800.0,29118.0,68518.0,76100.0,41545.0,6000.0,24769.0,57202.0,55900.0,0.3623,Trinity International University-Illinois,Deerfield,0.0465,0.4595
14952.0,14952.0,17.0,3.0,33.0,1.0,3.0,4939.0,0.2812,0.3089,14.0,0.4477,0.504946237,0.565315315,25251.0,23496.0,20350.0,17500.0,54163.0,13400.0,37122.0,76551.0,77400.0,43057.0,11000.0,28205.0,60430.0,59300.0,0.3111,Western Illinois University,Macomb,0.5873,0.5233
43930.0,43930.0,17.0,3.0,21.0,2.0,3.0,2087.0,0.202,0.4652,10.0,0.8655,0.837837838,0.888361045,23250.0,21500.0,21000.0,19500.0,63756.0,7700.0,38482.0,91183.0,101000.0,50270.0,8200.0,34142.0,68855.0,62500.0,0.8224,Wheaton College,Wheaton,0.9384,0.8793
35640.0,35640.0,18.0,3.0,13.0,2.0,3.0,1070.0,0.3587,0.6129,10.0,0.4942,0.524691358,0.535123967,27000.0,17500.0,19063.0,20000.0,48899.0,10100.0,30753.0,72582.0,71900.0,44396.0,8800.0,29871.0,59538.0,54300.0,0.4249,Anderson University,Anderson,0.6966,0.6318
10758.0,28766.0,18.0,3.0,13.0,1.0,3.0,13770.0,0.3358,0.7275,15.0,0.6327,0.576849051,0.608787718,23250.0,14487.0,16500.0,18500.0,51833.0,12500.0,36578.0,72407.0,69300.0,44394.0,10700.0,29676.0,59335.0,52600.0,0.5098,Ball State University,Muncie,0.7719,0.6864
33320.0,33320.0,18.0,3.0,13.0,2.0,3.0,1069.0,0.3522,0.4861,12.0,0.5721,0.596153846,0.506521739,25000.0,19061.0,20500.0,17320.0,48860.0,8500.0,29348.0,72745.0,70900.0,44271.0,9500.0,30220.0,63190.0,58700.0,0.5134,Bethel University,Mishawaka,0.7004,0.6357
45980.0,45980.0,18.0,3.0,11.0,2.0,3.0,4383.0,0.1378,0.4199,11.0,0.8015,0.779349364,0.808943089,26000.0,22000.0,21500.0,22812.0,77235.0,19500.0,50535.0,124552.0,122100.0,61627.0,14400.0,43145.0,86924.0,113300.0,0.7188,Butler University,Indianapolis,0.8807,0.8244
22650.0,22650.0,18.0,3.0,21.0,2.0,3.0,560.0,0.4849,0.5861,13.0,0.299,0.359447005,0.372413793,21534.0,9000.0,10500.0,11000.0,46945.0,6900.0,22559.0,70968.0,91800.0,39342.0,8800.0,20904.0,57970.0,80200.0,0.2128,Calumet College of Saint Joseph,Whiting,0.3962,0.1754
57070.0,57070.0,18.0,3.0,32.0,2.0,3.0,1804.0,0.1575,0.3961,10.0,0.8,0.8,0.826315789,27000.0,24000.0,24750.0,25000.0,70527.0,16700.0,47395.0,104082.0,102600.0,58476.0,11300.0,38459.0,85544.0,66200.0,0.7311,DePauw University,Greencastle,0.8916,0.8255
51840.0,51840.0,18.0,3.0,32.0,2.0,3.0,612.0,0.25,0.4232,7.0,0.6794,0.612244898,0.580645161,23488.0,19500.0,19500.0,19500.0,50797.0,9800.0,29949.0,74089.0,71700.0,35430.0,4900.0,17136.0,47529.0,42500.0,0.6098,Earlham College,Richmond,0.7977,0.7302
42676.0,42676.0,18.0,3.0,12.0,2.0,3.0,1477.0,0.2296,0.4365,10.0,0.7127,0.623409669,0.647058824,24606.0,15087.0,19000.0,19500.0,53770.0,12000.0,35569.0,81201.0,78600.0,46734.0,11600.0,32436.0,68834.0,66900.0,0.5955,University of Evansville,Evansville,0.7745,0.6971
37350.0,37350.0,18.0,3.0,21.0,2.0,3.0,872.0,0.385,0.6127,12.0,0.634,0.601449275,0.643122677,27000.0,12000.0,19000.0,19500.0,55376.0,16600.0,41613.0,75979.0,75000.0,45635.0,10700.0,33048.0,61145.0,51000.0,0.6075,Franklin College,Franklin,0.7102,0.6125
37760.0,37760.0,18.0,3.0,13.0,2.0,3.0,761.0,0.3738,0.5216,9.0,0.6047,0.537735849,0.583333333,22974.0,13625.0,12791.0,15500.0,51943.0,8000.0,34174.0,78266.0,72200.0,43218.0,8100.0,29607.0,64258.0,55500.0,0.4837,Goshen College,Goshen,0.7818,0.6591
30034.0,30034.0,18.0,3.0,32.0,2.0,3.0,1511.0,0.2873,0.5132,23.0,0.6991,0.670353982,0.647058824,19500.0,16750.0,16000.0,16750.0,45411.0,6400.0,30731.0,64018.0,68200.0,41463.0,8000.0,27768.0,55711.0,48700.0,0.6782,Grace College and Theological Seminary,Winona Lake,0.8038,0.7208
42894.0,42894.0,18.0,3.0,32.0,2.0,3.0,958.0,0.26,0.5347,11.0,0.6356,0.565737052,0.690839695,25250.0,16767.0,19072.0,20500.0,53957.0,16500.0,39840.0,72874.0,78000.0,42876.0,11500.0,28816.0,57266.0,55100.0,0.5918,Hanover College,Hanover,0.8321,0.6414
35500.0,35500.0,18.0,3.0,21.0,2.0,3.0,533.0,0.2897,0.6799,12.0,0.2947,0.440789474,0.5,24000.0,11317.0,19750.0,5500.0,50416.0,10700.0,29455.0,72234.0,85000.0,41335.0,10800.0,27545.0,59606.0,54400.0,0.2368,Holy Cross College,Notre Dame,0.7928,0.382
29982.0,29982.0,18.0,3.0,32.0,2.0,3.0,1016.0,0.2937,0.7714,10.0,0.682,0.553648069,0.621848739,25576.0,16485.0,19410.0,18250.0,46672.0,9400.0,30290.0,68756.0,65800.0,40702.0,9900.0,27134.0,52526.0,50000.0,0.6129,Huntington University,Huntington,0.7698,0.6908
9254.0,22220.0,18.0,3.0,11.0,1.0,3.0,5450.0,0.2305,0.2344,13.0,0.3247,0.321851453,0.386452242,21500.0,10500.0,10547.0,10918.0,45872.0,9200.0,28749.0,65825.0,70200.0,42873.0,8000.0,28226.0,59748.0,54600.0,0.215,Purdue University Fort Wayne,Fort Wayne,0.6425,0.3879
10449.0,33717.0,18.0,3.0,11.0,1.0,3.0,16582.0,0.3627,0.3528,14.0,0.5387,0.437872171,0.458616484,20000.0,13770.0,13500.0,13000.0,55198.0,9600.0,36193.0,78569.0,77500.0,47173.0,9900.0,31086.0,65965.0,67600.0,0.3868,Indiana University-Indianapolis,Indianapolis,0.7248,0.587
36136.0,36136.0,18.0,3.0,11.0,2.0,3.0,3147.0,0.3596,0.4735,12.0,0.5581,0.529636711,0.514780836,26864.0,15582.0,16909.0,19690.0,53610.0,13200.0,35018.0,75851.0,75400.0,46452.0,10400.0,30622.0,62795.0,61900.0,0.45,University of Indianapolis,Indianapolis,0.6816,0.6381
30446.0,30446.0,18.0,3.0,11.0,2.0,3.0,1361.0,0.3383,0.7698,16.0,0.3139,0.099727706,0.127740304,26391.0,13392.0,13521.0,9830.0,47327.0,9600.0,28223.0,70604.0,82000.0,29717.0,9700.0,13190.0,49550.0,69300.0,0.2132,Indiana Institute of Technology,Fort Wayne,0.6583,0.4062
10136.0,22573.0,18.0,3.0,22.0,1.0,3.0,5344.0,0.2228,0.2877,14.0,0.5195,0.416943522,0.454301075,20105.0,12500.0,12891.0,14000.0,47605.0,10500.0,32217.0,68038.0,66200.0,42323.0,8700.0,29465.0,57689.0,53000.0,0.3784,University of Southern Indiana,Evansville,0.6948,0.513
9992.0,21734.0,18.0,3.0,13.0,1.0,3.0,6620.0,0.3905,0.5118,17.0,0.4107,0.383964923,0.416472933,24000.0,13000.0,14250.0,16066.0,48387.0,9800.0,32998.0,69512.0,67400.0,41047.0,9200.0,26750.0,56526.0,56100.0,0.3021,Indiana State University,Terre Haute,0.6864,0.4247
8179.0,22043.0,18.0,3.0,13.0,1.0,3.0,2308.0,0.3469,0.3331,14.0,0.4475,0.37236534,0.426787741,16961.0,9286.0,9507.0,11000.0,49917.0,7800.0,31897.0,71848.0,65000.0,42134.0,10300.0,27711.0,61393.0,59900.0,0.3124,Indiana University-Kokomo,Kokomo,0.6688,0.4552
8179.0,22043.0,18.0,3.0,12.0,1.0,3.0,3807.0,0.4117,0.365,14.0,0.3574,0.275779376,0.356174161,21355.0,11703.0,12212.0,12000.0,44947.0,8000.0,28497.0,64093.0,61300.0,41388.0,7500.0,27279.0,56033.0,51300.0,0.2014,Indiana University-South Bend,South Bend,0.6682,0.4198
11790.0,40482.0,18.0,3.0,13.0,1.0,3.0,36571.0,0.1669,0.2748,18.0,0.8117,0.653023824,0.654597819,19509.0,12000.0,14000.0,18438.0,63742.0,14000.0,41928.0,95667.0,94200.0,53417.0,11000.0,35256.0,77398.0,66400.0,0.715,Indiana University-Bloomington,Bloomington,0.9055,0.8206
8179.0,22043.0,18.0,3.0,21.0,1.0,3.0,2582.0,0.4255,0.3469,14.0,0.3685,0.301052632,0.309076043,21710.0,12500.0,12856.0,12000.0,43361.0,10400.0,22336.0,65135.0,70400.0,39714.0,5700.0,24113.0,59316.0,61300.0,0.2228,Indiana University-Northwest,Gary,0.6872,0.3986
8179.0,22043.0,18.0,3.0,21.0,1.0,3.0,3088.0,0.3381,0.3189,13.0,0.3341,0.273219814,0.317997294,19684.0,12445.0,10500.0,12000.0,47596.0,7600.0,31303.0,66990.0,64700.0,42290.0,7900.0,28079.0,57844.0,55900.0,0.2602,Indiana University-Southeast,New Albany,0.6979,0.4161
8179.0,22043.0,18.0,3.0,32.0,1.0,3.0,2446.0,0.3378,0.3496,14.0,0.4536,0.454138702,0.442386831,18000.0,12099.0,11881.0,11850.0,47156.0,5800.0,28677.0,68202.0,61200.0,44827.0,5700.0,30117.0,64857.0,52800.0,0.3342,Indiana University-East,Richmond,0.6314,0.4421
37090.0,37090.0,18.0,3.0,32.0,2.0,3.0,895.0,0.4374,0.9172,13.0,0.4484,0.503896104,0.467836257,26854.0,11000.0,12000.0,17750.0,51504.0,12900.0,36585.0,71309.0,67400.0,43024.0,10200.0,30642.0,58650.0,50600.0,0.3703,Manchester University,North Manchester,0.716,0.5385
39100.0,39100.0,18.0,3.0,11.0,2.0,3.0,2336.0,0.2305,0.6141,13.0,0.6095,0.553680982,0.412563667,27000.0,18750.0,20500.0,20330.0,58759.0,11000.0,39146.0,84617.0,73700.0,55704.0,12900.0,38379.0,77814.0,66100.0,0.4349,Marian University,Indianapolis,0.7745,0.6447
31168.0,31168.0,18.0,3.0,32.0,2.0,3.0,1927.0,0.2549,0.7182,12.0,0.6633,0.39982679,0.469792606,24250.0,10044.0,17104.0,17747.0,59986.0,12300.0,38195.0,88091.0,93300.0,51329.0,13900.0,32817.0,77304.0,81200.0,0.5791,Indiana Wesleyan University-Marion,Marion,0.7879,0.7174
62693.0,62693.0,18.0,3.0,21.0,2.0,3.0,8923.0,0.1247,0.2566,9.0,0.9683,0.9462486,0.950146628,19000.0,14260.0,17500.0,19000.0,99980.0,26000.0,67690.0,141307.0,154400.0,86210.0,21400.0,60394.0,108772.0,117500.0,0.9273,University of Notre Dame,Notre Dame,0.9818,0.96
27150.0,27150.0,18.0,3.0,42.0,2.0,3.0,470.0,0.3185,0.3471,12.0,0.7,0.507142857,0.598930481,16758.0,9195.0,13113.0,14000.0,43283.0,6900.0,25495.0,60601.0,72900.0,43190.0,6200.0,25867.0,60601.0,56100.0,0.551,Oakland City University,Oakland City,0.68,0.6711
56674.0,56674.0,18.0,3.0,13.0,2.0,3.0,2224.0,0.1171,0.4094,11.0,0.8169,0.840361446,0.850877193,25000.0,23000.0,24500.0,20500.0,101253.0,31300.0,80529.0,124107.0,116000.0,85935.0,22700.0,70906.0,99806.0,98500.0,0.6786,Rose-Hulman Institute of Technology,Terre Haute,0.9064,0.8729
35420.0,35420.0,18.0,3.0,11.0,2.0,3.0,1599.0,0.427,0.6263,11.0,0.6067,0.530120482,0.554404145,25976.0,16000.0,19000.0,19599.0,55362.0,10900.0,38198.0,77897.0,76600.0,47944.0,11900.0,31033.0,66145.0,57100.0,0.4964,University of Saint Francis-Fort Wayne,Fort Wayne,0.6568,0.5669
33490.0,33490.0,18.0,3.0,41.0,2.0,3.0,896.0,0.5055,0.6687,9.0,0.5227,0.517766497,0.483870968,19512.0,12209.0,14950.0,15250.0,43845.0,7000.0,28158.0,57132.0,54200.0,41863.0,5800.0,27350.0,56528.0,48800.0,0.4809,Saint Mary-of-the-Woods College,Saint Mary of the Woods,0.6734,0.6176
51430.0,51430.0,18.0,3.0,21.0,2.0,3.0,1399.0,0.239,0.5917,8.0,0.7652,0.726351351,0.770897833,27000.0,18000.0,19500.0,25000.0,59354.0,13400.0,42254.0,82518.0,85200.0,53470.0,13100.0,36862.0,74136.0,60500.0,0.7072,Saint Mary's College,Notre Dame,0.8363,0.747
39104.0,39104.0,18.0,3.0,42.0,2.0,3.0,1890.0,0.1312,0.3259,14.0,0.7656,0.665847666,0.671309192,20500.0,12781.0,14983.0,17009.0,52198.0,6200.0,36142.0,72651.0,80800.0,45142.0,8300.0,30250.0,59995.0,56000.0,0.6897,Taylor University,Upland,0.9126,0.7741
35600.0,35600.0,18.0,3.0,32.0,2.0,3.0,2344.0,0.1555,0.4082,18.0,0.6761,0.577419355,0.581395349,25000.0,14250.0,18622.0,19500.0,57165.0,11400.0,38069.0,82880.0,79800.0,53010.0,9400.0,37442.0,73286.0,62700.0,0.5648,Trine University,Angola,0.8536,0.634
46588.0,46588.0,18.0,3.0,23.0,2.0,3.0,2229.0,0.2593,0.5266,11.0,0.6704,0.723910172,0.721794872,26942.0,22500.0,22500.0,21500.0,63191.0,17000.0,42013.0,89612.0,88700.0,55216.0,12200.0,36829.0,76750.0,66300.0,0.5812,Valparaiso University,Valparaiso,0.7877,0.7476
49125.0,49125.0,18.0,3.0,32.0,2.0,3.0,845.0,0.2251,0.5988,9.0,0.7706,0.797814208,0.698412698,27000.0,21500.0,23073.0,26868.0,69952.0,19300.0,43277.0,97893.0,101800.0,52667.0,12700.0,37546.0,72038.0,74400.0,0.7056,Wabash College,Crawfordsville,0.856,0.8383
35534.0,35534.0,19.0,4.0,13.0,2.0,3.0,626.0,0.295,0.5499,12.0,0.4937,0.333333333,0.351265823,23250.0,17250.0,16978.0,13750.0,54475.0,15100.0,37025.0,74880.0,74200.0,48338.0,11200.0,32978.0,65296.0,53700.0,0.3544,Briar Cliff University,Sioux City,0.6034,0.5568
40190.0,40190.0,19.0,4.0,33.0,2.0,3.0,1378.0,0.4254,0.6879,13.0,0.4729,0.564473684,0.497782705,25000.0,15250.0,18723.0,18750.0,49156.0,11200.0,33767.0,64964.0,65900.0,43572.0,10700.0,30128.0,57147.0,56000.0,0.3498,Buena Vista University,Storm Lake,0.7627,0.6323
20988.0,20988.0,19.0,4.0,32.0,2.0,3.0,1062.0,0.2139,0.6553,12.0,0.6916,0.602076125,0.608058608,26984.0,17500.0,23250.0,21500.0,54317.0,11700.0,38298.0,71084.0,77700.0,49115.0,13800.0,33476.0,64470.0,53500.0,0.5888,Central College,Pella,0.7265,0.6646
39600.0,39600.0,19.0,4.0,13.0,2.0,3.0,782.0,0.3592,0.7185,10.0,0.5494,0.519480519,0.595959596,26717.0,16000.0,19500.0,19500.0,55396.0,15200.0,41376.0,75443.0,75300.0,49157.0,13200.0,35108.0,66767.0,63600.0,0.4383,Clarke University,Dubuque,0.6736,0.5449
52576.0,52576.0,19.0,4.0,12.0,2.0,3.0,1246.0,0.3568,0.7255,11.0,0.59,0.596638655,0.640540541,27000.0,19500.0,18875.0,21500.0,57125.0,16600.0,40127.0,80381.0,72700.0,47136.0,14700.0,32796.0,63348.0,59500.0,0.5025,Coe College,Cedar Rapids,0.7652,0.6472
50634.0,50634.0,19.0,4.0,31.0,2.0,3.0,1074.0,0.2896,0.6354,12.0,0.7167,0.613168724,0.683333333,27000.0,14000.0,21750.0,21500.0,53460.0,12300.0,36797.0,75013.0,77200.0,39299.0,9200.0,25099.0,57085.0,49200.0,0.67,Cornell College,Mount Vernon,0.7416,0.6377
35960.0,35960.0,19.0,4.0,33.0,2.0,3.0,1547.0,0.1827,0.4321,14.0,0.6533,0.726666667,0.642642643,21500.0,16313.0,18750.0,17164.0,52559.0,7500.0,36110.0,72670.0,74500.0,50551.0,13300.0,34894.0,66829.0,60100.0,0.6287,Dordt University,Sioux Center,0.8516,0.7607
49944.0,49944.0,19.0,4.0,12.0,2.0,3.0,2669.0,0.2095,0.4709,10.0,0.7731,0.614886731,0.432766615,23000.0,17500.0,19000.0,19500.0,71901.0,20100.0,47785.0,110436.0,130200.0,58233.0,15200.0,41441.0,81129.0,97800.0,0.6753,Drake University,Des Moines,0.8392,0.7765
40065.0,40065.0,19.0,4.0,13.0,2.0,3.0,1473.0,0.4037,0.7022,11.0,0.4105,0.390651085,0.426202322,25750.0,14290.0,18790.0,19250.0,51190.0,10000.0,36142.0,72876.0,65100.0,44960.0,8600.0,30243.0,62642.0,52900.0,0.3171,University of Dubuque,Dubuque,0.7143,0.411
33220.0,33220.0,19.0,4.0,43.0,2.0,3.0,901.0,0.4516,0.7331,14.0,0.3834,0.523178808,0.524654832,21212.0,12500.0,14469.0,15750.0,47361.0,12100.0,31336.0,72886.0,67100.0,40792.0,7000.0,26380.0,60581.0,58100.0,0.3004,Graceland University-Lamoni,Lamoni,0.6436,0.4775
33450.0,33450.0,19.0,4.0,12.0,2.0,3.0,1472.0,0.3811,0.6889,12.0,0.5579,0.560553633,0.6022187,22500.0,15658.0,15000.0,15750.0,52824.0,9500.0,37007.0,72589.0,66000.0,47582.0,12600.0,32816.0,65911.0,55800.0,0.4634,Grand View University,Des Moines,0.7295,0.515
64862.0,64862.0,19.0,4.0,33.0,2.0,3.0,1705.0,0.1688,0.116,9.0,0.8747,0.857740586,0.879518072,17500.0,12052.0,13600.0,15250.0,62830.0,12300.0,38836.0,90289.0,96600.0,49004.0,6100.0,28906.0,78489.0,57900.0,0.7427,Grinnell College,Grinnell,0.931,0.873
10497.0,27683.0,19.0,4.0,13.0,1.0,3.0,25033.0,0.1846,0.4591,18.0,0.7547,0.657633243,0.692644483,22869.0,18500.0,18420.0,19500.0,63386.0,17800.0,43544.0,90188.0,90100.0,53873.0,14800.0,37823.0,73335.0,69100.0,0.5446,Iowa State University,Ames,0.8756,0.7684
10964.0,32927.0,19.0,4.0,13.0,1.0,3.0,21691.0,0.1775,0.4168,15.0,0.7306,0.632129514,0.662007269,22500.0,18000.0,18268.0,18187.0,64762.0,17300.0,44345.0,93325.0,101700.0,52696.0,14600.0,36583.0,71990.0,68600.0,0.5717,University of Iowa,Iowa City,0.893,0.7492
38298.0,38298.0,19.0,4.0,13.0,2.0,3.0,1087.0,0.2527,0.5932,12.0,0.6985,0.632022472,0.606382979,26000.0,13667.0,17750.0,21250.0,58289.0,17400.0,43268.0,82689.0,81900.0,46069.0,15500.0,35211.0,59734.0,55500.0,0.4896,Loras College,Dubuque,0.8287,0.6848
50320.0,50320.0,19.0,4.0,33.0,2.0,3.0,1454.0,0.1925,0.6043,10.0,0.75,0.689804772,0.718940937,27000.0,22000.0,21875.0,22225.0,59850.0,14200.0,42196.0,82716.0,80200.0,49541.0,11300.0,35806.0,64431.0,58700.0,0.6337,Luther College,Decorah,0.7925,0.7255
17328.0,17328.0,19.0,4.0,12.0,2.0,3.0,905.0,0.3388,0.6381,7.0,0.4857,0.613496933,0.503597122,14745.0,12500.0,12500.0,9975.0,62234.0,8700.0,42673.0,82563.0,77300.0,53375.0,16800.0,39691.0,70614.0,63800.0,0.4545,Mercy College of Health Sciences,Des Moines,0.5263,0.5
38190.0,38190.0,19.0,4.0,13.0,2.0,3.0,1166.0,0.3153,0.688,12.0,0.5284,0.533957845,0.574257426,26028.0,11625.0,15000.0,18374.0,55494.0,13300.0,38502.0,76503.0,61600.0,47687.0,13100.0,34082.0,63704.0,54300.0,0.4205,Morningside University,Sioux City,0.6936,0.5418
39070.0,39070.0,19.0,4.0,12.0,2.0,3.0,1135.0,0.2589,0.5696,13.0,0.5588,0.657894737,0.716707022,23699.0,18750.0,17500.0,18750.0,60787.0,17000.0,44476.0,83487.0,75000.0,52871.0,14500.0,38976.0,71039.0,62300.0,0.5168,Mount Mercy University,Cedar Rapids,0.7014,0.5991
9728.0,21272.0,19.0,4.0,13.0,1.0,3.0,7599.0,0.238,0.4381,17.0,0.6894,0.610340479,0.622111464,19691.0,15131.0,16667.0,16721.0,55177.0,17600.0,40595.0,72594.0,74100.0,47222.0,14600.0,35340.0,60839.0,58700.0,0.4518,University of Northern Iowa,Cedar Falls,0.846,0.6982
35300.0,35300.0,19.0,4.0,32.0,2.0,3.0,1125.0,0.2274,0.5418,14.0,0.6357,0.529661017,0.534050179,23249.0,9453.0,15060.0,19875.0,49802.0,10800.0,35860.0,69611.0,65900.0,46731.0,10800.0,33748.0,66115.0,52200.0,0.5714,Northwestern College,Orange City,0.7986,0.7115
35598.0,35598.0,19.0,4.0,12.0,2.0,3.0,2101.0,0.279,0.6667,11.0,0.6285,0.578125,0.585298197,25000.0,22487.0,18750.0,19500.0,59531.0,16400.0,40633.0,80745.0,82000.0,51616.0,12900.0,34400.0,70838.0,67200.0,0.5416,Saint Ambrose University,Davenport,0.8362,0.6443
46212.0,46212.0,19.0,4.0,31.0,2.0,3.0,1130.0,0.3265,0.7045,11.0,0.6566,0.707571802,0.74904943,26000.0,15473.0,17500.0,22738.0,59274.0,17700.0,42841.0,81432.0,79500.0,49946.0,15700.0,38798.0,65694.0,57900.0,0.5253,Simpson College,Indianola,0.76,0.6925
19000.0,19000.0,19.0,4.0,43.0,2.0,3.0,2021.0,0.3252,0.4901,22.0,0.4147,0.424966799,0.318438914,25000.0,19255.0,17500.0,15000.0,52766.0,10500.0,34231.0,73435.0,74800.0,48776.0,10900.0,32413.0,67934.0,64500.0,0.2944,Upper Iowa University,Fayette,0.5936,0.3797
25220.0,25220.0,19.0,4.0,43.0,3.0,3.0,2103.0,0.339,0.3865,22.0,0.2897,0.449799197,0.43125,18752.0,9500.0,12407.0,14025.0,51165.0,13000.0,31771.0,79077.0,66000.0,50515.0,9200.0,32508.0,78650.0,49600.0,0.1357,Waldorf University,Forest City,0.5175,0.3417
51040.0,51040.0,19.0,4.0,32.0,2.0,3.0,1446.0,0.2147,0.6399,13.0,0.6682,0.690322581,0.591280654,27000.0,13564.0,19500.0,21375.0,56201.0,15500.0,41047.0,77239.0,80900.0,48795.0,13400.0,36469.0,65041.0,59400.0,0.5412,Wartburg College,Waverly,0.8029,0.6978
28750.0,28750.0,19.0,4.0,33.0,2.0,3.0,1391.0,0.4558,0.8818,13.0,0.2924,0.365546218,0.28125,22415.0,12500.0,11844.0,12039.0,48936.0,10700.0,29672.0,69661.0,76800.0,40189.0,7800.0,22720.0,56860.0,63300.0,0.2166,William Penn University,Oskaloosa,0.5623,0.3247
33900.0,33900.0,20.0,4.0,42.0,2.0,3.0,1080.0,0.2386,0.4407,12.0,0.5938,0.57719715,0.578021978,25000.0,18445.0,20000.0,16815.0,63855.0,15000.0,42665.0,90310.0,89300.0,54747.0,14100.0,36827.0,76048.0,77600.0,0.4727,Baker University,Baldwin City,0.7424,0.6209
34800.0,34800.0,20.0,4.0,32.0,2.0,3.0,2236.0,0.1621,0.63,15.0,0.6507,0.48960739,0.513647643,24599.0,17136.0,19000.0,18500.0,53175.0,10100.0,34898.0,74536.0,73100.0,45000.0,9200.0,31444.0,65983.0,50800.0,0.5662,Benedictine College,Atchison,0.8044,0.6391
31946.0,31946.0,20.0,4.0,43.0,2.0,3.0,583.0,0.4328,0.6828,12.0,0.2867,0.374501992,0.359375,23250.0,9500.0,9500.0,9500.0,49694.0,10800.0,32608.0,65722.0,77900.0,40805.0,8500.0,25974.0,53882.0,52000.0,0.2401,Bethany College,Lindsborg,0.4903,0.323
34002.0,34002.0,20.0,4.0,32.0,2.0,3.0,499.0,0.3879,0.7071,11.0,0.4309,0.43814433,0.439153439,24000.0,12000.0,12000.0,12803.0,49898.0,12700.0,33144.0,70949.0,62200.0,40808.0,11600.0,26352.0,54722.0,58200.0,0.2764,Bethel College-North Newton,North Newton,0.6036,0.4729
21000.0,21000.0,20.0,4.0,33.0,2.0,3.0,394.0,0.4311,0.6007,11.0,0.2303,0.28009828,0.32304038,27000.0,14750.0,16328.0,15874.0,44468.0,6000.0,25841.0,67221.0,61600.0,37685.0,7300.0,19599.0,57080.0,45800.0,0.2222,Central Christian College of Kansas,McPherson,0.5946,0.1875
7356.0,15669.0,20.0,4.0,33.0,1.0,3.0,2328.0,0.3401,0.6062,17.0,0.543,0.480662983,0.466399198,19500.0,14202.0,13375.0,14257.0,47601.0,10100.0,32486.0,63000.0,64500.0,41389.0,8800.0,27221.0,53647.0,52100.0,0.3858,Emporia State University,Emporia,0.6742,0.5144
5633.0,16811.0,20.0,4.0,33.0,1.0,3.0,9792.0,0.2227,0.27,14.0,0.4785,0.36178682,0.371175166,21000.0,14250.0,14250.0,14000.0,48928.0,11600.0,32233.0,68294.0,69000.0,44428.0,9100.0,30111.0,61387.0,59100.0,0.3273,Fort Hays State University,Hays,0.7684,0.5174
32748.0,32748.0,20.0,4.0,11.0,2.0,3.0,1015.0,0.3365,0.5,14.0,0.6149,0.411764706,0.431654676,25000.0,16750.0,18375.0,16000.0,52113.0,12300.0,34181.0,78208.0,85900.0,42960.0,10600.0,24299.0,58811.0,68700.0,0.523,Friends University,Wichita,0.6962,0.4146
11700.0,29412.0,20.0,4.0,13.0,1.0,3.0,19857.0,0.1953,0.3736,17.0,0.6879,0.453403447,0.562604341,21000.0,15017.0,15500.0,15750.0,61945.0,13700.0,40390.0,88093.0,91600.0,51217.0,11200.0,33429.0,70455.0,69200.0,0.5366,University of Kansas,Lawrence,0.8513,0.673
35500.0,35500.0,20.0,4.0,11.0,2.0,3.0,857.0,0.124,0.18,13.0,0.5377,0.596091205,0.539589443,20801.0,17365.0,15625.0,14039.0,55041.0,9300.0,36017.0,73763.0,76100.0,47051.0,12700.0,32005.0,62689.0,58300.0,0.3816,Newman University,Wichita,0.7073,0.6139
10942.0,27816.0,20.0,4.0,13.0,1.0,3.0,14835.0,0.1934,0.3664,18.0,0.7047,0.546298984,0.585549288,21250.0,17500.0,17086.0,17300.0,57262.0,13200.0,38852.0,82952.0,85600.0,49330.0,11400.0,33965.0,67907.0,65100.0,0.4688,Kansas State University,Manhattan,0.8716,0.6969
33470.0,33470.0,20.0,4.0,33.0,2.0,3.0,894.0,0.4083,0.7358,13.0,0.3846,0.428030303,0.421052632,23250.0,14375.0,16557.0,15000.0,51152.0,9900.0,34126.0,77736.0,63200.0,44811.0,9300.0,28890.0,61383.0,55000.0,0.3352,Kansas Wesleyan University,Salina,0.5983,0.3924
18424.0,18424.0,20.0,4.0,13.0,2.0,3.0,132.0,0.4483,0.6345,12.0,0.5479,0.433962264,0.346153846,24250.0,20000.0,12066.0,12000.0,48860.0,4400.0,31461.0,62911.0,73100.0,40023.0,9000.0,22602.0,50975.0,55300.0,0.3443,Manhattan Christian College,Manhattan,0.6786,0.3582
35162.0,35162.0,20.0,4.0,33.0,2.0,3.0,786.0,0.3362,0.6356,13.0,0.52,0.443965517,0.43153527,25242.0,13375.0,14521.0,14000.0,52084.0,7300.0,34701.0,71211.0,67500.0,41446.0,8200.0,24859.0,58012.0,54000.0,0.435,McPherson College,McPherson,0.6466,0.5365
36120.0,36120.0,20.0,4.0,21.0,2.0,3.0,977.0,0.2847,0.5306,10.0,0.4615,0.490566038,0.539772727,15000.0,12500.0,13620.0,12883.0,62972.0,10100.0,38927.0,90384.0,85600.0,57433.0,10400.0,36152.0,84722.0,66800.0,0.371,MidAmerica Nazarene University,Olathe,0.6137,0.4486
35300.0,35300.0,20.0,4.0,32.0,2.0,3.0,935.0,0.3529,0.8535,15.0,0.2872,0.406649616,0.27471384,21500.0,12975.0,13726.0,12000.0,55552.0,11200.0,35894.0,79726.0,78100.0,49139.0,11000.0,31477.0,69164.0,68900.0,0.2308,Ottawa University-Ottawa,Ottawa,0.5761,0.3355
8008.0,19692.0,20.0,4.0,32.0,1.0,3.0,4162.0,0.3226,0.4451,15.0,0.5758,0.349581112,0.453114754,18969.0,13000.0,14000.0,14442.0,50579.0,12800.0,34185.0,71917.0,74800.0,43793.0,10400.0,28898.0,59426.0,61100.0,0.3358,Pittsburg State University,Pittsburg,0.7784,0.5208
33890.0,33890.0,20.0,4.0,31.0,2.0,3.0,889.0,0.3688,0.7353,12.0,0.4406,0.471014493,0.486055777,22018.0,14250.0,14000.0,15000.0,59483.0,15300.0,38980.0,85139.0,71200.0,54827.0,6800.0,32685.0,79014.0,53400.0,0.3566,University of Saint Mary,Leavenworth,0.6429,0.4741
38480.0,38480.0,20.0,4.0,32.0,2.0,3.0,1026.0,0.3946,0.4892,11.0,0.3351,0.442408377,0.491442543,25000.0,12218.0,13560.0,12000.0,55646.0,14500.0,38550.0,81142.0,88100.0,48034.0,11700.0,31668.0,68444.0,73200.0,0.2979,Southwestern College,Winfield,0.5306,0.4045
32200.0,32200.0,20.0,4.0,43.0,2.0,3.0,569.0,0.3167,0.4971,9.0,0.2903,0.34375,0.48046875,24625.0,11500.0,12000.0,12650.0,45846.0,4800.0,29191.0,64510.0,63200.0,40722.0,5000.0,23887.0,54779.0,46400.0,0.1889,Sterling College,Sterling,0.5894,0.4296
35050.0,35050.0,20.0,4.0,43.0,2.0,3.0,530.0,0.3783,0.5744,15.0,0.3289,0.150627615,0.331950207,23887.0,12000.0,15000.0,15000.0,54058.0,9500.0,33453.0,76326.0,72700.0,42896.0,10600.0,28089.0,62563.0,60300.0,0.3221,Tabor College,Hillsboro,0.6556,0.4733
9578.0,20582.0,20.0,4.0,12.0,1.0,3.0,4093.0,0.3052,0.3467,13.0,0.5263,0.462780899,0.470472441,18127.0,12500.0,12500.0,13000.0,49774.0,10300.0,32138.0,69324.0,70200.0,42881.0,10500.0,27945.0,59847.0,59600.0,0.2541,Washburn University,Topeka,0.6924,0.4617
9322.0,19240.0,20.0,4.0,11.0,1.0,3.0,10493.0,0.2973,0.3488,20.0,0.5143,0.43140429,0.4678935,20500.0,15303.0,14304.0,14000.0,51532.0,9700.0,33001.0,72524.0,78100.0,44043.0,9000.0,29322.0,61818.0,63300.0,0.3111,Wichita State University,Wichita,0.6759,0.5111
6438.0,6438.0,15.0,8.0,31.0,2.0,3.0,2812.0,0.2969,0.2095,16.0,0.5439,0.151898734,0.375,9413.0,4500.0,6250.0,5500.0,52064.0,4600.0,25782.0,82636.0,87300.0,39316.0,3800.0,17760.0,62869.0,63700.0,0.2741,Brigham Young University-Hawaii,Laie,0.6701,0.5102
6110.0,11414.0,66.0,9.0,22.0,1.0,3.0,2573.0,0.311,0.1203,14.0,0.4211,0.068627451,0.072273325,16786.0,10500.0,13600.0,14286.0,35946.0,10000.0,20340.0,50179.0,57700.0,28270.0,4800.0,13771.0,40646.0,41200.0,0.1507,University of Guam,Mangilao,0.7563,0.4714
9992.0,28794.0,18.0,3.0,13.0,1.0,3.0,39637.0,0.1298,0.2321,14.0,0.831,0.711170342,0.772974372,19500.0,12000.0,13125.0,16750.0,72424.0,17700.0,47140.0,103038.0,103200.0,60838.0,13900.0,40713.0,85209.0,76100.0,0.6436,Purdue University-Main Campus,West Lafayette,0.9203,0.8389
15580.0,15580.0,12.0,5.0,13.0,2.0,3.0,171.0,0.2465,0.3662,8.0,0.2239,0.227731864,0.280201342,27675.0,17500.0,17505.0,18749.0,37052.0,8400.0,19688.0,55729.0,78900.0,32533.0,6400.0,17498.0,48784.0,64000.0,0.0317,Hodges University,Fort Myers,1.0,0.1739
20768.0,20768.0,12.0,5.0,13.0,2.0,3.0,2369.0,0.5147,0.6073,17.0,0.5775,0.375,0.411899314,38996.0,14750.0,21961.0,25000.0,47597.0,7900.0,23905.0,81263.0,99400.0,38557.0,6300.0,18765.0,73696.0,78100.0,0.4494,Everglades University,Boca Raton,0.775,0.6427
16088.0,16088.0,12.0,5.0,21.0,3.0,3.0,2354.0,0.8362,0.6843,16.0,0.2811,0.433001755,0.415982076,27554.0,16512.0,16435.0,14680.0,33928.0,4900.0,16196.0,53955.0,49200.0,29347.0,5100.0,14963.0,49905.0,45000.0,0.274,Florida National University-Main Campus,Hialeah,0.6195,0.486
9576.0,9576.0,18.0,3.0,32.0,2.0,3.0,273.0,0.1298,0.1766,8.0,1.0,0.577419355,0.581395349,25000.0,14250.0,18622.0,19500.0,57165.0,11400.0,38069.0,82880.0,79800.0,53010.0,9400.0,37442.0,73286.0,62700.0,0.0,Trine University-Regional/Non-Traditional Campuses,Angola,1.0,0.0
11665.0,11665.0,12.0,5.0,13.0,2.0,3.0,8786.0,0.2506,0.105,22.0,0.2156,0.372737887,0.46662367,23666.0,15000.0,13000.0,14750.0,84131.0,22400.0,55392.0,112155.0,115500.0,65391.0,13300.0,45209.0,88729.0,87800.0,0.1363,Embry-Riddle Aeronautical University-Worldwide,Daytona Beach,0.6667,0.2177
6118.0,25162.0,12.0,5.0,21.0,1.0,3.0,13809.0,0.2857,0.2623,21.0,0.5602,0.467403736,0.47826087,17622.0,11025.0,11000.0,12050.0,54560.0,13500.0,36485.0,77458.0,75600.0,45029.0,12400.0,29485.0,60667.0,60800.0,0.4191,Florida Gulf Coast University,Fort Myers,0.8303,0.5755
13920.0,13920.0,12.0,5.0,21.0,3.0,3.0,1314.0,0.7009,0.1082,39.0,0.0,0.133444207,0.154570325,40621.0,12667.0,20636.0,22364.0,40092.0,11500.0,20698.0,62129.0,106500.0,36582.0,9600.0,18625.0,56532.0,83200.0,0.0,Strayer University-Florida,Tampa,0.75,0.1429
18238.0,18238.0,12.0,5.0,11.0,3.0,3.0,390.0,0.4774,0.5772,14.0,0.0455,0.222162162,0.178076996,26123.0,12643.0,15278.0,14700.0,34421.0,7100.0,17463.0,53014.0,67200.0,34115.0,7600.0,17590.0,54613.0,74600.0,0.0833,South University-Tampa,Tampa,0.1111,0.3
20604.0,20604.0,17.0,3.0,21.0,3.0,3.0,12188.0,0.2994,0.5584,20.0,0.5,0.49228169,0.503994394,20919.0,16577.0,15795.0,17250.0,92405.0,13200.0,66826.0,120947.0,94100.0,84533.0,27800.0,62630.0,108596.0,98800.0,0.5,Chamberlain University-Illinois,Addison,0.7692,0.7333
14262.0,14262.0,12.0,5.0,21.0,2.0,3.0,102.0,0.5913,0.687,5.0,0.0833,0.049222798,0.114325069,22564.0,12542.0,12666.0,15500.0,47540.0,4600.0,25266.0,69091.0,61600.0,37753.0,3500.0,16176.0,59481.0,50500.0,0.0,Polytechnic University of Puerto Rico-Orlando,Orlando,0.2,0.5
19686.0,19686.0,12.0,5.0,11.0,3.0,3.0,839.0,0.5327,0.8094,9.0,0.3333,0.49228169,0.503994394,20919.0,16577.0,15795.0,17250.0,92405.0,13200.0,66826.0,120947.0,94100.0,84533.0,27800.0,62630.0,108596.0,98800.0,0.3333,Chamberlain University-Florida,Jacksonville,1.0,0.0
13920.0,13920.0,13.0,5.0,21.0,3.0,3.0,4878.0,0.7837,0.1551,39.0,0.2308,0.133444207,0.154570325,40621.0,12667.0,20636.0,22364.0,40092.0,11500.0,20698.0,62129.0,106500.0,36582.0,9600.0,18625.0,56532.0,83200.0,0.25,Strayer University-Georgia,Chamblee,0.5,0.0909
16546.0,16546.0,13.0,5.0,12.0,3.0,3.0,6492.0,0.7625,0.6804,31.0,0.0506,0.222162162,0.178076996,26123.0,12643.0,15278.0,14700.0,34421.0,7100.0,17463.0,53014.0,67200.0,34115.0,7600.0,17590.0,54613.0,74600.0,0.0303,South University-Savannah Online,Savannah,0.2378,0.0425
19686.0,19686.0,18.0,3.0,11.0,3.0,3.0,177.0,0.4851,0.7376,14.0,1.0,0.49228169,0.503994394,20919.0,16577.0,15795.0,17250.0,92405.0,13200.0,66826.0,120947.0,94100.0,84533.0,27800.0,62630.0,108596.0,98800.0,1.0,Chamberlain University-Indiana,Indianapolis,0.5,0.0
8122.0,23500.0,13.0,5.0,12.0,1.0,3.0,5282.0,0.3838,0.3847,16.0,0.4865,0.479966611,0.488607595,20500.0,14461.0,12000.0,13000.0,48472.0,24000.0,29866.0,72758.0,129400.0,45037.0,21700.0,27493.0,65598.0,90500.0,0.2698,Augusta University,Augusta,0.7347,0.5225
4432.0,14032.0,13.0,5.0,12.0,1.0,3.0,6655.0,0.4092,0.3441,18.0,0.256,0.191985089,0.236878774,19000.0,9500.0,9728.0,9375.0,40863.0,8800.0,24759.0,61811.0,63500.0,39624.0,6000.0,22625.0,60004.0,51300.0,0.1081,Middle Georgia State University,Macon,0.6085,0.2857
17488.0,17488.0,13.0,5.0,21.0,3.0,3.0,472.0,0.611,0.7387,11.0,0.3636,0.218566206,0.195822076,24807.0,11756.0,14317.0,14750.0,45987.0,11500.0,25449.0,71271.0,91000.0,42178.0,7700.0,23114.0,63768.0,73100.0,0.2222,DeVry University-Georgia,Decatur,1.0,0.1071
5009.0,15441.0,13.0,5.0,32.0,1.0,3.0,15542.0,0.2769,0.2088,18.0,0.3685,0.292688851,0.368222282,17750.0,10000.0,9891.0,9124.0,50135.0,12400.0,31299.0,72196.0,76500.0,43085.0,9800.0,26228.0,60404.0,61500.0,0.3469,University of North Georgia,Dahlonega,0.7272,0.4799
3876.0,16579.0,12.0,5.0,12.0,1.0,3.0,4577.0,0.2039,0.1281,51.0,0.7766,0.741971004,0.834045861,15000.0,13000.0,13397.0,15000.0,71588.0,15900.0,47083.0,106122.0,109000.0,56398.0,10800.0,35867.0,81093.0,81200.0,0.2222,University of Florida-Online,Gainesville,0.935,0.4706
5786.0,17040.0,13.0,5.0,21.0,1.0,3.0,39503.0,0.3538,0.3507,23.0,0.4806,0.379488613,0.472046955,23833.0,15750.0,14009.0,13000.0,57552.0,9000.0,36258.0,86280.0,80700.0,47863.0,9500.0,29030.0,70813.0,60500.0,0.2112,Kennesaw State University,Kennesaw,0.7874,0.5267
8419.0,15620.0,18.0,3.0,21.0,1.0,3.0,5786.0,0.277,0.2707,17.0,0.4402,0.328305235,0.400513479,21229.0,13767.0,12765.0,13000.0,48318.0,8900.0,27192.0,75170.0,78500.0,48439.0,6100.0,29480.0,74539.0,63500.0,0.2794,Purdue University Northwest,Hammond,0.6769,0.4232
14080.0,14080.0,21.0,5.0,43.0,2.0,3.0,528.0,0.5565,0.4846,14.0,0.2636,0.337078652,0.447619048,19599.0,7150.0,8750.0,8500.0,40573.0,7200.0,26009.0,56879.0,76400.0,35174.0,5600.0,22027.0,48156.0,47000.0,0.1773,Alice Lloyd College,Pippa Passes,0.5824,0.3022
33640.0,33640.0,21.0,5.0,31.0,2.0,3.0,1369.0,0.2631,0.4284,12.0,0.65,0.552777778,0.597938144,24028.0,16250.0,19500.0,16750.0,42368.0,6100.0,26611.0,60619.0,64900.0,35563.0,10000.0,24207.0,48016.0,48700.0,0.5656,Asbury University,Wilmore,0.8427,0.6527
47180.0,47180.0,21.0,5.0,11.0,2.0,3.0,2286.0,0.2501,0.5237,13.0,0.6775,0.633126935,0.675425039,25000.0,21500.0,19500.0,19500.0,62069.0,16500.0,42145.0,86137.0,84000.0,49819.0,13100.0,34655.0,68129.0,65300.0,0.592,Bellarmine University,Louisville,0.7509,0.6577
30450.0,30450.0,21.0,5.0,13.0,2.0,3.0,538.0,0.4283,0.5681,8.0,0.4597,0.41503268,0.337579618,29430.0,25000.0,20574.0,13699.0,45500.0,12200.0,30932.0,61499.0,65700.0,39897.0,10700.0,24752.0,56651.0,58500.0,0.3619,Brescia University,Owensboro,0.5684,0.4818
26990.0,26990.0,21.0,5.0,32.0,2.0,3.0,2641.0,0.2154,0.2068,21.0,0.4713,0.324,0.341991342,17156.0,8330.0,11005.0,11500.0,41583.0,9300.0,25458.0,58771.0,60800.0,34639.0,5300.0,20847.0,50304.0,45700.0,0.4024,Campbellsville University,Campbellsville,0.5979,0.427
50550.0,50550.0,21.0,5.0,32.0,2.0,3.0,1346.0,0.2122,0.4473,10.0,0.8529,0.820895522,0.796954315,27000.0,22059.0,24781.0,25991.0,66240.0,18000.0,45965.0,98933.0,94000.0,50073.0,8300.0,34022.0,74184.0,57000.0,0.808,Centre College,Danville,0.875,0.8663
9875.0,9875.0,21.0,5.0,33.0,2.0,3.0,5468.0,0.4848,0.6916,19.0,0.4624,0.423963134,0.450832073,14911.0,7773.0,9112.0,9500.0,45036.0,8000.0,28579.0,63134.0,64200.0,39046.0,5900.0,26191.0,54928.0,48800.0,0.3017,University of the Cumberlands,Williamsburg,0.8113,0.4827
10130.0,20820.0,21.0,5.0,32.0,1.0,3.0,11674.0,0.3861,0.4277,15.0,0.4974,0.380371661,0.4077983,22500.0,14257.0,15000.0,15000.0,45795.0,8200.0,29173.0,66400.0,64500.0,38611.0,7000.0,24692.0,54649.0,54900.0,0.3971,Eastern Kentucky University,Richmond,0.7962,0.5328
42010.0,42010.0,21.0,5.0,31.0,2.0,3.0,1180.0,0.3439,0.528,15.0,0.4754,0.442906574,0.396,25200.0,11867.0,13500.0,14808.0,52074.0,14400.0,35634.0,77834.0,79900.0,40393.0,10600.0,27188.0,53451.0,55100.0,0.423,Georgetown College,Georgetown,0.677,0.5674
9214.0,13260.0,21.0,5.0,32.0,1.0,3.0,1317.0,0.5652,0.5503,14.0,0.2714,0.344512195,0.266666667,25938.0,12344.0,12000.0,10997.0,36382.0,4100.0,18939.0,51649.0,55200.0,29640.0,5000.0,14725.0,44660.0,46400.0,0.1525,Kentucky State University,Frankfort,0.6079,0.3824
33393.0,33393.0,21.0,5.0,13.0,2.0,3.0,794.0,0.4157,0.5166,13.0,0.526,0.486607143,0.433179724,23250.0,9500.0,9126.0,13964.0,46747.0,12000.0,32704.0,66119.0,72900.0,35895.0,10400.0,22835.0,51773.0,52500.0,0.3904,Kentucky Wesleyan College,Owensboro,0.6486,0.4641
13212.0,33406.0,21.0,5.0,11.0,1.0,3.0,23189.0,0.215,0.348,17.0,0.6993,0.578692494,0.604759441,22500.0,17007.0,17471.0,15946.0,59025.0,12600.0,38233.0,86281.0,86400.0,47266.0,10100.0,31747.0,67887.0,68500.0,0.5387,University of Kentucky,Lexington,0.8667,0.689
25000.0,25000.0,21.0,5.0,32.0,2.0,3.0,438.0,0.3704,0.5926,12.0,0.3377,0.36,0.391304348,22250.0,6250.0,8171.0,9500.0,42375.0,6300.0,28315.0,63027.0,57300.0,39921.0,6200.0,25453.0,57916.0,51500.0,0.2922,Kentucky Christian University,Grayson,0.4528,0.3645
27274.0,27274.0,21.0,5.0,33.0,2.0,3.0,1649.0,0.4988,0.5023,17.0,0.3808,0.414364641,0.406666667,16784.0,11250.0,11147.0,12250.0,41129.0,7600.0,24160.0,55997.0,53900.0,34861.0,4700.0,21367.0,48803.0,40000.0,0.2902,Lindsey Wilson College,Columbia,0.6275,0.4043
12828.0,29174.0,21.0,5.0,11.0,1.0,3.0,14187.0,0.288,0.2852,14.0,0.6068,0.484497445,0.520493066,20500.0,13840.0,13000.0,14000.0,53899.0,10200.0,36512.0,79132.0,76600.0,46571.0,9900.0,31221.0,66759.0,60100.0,0.4346,University of Louisville,Louisville,0.8058,0.6394
26080.0,26080.0,21.0,5.0,42.0,2.0,3.0,1250.0,0.4613,0.6234,15.0,0.4638,0.344947735,0.432176656,21301.0,14318.0,12000.0,11000.0,44246.0,10300.0,29241.0,65285.0,66400.0,40738.0,6900.0,25551.0,58769.0,56200.0,0.4553,Midway University,Midway,0.6883,0.587
9838.0,14706.0,21.0,5.0,33.0,1.0,3.0,4689.0,0.2873,0.3428,14.0,0.4769,0.415485278,0.439795444,22250.0,14250.0,15250.0,14957.0,43197.0,6700.0,27519.0,63693.0,62900.0,37131.0,5700.0,23244.0,53966.0,48800.0,0.3726,Morehead State University,Morehead,0.6948,0.4614
9708.0,19452.0,21.0,5.0,32.0,1.0,3.0,6646.0,0.3135,0.3663,16.0,0.5953,0.50994152,0.50993022,20500.0,14708.0,14250.0,15000.0,44737.0,9100.0,30046.0,66231.0,71900.0,38473.0,9100.0,25424.0,54776.0,56200.0,0.4807,Murray State University,Murray,0.7614,0.5755
10896.0,21480.0,21.0,5.0,21.0,1.0,3.0,8065.0,0.2355,0.3091,18.0,0.4828,0.422187982,0.456153013,23000.0,16012.0,15000.0,15000.0,50220.0,8800.0,34271.0,71430.0,67600.0,42105.0,7900.0,27459.0,59099.0,53800.0,0.3455,Northern Kentucky University,Highland Heights,0.7782,0.5172
24150.0,24150.0,21.0,5.0,33.0,2.0,3.0,1140.0,0.397,0.6673,14.0,0.3907,0.331753555,0.333333333,20679.0,13000.0,13000.0,11000.0,48231.0,8300.0,32010.0,70429.0,65800.0,34508.0,5300.0,19052.0,52071.0,57600.0,0.2882,University of Pikeville,Pikeville,0.645,0.3321
27850.0,27850.0,21.0,5.0,11.0,2.0,3.0,597.0,0.3559,0.5737,11.0,0.5732,0.436746988,0.452777778,25250.0,23000.0,19874.0,19500.0,49438.0,12300.0,32269.0,75339.0,75800.0,42870.0,9000.0,28030.0,64218.0,70100.0,0.4573,Spalding University,Louisville,0.697,0.4302
38400.0,38400.0,21.0,5.0,21.0,2.0,3.0,1305.0,0.2247,0.597,14.0,0.4011,0.436548223,0.446096654,26236.0,12283.0,13090.0,17500.0,59384.0,12500.0,40106.0,82627.0,97100.0,47148.0,16100.0,31774.0,66116.0,78100.0,0.2923,Thomas More University,Crestview Hills,0.6702,0.5188
44980.0,44980.0,21.0,5.0,11.0,2.0,3.0,1014.0,0.2405,0.4995,10.0,0.6975,0.714912281,0.691176471,27000.0,19500.0,20905.0,20435.0,54705.0,11300.0,35279.0,82391.0,79200.0,40447.0,8900.0,26946.0,54685.0,47900.0,0.6477,Transylvania University,Lexington,0.8345,0.7338
30946.0,30946.0,21.0,5.0,33.0,2.0,3.0,736.0,0.5062,0.6483,14.0,0.3603,0.359550562,0.326797386,24250.0,14250.0,13250.0,15000.0,42002.0,6000.0,27509.0,59113.0,55200.0,36529.0,4400.0,22748.0,52098.0,45400.0,0.2389,Union College,Barbourville,0.575,0.3756
11436.0,27000.0,21.0,5.0,13.0,1.0,3.0,12267.0,0.2871,0.3625,18.0,0.5367,0.41202346,0.434199008,22095.0,14250.0,14750.0,15000.0,43889.0,8300.0,27981.0,62583.0,66800.0,38156.0,7300.0,23151.0,54350.0,52200.0,0.4236,Western Kentucky University,Bowling Green,0.7797,0.608
40000.0,40000.0,22.0,5.0,12.0,2.0,3.0,615.0,0.3891,0.6748,9.0,0.593,0.482014388,0.487394958,27000.0,11000.0,15250.0,16625.0,50330.0,9600.0,32109.0,69045.0,87000.0,42821.0,8100.0,26609.0,58065.0,60100.0,0.4767,Centenary College of Louisiana,Shreveport,0.7514,0.586
22194.0,22194.0,22.0,5.0,11.0,2.0,3.0,1111.0,0.6781,0.9297,11.0,0.451,0.460176991,0.427672956,31000.0,22443.0,24000.0,21728.0,39196.0,8300.0,19843.0,60794.0,69300.0,28507.0,6700.0,13180.0,44588.0,50400.0,0.3472,Dillard University,New Orleans,0.696,0.5405
7683.0,16706.0,22.0,5.0,32.0,1.0,3.0,4144.0,0.7217,0.7709,25.0,0.3234,0.23880597,0.361261261,36500.0,25750.0,20000.0,17625.0,41109.0,6300.0,21673.0,59505.0,62200.0,25589.0,5000.0,13462.0,40134.0,48600.0,0.0894,Grambling State University,Grambling,0.7619,0.3241
7050.0,14650.0,22.0,5.0,41.0,1.0,3.0,4414.0,0.3563,0.3856,14.0,0.3552,0.296448087,0.333873582,19000.0,9840.0,11781.0,10357.0,42205.0,6500.0,25873.0,59050.0,64400.0,37284.0,7400.0,23195.0,54884.0,57200.0,0.3315,Louisiana State University-Alexandria,Alexandria,0.6783,0.2834
11954.0,28631.0,22.0,5.0,12.0,1.0,3.0,29207.0,0.2565,0.2956,20.0,0.7096,0.567090579,0.62585593,20500.0,12250.0,12981.0,13182.0,61251.0,14400.0,39003.0,90619.0,96600.0,49218.0,10900.0,30742.0,71522.0,72200.0,0.4602,Louisiana State University and Agricultural & Mechanical College,Baton Rouge,0.8401,0.6728
7327.0,20481.0,22.0,5.0,12.0,1.0,3.0,2150.0,0.3781,0.3164,27.0,0.3321,0.310144928,0.349788434,22500.0,16116.0,15142.0,13113.0,47477.0,9400.0,30632.0,67472.0,74100.0,38467.0,7300.0,23108.0,55032.0,63300.0,0.1929,Louisiana State University-Shreveport,Shreveport,0.625,0.4035
19740.0,19740.0,22.0,5.0,23.0,2.0,3.0,750.0,0.4075,0.595,10.0,0.4128,0.310469314,0.360501567,21875.0,9500.0,10973.0,12000.0,51700.0,14000.0,32404.0,71453.0,77600.0,40615.0,9800.0,23961.0,56919.0,67000.0,0.2847,Louisiana Christian University,Pineville,0.6082,0.2732
10125.0,16866.0,22.0,5.0,32.0,1.0,3.0,7819.0,0.205,0.2865,22.0,0.5762,0.412988651,0.553259141,22135.0,14083.0,14850.0,15091.0,52279.0,11700.0,32547.0,79643.0,87400.0,44903.0,9100.0,27395.0,66045.0,69700.0,0.4067,Louisiana Tech University,Ruston,0.8399,0.6025
47240.0,47240.0,22.0,5.0,11.0,2.0,3.0,2999.0,0.3721,0.5375,13.0,0.6742,0.576856649,0.564831261,26000.0,15875.0,19460.0,19500.0,52927.0,12500.0,29186.0,75942.0,85100.0,34092.0,6600.0,16140.0,52874.0,65300.0,0.5905,Loyola University New Orleans,New Orleans,0.7737,0.6303
8460.0,9960.0,22.0,5.0,13.0,1.0,3.0,4846.0,0.3112,0.3091,18.0,0.5201,0.344748858,0.429403202,23000.0,14450.0,13829.0,11000.0,46453.0,9700.0,26345.0,71043.0,83300.0,38713.0,8100.0,22324.0,55842.0,60500.0,0.3357,McNeese State University,Lake Charles,0.7075,0.4341
9172.0,14008.0,22.0,5.0,11.0,1.0,3.0,4479.0,0.4044,0.2819,18.0,0.4251,0.3187841,0.458397535,18750.0,10500.0,12025.0,11000.0,47872.0,9500.0,27393.0,72915.0,77600.0,38410.0,6700.0,20346.0,56534.0,58400.0,0.2458,University of New Orleans,New Orleans,0.7021,0.4177
8173.0,9266.0,22.0,5.0,13.0,1.0,3.0,4772.0,0.3498,0.4306,17.0,0.5429,0.392581144,0.429571984,22675.0,13750.0,12233.0,13319.0,45454.0,9200.0,27918.0,65192.0,74500.0,38829.0,8000.0,22865.0,58055.0,63000.0,0.302,Nicholls State University,Thibodaux,0.7664,0.5049
9190.0,21290.0,22.0,5.0,13.0,1.0,3.0,4891.0,0.3341,0.3474,16.0,0.506,0.443414957,0.465232975,21500.0,14959.0,15250.0,14599.0,46769.0,9000.0,29939.0,68912.0,90500.0,40430.0,7000.0,24291.0,58424.0,69700.0,0.2885,University of Louisiana at Monroe,Monroe,0.7227,0.5509
8864.0,19652.0,22.0,5.0,33.0,1.0,3.0,5840.0,0.3488,0.3668,16.0,0.4463,0.39556962,0.436103152,25000.0,14750.0,15750.0,14000.0,47021.0,8100.0,29131.0,67829.0,72900.0,39485.0,6000.0,22758.0,57623.0,60600.0,0.322,Northwestern State University of Louisiana,Natchitoches,0.7042,0.4583
16160.0,16160.0,22.0,5.0,11.0,2.0,3.0,405.0,0.2842,0.3579,6.0,0.3582,0.243027888,0.408888889,26995.0,20099.0,18750.0,19301.0,49316.0,12400.0,32571.0,72373.0,69800.0,46296.0,11100.0,32073.0,65158.0,63300.0,0.2615,University of Holy Cross,New Orleans,0.6905,0.3976
15690.0,15690.0,22.0,5.0,12.0,2.0,3.0,826.0,0.3575,0.4853,10.0,0.5132,0.31,0.334061135,27672.0,17420.0,17500.0,15000.0,59419.0,11900.0,39310.0,86054.0,79100.0,55851.0,17200.0,36883.0,77551.0,73500.0,0.2632,Franciscan Missionaries of Our Lady University,Baton Rouge,0.6,0.3175
8373.0,20851.0,22.0,5.0,13.0,1.0,3.0,9514.0,0.33,0.3437,20.0,0.448,0.328255903,0.392544694,22113.0,11000.0,11838.0,12000.0,46482.0,8400.0,29383.0,68123.0,70200.0,37124.0,7100.0,22082.0,53386.0,57100.0,0.2546,Southeastern Louisiana University,Hammond,0.7624,0.4088
9940.0,17198.0,22.0,5.0,12.0,1.0,3.0,5323.0,0.6458,0.701,21.0,0.2845,0.258175559,0.362537764,29251.0,15250.0,15000.0,16750.0,43371.0,9400.0,24178.0,63976.0,66900.0,33033.0,6600.0,17611.0,50784.0,54300.0,0.0981,Southern University and A & M College,Baton Rouge,0.6035,0.3526
7490.0,16390.0,22.0,5.0,11.0,1.0,3.0,1095.0,0.4458,0.378,13.0,0.1786,0.304347826,0.358843537,31000.0,20500.0,17248.0,15625.0,34042.0,6000.0,16298.0,51450.0,56200.0,29148.0,6700.0,12943.0,45085.0,43000.0,0.0816,Southern University at New Orleans,New Orleans,0.4839,0.2458
10418.0,24146.0,22.0,5.0,12.0,1.0,3.0,12269.0,0.3877,0.4359,18.0,0.52,0.44784689,0.527232308,22902.0,14000.0,14750.0,15617.0,47089.0,10600.0,29444.0,69312.0,80000.0,42668.0,9200.0,26342.0,65798.0,59700.0,0.2723,University of Louisiana at Lafayette,Lafayette,0.7601,0.5283
65538.0,65538.0,22.0,5.0,11.0,2.0,3.0,7759.0,0.0928,0.2092,8.0,0.8891,0.601300108,0.633502538,20500.0,19937.0,19000.0,19000.0,63268.0,13700.0,35855.0,94584.0,126000.0,50220.0,10100.0,27116.0,74238.0,99500.0,0.8234,Tulane University of Louisiana,New Orleans,0.9441,0.8644
27868.0,27868.0,22.0,5.0,11.0,2.0,3.0,2534.0,0.5171,0.5464,11.0,0.5021,0.392405063,0.472032742,24053.0,14000.0,14750.0,13750.0,52184.0,13300.0,32235.0,91378.0,127300.0,40643.0,8400.0,21581.0,73235.0,119800.0,0.3613,Xavier University of Louisiana,New Orleans,0.7078,0.5036
63478.0,63478.0,23.0,1.0,13.0,2.0,3.0,1753.0,0.1022,0.1503,10.0,0.9059,0.890804598,0.926315789,14275.0,12156.0,15059.0,12000.0,69498.0,17500.0,50952.0,104523.0,114000.0,59202.0,13100.0,40626.0,78068.0,73700.0,0.851,Bates College,Lewiston,0.9402,0.9205
66600.0,66600.0,23.0,1.0,33.0,2.0,3.0,2282.0,0.1318,0.087,9.0,0.9022,0.88209607,0.922155689,19157.0,4525.0,12210.0,19313.0,80490.0,15400.0,58383.0,134924.0,111700.0,60052.0,10600.0,40647.0,88905.0,72300.0,0.8207,Colby College,Waterville,0.9064,0.8681
8618.0,21548.0,23.0,1.0,32.0,1.0,3.0,2759.0,0.3196,0.2847,15.0,0.2328,0.208955224,0.229147571,22734.0,14748.0,12500.0,12000.0,40342.0,5900.0,24632.0,59426.0,53500.0,36467.0,3700.0,20380.0,51774.0,47000.0,0.103,University of Maine at Augusta,Augusta,0.6265,0.1818
10989.0,23079.0,23.0,1.0,43.0,1.0,3.0,1131.0,0.3248,0.448,12.0,0.5275,0.431411531,0.485239852,24499.0,16500.0,17125.0,15828.0,44433.0,10400.0,27409.0,59145.0,55900.0,31513.0,9500.0,17266.0,46566.0,43200.0,0.3761,University of Maine at Farmington,Farmington,0.7871,0.5593
12606.0,35346.0,23.0,1.0,23.0,1.0,3.0,8341.0,0.2196,0.4284,15.0,0.5643,0.464190981,0.498756219,25000.0,15500.0,17500.0,16760.0,48653.0,13500.0,33048.0,75674.0,78400.0,43124.0,11100.0,26980.0,64109.0,62500.0,0.4,University of Maine,Orono,0.7701,0.5829
14746.0,30226.0,23.0,1.0,42.0,1.0,3.0,888.0,0.2472,0.6595,10.0,0.6141,0.642533937,0.620408163,27000.0,24575.0,27000.0,26584.0,89964.0,22900.0,57712.0,124580.0,151100.0,93944.0,17600.0,46065.0,114487.0,138700.0,0.4644,Maine Maritime Academy,Castine,0.8203,0.7282
8990.0,14270.0,23.0,1.0,41.0,1.0,3.0,1362.0,0.2559,0.2537,28.0,0.3766,0.305343511,0.329710145,16000.0,8275.0,8250.0,8628.0,40956.0,5500.0,27152.0,65875.0,52400.0,33793.0,6900.0,14347.0,48722.0,47000.0,0.2388,University of Maine at Presque Isle,Presque Isle,0.7282,0.3466
42550.0,42550.0,23.0,1.0,22.0,2.0,3.0,2189.0,0.1189,0.5315,12.0,0.6083,0.653450808,0.677710843,25250.0,19250.0,22625.0,19500.0,55921.0,14200.0,40794.0,83771.0,79300.0,48957.0,14400.0,29610.0,75665.0,63000.0,0.5625,University of New England,Biddeford,0.7462,0.6678
41398.0,41398.0,23.0,1.0,13.0,2.0,3.0,415.0,0.2658,0.7079,8.0,0.4874,0.44137931,0.528,27000.0,22824.0,17002.0,19500.0,40778.0,4300.0,24199.0,55585.0,45100.0,24333.0,7200.0,9522.0,36470.0,37600.0,0.1176,Maine College of Art & Design,Portland,0.7789,0.4404
42834.0,42834.0,23.0,1.0,41.0,2.0,3.0,930.0,0.201,0.597,10.0,0.6855,0.58677686,0.547619048,27000.0,12000.0,16750.0,23250.0,59045.0,14800.0,37291.0,96691.0,67000.0,52884.0,10700.0,28817.0,79950.0,64600.0,0.5887,Saint Joseph's College of Maine,Standish,0.801,0.6844
10920.0,27104.0,23.0,1.0,13.0,1.0,3.0,4245.0,0.2628,0.3406,14.0,0.4634,0.401816911,0.472556894,19060.0,13665.0,13001.0,12000.0,49958.0,11100.0,29640.0,79076.0,70100.0,47107.0,9500.0,32072.0,67798.0,60800.0,0.0293,University of Southern Maine,Portland,0.7558,0.3722
30896.0,30896.0,23.0,1.0,33.0,2.0,3.0,688.0,0.1534,0.3395,23.0,0.5136,0.501683502,0.627240143,24250.0,15450.0,20500.0,20000.0,44991.0,12300.0,30577.0,53883.0,67200.0,40495.0,8200.0,29988.0,53691.0,52500.0,0.4545,Thomas College,Waterville,0.7906,0.5251
12640.0,12640.0,23.0,1.0,42.0,2.0,3.0,5619.0,0.5925,0.5157,36.0,0.5698,0.46875,0.571428571,25000.0,3560.0,5500.0,6558.0,37852.0,11100.0,24175.0,53204.0,61200.0,31698.0,6400.0,20356.0,41735.0,47700.0,0.4916,Unity Environmental University,New Gloucester,0.4203,0.5505
9772.0,23490.0,24.0,2.0,11.0,1.0,3.0,1276.0,0.4317,0.3996,10.0,0.4673,0.393129771,0.416475973,23250.0,19500.0,20000.0,15284.0,61335.0,14600.0,40267.0,90667.0,104700.0,48197.0,14600.0,28328.0,68063.0,87700.0,0.243,University of Baltimore,Baltimore,0.6538,0.4088
8999.0,19889.0,24.0,2.0,21.0,1.0,3.0,5207.0,0.439,0.4087,16.0,0.3814,0.347073372,0.304277643,22985.0,12500.0,13750.0,12917.0,54537.0,11800.0,32913.0,78678.0,92900.0,43877.0,8500.0,22853.0,64913.0,66400.0,0.1488,Bowie State University,Bowie,0.6991,0.4472
27318.0,27318.0,24.0,2.0,21.0,2.0,3.0,259.0,0.3523,0.6611,9.0,0.4667,0.426086957,0.494252874,20264.0,12500.0,12000.0,11000.0,85035.0,12600.0,41086.0,120194.0,103800.0,76545.0,15600.0,46989.0,104223.0,94000.0,0.2833,Capitol Technology University,Laurel,0.7317,0.5366
25200.0,25200.0,24.0,2.0,21.0,2.0,3.0,522.0,0.4605,0.5412,7.0,0.4,0.397058824,0.164948454,30500.0,23250.0,22875.0,20000.0,64249.0,11100.0,41754.0,94418.0,98700.0,40114.0,7400.0,19500.0,60481.0,76200.0,0.2524,Washington Adventist University,Takoma Park,0.8214,0.4101
7001.0,13789.0,24.0,2.0,11.0,1.0,3.0,1756.0,0.5304,0.4183,10.0,0.2559,0.332838039,0.383091149,25000.0,15750.0,15750.0,14750.0,46490.0,9700.0,25684.0,70148.0,69100.0,42243.0,8300.0,23813.0,61363.0,61100.0,0.0966,Coppin State University,Baltimore,0.7349,0.2686
9998.0,25180.0,24.0,2.0,33.0,1.0,3.0,2849.0,0.3285,0.3779,13.0,0.5207,0.519584333,0.58077879,21105.0,15000.0,14750.0,14596.0,55493.0,14000.0,37071.0,77104.0,79700.0,43638.0,8800.0,27382.0,62910.0,55700.0,0.3346,Frostburg State University,Frostburg,0.6613,0.4876
51250.0,51250.0,24.0,2.0,13.0,2.0,3.0,948.0,0.3123,0.5115,8.0,0.6,0.556776557,0.652733119,26000.0,18500.0,17875.0,17764.0,53023.0,14100.0,31717.0,75128.0,86200.0,40563.0,7800.0,20588.0,56105.0,53500.0,0.5214,Goucher College,Baltimore,0.7658,0.5876
45870.0,45870.0,24.0,2.0,13.0,2.0,3.0,1202.0,0.3627,0.6373,11.0,0.5529,0.633663366,0.636871508,25000.0,19125.0,17125.0,17500.0,57089.0,11600.0,33533.0,79463.0,80500.0,48415.0,7500.0,27459.0,64416.0,56700.0,0.4588,Hood College,Frederick,0.8027,0.6602
63340.0,63340.0,24.0,2.0,11.0,2.0,3.0,5617.0,0.1976,0.1145,6.0,0.9463,0.88372093,0.867595819,10250.0,7395.0,8297.0,10000.0,87555.0,23400.0,64509.0,135223.0,148600.0,86306.0,16900.0,55687.0,117673.0,108900.0,0.8708,Johns Hopkins University,Baltimore,0.9786,0.9492
55480.0,55480.0,24.0,2.0,11.0,2.0,3.0,3975.0,0.177,0.5271,12.0,0.8049,0.803519062,0.81871345,27000.0,21500.0,27000.0,23250.0,82652.0,24400.0,57714.0,113065.0,123600.0,64453.0,17200.0,43624.0,84475.0,74000.0,0.7559,Loyola University Maryland,Baltimore,0.8589,0.807
7992.0,12336.0,24.0,2.0,21.0,1.0,3.0,48238.0,0.2844,0.1757,20.0,0.2958,0.282017648,0.333333333,21000.0,9500.0,11698.0,12000.0,65287.0,11900.0,38516.0,97764.0,102200.0,58051.0,7200.0,37746.0,83679.0,88200.0,0.0763,University of Maryland Global Campus,Adelphi,0.528,0.1208
12952.0,30308.0,24.0,2.0,21.0,1.0,3.0,10434.0,0.296,0.2915,18.0,0.7055,0.596068796,0.637842864,19500.0,17094.0,15000.0,15304.0,69960.0,17700.0,45352.0,100927.0,98700.0,55137.0,10800.0,33431.0,79452.0,72000.0,0.481,University of Maryland-Baltimore County,Baltimore,0.8714,0.7185
11505.0,40306.0,24.0,2.0,21.0,1.0,3.0,30246.0,0.1859,0.2269,18.0,0.8862,0.728467153,0.755131265,19000.0,15125.0,16490.0,17750.0,82860.0,19100.0,56860.0,115984.0,111500.0,67785.0,13800.0,44364.0,92078.0,78800.0,0.7574,University of Maryland-College Park,College Park,0.9566,0.8849
55150.0,55150.0,24.0,2.0,11.0,2.0,3.0,1319.0,0.2081,0.402,8.0,0.7133,0.703448276,0.686217009,26500.0,17313.0,15750.0,15890.0,45212.0,6600.0,21148.0,68654.0,69800.0,33451.0,6700.0,15218.0,54509.0,49200.0,0.5166,Maryland Institute College of Art,Baltimore,0.8502,0.7518
8898.0,19728.0,24.0,2.0,31.0,1.0,3.0,2165.0,0.5261,0.5184,9.0,0.3464,0.300653595,0.463803681,27000.0,18750.0,19500.0,15540.0,47697.0,8000.0,28118.0,69685.0,74400.0,34624.0,5500.0,18860.0,51573.0,52600.0,0.1875,University of Maryland Eastern Shore,Princess Anne,0.6626,0.3571
8118.0,18800.0,24.0,2.0,11.0,1.0,3.0,8293.0,0.5445,0.6533,17.0,0.4161,0.385714286,0.45172181,27250.0,20578.0,19000.0,17682.0,50698.0,10100.0,27900.0,75737.0,77600.0,40065.0,5600.0,21612.0,60359.0,53500.0,0.2156,Morgan State University,Baltimore,0.7082,0.4728
47240.0,47240.0,24.0,2.0,42.0,2.0,3.0,1806.0,0.269,0.5965,12.0,0.5802,0.602197802,0.687022901,25391.0,17845.0,15000.0,15000.0,64072.0,15300.0,45644.0,92305.0,95600.0,48915.0,13700.0,31930.0,68848.0,68500.0,0.4905,Mount St. Mary's University,Emmitsburg,0.7083,0.6166
41910.0,41910.0,24.0,2.0,11.0,2.0,3.0,684.0,0.3227,0.7742,8.0,0.5195,0.61722488,0.643153527,22666.0,16666.0,19839.0,17745.0,65344.0,12800.0,45601.0,97657.0,90100.0,63918.0,12400.0,43093.0,88863.0,82900.0,0.4481,Notre Dame of Maryland University,Baltimore,0.7679,0.5914
10638.0,21332.0,24.0,2.0,23.0,1.0,3.0,6056.0,0.2405,0.3962,13.0,0.6745,0.665110852,0.692307692,21000.0,16564.0,15289.0,16063.0,61515.0,16000.0,40522.0,86247.0,83300.0,51926.0,12600.0,34730.0,70810.0,63200.0,0.4887,Salisbury University,Salisbury,0.8031,0.7342
15236.0,31312.0,24.0,2.0,41.0,1.0,3.0,1566.0,0.2017,0.4222,10.0,0.6804,0.60625,0.754901961,21000.0,14883.0,16750.0,18088.0,60110.0,13700.0,43526.0,83103.0,92300.0,52286.0,9000.0,33499.0,71083.0,60600.0,0.5777,St. Mary's College of Maryland,St. Mary's City,0.8137,0.7277
39126.0,39126.0,24.0,2.0,21.0,2.0,3.0,488.0,0.2208,0.4935,8.0,0.6741,0.632911392,0.61627907,27000.0,15000.0,14977.0,20475.0,51584.0,4800.0,27968.0,69532.0,84500.0,34483.0,6700.0,16651.0,54072.0,51300.0,0.4963,St. John's College,Annapolis,0.8846,0.7745
11306.0,28326.0,24.0,2.0,13.0,1.0,3.0,16400.0,0.3346,0.4312,14.0,0.6762,0.610415623,0.69057377,18718.0,14616.0,16018.0,15370.0,64390.0,15100.0,43971.0,88498.0,88700.0,54302.0,12900.0,35992.0,74039.0,65700.0,0.4548,Towson University,Towson,0.8321,0.7376
39708.0,39708.0,24.0,2.0,21.0,2.0,3.0,3027.0,0.2894,0.47,15.0,0.6642,0.600235849,0.622080679,26000.0,20500.0,21500.0,22400.0,62079.0,17500.0,39840.0,86344.0,91100.0,54574.0,12200.0,34831.0,76868.0,70000.0,0.6012,Stevenson University,Owings Mills,0.7779,0.5995
54356.0,54356.0,24.0,2.0,32.0,2.0,3.0,890.0,0.2052,0.5016,9.0,0.7411,0.76816609,0.717054264,26956.0,20500.0,19500.0,21425.0,65518.0,13500.0,47119.0,93980.0,92000.0,48763.0,13000.0,29074.0,67208.0,57400.0,0.6649,Washington College,Chestertown,0.8658,0.7494
49647.0,49647.0,24.0,2.0,31.0,2.0,3.0,1652.0,0.3381,0.6127,13.0,0.6376,0.556410256,0.661654135,25000.0,12250.0,15819.0,16250.0,60663.0,16200.0,40571.0,81977.0,84700.0,47879.0,11800.0,29087.0,66319.0,60700.0,0.5615,McDaniel College,Westminster,0.7888,0.6527
42970.0,42970.0,25.0,1.0,12.0,2.0,3.0,1097.0,0.5004,0.8055,16.0,0.4228,0.434689507,0.470037453,27000.0,19353.0,21125.0,21500.0,53124.0,10000.0,29972.0,78679.0,84700.0,41451.0,7600.0,23496.0,63585.0,70400.0,0.3198,American International College,Springfield,0.6778,0.4303
67280.0,67280.0,25.0,1.0,13.0,2.0,3.0,1907.0,0.216,0.0875,7.0,0.9342,0.842639594,0.874439462,13740.0,9100.0,11561.0,12718.0,77644.0,18200.0,60184.0,153382.0,172500.0,62537.0,9200.0,34007.0,111087.0,98200.0,0.7261,Amherst College,Amherst,0.9679,0.9389
43064.0,43064.0,25.0,1.0,41.0,2.0,3.0,948.0,0.3424,0.6324,13.0,0.4044,0.41091954,0.417867435,25000.0,17206.0,18329.0,17500.0,46651.0,13000.0,27952.0,86559.0,76900.0,63110.0,10700.0,40984.0,100071.0,59500.0,0.2941,Anna Maria College,Paxton,0.6169,0.4784
49414.0,49414.0,25.0,1.0,12.0,2.0,3.0,1664.0,0.1937,0.8421,11.0,0.7459,0.660377358,0.658153242,27000.0,21417.0,24250.0,25000.0,74895.0,20000.0,48203.0,105117.0,89400.0,46029.0,15200.0,30219.0,69760.0,63900.0,0.7134,Assumption University,Worcester,0.8347,0.7211
56032.0,56032.0,25.0,1.0,21.0,2.0,3.0,2696.0,0.1423,0.2601,16.0,0.9236,0.890510949,0.91954023,20000.0,16250.0,19000.0,19250.0,123938.0,36700.0,80814.0,175333.0,186700.0,91354.0,24300.0,72444.0,117088.0,110500.0,0.8782,Babson College,Wellesley,0.9421,0.9371
37227.0,37227.0,25.0,1.0,21.0,2.0,3.0,1186.0,0.6616,0.8395,7.0,0.5694,0.448863636,0.627560521,24901.0,18651.0,18993.0,19831.0,55383.0,10100.0,37023.0,80430.0,78600.0,51548.0,13600.0,34613.0,62865.0,60400.0,0.5069,Bay Path University,Longmeadow,0.6906,0.5056
58150.0,58150.0,25.0,1.0,13.0,2.0,3.0,4288.0,0.1508,0.4268,12.0,0.8821,0.865,0.90430622,25023.0,24250.0,24250.0,23680.0,120959.0,30100.0,90680.0,160802.0,130700.0,86679.0,26200.0,67579.0,108164.0,86000.0,0.7868,Bentley University,Waltham,0.929,0.8885
50270.0,50270.0,25.0,1.0,11.0,2.0,3.0,7510.0,0.1536,0.326,10.0,0.6635,0.442442442,0.537234043,25000.0,16036.0,15750.0,15250.0,33647.0,6000.0,12235.0,61842.0,70900.0,26462.0,3400.0,10587.0,47628.0,47900.0,0.5021,Berklee College of Music,Boston,0.8544,0.7061
67680.0,67680.0,25.0,1.0,13.0,2.0,3.0,9865.0,0.1273,0.3199,13.0,0.9099,0.884201077,0.925858951,19000.0,16250.0,18000.0,18500.0,103937.0,24200.0,68220.0,161815.0,160300.0,85717.0,21300.0,58151.0,114283.0,102900.0,0.8825,Boston College,Chestnut Hill,0.9537,0.9109
65168.0,65168.0,25.0,1.0,11.0,2.0,3.0,17850.0,0.1797,0.2261,10.0,0.8997,0.763843648,0.806688418,23250.0,20821.0,21500.0,21500.0,83238.0,19500.0,56723.0,122012.0,119600.0,65655.0,14200.0,42379.0,90651.0,80400.0,0.8337,Boston University,Boston,0.9451,0.8987
64946.0,64946.0,25.0,1.0,13.0,2.0,3.0,3663.0,0.144,0.2834,11.0,0.8611,0.76,0.820560748,25648.0,19719.0,23500.0,24500.0,77231.0,17900.0,51787.0,116723.0,121300.0,52967.0,7000.0,31153.0,90421.0,72400.0,0.783,Brandeis University,Waltham,0.9026,0.8803
11389.0,17529.0,25.0,1.0,21.0,1.0,3.0,7899.0,0.3031,0.7135,17.0,0.5461,0.584476844,0.626769627,24286.0,18500.0,19140.0,18325.0,57466.0,11800.0,32347.0,78949.0,71100.0,46673.0,11600.0,29653.0,59170.0,56100.0,0.3381,Bridgewater State University,Bridgewater,0.7687,0.6398
55160.0,55160.0,25.0,1.0,12.0,2.0,3.0,2336.0,0.2126,0.5776,9.0,0.7712,0.767058824,0.760775862,26759.0,23442.0,22144.0,20500.0,62381.0,13600.0,44684.0,89149.0,83300.0,49022.0,8700.0,25494.0,68546.0,59000.0,0.7141,Clark University,Worcester,0.8791,0.7925
46220.0,46220.0,25.0,1.0,21.0,2.0,3.0,1757.0,0.2831,0.7119,11.0,0.4825,0.53264095,0.561827957,25000.0,14497.0,17000.0,21625.0,54400.0,10400.0,32659.0,88666.0,87500.0,46746.0,10100.0,28887.0,71026.0,69600.0,0.4293,Curry College,Milton,0.6756,0.5483
44960.0,44960.0,25.0,1.0,21.0,2.0,3.0,1142.0,0.296,0.7115,15.0,0.4317,0.442731278,0.416149068,25000.0,12000.0,12000.0,12156.0,38109.0,7400.0,19982.0,59888.0,66100.0,30046.0,4700.0,16731.0,44568.0,47000.0,0.3097,Dean College,Franklin,0.7555,0.4372
28610.0,28610.0,25.0,1.0,21.0,2.0,3.0,378.0,0.3496,0.5844,8.0,0.3529,0.505813953,0.452,26000.0,19875.0,18500.0,20000.0,54727.0,11900.0,38504.0,77942.0,84800.0,43488.0,7100.0,25232.0,62859.0,62900.0,0.268,Eastern Nazarene College,Quincy,0.6164,0.5688
55392.0,55392.0,25.0,1.0,11.0,2.0,3.0,4145.0,0.1499,0.4662,14.0,0.7927,0.782666667,0.808959157,23000.0,16375.0,19500.0,18988.0,62832.0,10600.0,33763.0,89059.0,88600.0,42799.0,8600.0,20658.0,62008.0,59700.0,0.7261,Emerson College,Boston,0.8782,0.7954
46686.0,46686.0,25.0,1.0,11.0,2.0,3.0,1874.0,0.2034,0.6174,13.0,0.6582,0.703557312,0.706365503,27000.0,25000.0,22573.0,22250.0,68245.0,12400.0,45943.0,93132.0,79100.0,50180.0,13000.0,26744.0,68181.0,63300.0,0.5949,Emmanuel College,Boston,0.7905,0.7027
39212.0,39212.0,25.0,1.0,21.0,2.0,3.0,3101.0,0.1313,0.6464,13.0,0.7543,0.742698192,0.718600954,27000.0,19067.0,23248.0,23250.0,58336.0,15300.0,38702.0,86105.0,76900.0,57286.0,15900.0,34921.0,74100.0,64000.0,0.724,Endicott College,Beverly,0.8764,0.7796
35013.0,35013.0,25.0,1.0,11.0,2.0,3.0,1138.0,0.42,0.6288,14.0,0.2844,0.353305785,0.325242718,25000.0,12503.0,12778.0,12000.0,49669.0,4900.0,25469.0,72974.0,60100.0,44366.0,7100.0,26305.0,59143.0,54500.0,0.2308,Fisher College,Boston,0.5444,0.3814
11046.0,17126.0,25.0,1.0,22.0,1.0,3.0,2825.0,0.3101,0.4997,11.0,0.5273,0.515515516,0.538674033,24239.0,17790.0,19250.0,17282.0,53874.0,11800.0,36940.0,76793.0,79300.0,41999.0,10500.0,27560.0,55893.0,58200.0,0.3808,Fitchburg State University,Fitchburg,0.7277,0.5826
11630.0,17710.0,25.0,1.0,13.0,1.0,3.0,2556.0,0.3448,0.5475,11.0,0.4954,0.487735849,0.590027701,25000.0,17500.0,17500.0,16696.0,52349.0,14700.0,33919.0,81787.0,78000.0,46611.0,10400.0,31404.0,68735.0,56200.0,0.3686,Framingham State University,Framingham,0.7152,0.5113
28100.0,28100.0,25.0,1.0,41.0,2.0,3.0,1247.0,0.2102,0.5611,11.0,0.6763,0.631736527,0.648293963,26250.0,19000.0,20982.0,23250.0,52119.0,9200.0,36773.0,72581.0,77500.0,45839.0,9100.0,31779.0,65256.0,59600.0,0.6043,Gordon College,Wenham,0.829,0.7277
56630.0,56630.0,25.0,1.0,41.0,2.0,3.0,716.0,0.376,0.5846,13.0,0.5723,0.633333333,0.655172414,26893.0,24000.0,26000.0,22982.0,46938.0,7600.0,23026.0,68981.0,70600.0,22195.0,3700.0,11165.0,39400.0,44500.0,0.5108,Hampshire College,Amherst,0.75,0.627
59076.0,59076.0,25.0,1.0,12.0,2.0,3.0,7755.0,0.1579,0.0488,7.0,0.9733,0.773694391,0.872727273,14000.0,12500.0,13250.0,11535.0,101817.0,24700.0,65309.0,200054.0,250000.0,99572.0,18800.0,54333.0,157388.0,233800.0,0.658,Harvard University,Cambridge,0.986,0.9837
60850.0,60850.0,25.0,1.0,12.0,2.0,3.0,3015.0,0.1473,0.4019,9.0,0.8961,0.930022573,0.916666667,27000.0,19000.0,26200.0,26976.0,90543.0,31000.0,65874.0,134575.0,136800.0,69984.0,18800.0,52568.0,95309.0,78500.0,0.8765,College of the Holy Cross,Worcester,0.9302,0.9268
26000.0,26000.0,25.0,1.0,13.0,2.0,3.0,1152.0,0.3224,0.733,11.0,0.5317,0.62398374,0.607723577,26000.0,19500.0,21980.0,21500.0,49705.0,12200.0,32233.0,69850.0,71400.0,45468.0,13200.0,25580.0,57741.0,52300.0,0.4927,Lasell University,Newton,0.707,0.6667
32780.0,32780.0,25.0,1.0,12.0,2.0,3.0,1252.0,0.2825,0.5129,10.0,0.6174,0.577966102,0.576923077,21000.0,14250.0,17125.0,15000.0,51173.0,8200.0,32463.0,74412.0,67300.0,40150.0,5800.0,18015.0,65023.0,51700.0,0.438,Lesley University,Cambridge,0.7689,0.6183
16570.0,35396.0,25.0,1.0,21.0,1.0,3.0,11632.0,0.2739,0.5352,17.0,0.701,0.576695652,0.628182144,23704.0,18500.0,18629.0,17750.0,64874.0,15700.0,40834.0,100222.0,91300.0,61467.0,11000.0,37717.0,82929.0,74200.0,0.4799,University of Massachusetts-Lowell,Lowell,0.819,0.7121
17357.0,39293.0,25.0,1.0,13.0,1.0,3.0,23694.0,0.2029,0.4789,18.0,0.8316,0.508978196,0.691003102,22763.0,20000.0,21250.0,19500.0,71631.0,14700.0,43210.0,103346.0,92600.0,60347.0,11800.0,34745.0,85663.0,68000.0,0.7624,University of Massachusetts-Amherst,Amherst,0.91,0.8451
15496.0,37174.0,25.0,1.0,11.0,1.0,3.0,11848.0,0.4269,0.5171,15.0,0.5115,0.413744741,0.510262874,21974.0,15250.0,15409.0,13750.0,65865.0,10700.0,38650.0,101088.0,88300.0,53521.0,9400.0,29799.0,78806.0,72700.0,0.3072,University of Massachusetts-Boston,Boston,0.7285,0.5248
38850.0,38850.0,25.0,1.0,11.0,2.0,3.0,3474.0,0.2822,0.6584,10.0,0.6332,0.707983193,0.768939394,25000.0,25000.0,25000.0,21250.0,125557.0,36200.0,84640.0,152747.0,155500.0,77171.0,31600.0,39320.0,104548.0,143300.0,0.4946,MCPHS University,Boston,0.7865,0.6667
14960.0,42180.0,25.0,1.0,11.0,1.0,3.0,1812.0,0.2761,0.5057,9.0,0.6919,0.705501618,0.673796791,25755.0,19500.0,21500.0,18449.0,43582.0,7000.0,23238.0,72340.0,71500.0,27090.0,7500.0,13992.0,43417.0,51100.0,0.5261,Massachusetts College of Art and Design,Boston,0.8399,0.7466
60156.0,60156.0,25.0,1.0,12.0,2.0,3.0,4571.0,0.1896,0.0657,3.0,0.9608,0.88547486,0.93776824,14768.0,6500.0,9950.0,13837.0,143372.0,30400.0,88222.0,243025.0,242300.0,131633.0,19400.0,93246.0,203864.0,203700.0,0.8233,Massachusetts Institute of Technology,Cambridge,0.9903,0.9693
10816.0,23910.0,25.0,1.0,21.0,1.0,3.0,1270.0,0.1697,0.7926,12.0,0.7912,0.730245232,0.744868035,25000.0,16540.0,20123.0,21500.0,82392.0,26300.0,55062.0,123345.0,136200.0,80424.0,17200.0,58029.0,114446.0,123400.0,0.683,Massachusetts Maritime Academy,Buzzards Bay,0.7886,0.8026
51786.0,51786.0,25.0,1.0,21.0,2.0,3.0,4043.0,0.1518,0.6108,14.0,0.7213,0.68685567,0.722294654,27000.0,24125.0,24660.0,23250.0,75584.0,18800.0,52191.0,106878.0,94000.0,54316.0,17600.0,32237.0,72351.0,69900.0,0.6534,Merrimack College,North Andover,0.8426,0.6941
64142.0,64142.0,25.0,1.0,21.0,2.0,3.0,2198.0,0.2029,0.4277,9.0,0.8504,0.809968847,0.79245283,22902.0,18763.0,19500.0,15996.0,58418.0,11900.0,36010.0,77587.0,81600.0,48590.0,9600.0,28775.0,71392.0,59000.0,0.7424,Mount Holyoke College,South Hadley,0.8971,0.8535
40375.0,40375.0,25.0,1.0,21.0,2.0,3.0,1152.0,0.3041,0.7405,15.0,0.6364,0.545454545,0.564792176,27000.0,15750.0,19500.0,19500.0,58063.0,18100.0,36543.0,75311.0,81900.0,47830.0,10800.0,27463.0,72447.0,60900.0,0.5749,Nichols College,Dudley,0.7184,0.5789
11884.0,20559.0,25.0,1.0,31.0,1.0,3.0,748.0,0.4045,0.605,8.0,0.4913,0.583554377,0.613065327,23750.0,17000.0,15115.0,15000.0,48102.0,9700.0,32972.0,67133.0,66000.0,36803.0,6600.0,25685.0,50724.0,46400.0,0.3868,Massachusetts College of Liberal Arts,North Adams,0.6893,0.5911
63141.0,63141.0,25.0,1.0,11.0,2.0,3.0,15719.0,0.1234,0.2834,16.0,0.9038,0.735017123,0.692244898,24250.0,21950.0,22601.0,21500.0,92538.0,18800.0,61560.0,135313.0,112700.0,78413.0,15700.0,52640.0,103012.0,85600.0,0.0,Northeastern University,Boston,0.9752,0.9107
42061.0,42061.0,25.0,1.0,21.0,2.0,3.0,951.0,0.4184,0.7092,11.0,0.6474,0.699052133,0.720554273,25000.0,20750.0,21065.0,19500.0,51540.0,14700.0,31411.0,72563.0,73400.0,54087.0,13900.0,37277.0,93830.0,76500.0,0.5491,College of Our Lady of the Elms,Chicopee,0.7622,0.6813
47770.0,47770.0,25.0,1.0,21.0,2.0,3.0,1061.0,0.2774,0.669,11.0,0.6949,0.634005764,0.652866242,25500.0,23750.0,24272.0,23192.0,52873.0,10700.0,27339.0,82569.0,80300.0,56223.0,14400.0,35545.0,83470.0,83400.0,0.5735,Regis College,Weston,0.8119,0.609
11978.0,18961.0,25.0,1.0,21.0,1.0,3.0,4286.0,0.3531,0.5675,11.0,0.5499,0.525498891,0.586167147,25000.0,20000.0,19500.0,18310.0,56662.0,10600.0,29605.0,93086.0,74700.0,48209.0,9700.0,31394.0,71153.0,61900.0,0.4094,Salem State University,Salem,0.7366,0.5804
45538.0,45538.0,25.0,1.0,11.0,2.0,3.0,1750.0,0.2984,0.6384,9.0,0.7125,0.49475891,0.805479452,24840.0,20916.0,23136.0,21500.0,63494.0,14900.0,46140.0,91123.0,92500.0,61420.0,14500.0,38673.0,82775.0,74600.0,0.67,Simmons University,Boston,0.8177,0.7134
61568.0,61568.0,25.0,1.0,13.0,2.0,3.0,2501.0,0.1815,0.1268,8.0,0.8966,0.895121951,0.884803922,17550.0,14750.0,13500.0,13471.0,64027.0,10700.0,37521.0,94865.0,86200.0,45731.0,8900.0,27555.0,69187.0,63300.0,0.7524,Smith College,Northampton,0.9257,0.913
43707.0,43707.0,25.0,1.0,12.0,2.0,3.0,1916.0,0.2166,0.7151,11.0,0.6763,0.561844864,0.598796389,26250.0,20315.0,23000.0,25000.0,48036.0,13200.0,29321.0,69087.0,83100.0,43692.0,10900.0,26171.0,61716.0,67400.0,0.6366,Springfield College,Springfield,0.8362,0.7326
15208.0,31750.0,25.0,1.0,22.0,1.0,3.0,5289.0,0.3564,0.658,15.0,0.4897,0.507504169,0.566648964,25000.0,17500.0,19500.0,17437.0,68804.0,13300.0,41246.0,91962.0,84600.0,51475.0,10400.0,32396.0,69879.0,62900.0,0.3501,University of Massachusetts-Dartmouth,North Dartmouth,0.6373,0.5477
54500.0,54500.0,25.0,1.0,21.0,2.0,3.0,2477.0,0.1479,0.6179,12.0,0.8081,0.821721311,0.796370968,25000.0,24648.0,22611.0,23251.0,77745.0,26300.0,57153.0,98944.0,104800.0,63285.0,14700.0,43938.0,86000.0,70300.0,0.7541,Stonehill College,Easton,0.8524,0.8521
45380.0,45380.0,25.0,1.0,11.0,2.0,3.0,4434.0,0.2741,0.5597,15.0,0.5985,0.585824082,0.615183246,26889.0,22635.0,22750.0,19500.0,67506.0,14800.0,38432.0,99147.0,96400.0,55856.0,10700.0,30325.0,78215.0,67300.0,0.4418,Suffolk University,Boston,0.7552,0.6079
67844.0,67844.0,25.0,1.0,21.0,2.0,3.0,6804.0,0.1158,0.1909,10.0,0.9333,0.895027624,0.880829016,16250.0,10465.0,15000.0,15626.0,83214.0,21600.0,47081.0,132294.0,170300.0,68337.0,18500.0,43241.0,102983.0,133100.0,0.8557,Tufts University,Medford,0.9592,0.9418
64320.0,64320.0,25.0,1.0,21.0,2.0,3.0,2318.0,0.2056,0.1712,7.0,0.9121,0.904458599,0.927444795,10000.0,5468.0,7000.0,10000.0,84803.0,18600.0,55457.0,141028.0,121300.0,65961.0,12600.0,42255.0,103087.0,72500.0,0.8043,Wellesley College,Wellesley,0.9625,0.9258
41010.0,41010.0,25.0,1.0,11.0,2.0,3.0,3641.0,0.2257,0.5187,16.0,0.6863,0.631399317,0.698754247,25028.0,19000.0,19000.0,18186.0,82721.0,17100.0,58416.0,112775.0,95900.0,71868.0,16300.0,53230.0,90983.0,74900.0,0.5467,Wentworth Institute of Technology,Boston,0.8627,0.7175
46430.0,46430.0,25.0,1.0,12.0,2.0,3.0,2508.0,0.2502,0.8042,12.0,0.6389,0.600276625,0.586350975,25500.0,19500.0,20059.0,19500.0,73157.0,24400.0,48898.0,104001.0,98800.0,51771.0,13900.0,33773.0,78774.0,71400.0,0.5854,Western New England University,Springfield,0.7487,0.6412
11882.0,17962.0,25.0,1.0,21.0,1.0,3.0,3481.0,0.3336,0.5454,15.0,0.5486,0.593198992,0.60858743,22457.0,13687.0,15250.0,17126.0,57346.0,15100.0,38609.0,76747.0,73700.0,46861.0,11500.0,27931.0,64906.0,55400.0,0.4415,Westfield State University,Westfield,0.7071,0.6181
62080.0,62080.0,25.0,1.0,21.0,2.0,3.0,1744.0,0.1962,0.7337,12.0,0.757,0.704318937,0.775919732,26000.0,21750.0,23000.0,23000.0,67725.0,16800.0,42510.0,93181.0,85000.0,51607.0,11100.0,26322.0,75689.0,57300.0,0.6853,Wheaton College (Massachusetts),Norton,0.8583,0.7338
64860.0,64860.0,25.0,1.0,31.0,2.0,3.0,2060.0,0.1715,0.0604,6.0,0.9655,0.888888889,0.945147679,12761.0,6043.0,7950.0,13203.0,88665.0,16800.0,62574.0,145323.0,167700.0,71754.0,7100.0,41820.0,116482.0,93300.0,0.7405,Williams College,Williamstown,0.9653,0.9492
59070.0,59070.0,25.0,1.0,12.0,2.0,3.0,5344.0,0.1029,0.505,13.0,0.8843,0.827445652,0.869565217,27000.0,27000.0,27000.0,26902.0,103470.0,28200.0,77738.0,129699.0,117100.0,85038.0,20800.0,67089.0,104138.0,86900.0,0.8265,Worcester Polytechnic Institute,Worcester,0.9372,0.8792
11286.0,17366.0,25.0,1.0,12.0,1.0,3.0,3963.0,0.289,0.4763,15.0,0.5551,0.470820189,0.287693562,19500.0,11879.0,14051.0,14950.0,60624.0,13800.0,38887.0,89010.0,77800.0,50233.0,10300.0,34576.0,66265.0,64700.0,0.4004,Worcester State University,Worcester,0.7652,0.6314
40556.0,40556.0,26.0,3.0,32.0,2.0,3.0,1635.0,0.3114,0.7029,15.0,0.5595,0.393536122,0.399103139,27000.0,12000.0,14990.0,19500.0,55504.0,10700.0,39042.0,77195.0,72300.0,42805.0,9900.0,28462.0,57944.0,49600.0,0.4367,Adrian College,Adrian,0.6008,0.5102
55746.0,55746.0,26.0,3.0,32.0,2.0,3.0,1347.0,0.4526,0.6655,11.0,0.5709,0.604774536,0.674911661,27000.0,18250.0,21345.0,19500.0,58799.0,11900.0,40306.0,85694.0,89400.0,48203.0,8000.0,31209.0,65515.0,59800.0,0.4583,Albion College,Albion,0.689,0.6571
47430.0,47430.0,26.0,3.0,32.0,2.0,3.0,1208.0,0.2092,0.6618,14.0,0.6373,0.457142857,0.56424581,27000.0,25625.0,25000.0,21594.0,54742.0,16000.0,36251.0,77064.0,89700.0,45720.0,8700.0,31039.0,60762.0,55000.0,0.5147,Alma College,Alma,0.7635,0.628
33710.0,33710.0,26.0,3.0,31.0,2.0,3.0,1262.0,0.22,0.3471,10.0,0.6593,0.551470588,0.56918239,26000.0,22000.0,19000.0,19350.0,53187.0,6300.0,27398.0,81593.0,78000.0,43254.0,5700.0,26239.0,65144.0,60800.0,0.5037,Andrews University,Berrien Springs,0.8326,0.7403
38520.0,38520.0,26.0,3.0,12.0,2.0,3.0,1201.0,0.2301,0.4277,11.0,0.625,0.541899441,0.566909976,23000.0,20250.0,18569.0,15500.0,49584.0,9200.0,32142.0,70335.0,69900.0,40161.0,8700.0,24699.0,55573.0,50900.0,0.4263,Aquinas College,Grand Rapids,0.7362,0.606
12810.0,12810.0,26.0,3.0,32.0,2.0,3.0,3026.0,0.3811,0.4831,8.0,0.3133,0.224088364,0.210613752,25000.0,18422.0,17344.0,12058.0,35833.0,5000.0,17637.0,54694.0,60500.0,33619.0,4100.0,16982.0,50652.0,49900.0,0.1568,Baker College,Owosso,0.7193,0.1841
38670.0,38670.0,26.0,3.0,12.0,2.0,3.0,2921.0,0.144,0.3363,14.0,0.7736,0.669616519,0.721333333,23250.0,21500.0,20885.0,19500.0,58375.0,10400.0,38181.0,82853.0,79400.0,48039.0,9600.0,31889.0,69775.0,59200.0,0.6519,Calvin University,Grand Rapids,0.8849,0.7825
14190.0,14190.0,26.0,3.0,32.0,1.0,3.0,9916.0,0.3064,0.6786,16.0,0.6184,0.549340498,0.603562341,27000.0,23376.0,23500.0,22500.0,55874.0,12700.0,38496.0,78697.0,75500.0,46567.0,9900.0,31142.0,64149.0,57600.0,0.3928,Central Michigan University,Mount Pleasant,0.7369,0.6313
24842.0,24842.0,26.0,3.0,22.0,2.0,3.0,774.0,0.2738,0.436,21.0,0.3939,0.519736842,0.416,19500.0,12355.0,13128.0,12000.0,54186.0,14200.0,32488.0,84853.0,101200.0,55077.0,15100.0,35491.0,76657.0,81800.0,0.3103,Cleary University,Howell,0.6364,0.4318
34200.0,34200.0,26.0,3.0,12.0,2.0,3.0,918.0,0.2419,0.5521,14.0,0.5,0.475589226,0.458492003,25750.0,17750.0,19500.0,20500.0,56075.0,11500.0,37673.0,78409.0,78200.0,49761.0,10300.0,34250.0,70550.0,67300.0,0.1755,Concordia University Ann Arbor,Ann Arbor,0.6622,0.4868
51355.0,51355.0,26.0,3.0,11.0,2.0,3.0,1285.0,0.2826,0.5334,10.0,0.6962,0.526315789,0.631746032,26000.0,15125.0,18500.0,21500.0,44860.0,7500.0,22591.0,75526.0,84800.0,33691.0,7500.0,15231.0,56831.0,64600.0,0.4515,College for Creative Studies,Detroit,0.7649,0.6178
23324.0,23324.0,26.0,3.0,21.0,2.0,3.0,3213.0,0.301,0.476,18.0,0.4952,0.378889567,0.361451692,26000.0,18000.0,17500.0,15813.0,45099.0,6200.0,24736.0,67837.0,65400.0,47041.0,4900.0,29268.0,66753.0,56800.0,0.3665,Davenport University,Grand Rapids,0.7367,0.5
32300.0,32300.0,26.0,3.0,11.0,2.0,3.0,2289.0,0.2513,0.3061,12.0,0.681,0.61809816,0.631578947,23250.0,21931.0,21000.0,19000.0,71030.0,9600.0,44340.0,97869.0,81000.0,64534.0,11300.0,40261.0,84314.0,74300.0,0.5336,University of Detroit Mercy,Detroit,0.8248,0.6779
15510.0,15510.0,26.0,3.0,21.0,1.0,3.0,10751.0,0.3656,0.4579,15.0,0.4549,0.398812469,0.454346876,25000.0,19463.0,18750.0,18500.0,51793.0,9400.0,30031.0,75153.0,70700.0,43148.0,8800.0,25437.0,61447.0,57900.0,0.2296,Eastern Michigan University,Ypsilanti,0.6785,0.5074
13630.0,13630.0,26.0,3.0,33.0,1.0,3.0,8087.0,0.3358,0.4698,15.0,0.4787,0.485877499,0.51594533,21000.0,15213.0,16195.0,15250.0,54735.0,11000.0,34587.0,80060.0,79600.0,47339.0,10300.0,30181.0,67838.0,67600.0,0.3127,Ferris State University,Big Rapids,0.7284,0.5584
46380.0,46380.0,26.0,3.0,13.0,2.0,3.0,1279.0,0.1681,0.4613,11.0,0.7054,0.620991254,0.5625,27000.0,28000.0,27000.0,26000.0,94823.0,31400.0,66125.0,115611.0,106100.0,80275.0,27800.0,61982.0,93499.0,85700.0,0.1595,Kettering University,Flint,0.9252,0.7436
29100.0,29100.0,26.0,3.0,12.0,2.0,3.0,1387.0,0.2973,0.5457,15.0,0.6157,0.455795678,0.422442244,25000.0,14850.0,18873.0,19753.0,47314.0,5800.0,28589.0,66987.0,74200.0,42598.0,8300.0,28288.0,58605.0,56300.0,0.5592,Cornerstone University,Grand Rapids,0.8375,0.6102
14628.0,20820.0,26.0,3.0,31.0,1.0,3.0,19073.0,0.2577,0.4856,15.0,0.6865,0.55217575,0.615070451,24500.0,20785.0,19523.0,19245.0,56118.0,11100.0,38569.0,78636.0,73200.0,47840.0,11100.0,32394.0,64801.0,58000.0,0.4456,Grand Valley State University,Allendale,0.7674,0.6896
40420.0,40420.0,26.0,3.0,13.0,2.0,3.0,3274.0,0.1643,0.4632,11.0,0.8226,0.776119403,0.772972973,26800.0,24187.0,24125.0,23136.0,58427.0,15200.0,41745.0,82041.0,79700.0,49727.0,10600.0,31163.0,68041.0,60000.0,0.6902,Hope College,Holland,0.9025,0.8153
58764.0,58764.0,26.0,3.0,13.0,2.0,3.0,1175.0,0.2322,0.4686,10.0,0.817,0.734883721,0.782312925,26077.0,19041.0,22500.0,24500.0,65590.0,10600.0,44517.0,91093.0,90900.0,46137.0,6800.0,22376.0,66080.0,54700.0,0.7232,Kalamazoo College,Kalamazoo,0.8351,0.7775
14266.0,14266.0,26.0,3.0,33.0,1.0,3.0,1391.0,0.2906,0.435,13.0,0.5694,0.396551724,0.383928571,23250.0,12276.0,15250.0,15993.0,49045.0,8400.0,31520.0,68652.0,71200.0,42767.0,9000.0,28145.0,59396.0,54900.0,0.3785,Lake Superior State University,Sault Ste Marie,0.6883,0.5435
41872.0,41872.0,26.0,3.0,13.0,2.0,3.0,1701.0,0.1654,0.4665,11.0,0.6257,0.377245509,0.530726257,27000.0,17750.0,23250.0,21000.0,69151.0,13700.0,43512.0,98820.0,95200.0,58827.0,10800.0,37382.0,80167.0,78300.0,0.2458,Lawrence Technological University,Southfield,0.7656,0.5794
27360.0,27360.0,26.0,3.0,13.0,2.0,3.0,1637.0,0.295,0.5419,10.0,0.5815,0.541108987,0.572504708,23000.0,20396.0,19919.0,16500.0,59058.0,9200.0,38222.0,81197.0,72200.0,49871.0,7600.0,30025.0,71271.0,64600.0,0.3933,Madonna University,Livonia,0.7177,0.6457
27938.0,27938.0,26.0,3.0,21.0,2.0,3.0,827.0,0.3108,0.5212,13.0,0.414,0.474842767,0.523391813,24475.0,12500.0,16659.0,15000.0,48707.0,8000.0,29057.0,69551.0,73600.0,40813.0,6300.0,21026.0,60106.0,50200.0,0.2293,Rochester University,Rochester Hills,0.674,0.4132
17228.0,58072.0,26.0,3.0,12.0,1.0,3.0,33488.0,0.1757,0.2101,11.0,0.9322,0.873534073,0.899014778,19500.0,12042.0,16000.0,19500.0,83648.0,17200.0,56535.0,124806.0,128000.0,73762.0,13000.0,45114.0,105396.0,96000.0,0.8196,University of Michigan-Ann Arbor,Ann Arbor,0.9764,0.9425
15988.0,43372.0,26.0,3.0,13.0,1.0,3.0,40243.0,0.2002,0.3339,17.0,0.8217,0.725594545,0.789964789,23250.0,16266.0,21250.0,20250.0,67253.0,17200.0,46010.0,96911.0,98200.0,55084.0,12200.0,35397.0,77937.0,71200.0,0.6538,Michigan State University,East Lansing,0.914,0.8349
18392.0,41340.0,26.0,3.0,33.0,1.0,3.0,5829.0,0.1823,0.4569,13.0,0.6872,0.584354383,0.659400545,24990.0,20875.0,20093.0,20500.0,78198.0,18100.0,48944.0,102434.0,101300.0,69672.0,15800.0,45087.0,86584.0,79400.0,0.344,Michigan Technological University,Houghton,0.8769,0.7075
14944.0,31360.0,26.0,3.0,12.0,1.0,3.0,5882.0,0.4385,0.3842,16.0,0.5655,0.461648746,0.511612475,22500.0,17250.0,16750.0,16725.0,59649.0,12500.0,37993.0,91490.0,93600.0,50389.0,7800.0,30298.0,75221.0,70900.0,0.2968,University of Michigan-Dearborn,Dearborn,0.8125,0.6027
14014.0,31274.0,26.0,3.0,13.0,1.0,3.0,4157.0,0.3467,0.42,14.0,0.4456,0.386819484,0.475896168,25000.0,18932.0,17500.0,18750.0,53230.0,10200.0,32439.0,79613.0,76700.0,45453.0,7100.0,26920.0,70669.0,69800.0,0.2021,University of Michigan-Flint,Flint,0.7603,0.3969
13304.0,18800.0,26.0,3.0,33.0,1.0,3.0,6425.0,0.2739,0.507,18.0,0.5084,0.470480828,0.492492492,21474.0,13479.0,14000.0,13670.0,47107.0,9700.0,29421.0,67562.0,69300.0,37996.0,7500.0,22909.0,55011.0,53700.0,0.3304,Northern Michigan University,Marquette,0.7584,0.542
33000.0,33000.0,26.0,3.0,13.0,2.0,3.0,1900.0,0.2469,0.6629,13.0,0.6107,0.572490706,0.486333648,20842.0,17500.0,20522.0,17750.0,63075.0,11700.0,40489.0,92317.0,91200.0,54058.0,11900.0,35973.0,75177.0,72400.0,0.5076,Northwood University,Midland,0.7895,0.628
14694.0,23188.0,26.0,3.0,21.0,1.0,3.0,12450.0,0.2983,0.3886,17.0,0.5694,0.517795637,0.566998578,22750.0,16500.0,17168.0,16750.0,58612.0,11900.0,36515.0,84827.0,81000.0,49017.0,9500.0,30510.0,72142.0,65200.0,0.3351,Oakland University,Rochester Hills,0.7519,0.5901
33076.0,33076.0,26.0,3.0,42.0,2.0,3.0,918.0,0.4174,0.7545,14.0,0.3704,0.427586207,0.436813187,27000.0,11000.0,12000.0,17601.0,47907.0,6800.0,30603.0,64105.0,65800.0,42637.0,6700.0,22771.0,59527.0,49000.0,0.2778,The University of Olivet,Olivet,0.573,0.4454
12240.0,28752.0,26.0,3.0,22.0,1.0,3.0,6004.0,0.3237,0.5121,15.0,0.5382,0.338700403,0.393983503,25000.0,17724.0,17304.0,17500.0,51955.0,9300.0,33539.0,73802.0,71500.0,43530.0,9400.0,27453.0,63437.0,60300.0,0.1939,Saginaw Valley State University,University Center,0.7536,0.4544
29778.0,29778.0,26.0,3.0,32.0,2.0,3.0,1533.0,0.309,0.6851,12.0,0.5111,0.666666667,0.370414201,18750.0,16018.0,15625.0,15626.0,57529.0,9400.0,37017.0,79860.0,71500.0,49913.0,9200.0,30119.0,71201.0,66800.0,0.3346,Siena Heights University,Adrian,0.721,0.5066
32580.0,32580.0,26.0,3.0,41.0,2.0,3.0,990.0,0.2591,0.5129,11.0,0.5985,0.489981785,0.490221643,26375.0,25690.0,25000.0,22392.0,51732.0,10200.0,32240.0,74957.0,78200.0,45592.0,8100.0,28443.0,65488.0,70200.0,0.4349,Spring Arbor University,Spring Arbor,0.7357,0.6517
14297.0,30419.0,26.0,3.0,11.0,1.0,3.0,15676.0,0.4304,0.3972,13.0,0.5651,0.452878248,0.459552496,21250.0,18125.0,16176.0,15000.0,53493.0,10100.0,29797.0,79117.0,93500.0,45207.0,6500.0,24919.0,69069.0,67000.0,0.3258,Wayne State University,Detroit,0.8154,0.5985
15298.0,19098.0,26.0,3.0,13.0,1.0,3.0,12704.0,0.2537,0.4791,16.0,0.5777,0.488116087,0.576243608,26188.0,22526.0,21204.0,19000.0,53562.0,13200.0,34853.0,76786.0,80600.0,45356.0,10300.0,27712.0,64152.0,60100.0,0.2898,Western Michigan University,Kalamazoo,0.7985,0.5919
43942.0,43942.0,27.0,4.0,11.0,2.0,3.0,2429.0,0.515,0.7664,13.0,0.5244,0.574593796,0.583573487,25347.0,19500.0,18750.0,20000.0,58829.0,13300.0,38984.0,84780.0,86200.0,48616.0,10300.0,29381.0,66366.0,68800.0,0.4107,Augsburg University,Minneapolis,0.699,0.587
10164.0,10164.0,27.0,4.0,33.0,1.0,3.0,3120.0,0.2628,0.4478,16.0,0.534,0.441860465,0.440521873,19750.0,13142.0,13018.0,14150.0,53755.0,10900.0,37138.0,74504.0,67000.0,47469.0,9800.0,33063.0,65980.0,53400.0,0.3682,Bemidji State University,Bemidji,0.782,0.4704
30010.0,30010.0,27.0,4.0,13.0,2.0,3.0,682.0,0.221,0.4154,12.0,0.5956,0.611940299,0.549382716,23000.0,12000.0,16000.0,18082.0,46110.0,8200.0,30114.0,65204.0,63500.0,40652.0,7500.0,29929.0,53150.0,52200.0,0.4265,Bethany Lutheran College,Mankato,0.8011,0.6269
42930.0,42930.0,27.0,4.0,21.0,2.0,3.0,2012.0,0.1898,0.473,12.0,0.7522,0.564853556,0.625472888,21500.0,13500.0,17652.0,19500.0,63764.0,11700.0,41260.0,92932.0,88000.0,55145.0,11800.0,37976.0,75418.0,70400.0,0.642,Bethel University,Saint Paul,0.8705,0.7512
65457.0,65457.0,27.0,4.0,32.0,2.0,3.0,2019.0,0.1404,0.4342,8.0,0.9119,0.915841584,0.931330472,16750.0,14178.0,15167.0,16500.0,75525.0,11800.0,52327.0,111608.0,105200.0,53989.0,9100.0,32723.0,86666.0,70500.0,0.8257,Carleton College,Northfield,0.9586,0.9187
30020.0,30020.0,27.0,4.0,22.0,2.0,3.0,1721.0,0.1976,0.567,12.0,0.7183,0.670428894,0.702846975,26847.0,15875.0,22125.0,21488.0,59317.0,14200.0,43119.0,81521.0,82400.0,48225.0,12800.0,35714.0,64125.0,57400.0,0.6197,Concordia College at Moorhead,Moorhead,0.7815,0.7462
25000.0,25000.0,27.0,4.0,11.0,2.0,3.0,2786.0,0.3403,0.5598,15.0,0.5878,0.501854141,0.520881671,17832.0,12387.0,12269.0,12000.0,59871.0,13500.0,39108.0,85664.0,97400.0,50646.0,11100.0,33190.0,72077.0,77000.0,0.4527,Concordia University-Saint Paul,Saint Paul,0.6734,0.5284
17770.0,17770.0,27.0,4.0,32.0,2.0,3.0,718.0,0.2265,0.698,10.0,0.7143,0.685185185,0.69047619,20177.0,8263.0,17063.0,18990.0,47491.0,3100.0,29333.0,70940.0,69800.0,40760.0,5600.0,25363.0,55686.0,47900.0,0.456,Martin Luther College,New Ulm,0.8521,0.7485
54310.0,54310.0,27.0,4.0,31.0,2.0,3.0,1930.0,0.2138,0.5548,11.0,0.7585,0.758985201,0.74796748,26774.0,22950.0,22905.0,23250.0,65607.0,22600.0,48888.0,92889.0,96800.0,51546.0,12600.0,35833.0,70783.0,63500.0,0.6344,Gustavus Adolphus College,Saint Peter,0.8423,0.784
48311.0,48311.0,27.0,4.0,11.0,2.0,3.0,1685.0,0.3977,0.587,13.0,0.5771,0.616040956,0.648387097,23770.0,16125.0,14250.0,16063.0,61106.0,14700.0,43058.0,81211.0,85200.0,47139.0,10700.0,30190.0,64314.0,69600.0,0.485,Hamline University,Saint Paul,0.7358,0.6216
64908.0,64908.0,27.0,4.0,11.0,2.0,3.0,2131.0,0.1733,0.3747,10.0,0.9041,0.863501484,0.929775281,23000.0,18912.0,19000.0,19500.0,63878.0,12500.0,41814.0,87495.0,84700.0,46244.0,8500.0,28525.0,65975.0,54300.0,0.8155,Macalester College,Saint Paul,0.9457,0.9038
9490.0,18860.0,27.0,4.0,13.0,1.0,3.0,11325.0,0.2048,0.4246,21.0,0.5411,0.441755963,0.511856369,21106.0,12679.0,14000.0,14577.0,56922.0,15200.0,40047.0,77949.0,76700.0,50098.0,12800.0,35047.0,66979.0,59100.0,0.3301,Minnesota State University-Mankato,Mankato,0.7966,0.5368
9780.0,9780.0,27.0,4.0,11.0,1.0,3.0,4998.0,0.443,0.3372,14.0,0.3837,0.487055726,0.525896414,17100.0,13490.0,12500.0,13500.0,64705.0,11500.0,44236.0,89487.0,81100.0,54828.0,11300.0,37276.0,75986.0,70600.0,0.186,Metropolitan State University,Saint Paul,0.7327,0.3836
16488.0,36402.0,27.0,4.0,11.0,1.0,3.0,30469.0,0.1687,0.2906,16.0,0.8482,0.733665658,0.748058671,19500.0,13990.0,15669.0,17750.0,69020.0,16100.0,47150.0,97410.0,91600.0,57984.0,13100.0,39424.0,79600.0,72400.0,0.7414,University of Minnesota-Twin Cities,Minneapolis,0.9086,0.8507
13120.0,13120.0,27.0,4.0,32.0,1.0,3.0,1650.0,0.1919,0.2814,17.0,0.4973,0.459302326,0.456043956,20500.0,12500.0,12500.0,13548.0,58056.0,12000.0,41030.0,82100.0,76000.0,51905.0,10100.0,35502.0,72794.0,63300.0,0.4011,University of Minnesota-Crookston,Crookston,0.7654,0.5652
43824.0,43824.0,27.0,4.0,11.0,2.0,3.0,701.0,0.4017,0.735,10.0,0.6917,0.692708333,0.689516129,27000.0,21500.0,20500.0,15250.0,40873.0,8600.0,23889.0,59320.0,75900.0,35198.0,3800.0,17490.0,49654.0,54100.0,0.6015,Minneapolis College of Art and Design,Minneapolis,0.8188,0.6621
13420.0,13420.0,27.0,4.0,13.0,2.0,3.0,747.0,0.5186,0.755,14.0,0.7353,0.338302173,0.351520087,21500.0,10662.0,13130.0,15250.0,36909.0,12300.0,19077.0,56514.0,77200.0,35295.0,7200.0,18140.0,54822.0,58300.0,0.3333,Herzing University-Minneapolis,St. Louis Park,0.5714,0.5
14318.0,19762.0,27.0,4.0,13.0,1.0,3.0,7475.0,0.1824,0.4568,16.0,0.6445,0.573888092,0.554875177,22024.0,15049.0,15000.0,17500.0,62616.0,15300.0,44422.0,85826.0,84700.0,52840.0,12800.0,38122.0,70850.0,62200.0,0.4637,University of Minnesota-Duluth,Duluth,0.8083,0.6561
14288.0,16438.0,27.0,4.0,33.0,1.0,3.0,980.0,0.3081,0.3858,9.0,0.6193,0.570637119,0.514739229,18995.0,10889.0,12245.0,13000.0,50919.0,11700.0,36020.0,69060.0,76600.0,43163.0,9300.0,28154.0,57585.0,49300.0,0.4659,University of Minnesota-Morris,Morris,0.7286,0.5845
10336.0,10336.0,27.0,4.0,22.0,1.0,3.0,3120.0,0.2746,0.5192,17.0,0.5464,0.496212121,0.514104372,20000.0,14000.0,15420.0,15000.0,50527.0,12400.0,35574.0,69031.0,68500.0,45873.0,12400.0,32283.0,59227.0,55300.0,0.3571,Minnesota State University Moorhead,Moorhead,0.7244,0.5902
29460.0,29460.0,27.0,4.0,11.0,2.0,3.0,802.0,0.4251,0.6011,11.0,0.6359,0.505415162,0.466666667,23200.0,14125.0,18500.0,16375.0,45064.0,6500.0,29000.0,63039.0,60100.0,37688.0,8000.0,22992.0,49620.0,47900.0,0.5722,North Central University,Minneapolis,0.7751,0.6009
36830.0,36830.0,27.0,4.0,21.0,2.0,3.0,1495.0,0.1506,0.2873,15.0,0.6837,0.620183486,0.64673913,21325.0,17537.0,18750.0,17356.0,50755.0,5400.0,31895.0,73634.0,72500.0,47544.0,9300.0,30137.0,65984.0,58500.0,0.601,University of Northwestern-St Paul,Saint Paul,0.8414,0.6743
53884.0,53884.0,27.0,4.0,22.0,2.0,3.0,1392.0,0.1871,0.6313,11.0,0.8304,0.743589744,0.804195804,26944.0,22667.0,22750.0,23252.0,63260.0,19600.0,47705.0,85878.0,83200.0,54567.0,16400.0,41957.0,73874.0,65000.0,0.7881,College of Saint Benedict,Saint Joseph,0.8796,0.7668
10117.0,10117.0,27.0,4.0,13.0,1.0,3.0,5181.0,0.203,0.254,17.0,0.4691,0.396212121,0.458009331,21058.0,14317.0,13250.0,15000.0,55813.0,14000.0,39268.0,76074.0,75600.0,47215.0,13000.0,32079.0,64387.0,56500.0,0.2679,Saint Cloud State University,Saint Cloud,0.6793,0.4758
53942.0,53942.0,27.0,4.0,41.0,2.0,3.0,1468.0,0.1806,0.5661,12.0,0.757,0.746438746,0.744845361,27000.0,19500.0,24965.0,23860.0,76786.0,26100.0,51860.0,106406.0,107400.0,59843.0,13300.0,40494.0,76650.0,67000.0,0.6581,Saint Johns University,Collegeville,0.8303,0.7916
43160.0,43160.0,27.0,4.0,32.0,2.0,3.0,1061.0,0.2209,0.5727,18.0,0.6767,0.594202899,0.67983368,21500.0,12500.0,16101.0,18500.0,58170.0,14200.0,41091.0,83618.0,79800.0,54549.0,12900.0,37761.0,76651.0,61400.0,0.6167,Saint Mary's University of Minnesota,Winona,0.786,0.5704
56970.0,56970.0,27.0,4.0,32.0,2.0,3.0,3049.0,0.2006,0.436,12.0,0.835,0.823529412,0.877647059,26000.0,18276.0,21500.0,25000.0,65543.0,14000.0,46256.0,88706.0,92100.0,48373.0,10800.0,31597.0,67549.0,63700.0,0.7928,St Olaf College,Northfield,0.9054,0.8541
30200.0,30200.0,27.0,4.0,41.0,2.0,3.0,789.0,0.2446,0.3781,22.0,0.6434,0.490774908,0.32885906,22500.0,12500.0,16316.0,15625.0,48057.0,6800.0,28949.0,68776.0,63100.0,39003.0,8200.0,21719.0,54712.0,55200.0,0.5645,Crown College,Saint Bonifacius,0.6702,0.589
40454.0,40454.0,27.0,4.0,13.0,2.0,3.0,1725.0,0.2322,0.5124,10.0,0.6299,0.670673077,0.679951691,20000.0,16500.0,16250.0,18750.0,65934.0,13500.0,45164.0,88527.0,84500.0,62332.0,14800.0,43269.0,85556.0,75100.0,0.5385,The College of Saint Scholastica,Duluth,0.7787,0.6599
52284.0,52284.0,27.0,4.0,11.0,2.0,3.0,6014.0,0.1956,0.4495,13.0,0.7517,0.662765957,0.620662461,23250.0,18000.0,20500.0,19500.0,73739.0,19100.0,51278.0,104019.0,99200.0,62412.0,15700.0,43441.0,78908.0,67000.0,0.6864,University of St Thomas,Saint Paul,0.8625,0.7859
49758.0,49758.0,27.0,4.0,11.0,2.0,3.0,2393.0,0.3582,0.5936,10.0,0.6513,0.576877235,0.59018143,24181.0,20000.0,20000.0,19064.0,59282.0,12300.0,40528.0,84277.0,82900.0,52795.0,15300.0,34942.0,74808.0,70700.0,0.5116,St Catherine University,Saint Paul,0.7813,0.6131
10304.0,10304.0,27.0,4.0,33.0,1.0,3.0,2045.0,0.1081,0.1532,16.0,0.4407,0.387722132,0.45648855,20500.0,13947.0,13743.0,15000.0,51342.0,12600.0,35692.0,69380.0,62800.0,43282.0,10600.0,29674.0,57080.0,50900.0,0.2948,Southwest Minnesota State University,Marshall,0.6959,0.4865
10498.0,17230.0,27.0,4.0,32.0,1.0,3.0,5088.0,0.2349,0.517,15.0,0.6089,0.592760181,0.592896175,21500.0,14000.0,15000.0,15000.0,58532.0,17000.0,43033.0,77702.0,74700.0,51288.0,13800.0,37306.0,69204.0,59700.0,0.4495,Winona State University,Winona,0.7753,0.6281
14436.0,14436.0,27.0,4.0,11.0,3.0,3.0,16173.0,0.3657,0.4559,36.0,0.3333,0.217056022,0.210255262,14968.0,8151.0,9178.0,9375.0,42189.0,17600.0,20330.0,69019.0,138200.0,48500.0,12500.0,27928.0,78472.0,109500.0,0.25,Capella University,Minneapolis,0.2273,0.5
13920.0,13920.0,24.0,2.0,21.0,3.0,3.0,1177.0,0.5955,0.121,39.0,0.0,0.133444207,0.154570325,40621.0,12667.0,20636.0,22364.0,40092.0,11500.0,20698.0,62129.0,106500.0,36582.0,9600.0,18625.0,56532.0,83200.0,0.0,Strayer University-Maryland,Suitland,0.6,0.2222
14400.0,14400.0,27.0,4.0,12.0,1.0,3.0,568.0,0.3556,0.4937,13.0,0.5691,0.733665658,0.748058671,19500.0,13990.0,15669.0,17750.0,69020.0,16100.0,47150.0,97410.0,91600.0,57984.0,13100.0,39424.0,79600.0,72400.0,0.5266,University of Minnesota-Rochester,Rochester,0.7211,0.4659
22194.0,22194.0,23.0,1.0,13.0,2.0,3.0,2395.0,0.3466,0.6962,17.0,0.5667,0.521798365,0.536516854,27000.0,22215.0,20500.0,22041.0,45025.0,12100.0,27453.0,69617.0,73700.0,41554.0,7600.0,24585.0,63753.0,56400.0,0.3693,Husson University,Bangor,0.7634,0.5495
8549.0,8549.0,28.0,5.0,43.0,1.0,3.0,2290.0,0.7742,0.7055,16.0,0.4615,0.321864595,0.323333333,27000.0,18929.0,15000.0,12000.0,36421.0,8000.0,19114.0,56491.0,65000.0,27752.0,5600.0,14705.0,44279.0,56600.0,0.3475,Alcorn State University,Alcorn State,0.7908,0.4305
29195.0,29195.0,28.0,5.0,12.0,2.0,3.0,1370.0,0.4454,0.6536,13.0,0.5113,0.440860215,0.430609598,26333.0,18817.0,19000.0,15000.0,46440.0,9700.0,30699.0,66973.0,72900.0,38987.0,7400.0,21939.0,56466.0,60100.0,0.3727,Belhaven University,Jackson,0.6887,0.5447
19280.0,19280.0,28.0,5.0,42.0,2.0,3.0,536.0,0.2623,0.3094,15.0,0.512,0.484126984,0.272222222,18534.0,13891.0,13875.0,12388.0,40421.0,10200.0,28608.0,51437.0,49800.0,35401.0,11600.0,26664.0,46528.0,37900.0,0.44,Blue Mountain Christian University,Blue Mountain,0.7444,0.5818
8605.0,8605.0,28.0,5.0,33.0,1.0,3.0,1613.0,0.4314,0.4944,11.0,0.4686,0.383008357,0.219072165,20390.0,15000.0,15000.0,14806.0,41991.0,8400.0,24798.0,59444.0,66300.0,36265.0,7900.0,21555.0,49869.0,54000.0,0.305,Delta State University,Cleveland,0.7358,0.4455
9090.0,10110.0,28.0,5.0,12.0,1.0,3.0,4769.0,0.6838,0.7804,15.0,0.3219,0.351160444,0.372609819,30470.0,26250.0,20914.0,18318.0,39060.0,9200.0,23528.0,56884.0,63100.0,30530.0,6100.0,16853.0,46019.0,47600.0,0.1899,Jackson State University,Jackson,0.6845,0.4111
43815.0,43815.0,28.0,5.0,12.0,2.0,3.0,580.0,0.3557,0.6124,9.0,0.5546,0.176470588,0.6875,27000.0,18250.0,16162.0,21500.0,53848.0,13800.0,36701.0,83784.0,89800.0,46137.0,9100.0,29122.0,65844.0,67200.0,0.5775,Millsaps College,Jackson,0.7348,0.6154
9412.0,26980.0,28.0,5.0,33.0,1.0,3.0,18995.0,0.2241,0.3292,17.0,0.6849,0.473365966,0.494428152,20000.0,16500.0,15000.0,15000.0,50994.0,13200.0,33733.0,78452.0,96700.0,45336.0,11000.0,29482.0,65926.0,72300.0,0.552,University of Mississippi,University,0.8793,0.6964
8092.0,8092.0,28.0,5.0,33.0,1.0,3.0,1593.0,0.4159,0.4087,10.0,0.3779,0.584131327,0.58839779,15000.0,15800.0,12500.0,12500.0,46128.0,9800.0,30451.0,71918.0,73400.0,47458.0,7900.0,29705.0,79608.0,58200.0,0.2442,Mississippi University for Women,Columbus,0.7167,0.4549
7912.0,7912.0,28.0,5.0,42.0,1.0,3.0,1326.0,0.5955,0.5393,13.0,0.2214,0.11323764,0.199134199,28413.0,21113.0,17000.0,13000.0,31919.0,5300.0,20156.0,47197.0,46600.0,25817.0,4300.0,13731.0,41111.0,39400.0,0.1393,Mississippi Valley State University,Itta Bena,0.5756,0.2764
21698.0,21698.0,28.0,5.0,21.0,2.0,3.0,2423.0,0.2617,0.3477,14.0,0.6281,0.514726508,0.515191546,22500.0,15750.0,17000.0,19500.0,47485.0,11700.0,30526.0,70680.0,77200.0,42011.0,10000.0,27884.0,59647.0,58800.0,0.5374,Mississippi College,Clinton,0.8027,0.629
9815.0,26580.0,28.0,5.0,33.0,1.0,3.0,18092.0,0.2864,0.392,16.0,0.6291,0.494047619,0.547531735,22142.0,16750.0,15295.0,16500.0,51513.0,14400.0,33648.0,77474.0,82500.0,43487.0,10200.0,28834.0,64050.0,61900.0,0.4279,Mississippi State University,Mississippi State,0.8285,0.6132
13840.0,13840.0,28.0,5.0,32.0,2.0,3.0,428.0,0.6876,0.6346,11.0,0.2695,0.249211356,0.290410959,26159.0,13932.0,12000.0,15000.0,32275.0,6200.0,18916.0,47214.0,45200.0,25641.0,2800.0,13188.0,37940.0,34100.0,0.2411,Rust College,Holly Springs,0.0952,0.2468
9618.0,11618.0,28.0,5.0,13.0,1.0,3.0,9899.0,0.4659,0.4999,15.0,0.5058,0.219636595,0.375221239,22500.0,14550.0,14000.0,14000.0,44140.0,10400.0,28070.0,66054.0,74400.0,37710.0,9300.0,23698.0,54205.0,56800.0,0.3437,University of Southern Mississippi,Hattiesburg,0.705,0.5331
11398.0,11398.0,28.0,5.0,12.0,2.0,3.0,681.0,0.618,0.5799,14.0,0.3231,0.195238095,0.411764706,30046.0,25000.0,21486.0,15830.0,34724.0,8000.0,20123.0,51844.0,61500.0,25777.0,4900.0,12202.0,38817.0,44700.0,0.2974,Tougaloo College,Tougaloo,0.7109,0.3506
14685.0,14685.0,28.0,5.0,13.0,2.0,3.0,1818.0,0.2458,0.2549,13.0,0.4083,0.397333333,0.445767196,20832.0,16666.0,15295.0,15000.0,43087.0,8200.0,26279.0,65483.0,72500.0,37639.0,6700.0,21335.0,55663.0,64500.0,0.3195,William Carey University,Hattiesburg,0.8035,0.607
38672.0,38672.0,29.0,4.0,11.0,2.0,3.0,1192.0,0.4908,0.8517,13.0,0.4262,0.437799043,0.523041475,25000.0,19000.0,18250.0,19500.0,52773.0,13200.0,36172.0,75165.0,75600.0,48975.0,11400.0,31964.0,67070.0,57300.0,0.2623,Avila University,Kansas City,0.6831,0.396
16230.0,16230.0,29.0,4.0,12.0,2.0,3.0,342.0,0.4891,0.7117,12.0,0.3824,0.308411215,0.348314607,26168.0,13000.0,13500.0,20500.0,38641.0,4400.0,25006.0,52102.0,62600.0,30600.0,6000.0,17262.0,43868.0,41400.0,0.2353,Mission University,Springfield,0.7049,0.3068
27140.0,27140.0,29.0,4.0,42.0,2.0,3.0,1015.0,0.3698,0.6386,11.0,0.525,0.424686192,0.470531401,17619.0,12876.0,13750.0,13100.0,48991.0,11200.0,34222.0,74400.0,58200.0,43860.0,11200.0,31377.0,69089.0,53300.0,0.437,Central Methodist University-College of Liberal Arts and Sciences,Fayette,0.6473,0.5018
9739.0,18064.0,29.0,4.0,32.0,1.0,3.0,5653.0,0.2565,0.3619,19.0,0.494,0.504266212,0.50726979,21000.0,15508.0,16500.0,15500.0,49560.0,11500.0,34032.0,71073.0,72300.0,41593.0,10100.0,28090.0,58968.0,53300.0,0.3604,University of Central Missouri,Warrensburg,0.704,0.532
24326.0,24326.0,29.0,4.0,12.0,2.0,3.0,5359.0,0.4412,0.4259,20.0,0.4567,0.221202608,0.26191349,23879.0,14250.0,15750.0,14289.0,45378.0,9900.0,26967.0,67837.0,79300.0,40747.0,7700.0,22555.0,59021.0,63400.0,0.3042,Columbia College,Columbia,0.674,0.2814
26209.0,26209.0,29.0,4.0,33.0,2.0,3.0,266.0,0.4534,0.5627,6.0,0.6145,0.472,0.490196078,19043.0,9500.0,9125.0,12000.0,35422.0,7500.0,20139.0,54483.0,52800.0,32903.0,6400.0,20763.0,45453.0,42900.0,0.3833,Cottey College,Nevada,0.6129,0.7391
29915.0,29915.0,29.0,4.0,43.0,2.0,3.0,884.0,0.3578,0.6789,17.0,0.5017,0.481967213,0.52233677,26000.0,14875.0,16000.0,15000.0,46092.0,13800.0,32798.0,61858.0,68300.0,40673.0,12400.0,27288.0,55191.0,50800.0,0.4323,Culver-Stockton College,Canton,0.673,0.4923
35235.0,35235.0,29.0,4.0,12.0,2.0,3.0,1367.0,0.272,0.528,13.0,0.6602,0.351981352,0.374743326,20979.0,12500.0,12000.0,15250.0,40694.0,7400.0,22819.0,61963.0,66800.0,37508.0,5900.0,22351.0,53946.0,49400.0,0.4345,Drury University,Springfield,0.7711,0.6064
27192.0,27192.0,29.0,4.0,12.0,2.0,3.0,1205.0,0.3612,0.8989,12.0,0.648,0.512658228,0.575031526,24736.0,15764.0,18750.0,18196.0,46573.0,6100.0,30919.0,66982.0,65700.0,39332.0,6900.0,25411.0,52047.0,55700.0,0.5391,Evangel University,Springfield,0.793,0.5762
28976.0,28976.0,29.0,4.0,21.0,2.0,3.0,632.0,0.4795,0.6462,9.0,0.5683,0.578571429,0.644859813,25000.0,18730.0,15000.0,17750.0,48825.0,12400.0,33436.0,68930.0,81800.0,44150.0,11300.0,33177.0,58779.0,64500.0,0.4388,Fontbonne University,Saint Louis,0.6409,0.618
26880.0,26880.0,29.0,4.0,33.0,2.0,3.0,381.0,0.2935,0.4391,7.0,0.4431,0.509090909,0.468227425,18599.0,12707.0,15000.0,15000.0,42643.0,12800.0,31422.0,63797.0,64400.0,41185.0,9000.0,30840.0,57546.0,49300.0,0.3133,Hannibal-LaGrange University,Hannibal,0.7925,0.3611
6442.0,11074.0,29.0,4.0,11.0,1.0,3.0,1086.0,0.7288,0.6153,14.0,0.2741,0.187739464,0.198492462,25930.0,13914.0,13000.0,10500.0,31088.0,6100.0,15173.0,46993.0,53900.0,26634.0,3900.0,14198.0,40920.0,43200.0,0.1351,Harris-Stowe State University,Saint Louis,0.6856,0.2151
43550.0,43550.0,29.0,4.0,11.0,2.0,3.0,782.0,0.4173,0.7019,10.0,0.6491,0.607734807,0.614973262,27000.0,25125.0,19682.0,19500.0,37032.0,3400.0,21301.0,53512.0,48400.0,25529.0,3700.0,14330.0,38069.0,45600.0,0.5263,Kansas City Art Institute,Kansas City,0.754,0.6207
9290.0,16882.0,29.0,4.0,13.0,1.0,3.0,1357.0,0.463,0.4665,13.0,0.221,0.240659341,0.277936963,28875.0,21000.0,14868.0,20250.0,39463.0,6900.0,24649.0,56230.0,57700.0,32185.0,5000.0,18607.0,46572.0,46600.0,0.1038,Lincoln University,Jefferson City,0.5046,0.2799
21100.0,21100.0,29.0,4.0,13.0,2.0,3.0,4748.0,0.2889,0.5181,13.0,0.5032,0.464899362,0.482708934,26000.0,21875.0,20825.0,20000.0,53278.0,12200.0,35718.0,77533.0,76800.0,45711.0,10400.0,30054.0,63992.0,61400.0,0.3747,Lindenwood University,Saint Charles,0.7306,0.5378
27166.0,27166.0,29.0,4.0,21.0,2.0,3.0,5988.0,0.3555,0.5426,13.0,0.7152,0.552447552,0.589984351,22000.0,9000.0,10600.0,13000.0,62105.0,15500.0,42105.0,83389.0,83900.0,55047.0,14100.0,37098.0,72311.0,67900.0,0.6142,Maryville University of Saint Louis,Saint Louis,0.8273,0.7402
33122.0,33122.0,29.0,4.0,21.0,2.0,3.0,1452.0,0.1271,0.2285,21.0,0.4819,0.456810631,0.480541455,22500.0,19000.0,18098.0,15000.0,46660.0,10100.0,33739.0,66153.0,60000.0,38997.0,8000.0,26552.0,55483.0,52800.0,0.3347,Missouri Baptist University,Saint Louis,0.6656,0.4229
8400.0,16800.0,29.0,4.0,13.0,1.0,3.0,3101.0,0.3497,0.3453,16.0,0.3833,0.307392996,0.366275052,19174.0,11000.0,12070.0,12500.0,42620.0,9100.0,27146.0,61890.0,63500.0,37866.0,7100.0,24118.0,54253.0,50300.0,0.2304,Missouri Southern State University,Joplin,0.6964,0.3759
23000.0,23000.0,29.0,4.0,33.0,2.0,3.0,1274.0,0.2991,0.4111,16.0,0.2448,0.253438114,0.213051823,25950.0,9500.0,9500.0,12000.0,43221.0,8500.0,26201.0,62900.0,65100.0,36902.0,6900.0,24606.0,52312.0,48700.0,0.1823,Missouri Valley College,Marshall,0.5305,0.2477
9800.0,17500.0,29.0,4.0,13.0,1.0,3.0,2372.0,0.2817,0.3033,14.0,0.398,0.331450094,0.342683851,19968.0,12000.0,11000.0,12000.0,42647.0,8800.0,26153.0,62659.0,65500.0,37499.0,6600.0,23645.0,52421.0,52300.0,0.2402,Missouri Western State University,Saint Joseph,0.5928,0.394
14130.0,34338.0,29.0,4.0,12.0,1.0,3.0,23118.0,0.201,0.3493,17.0,0.7618,0.622676153,0.664903744,20500.0,15000.0,15750.0,17500.0,63403.0,16200.0,42277.0,90496.0,94700.0,52756.0,12500.0,35648.0,72158.0,64200.0,0.5639,University of Missouri-Columbia,Columbia,0.9131,0.7331
11988.0,28788.0,29.0,4.0,11.0,1.0,3.0,6618.0,0.2498,0.2435,14.0,0.5589,0.455615498,0.504472272,18750.0,16750.0,14000.0,14000.0,59637.0,11200.0,38427.0,87015.0,109500.0,50298.0,10900.0,32302.0,70867.0,75000.0,0.3513,University of Missouri-Kansas City,Kansas City,0.7745,0.5639
14278.0,31678.0,29.0,4.0,33.0,1.0,3.0,5467.0,0.2075,0.4036,19.0,0.636,0.520392749,0.656600518,23250.0,19250.0,19500.0,18750.0,82957.0,20800.0,53687.0,106938.0,100500.0,69295.0,15900.0,43323.0,86523.0,86200.0,0.2677,Missouri University of Science and Technology,Rolla,0.8607,0.6521
13440.0,33432.0,29.0,4.0,21.0,1.0,3.0,5108.0,0.1785,0.1988,13.0,0.5687,0.533834586,0.569682152,20000.0,18987.0,16500.0,14582.0,53037.0,10800.0,34118.0,78222.0,79700.0,47564.0,10600.0,31834.0,66763.0,65000.0,0.3605,University of Missouri-St Louis,Saint Louis,0.6828,0.6028
9470.0,17870.0,29.0,4.0,33.0,1.0,3.0,2666.0,0.153,0.2753,12.0,0.6839,0.556906077,0.65491453,21000.0,14000.0,16609.0,18000.0,56280.0,16100.0,39468.0,76912.0,78600.0,43966.0,11900.0,32179.0,60377.0,55600.0,0.5716,Truman State University,Kirksville,0.835,0.7253
10181.0,16623.0,29.0,4.0,33.0,1.0,3.0,4550.0,0.2732,0.4683,19.0,0.575,0.476831091,0.498138496,21500.0,13000.0,14250.0,15875.0,47885.0,15200.0,34086.0,66291.0,75800.0,41695.0,12100.0,28377.0,54224.0,50600.0,0.4347,Northwest Missouri State University,Maryville,0.7426,0.5186
15550.0,15550.0,29.0,4.0,13.0,2.0,3.0,612.0,0.3849,0.5576,13.0,0.6792,0.408450704,0.543269231,16772.0,9000.0,10403.0,9500.0,41297.0,5200.0,27607.0,56404.0,58300.0,32528.0,5000.0,21899.0,44534.0,44600.0,0.3564,Ozark Christian College,Joplin,0.7714,0.6015
16400.0,16400.0,29.0,4.0,21.0,2.0,3.0,5250.0,0.3863,0.3131,13.0,0.2996,0.371084337,0.393218846,21685.0,12500.0,12500.0,13272.0,56309.0,12300.0,36174.0,82603.0,86800.0,50550.0,11400.0,30815.0,69891.0,75900.0,0.1295,Park University,Parkville,0.5749,0.259
43420.0,43420.0,29.0,4.0,11.0,2.0,3.0,1702.0,0.1933,0.3352,12.0,0.7558,0.758474576,0.763345196,18250.0,12500.0,12500.0,14000.0,67102.0,15800.0,43076.0,88628.0,92100.0,61371.0,14200.0,43235.0,75319.0,69700.0,0.6907,Rockhurst University,Kansas City,0.8415,0.7421
53244.0,53244.0,29.0,4.0,11.0,2.0,3.0,7324.0,0.1537,0.3183,8.0,0.7975,0.664502165,0.709835064,25000.0,19000.0,19500.0,20000.0,70783.0,19900.0,46594.0,97115.0,103400.0,60716.0,15000.0,40701.0,78817.0,73800.0,0.7288,Saint Louis University,Saint Louis,0.8873,0.8033
31920.0,31920.0,29.0,4.0,11.0,2.0,3.0,274.0,0.2879,0.6818,9.0,0.7547,0.630331754,0.816593886,17755.0,12500.0,15500.0,15750.0,137047.0,31800.0,98569.0,155836.0,147900.0,116360.0,29200.0,50767.0,137986.0,139700.0,0.6509,University of Health Sciences and Pharmacy in St. Louis,Saint Louis,0.6321,0.7713
28320.0,28320.0,29.0,4.0,32.0,2.0,3.0,1339.0,0.3513,0.4706,10.0,0.5121,0.453910615,0.507565337,20957.0,14518.0,13982.0,14000.0,43112.0,8800.0,28512.0,67324.0,66500.0,38855.0,7800.0,26132.0,56137.0,53200.0,0.5114,Southwest Baptist University,Bolivar,0.6642,0.5059
28200.0,28200.0,29.0,4.0,12.0,2.0,3.0,353.0,0.4171,0.6283,7.0,0.4651,0.483606557,0.331707317,27000.0,23750.0,22500.0,14000.0,43071.0,4200.0,26214.0,64594.0,63700.0,36778.0,7400.0,21534.0,49679.0,51600.0,0.0078,Stephens College,Columbia,0.7105,0.5344
9496.0,9496.0,29.0,4.0,13.0,1.0,3.0,6588.0,0.2942,0.345,20.0,0.5568,0.419307655,0.428383706,21500.0,13998.0,14040.0,15000.0,44030.0,12500.0,29197.0,63909.0,70700.0,38150.0,9900.0,25521.0,54054.0,52900.0,0.3917,Southeast Missouri State University,Cape Girardeau,0.7585,0.5579
9024.0,17928.0,29.0,4.0,12.0,1.0,3.0,13407.0,0.2134,0.3108,21.0,0.5733,0.483602545,0.519490071,21992.0,15750.0,15750.0,17000.0,49827.0,12600.0,33755.0,71692.0,73500.0,40553.0,10800.0,28001.0,57464.0,54100.0,0.4166,Missouri State University-Springfield,Springfield,0.793,0.6073
62982.0,62982.0,29.0,4.0,21.0,2.0,3.0,7897.0,0.1589,0.1426,7.0,0.9445,0.876923077,0.909698997,17500.0,9459.0,9500.0,17415.0,86182.0,20200.0,60733.0,137446.0,154300.0,78073.0,12600.0,49600.0,111948.0,106900.0,0.8731,Washington University in St Louis,Saint Louis,0.959,0.9348
30730.0,30730.0,29.0,4.0,21.0,2.0,3.0,2180.0,0.2804,0.4392,15.0,0.6106,0.432214765,0.52513369,23000.0,19500.0,18400.0,16750.0,50876.0,9500.0,32114.0,75788.0,81100.0,39656.0,8200.0,23973.0,58319.0,64100.0,0.4951,Webster University,Saint Louis,0.7679,0.5777
34188.0,34188.0,29.0,4.0,32.0,2.0,3.0,592.0,0.3967,0.6754,10.0,0.5747,0.405,0.482300885,27000.0,15638.0,17875.0,19598.0,52199.0,20900.0,35548.0,77814.0,81200.0,40992.0,9900.0,29837.0,57409.0,51600.0,0.477,Westminster College,Fulton,0.6335,0.5356
19890.0,19890.0,29.0,4.0,21.0,2.0,3.0,868.0,0.2791,0.7985,10.0,0.6162,0.698795181,0.659574468,24498.0,18131.0,19500.0,19500.0,59268.0,12600.0,43279.0,84654.0,74200.0,54197.0,13000.0,35974.0,72659.0,64500.0,0.5303,William Jewell College,Liberty,0.7654,0.6531
28860.0,28860.0,29.0,4.0,32.0,2.0,3.0,1061.0,0.3034,0.5019,11.0,0.5699,0.54,0.582142857,21983.0,12683.0,14548.0,15010.0,42401.0,10600.0,29832.0,62939.0,65500.0,39265.0,10800.0,27761.0,51733.0,52500.0,0.4922,William Woods University,Fulton,0.7371,0.5526
40352.0,40352.0,30.0,7.0,13.0,2.0,3.0,1052.0,0.1804,0.4489,11.0,0.6633,0.650847458,0.58778626,25757.0,19500.0,21000.0,21500.0,61772.0,11800.0,41237.0,82374.0,81400.0,43507.0,10900.0,29733.0,64188.0,64300.0,0.5408,Carroll College,Helena,0.8108,0.677
6706.0,21347.0,30.0,7.0,12.0,1.0,3.0,2710.0,0.2647,0.2955,14.0,0.282,0.233712513,0.211573237,18209.0,10296.0,9953.0,10250.0,44296.0,6800.0,25006.0,65133.0,68200.0,39531.0,6800.0,25590.0,56577.0,60200.0,0.1497,Montana State University Billings,Billings,0.557,0.2762
29018.0,29018.0,30.0,7.0,13.0,2.0,3.0,527.0,0.3103,0.457,7.0,0.4674,0.325,0.355371901,18750.0,12407.0,14250.0,10076.0,48296.0,5100.0,30699.0,69928.0,53700.0,37734.0,5400.0,26527.0,57917.0,54700.0,0.2935,University of Providence,Great Falls,0.701,0.5521
8050.0,24730.0,30.0,7.0,33.0,1.0,3.0,1428.0,0.2136,0.4148,13.0,0.5805,0.409586057,0.369047619,18750.0,10500.0,9361.0,9724.0,54329.0,10300.0,31114.0,82037.0,103700.0,48356.0,9000.0,29145.0,73735.0,81900.0,0.3559,Montana Technological University,Butte,0.7622,0.5909
8083.0,31337.0,30.0,7.0,13.0,1.0,3.0,14472.0,0.1673,0.3244,18.0,0.5735,0.431882879,0.5,22500.0,15538.0,14175.0,12018.0,53263.0,9700.0,31991.0,78911.0,84200.0,44757.0,9000.0,29406.0,66899.0,62300.0,0.3605,Montana State University,Bozeman,0.7789,0.563
8152.0,31622.0,30.0,7.0,13.0,1.0,3.0,7079.0,0.2751,0.4193,18.0,0.4544,0.280972417,0.339872068,22400.0,16355.0,15000.0,13000.0,44511.0,9000.0,25532.0,67661.0,74900.0,35729.0,7500.0,22049.0,51250.0,58300.0,0.3084,The University of Montana,Missoula,0.7599,0.5062
6269.0,19385.0,30.0,7.0,33.0,1.0,3.0,787.0,0.297,0.2795,13.0,0.4233,0.224431818,0.344,18500.0,10250.0,8970.0,12000.0,49505.0,8200.0,28299.0,78174.0,71200.0,45045.0,6500.0,28323.0,67817.0,61700.0,0.2308,Montana State University-Northern,Havre,0.6932,0.3875
33252.0,33252.0,30.0,7.0,12.0,2.0,3.0,790.0,0.3172,0.5633,12.0,0.4675,0.442804428,0.417322835,26000.0,12500.0,12500.0,12000.0,49036.0,9200.0,32236.0,73711.0,97200.0,41783.0,6300.0,28897.0,59760.0,62200.0,0.3211,Rocky Mountain College,Billings,0.6385,0.5272
6430.0,19038.0,30.0,7.0,33.0,1.0,3.0,1271.0,0.3539,0.3216,15.0,0.4945,0.24205379,0.347457627,21000.0,12137.0,11000.0,12000.0,43229.0,8400.0,27972.0,61326.0,63800.0,37252.0,6200.0,24905.0,50254.0,50400.0,0.3452,The University of Montana-Western,Dillon,0.7917,0.405
8886.0,8886.0,31.0,4.0,21.0,2.0,3.0,10426.0,0.2891,0.2415,17.0,0.5588,0.492788462,0.534050179,20000.0,10500.0,11779.0,11108.0,61289.0,18200.0,39416.0,93809.0,100600.0,57732.0,13600.0,37737.0,81260.0,92100.0,0.1765,Bellevue University,Bellevue,0.5118,0.2642
15168.0,15168.0,31.0,4.0,11.0,2.0,3.0,611.0,0.3043,0.7068,18.0,0.75,0.665158371,0.70212766,23716.0,24508.0,19500.0,18515.0,64876.0,21300.0,46975.0,87488.0,71800.0,62339.0,21000.0,46594.0,78047.0,69900.0,0.5185,Clarkson College,Omaha,0.7692,0.68
20070.0,20070.0,31.0,4.0,11.0,2.0,3.0,534.0,0.2124,0.5819,9.0,0.7547,0.725806452,0.678832117,24985.0,24209.0,19979.0,22474.0,70845.0,19500.0,51898.0,90460.0,82900.0,66305.0,24900.0,46937.0,79215.0,61000.0,0.5577,Bryan College of Health Sciences,Lincoln,0.8065,0.6977
8078.0,8078.0,31.0,4.0,33.0,1.0,3.0,1634.0,0.3587,0.5295,15.0,0.3807,0.379251701,0.396638655,18875.0,9500.0,11813.0,12000.0,47002.0,9700.0,30481.0,65068.0,75000.0,39139.0,8800.0,26327.0,53306.0,58100.0,0.2589,Chadron State College,Chadron,0.6975,0.4019
39330.0,39330.0,31.0,4.0,32.0,2.0,3.0,1270.0,0.1136,0.2661,14.0,0.6408,0.604719764,0.61971831,25750.0,14250.0,19500.0,19500.0,52415.0,8700.0,34805.0,70805.0,68500.0,44527.0,10700.0,30785.0,57713.0,53500.0,0.4684,Concordia University-Nebraska,Seward,0.7761,0.5937
47000.0,47000.0,31.0,4.0,11.0,2.0,3.0,4231.0,0.0524,0.4455,10.0,0.8052,0.742346939,0.795264624,25000.0,24950.0,22000.0,20000.0,73911.0,22800.0,51701.0,108608.0,123300.0,63090.0,16100.0,42380.0,85255.0,82100.0,0.7333,Creighton University,Omaha,0.9218,0.7887
40491.0,40491.0,31.0,4.0,32.0,2.0,3.0,981.0,0.2801,0.7735,11.0,0.5585,0.53256705,0.522678186,25000.0,14575.0,18971.0,21223.0,53316.0,14600.0,37728.0,72174.0,77400.0,46009.0,10800.0,32691.0,60640.0,56000.0,0.5217,Doane University,Crete,0.7238,0.5909
36130.0,36130.0,31.0,4.0,32.0,2.0,3.0,957.0,0.2894,0.6387,14.0,0.5327,0.40625,0.485804416,27000.0,14645.0,15465.0,16750.0,51303.0,12500.0,36199.0,69057.0,77200.0,45590.0,12900.0,32664.0,60363.0,56300.0,0.4673,Hastings College,Hastings,0.678,0.4949
8302.0,14260.0,31.0,4.0,32.0,1.0,3.0,4130.0,0.3354,0.3713,13.0,0.5975,0.458834413,0.489270386,19500.0,13350.0,12000.0,14230.0,50105.0,12100.0,35587.0,67898.0,72400.0,43241.0,12300.0,30090.0,56446.0,54100.0,0.3795,University of Nebraska at Kearney,Kearney,0.766,0.5841
18173.0,18173.0,31.0,4.0,11.0,2.0,3.0,752.0,0.323,0.6559,12.0,0.6667,0.64893617,0.794238683,23417.0,23365.0,18750.0,20000.0,65071.0,11300.0,42399.0,86864.0,80300.0,61249.0,21400.0,43572.0,75723.0,66500.0,0.4571,Nebraska Methodist College of Nursing & Allied Health,Omaha,0.7813,0.7273
40270.0,40270.0,31.0,4.0,32.0,2.0,3.0,1191.0,0.2806,0.6515,13.0,0.4321,0.441102757,0.414686825,26134.0,15750.0,17500.0,14000.0,52163.0,12600.0,35105.0,71923.0,72600.0,45145.0,11600.0,31192.0,60024.0,55000.0,0.3519,Midland University,Fremont,0.7253,0.4531
8370.0,22358.0,31.0,4.0,11.0,1.0,3.0,11573.0,0.331,0.2823,15.0,0.475,0.420894401,0.464710253,19000.0,12500.0,12308.0,13500.0,53909.0,13700.0,37105.0,77577.0,79700.0,45494.0,11300.0,31381.0,61445.0,58900.0,0.275,University of Nebraska at Omaha,Omaha,0.7575,0.5583
41658.0,41658.0,31.0,4.0,11.0,2.0,3.0,1514.0,0.296,0.5563,13.0,0.6889,0.532467532,0.565922921,26970.0,17750.0,16516.0,17500.0,56405.0,18300.0,41245.0,80584.0,81700.0,47667.0,11700.0,33629.0,68849.0,60900.0,0.5827,Nebraska Wesleyan University,Lincoln,0.7458,0.6629
10108.0,27748.0,31.0,4.0,11.0,1.0,3.0,18887.0,0.2217,0.3373,16.0,0.6585,0.559575626,0.596423659,21000.0,13500.0,13318.0,15970.0,56887.0,16100.0,40131.0,80043.0,84500.0,47692.0,12700.0,33958.0,65338.0,61600.0,0.4854,University of Nebraska-Lincoln,Lincoln,0.8427,0.6738
8280.0,8280.0,31.0,4.0,43.0,1.0,3.0,1141.0,0.3376,0.4038,16.0,0.3772,0.303317536,0.393822394,21875.0,12608.0,14000.0,10691.0,47071.0,11700.0,32708.0,61491.0,66200.0,39150.0,7500.0,23423.0,52854.0,54500.0,0.2719,Peru State College,Peru,0.6273,0.3952
23340.0,23340.0,31.0,4.0,11.0,2.0,3.0,455.0,0.3692,0.564,7.0,0.5941,0.648888889,0.654618474,24250.0,17500.0,15724.0,19000.0,54338.0,11200.0,36095.0,77863.0,69700.0,59339.0,8700.0,40227.0,75594.0,64200.0,0.4851,College of Saint Mary,Omaha,0.6818,0.5811
27990.0,27990.0,31.0,4.0,11.0,2.0,3.0,439.0,0.2438,0.5157,7.0,0.4586,0.475,0.466981132,27000.0,24500.0,16938.0,16924.0,55045.0,7600.0,35545.0,76202.0,88500.0,43853.0,7900.0,28925.0,62360.0,66200.0,0.2826,Union Adventist University,Lincoln,0.7975,0.5882
7970.0,7970.0,31.0,4.0,32.0,1.0,3.0,3041.0,0.2658,0.3751,19.0,0.557,0.452036794,0.520496894,19000.0,11898.0,11969.0,13624.0,47075.0,12400.0,33248.0,63570.0,66600.0,40857.0,10900.0,27402.0,52824.0,51400.0,0.405,Wayne State College,Wayne,0.7297,0.5111
21600.0,21600.0,31.0,4.0,33.0,2.0,3.0,443.0,0.4374,0.7092,11.0,0.374,0.328671329,0.28057554,21500.0,15510.0,13375.0,12000.0,44130.0,8500.0,26604.0,57149.0,60100.0,36447.0,6500.0,22686.0,49785.0,42800.0,0.2231,York University,York,0.6667,0.3426
18400.0,18400.0,33.0,1.0,43.0,2.0,3.0,778.0,0.2298,0.6859,10.0,0.6162,0.475,0.585669782,27000.0,12750.0,22543.0,19500.0,46474.0,12900.0,36418.0,65186.0,72600.0,37935.0,12500.0,26966.0,50828.0,66200.0,0.524,Colby-Sawyer College,New London,0.8077,0.6343
65739.0,65739.0,33.0,1.0,33.0,2.0,3.0,4367.0,0.1483,0.1198,7.0,0.9604,0.87473904,0.923990499,17500.0,7867.0,9449.0,17483.0,97434.0,16900.0,64562.0,189467.0,210500.0,82541.0,15600.0,46267.0,131339.0,132000.0,0.8425,Dartmouth College,Hanover,0.9778,0.9541
44963.0,44963.0,33.0,1.0,42.0,2.0,3.0,1055.0,0.2716,0.7319,13.0,0.461,0.428571429,0.498,27000.0,15460.0,19500.0,20500.0,53353.0,10900.0,30187.0,81765.0,70300.0,45563.0,8500.0,30114.0,69435.0,55000.0,0.4286,Franklin Pierce University,Rindge,0.7296,0.4127
41578.0,41578.0,33.0,1.0,42.0,2.0,3.0,980.0,0.419,0.7344,8.0,0.3109,0.265909091,0.292108363,26000.0,15000.0,17000.0,15250.0,42092.0,9700.0,22889.0,60577.0,63700.0,31050.0,8900.0,14422.0,49510.0,61600.0,0.2648,New England College,Henniker,0.6,0.223
16450.0,16450.0,33.0,1.0,22.0,2.0,3.0,156755.0,0.469,0.5907,24.0,0.4487,0.22636377,0.302664688,21082.0,7836.0,9999.0,11083.0,50318.0,10000.0,29434.0,75732.0,82800.0,41945.0,9800.0,22001.0,65846.0,61500.0,0.3847,Southern New Hampshire University,Manchester,0.5989,0.3794
19112.0,38882.0,33.0,1.0,31.0,1.0,3.0,11230.0,0.1773,0.5766,16.0,0.7645,0.699776429,0.699603437,26814.0,22704.0,22997.0,21801.0,66479.0,16900.0,43635.0,98059.0,89300.0,53671.0,14100.0,36495.0,75175.0,66900.0,0.6903,University of New Hampshire-Main Campus,Durham,0.864,0.7837
14710.0,26186.0,33.0,1.0,32.0,1.0,3.0,2680.0,0.2371,0.6836,16.0,0.5844,0.538954109,0.627659574,25749.0,18865.0,19990.0,20500.0,54368.0,13100.0,36042.0,78820.0,71700.0,46649.0,12000.0,29603.0,65176.0,54500.0,0.4989,Keene State College,Keene,0.7847,0.6024
15820.0,35530.0,33.0,1.0,12.0,1.0,3.0,486.0,0.32,0.4686,9.0,0.6508,0.699776429,0.699603437,26814.0,22704.0,22997.0,21801.0,66479.0,16900.0,43635.0,98059.0,89300.0,53671.0,14100.0,36495.0,75175.0,66900.0,0.5098,University of New Hampshire at Manchester,Manchester,0.6818,0.6429
14558.0,25498.0,33.0,1.0,33.0,1.0,3.0,3298.0,0.2563,0.7291,15.0,0.4743,0.495014245,0.502798507,26000.0,16260.0,16803.0,17750.0,57304.0,12700.0,38335.0,82952.0,68700.0,46466.0,11700.0,28594.0,62940.0,51800.0,0.4065,Plymouth State University,Plymouth,0.713,0.5421
37791.0,37791.0,33.0,1.0,13.0,2.0,3.0,1312.0,0.2731,0.7306,14.0,0.5871,0.573446328,0.498746867,26956.0,20925.0,20917.0,21000.0,52248.0,13500.0,35475.0,70095.0,75900.0,54599.0,12900.0,37852.0,79452.0,69700.0,0.4886,Rivier University,Nashua,0.7621,0.6145
46810.0,46810.0,33.0,1.0,22.0,2.0,3.0,2032.0,0.1052,0.683,11.0,0.8315,0.764302059,0.782997763,27000.0,26681.0,26000.0,27000.0,73371.0,20200.0,48994.0,103001.0,92200.0,63347.0,16200.0,43781.0,82564.0,72500.0,0.7839,Saint Anselm College,Manchester,0.8958,0.7746
7812.0,9372.0,33.0,1.0,12.0,1.0,3.0,1019.0,0.3188,0.4335,13.0,0.1429,0.699776429,0.699603437,26814.0,22704.0,22997.0,21801.0,66479.0,16900.0,43635.0,98059.0,89300.0,53671.0,14100.0,36495.0,75175.0,66900.0,0.04,University of New Hampshire College of Professional Studies Online,Manchester,0.3333,0.1515
28600.0,28600.0,34.0,2.0,21.0,3.0,3.0,1798.0,0.5957,0.7094,14.0,0.4476,0.439276486,0.464190981,23251.0,14645.0,16500.0,18807.0,40251.0,8200.0,20207.0,59554.0,72800.0,37060.0,6500.0,18808.0,52169.0,58500.0,0.3842,Berkeley College-Woodland Park,Woodland Park,0.6875,0.4121
30680.0,30680.0,34.0,2.0,21.0,2.0,3.0,901.0,0.6892,0.9002,13.0,0.3105,0.368852459,0.363636364,26746.0,18750.0,18750.0,15708.0,45902.0,7800.0,23807.0,68283.0,71900.0,35477.0,6400.0,18323.0,53815.0,66800.0,0.1834,Bloomfield College,Bloomfield,0.5931,0.3972
39450.0,39450.0,34.0,2.0,21.0,2.0,3.0,1437.0,0.4592,0.6903,13.0,0.587,0.199404762,0.611111111,25000.0,17500.0,18750.0,19500.0,53843.0,10600.0,34453.0,74668.0,83800.0,47439.0,7400.0,30026.0,68274.0,63500.0,0.5136,Caldwell University,Caldwell,0.7297,0.5964
37732.0,37732.0,34.0,2.0,21.0,2.0,3.0,934.0,0.3772,0.8109,12.0,0.5659,0.649595687,0.617816092,23163.0,19408.0,20000.0,19000.0,53726.0,9400.0,32641.0,76677.0,86400.0,46049.0,8200.0,30411.0,66083.0,71900.0,0.4706,Centenary University,Hackettstown,0.7487,0.6844
45360.0,45360.0,34.0,2.0,21.0,2.0,3.0,1510.0,0.2723,0.5753,11.0,0.7243,0.665634675,0.670623145,25288.0,19500.0,23000.0,21000.0,63646.0,13100.0,39892.0,88416.0,89200.0,47562.0,6500.0,28617.0,68447.0,66200.0,0.673,Drew University,Madison,0.8447,0.7444
35822.0,35822.0,34.0,2.0,21.0,2.0,3.0,2578.0,0.2151,0.221,14.0,0.6171,0.56302521,0.538961039,25000.0,19500.0,19500.0,19500.0,57273.0,11600.0,33741.0,85029.0,91100.0,45916.0,8300.0,26336.0,68825.0,71700.0,0.4795,Fairleigh Dickinson University-Metropolitan Campus,Teaneck,0.7576,0.5463
37830.0,37830.0,34.0,2.0,21.0,2.0,3.0,1754.0,0.5155,0.5739,15.0,0.4968,0.444672131,0.572151899,25000.0,18750.0,21167.0,20000.0,57602.0,9900.0,34174.0,98153.0,81400.0,56957.0,9600.0,29265.0,92762.0,83000.0,0.2565,Felician University,Lodi,0.8038,0.5439
35822.0,35822.0,34.0,2.0,21.0,2.0,3.0,1958.0,0.3492,0.5728,11.0,0.723,0.56302521,0.538961039,25000.0,19500.0,19500.0,19500.0,57273.0,11600.0,33741.0,85029.0,91100.0,45916.0,8300.0,26336.0,68825.0,71700.0,0.6435,Fairleigh Dickinson University-Florham Campus,Madison,0.7716,0.6286
37110.0,37110.0,34.0,2.0,13.0,2.0,3.0,1174.0,0.3025,0.4439,10.0,0.5509,0.644329897,0.610526316,21816.0,16116.0,18625.0,16482.0,53096.0,10100.0,34657.0,68615.0,70300.0,44627.0,10000.0,26649.0,63048.0,58300.0,0.3889,Georgian Court University,Lakewood,0.7602,0.5906
15700.0,25564.0,34.0,2.0,21.0,1.0,3.0,14647.0,0.3129,0.4431,16.0,0.6828,0.623416831,0.695154521,20500.0,17683.0,17151.0,15500.0,59988.0,14100.0,40999.0,82759.0,83700.0,50705.0,11200.0,31882.0,68492.0,64300.0,0.5118,Rowan University,Glassboro,0.8158,0.708
13971.0,24888.0,34.0,2.0,11.0,1.0,3.0,4076.0,0.5238,0.3236,14.0,0.3874,0.434805748,0.499693815,18500.0,13808.0,14250.0,14903.0,52745.0,10600.0,30517.0,76983.0,77700.0,45918.0,7500.0,23537.0,69034.0,62200.0,0.2074,New Jersey City University,Jersey City,0.6658,0.4244
13426.0,21076.0,34.0,2.0,21.0,1.0,3.0,10842.0,0.4631,0.456,17.0,0.4338,0.503873358,0.564017293,23250.0,17500.0,17253.0,16250.0,57237.0,11100.0,36530.0,78461.0,80300.0,46603.0,8500.0,26316.0,65495.0,63900.0,0.2405,Kean University,Union,0.7537,0.506
44850.0,44850.0,34.0,2.0,21.0,2.0,3.0,3831.0,0.3036,0.6106,12.0,0.7033,0.690695725,0.738118332,27000.0,26000.0,24500.0,22500.0,67991.0,13900.0,48950.0,95681.0,88900.0,55825.0,9700.0,33729.0,73137.0,63800.0,0.622,Monmouth University,West Long Branch,0.8147,0.6959
14766.0,24126.0,34.0,2.0,21.0,1.0,3.0,17677.0,0.4439,0.403,17.0,0.6426,0.613445378,0.681505165,22000.0,17250.0,17750.0,17125.0,61415.0,12600.0,38809.0,84277.0,88200.0,47944.0,9600.0,28678.0,65357.0,64500.0,0.4604,Montclair State University,Montclair,0.7972,0.6896
19022.0,35934.0,34.0,2.0,11.0,1.0,3.0,8762.0,0.3897,0.3285,16.0,0.7311,0.585995086,0.615438108,21000.0,17868.0,16750.0,16626.0,84276.0,20000.0,55991.0,113061.0,110600.0,69591.0,14200.0,43980.0,90488.0,83100.0,0.4943,New Jersey Institute of Technology,Newark,0.9072,0.7766
59710.0,59710.0,34.0,2.0,13.0,2.0,3.0,5579.0,0.1872,0.0296,5.0,0.9709,0.886850153,0.950819672,10320.0,5500.0,5500.0,12000.0,110066.0,20800.0,68313.0,197494.0,217200.0,87815.0,6800.0,52741.0,136499.0,141700.0,0.7963,Princeton University,Princeton,0.9733,0.9802
15978.0,26388.0,34.0,2.0,21.0,1.0,3.0,4664.0,0.2672,0.3906,16.0,0.7186,0.572525597,0.643203883,21000.0,16471.0,14500.0,14750.0,67541.0,12900.0,45520.0,94225.0,87400.0,53872.0,12100.0,31994.0,74201.0,69700.0,0.5889,Ramapo College of New Jersey,Mahwah,0.8712,0.7228
38900.0,38900.0,34.0,2.0,21.0,2.0,3.0,3192.0,0.3336,0.5988,12.0,0.6332,0.624349636,0.674489796,26130.0,20500.0,21362.0,20500.0,62208.0,14400.0,42182.0,84492.0,87600.0,51289.0,11400.0,32435.0,69099.0,65000.0,0.5696,Rider University,Lawrenceville,0.8164,0.6121
17079.0,35841.0,34.0,2.0,13.0,1.0,3.0,3819.0,0.4432,0.4863,12.0,0.6645,0.715907928,0.733077641,21500.0,19500.0,19500.0,18012.0,74479.0,15400.0,49127.0,107416.0,108100.0,61263.0,11100.0,38121.0,86201.0,79000.0,0.4663,Rutgers University-Camden,Camden,0.8187,0.7322
17239.0,36001.0,34.0,2.0,13.0,1.0,3.0,36357.0,0.272,0.3679,15.0,0.8501,0.715907928,0.733077641,21500.0,19500.0,19500.0,18012.0,74479.0,15400.0,49127.0,107416.0,108100.0,61263.0,11100.0,38121.0,86201.0,79000.0,0.7143,Rutgers University-New Brunswick,New Brunswick,0.9263,0.8484
16586.0,35348.0,34.0,2.0,11.0,1.0,3.0,7187.0,0.557,0.3087,13.0,0.676,0.715907928,0.733077641,21500.0,19500.0,19500.0,18012.0,74479.0,15400.0,49127.0,107416.0,108100.0,61263.0,11100.0,38121.0,86201.0,79000.0,0.4165,Rutgers University-Newark,Newark,0.8425,0.6683
41054.0,41054.0,34.0,2.0,11.0,2.0,3.0,1939.0,0.5418,0.3322,11.0,0.6313,0.531393568,0.520529801,20500.0,14685.0,16375.0,20000.0,57815.0,9800.0,33169.0,83514.0,82200.0,42470.0,5700.0,23044.0,62688.0,64000.0,0.51,Saint Peter's University,Jersey City,0.7161,0.5926
51370.0,51370.0,34.0,2.0,21.0,2.0,3.0,5924.0,0.3026,0.5116,14.0,0.7147,0.635053111,0.713972202,22750.0,18500.0,18050.0,17500.0,70196.0,15900.0,46782.0,99356.0,104300.0,60291.0,13000.0,37605.0,83683.0,82300.0,0.6509,Seton Hall University,South Orange,0.8524,0.7229
35942.0,35942.0,34.0,2.0,21.0,2.0,3.0,636.0,0.5414,0.6282,11.0,0.4024,0.47826087,0.517073171,24934.0,14750.0,13000.0,11500.0,53038.0,11700.0,30946.0,76520.0,76900.0,49479.0,7000.0,28245.0,77166.0,63700.0,0.3354,Saint Elizabeth University,Morristown,0.8049,0.396
60952.0,60952.0,34.0,2.0,21.0,2.0,3.0,4084.0,0.2047,0.5496,10.0,0.8988,0.83011583,0.829568789,27000.0,23386.0,24000.0,23250.0,108772.0,32100.0,82965.0,137041.0,135300.0,90326.0,19000.0,70684.0,112169.0,90500.0,0.6859,Stevens Institute of Technology,Hoboken,0.9445,0.8743
15532.0,23420.0,34.0,2.0,41.0,1.0,3.0,7770.0,0.415,0.5117,17.0,0.7197,0.68729334,0.729405891,20500.0,15750.0,16014.0,17250.0,57602.0,12400.0,37079.0,80776.0,82200.0,48223.0,8600.0,30236.0,64651.0,60700.0,0.5638,Stockton University,Galloway,0.7716,0.769
18685.0,24568.0,34.0,2.0,21.0,1.0,3.0,6831.0,0.2013,0.4735,13.0,0.8523,0.833060556,0.823038397,23250.0,19278.0,20500.0,21500.0,73323.0,22100.0,54306.0,106110.0,96700.0,62649.0,13200.0,44957.0,81225.0,72500.0,0.7554,The College of New Jersey,Ewing,0.9018,0.8766
15150.0,24464.0,34.0,2.0,21.0,1.0,3.0,6526.0,0.4447,0.417,17.0,0.4771,0.470831609,0.577572347,22334.0,14250.0,15500.0,17750.0,57780.0,11200.0,36177.0,80501.0,79400.0,44928.0,9100.0,26674.0,64428.0,64000.0,0.2908,William Paterson University of New Jersey,Wayne,0.7266,0.5551
7541.0,24537.0,37.0,5.0,32.0,1.0,3.0,19304.0,0.257,0.3756,16.0,0.7311,0.685619735,0.714014552,20231.0,14786.0,15750.0,16583.0,51836.0,12400.0,36495.0,74305.0,69900.0,43663.0,9900.0,29502.0,59548.0,52300.0,0.5806,Appalachian State University,Boone,0.8533,0.7415
35600.0,35600.0,37.0,5.0,31.0,2.0,3.0,1020.0,0.369,0.6537,14.0,0.5152,0.533536585,0.550458716,25877.0,20250.0,12500.0,14976.0,47913.0,11000.0,35224.0,63831.0,64400.0,40785.0,10800.0,26796.0,52192.0,51100.0,0.399,Barton College,Wilson,0.6522,0.5229
19500.0,19500.0,37.0,5.0,22.0,2.0,3.0,1454.0,0.2542,0.4746,12.0,0.4637,0.430809399,0.437219731,26000.0,13500.0,14560.0,15250.0,47937.0,16800.0,31040.0,70419.0,70200.0,43816.0,7600.0,26942.0,58194.0,58800.0,0.3985,Belmont Abbey College,Belmont,0.6947,0.4578
19140.0,19140.0,37.0,5.0,11.0,2.0,3.0,191.0,0.75,0.7202,7.0,0.2063,0.211180124,0.269767442,28130.0,17500.0,19000.0,14125.0,36654.0,6900.0,19747.0,54181.0,56000.0,23153.0,4300.0,11302.0,34125.0,40200.0,0.1063,Bennett College,Greensboro,0.9,0.223
31250.0,31250.0,37.0,5.0,32.0,2.0,3.0,760.0,0.3769,0.7048,11.0,0.3902,0.305785124,0.424710425,25000.0,11375.0,12000.0,10625.0,43545.0,6800.0,29332.0,60200.0,55300.0,34401.0,4800.0,22655.0,46942.0,40000.0,0.2642,Brevard College,Brevard,0.6571,0.3252
40410.0,40410.0,37.0,5.0,31.0,2.0,3.0,2790.0,0.3332,0.3902,13.0,0.5586,0.488854727,0.542857143,22500.0,16497.0,17000.0,17625.0,54886.0,12400.0,37957.0,80333.0,114900.0,45511.0,9100.0,30333.0,66123.0,88600.0,0.4121,Campbell University,Buies Creek,0.7459,0.5572
33400.0,33400.0,37.0,5.0,21.0,2.0,3.0,1127.0,0.3942,0.5983,12.0,0.5211,0.597297297,0.551886792,25000.0,12000.0,11667.0,14000.0,48793.0,10800.0,33908.0,66494.0,70700.0,36912.0,7900.0,21774.0,52144.0,53100.0,0.4488,Catawba College,Salisbury,0.7349,0.5981
27110.0,27110.0,37.0,5.0,43.0,2.0,3.0,638.0,0.6075,0.57,15.0,0.2852,0.289556962,0.317487267,29491.0,16000.0,15000.0,14750.0,38412.0,8700.0,21699.0,55097.0,64000.0,30096.0,6100.0,18358.0,43095.0,44700.0,0.1844,Chowan University,Murfreesboro,0.5674,0.2862
60300.0,60300.0,37.0,5.0,21.0,2.0,3.0,1901.0,0.1655,0.1111,9.0,0.9189,0.879396985,0.935135135,18688.0,9657.0,17500.0,17479.0,81400.0,10500.0,60136.0,116852.0,131800.0,62866.0,14400.0,37696.0,89293.0,81000.0,0.8919,Davidson College,Davidson,0.9539,0.9
65805.0,65805.0,37.0,5.0,11.0,2.0,3.0,6417.0,0.1274,0.1631,6.0,0.9583,0.937165775,0.940998487,13000.0,13500.0,10596.0,12000.0,97800.0,25900.0,66351.0,171770.0,216800.0,85792.0,19700.0,55723.0,136771.0,176900.0,0.8801,Duke University,Durham,0.9616,0.9628
7361.0,23638.0,37.0,5.0,13.0,1.0,3.0,19857.0,0.3134,0.4042,17.0,0.6214,0.570934256,0.642039542,22750.0,18750.0,17750.0,16223.0,55146.0,13100.0,37968.0,78746.0,75400.0,46420.0,10100.0,31426.0,64407.0,57200.0,0.4325,East Carolina University,Greenville,0.8173,0.6701
3412.0,7412.0,37.0,5.0,32.0,1.0,3.0,1863.0,0.5253,0.5332,17.0,0.4809,0.328320802,0.41563786,21463.0,12626.0,12000.0,14000.0,40026.0,7100.0,23461.0,53814.0,58400.0,33776.0,4300.0,18985.0,47583.0,41000.0,0.2991,Elizabeth City State University,Elizabeth City,0.7421,0.4091
44536.0,44536.0,37.0,5.0,22.0,2.0,3.0,6402.0,0.0915,0.2449,11.0,0.8296,0.735703246,0.144329897,20500.0,18875.0,17500.0,18500.0,74545.0,16300.0,46849.0,107869.0,87500.0,58082.0,13100.0,37471.0,81751.0,65000.0,0.7813,Elon University,Elon,0.9043,0.8366
3969.0,7969.0,37.0,5.0,12.0,1.0,3.0,5493.0,0.5259,0.4589,19.0,0.352,0.345703125,0.413084112,22987.0,16750.0,15000.0,14934.0,40144.0,8200.0,25067.0,56069.0,59800.0,37831.0,5700.0,21385.0,57029.0,50400.0,0.2069,Fayetteville State University,Fayetteville,0.7769,0.3892
33450.0,33450.0,37.0,5.0,42.0,2.0,3.0,1836.0,0.2682,0.5491,11.0,0.6168,0.459574468,0.594953519,24222.0,15832.0,18129.0,15000.0,48039.0,10200.0,33281.0,70715.0,70200.0,43996.0,10400.0,29603.0,61461.0,56400.0,0.056,Gardner-Webb University,Boiling Springs,0.6948,0.4592
20400.0,20400.0,37.0,5.0,11.0,2.0,3.0,656.0,0.4507,0.6685,10.0,0.4081,0.303514377,0.315068493,25607.0,16368.0,17500.0,18843.0,46566.0,10100.0,28298.0,61078.0,63900.0,36462.0,7000.0,21825.0,51295.0,51400.0,0.3139,Greensboro College,Greensboro,0.6284,0.3009
41140.0,41140.0,37.0,5.0,11.0,2.0,3.0,1011.0,0.4358,0.5412,12.0,0.4766,0.477806789,0.475378788,26000.0,14359.0,16882.0,15825.0,47590.0,10400.0,28375.0,67194.0,79400.0,40401.0,6600.0,24250.0,56029.0,54200.0,0.3684,Guilford College,Greensboro,0.6585,0.5498
44208.0,44208.0,37.0,5.0,12.0,2.0,3.0,4970.0,0.105,0.3604,17.0,0.7,0.076923077,0.533541342,24575.0,16750.0,19500.0,19500.0,61389.0,11600.0,41738.0,88991.0,73800.0,50955.0,10200.0,35332.0,70114.0,56800.0,0.6556,High Point University,High Point,0.8379,0.7033
20480.0,20480.0,37.0,5.0,11.0,2.0,3.0,1047.0,0.6778,0.7348,11.0,0.3414,0.331223629,0.402144772,30000.0,21352.0,20500.0,19500.0,42680.0,7000.0,23443.0,59416.0,59200.0,31478.0,5600.0,16648.0,44713.0,43500.0,0.2477,Johnson C Smith University,Charlotte,0.6255,0.4114
31140.0,31140.0,37.0,5.0,42.0,2.0,3.0,817.0,0.3743,0.8655,10.0,0.4423,0.535911602,0.542274052,17375.0,11000.0,12500.0,12875.0,43415.0,5900.0,25563.0,58373.0,63000.0,41599.0,6500.0,26327.0,60199.0,46900.0,0.399,Lees-McRae College,Banner Elk,0.6226,0.404
30900.0,30900.0,37.0,5.0,13.0,2.0,3.0,1348.0,0.3976,0.5572,15.0,0.5105,0.4397463,0.466145833,26000.0,15000.0,18750.0,15000.0,45543.0,15000.0,32368.0,65480.0,70600.0,44799.0,10800.0,29958.0,62457.0,54800.0,0.411,Lenoir-Rhyne University,Hickory,0.7105,0.4865
18296.0,18296.0,37.0,5.0,21.0,2.0,3.0,798.0,0.8393,0.8369,13.0,0.2712,0.236842105,0.281609195,31125.0,26250.0,26872.0,19500.0,32600.0,5600.0,17488.0,46579.0,49500.0,24024.0,3600.0,12350.0,37532.0,37100.0,0.1404,Livingstone College,Salisbury,0.7757,0.2375
37270.0,37270.0,37.0,5.0,41.0,2.0,3.0,995.0,0.4225,0.6318,10.0,0.4193,0.334061135,0.308,26000.0,18472.0,17250.0,18070.0,44781.0,7800.0,29922.0,60021.0,61800.0,35680.0,8200.0,20131.0,48141.0,40500.0,0.3456,Mars Hill University,Mars Hill,0.6116,0.3377
43936.0,43936.0,37.0,5.0,11.0,2.0,3.0,1288.0,0.3276,0.5485,10.0,0.6497,0.53652968,0.525114155,25000.0,19250.0,20500.0,20500.0,51539.0,12400.0,34140.0,75132.0,70500.0,45293.0,6800.0,32321.0,60904.0,51900.0,0.5787,Meredith College,Raleigh,0.8097,0.6872
39664.0,39664.0,37.0,5.0,12.0,2.0,3.0,1425.0,0.3867,0.5801,9.0,0.4015,0.271341463,0.276243094,27000.0,12500.0,13250.0,13000.0,48050.0,12600.0,32466.0,69193.0,77200.0,40540.0,8800.0,23966.0,56988.0,54300.0,0.2625,Methodist University,Fayetteville,0.6471,0.3901
33860.0,33860.0,37.0,5.0,21.0,2.0,3.0,750.0,0.4037,0.6744,12.0,0.4057,0.26446281,0.378504673,25813.0,16584.0,14125.0,12000.0,45151.0,8800.0,26234.0,68021.0,90100.0,39763.0,8200.0,25094.0,54090.0,67700.0,0.2791,Montreat College,Montreat,0.6244,0.3145
25950.0,25950.0,37.0,5.0,42.0,2.0,3.0,1754.0,0.4695,0.667,19.0,0.4746,0.426865672,0.477720207,27209.0,22000.0,19687.0,19250.0,47139.0,12400.0,32008.0,66777.0,77500.0,43026.0,10300.0,29691.0,59082.0,63400.0,0.3516,University of Mount Olive,Mount Olive,0.7677,0.4853
6748.0,20408.0,37.0,5.0,11.0,1.0,3.0,11925.0,0.5066,0.5726,20.0,0.5527,0.459579628,0.499788225,27000.0,21500.0,20750.0,20000.0,44440.0,8600.0,27229.0,64605.0,76500.0,36638.0,6300.0,21595.0,55690.0,56100.0,0.3371,North Carolina A & T State University,Greensboro,0.7951,0.5498
7461.0,24809.0,37.0,5.0,13.0,1.0,3.0,2790.0,0.3133,0.3902,11.0,0.5495,0.596899225,0.600484262,20500.0,14514.0,14250.0,14000.0,44030.0,8600.0,28212.0,63894.0,72600.0,36947.0,5100.0,20826.0,53254.0,49300.0,0.4071,University of North Carolina Asheville,Asheville,0.7336,0.6544
8989.0,39330.0,37.0,5.0,13.0,1.0,3.0,20556.0,0.2026,0.183,15.0,0.9207,0.844874275,0.866768177,14000.0,7636.0,12500.0,14500.0,72200.0,17400.0,48337.0,112339.0,114600.0,57057.0,12400.0,37548.0,83298.0,79200.0,0.8559,University of North Carolina at Chapel Hill,Chapel Hill,0.9715,0.9222
7214.0,21876.0,37.0,5.0,11.0,1.0,3.0,23567.0,0.3378,0.4112,21.0,0.6771,0.581583199,0.601073002,21500.0,17377.0,16250.0,15750.0,57289.0,13000.0,38026.0,83186.0,84300.0,48812.0,10900.0,32030.0,69957.0,63100.0,0.4987,University of North Carolina at Charlotte,Charlotte,0.8513,0.6774
7593.0,23339.0,37.0,5.0,11.0,1.0,3.0,13848.0,0.471,0.4459,17.0,0.579,0.5100797,0.580352229,22858.0,16298.0,17520.0,16500.0,48160.0,11200.0,32185.0,67995.0,69100.0,39869.0,9100.0,24870.0,55019.0,51100.0,0.4033,University of North Carolina at Greensboro,Greensboro,0.7579,0.5911
6542.0,19578.0,37.0,5.0,11.0,1.0,3.0,5400.0,0.5664,0.6338,16.0,0.4597,0.473557692,0.517689531,28250.0,23250.0,21431.0,18500.0,42968.0,8100.0,26776.0,60270.0,61200.0,35967.0,5900.0,21279.0,50915.0,48200.0,0.2729,North Carolina Central University,Durham,0.7537,0.5223
9477.0,27211.0,37.0,5.0,11.0,1.0,3.0,902.0,0.2478,0.4663,6.0,0.7919,0.735955056,0.708994709,23870.0,19119.0,20226.0,19500.0,38357.0,7700.0,17831.0,64599.0,81600.0,24537.0,5700.0,10242.0,42984.0,55700.0,0.7733,University of North Carolina School of the Arts,Winston Salem,0.881,0.7222
8895.0,31767.0,37.0,5.0,11.0,1.0,3.0,26389.0,0.191,0.3399,15.0,0.8464,0.760467103,0.785328405,20121.0,14281.0,17500.0,18500.0,68758.0,16400.0,45891.0,99809.0,95000.0,57623.0,13100.0,39238.0,81038.0,69700.0,0.6753,North Carolina State University at Raleigh,Raleigh,0.9342,0.8588
35536.0,35536.0,37.0,5.0,13.0,2.0,3.0,1169.0,0.4692,0.6301,13.0,0.4043,0.445997459,0.486486486,25000.0,19925.0,18841.0,18833.0,45873.0,9200.0,30213.0,63341.0,71900.0,38939.0,8900.0,23840.0,55511.0,59700.0,0.2796,North Carolina Wesleyan University,Rocky Mount,0.6545,0.4026
7317.0,22985.0,37.0,5.0,12.0,1.0,3.0,14176.0,0.2381,0.361,17.0,0.7073,0.644413212,0.642362377,19500.0,15750.0,15000.0,15000.0,54967.0,11700.0,37279.0,81800.0,78700.0,46972.0,9600.0,30551.0,66472.0,56700.0,0.5578,University of North Carolina Wilmington,Wilmington,0.8502,0.7288
33150.0,33150.0,37.0,5.0,11.0,2.0,3.0,661.0,0.345,0.6227,12.0,0.4433,0.452380952,0.471428571,22250.0,15553.0,16375.0,13875.0,46643.0,8100.0,31783.0,66735.0,65700.0,39738.0,5500.0,21948.0,53610.0,43100.0,0.3547,William Peace University,Raleigh,0.6103,0.4206
3571.0,7571.0,37.0,5.0,32.0,1.0,3.0,5386.0,0.4763,0.4258,14.0,0.4452,0.397733711,0.416295353,25000.0,17150.0,15000.0,14000.0,43407.0,8800.0,28007.0,59070.0,61500.0,37126.0,6800.0,22069.0,50523.0,48900.0,0.2759,University of North Carolina at Pembroke,Pembroke,0.7086,0.449
33930.0,33930.0,37.0,5.0,41.0,2.0,3.0,654.0,0.5564,0.7745,14.0,0.426,0.418803419,0.486754967,26163.0,14750.0,15500.0,17750.0,51562.0,10000.0,32647.0,76229.0,73400.0,44621.0,10200.0,31582.0,66022.0,61000.0,0.3394,Pfeiffer University,Misenheimer,0.6768,0.3439
43285.0,43285.0,37.0,5.0,11.0,2.0,3.0,1362.0,0.2172,0.445,9.0,0.6588,0.632545932,0.556034483,25000.0,20250.0,19575.0,19500.0,57673.0,9100.0,35952.0,85122.0,81800.0,48170.0,11700.0,29546.0,75318.0,66500.0,0.5984,Queens University of Charlotte,Charlotte,0.7584,0.6536
16896.0,16896.0,37.0,5.0,11.0,2.0,3.0,766.0,0.5244,0.6304,11.0,0.3323,0.206349206,0.168981481,29669.0,14000.0,12000.0,12625.0,35730.0,5700.0,19109.0,51466.0,57500.0,26999.0,3600.0,14158.0,40085.0,40600.0,0.1335,Saint Augustine's University,Raleigh,0.5346,0.2308
32236.0,32236.0,37.0,5.0,11.0,2.0,3.0,390.0,0.4876,0.4959,7.0,0.5625,0.609561753,0.537878788,26649.0,16849.0,20215.0,20500.0,44640.0,6400.0,28027.0,60645.0,62300.0,38496.0,9500.0,20770.0,49735.0,45900.0,0.5125,Salem College,Winston-Salem,0.6667,0.6739
17176.0,17176.0,37.0,5.0,11.0,2.0,3.0,839.0,0.6515,0.5844,11.0,0.2025,0.176029963,0.215909091,32500.0,21347.0,15360.0,13438.0,34409.0,5200.0,18004.0,49938.0,54900.0,26148.0,4900.0,12892.0,40502.0,42400.0,0.1227,Shaw University,Raleigh,0.5596,0.1805
30800.0,30800.0,37.0,5.0,32.0,2.0,3.0,806.0,0.4769,0.6897,14.0,0.2713,0.294117647,0.406926407,25250.0,8250.0,8437.0,9500.0,45606.0,10600.0,26734.0,70198.0,69700.0,37691.0,7200.0,23277.0,52726.0,51100.0,0.1755,St. Andrews University,Laurinburg,0.5116,0.4167
64758.0,64758.0,37.0,5.0,11.0,2.0,3.0,5471.0,0.0949,0.1458,9.0,0.9087,0.883495146,0.855895197,21500.0,18371.0,19500.0,20500.0,78158.0,24000.0,53216.0,126384.0,144400.0,67722.0,13000.0,42132.0,96787.0,83300.0,0.8671,Wake Forest University,Winston-Salem,0.9467,0.9072
40290.0,40290.0,37.0,5.0,41.0,2.0,3.0,720.0,0.3707,0.5643,11.0,0.4315,0.338709677,0.399122807,25000.0,11000.0,9000.0,9353.0,36260.0,5300.0,16552.0,53465.0,49100.0,27723.0,3800.0,12712.0,42912.0,39800.0,0.274,Warren Wilson College,Swannanoa,0.7031,0.3949
40196.0,40196.0,37.0,5.0,21.0,2.0,3.0,2462.0,0.4143,0.5394,15.0,0.4678,0.574918567,0.494736842,25000.0,10500.0,13069.0,12845.0,52649.0,12500.0,37780.0,77053.0,75100.0,43992.0,9700.0,30381.0,60179.0,105800.0,0.3632,Wingate University,Wingate,0.6735,0.619
6735.0,17391.0,37.0,5.0,11.0,1.0,3.0,4244.0,0.6149,0.6231,16.0,0.4855,0.479374111,0.549284579,25000.0,19500.0,17914.0,14000.0,45344.0,9200.0,29750.0,66577.0,69700.0,40557.0,6300.0,23876.0,64688.0,54000.0,0.3312,Winston-Salem State University,Winston-Salem,0.7479,0.4705
4532.0,8532.0,37.0,5.0,32.0,1.0,3.0,9867.0,0.3285,0.4364,16.0,0.5908,0.565708902,0.618148319,21868.0,14731.0,16180.0,15250.0,49458.0,11000.0,35205.0,67362.0,67300.0,43085.0,8900.0,28947.0,57706.0,50900.0,0.4138,Western Carolina University,Cullowhee,0.7554,0.6204
9118.0,11218.0,38.0,4.0,33.0,1.0,3.0,1108.0,0.2176,0.3933,13.0,0.4339,0.39375,0.427083333,18442.0,10500.0,11919.0,12000.0,50720.0,9400.0,31837.0,70067.0,78900.0,48628.0,8900.0,31931.0,65259.0,68400.0,0.1895,Dickinson State University,Dickinson,0.6043,0.3681
24820.0,24820.0,38.0,4.0,33.0,2.0,3.0,947.0,0.2607,0.635,9.0,0.4402,0.447826087,0.419607843,27000.0,14635.0,19250.0,15000.0,56621.0,13500.0,39508.0,77491.0,77200.0,51151.0,12500.0,36498.0,66414.0,60100.0,0.312,University of Jamestown,Jamestown,0.6445,0.5565
21468.0,21468.0,38.0,4.0,41.0,2.0,3.0,2280.0,0.178,0.4545,10.0,0.6819,0.5684803,0.553763441,24000.0,19359.0,18404.0,18760.0,60909.0,15500.0,41795.0,83018.0,86600.0,50191.0,15700.0,35428.0,68384.0,67900.0,0.5721,University of Mary,Bismarck,0.8271,0.6501
7935.0,9564.0,38.0,4.0,43.0,1.0,3.0,704.0,0.2442,0.3937,14.0,0.4032,0.351535836,0.424603175,18585.0,10154.0,13000.0,12529.0,47828.0,9500.0,32033.0,65499.0,64300.0,43597.0,12600.0,29524.0,56298.0,51600.0,0.2807,Mayville State University,Mayville,0.6729,0.3228
8634.0,8634.0,38.0,4.0,13.0,1.0,3.0,2072.0,0.2411,0.3715,11.0,0.4776,0.409090909,0.414910859,19609.0,10500.0,12000.0,12000.0,51759.0,10100.0,34033.0,71413.0,70100.0,46214.0,11500.0,30276.0,62469.0,60700.0,0.2806,Minot State University,Minot,0.7159,0.4936
10951.0,15570.0,38.0,4.0,13.0,1.0,3.0,9296.0,0.1648,0.4247,17.0,0.6333,0.40112729,0.482075472,22057.0,15000.0,15067.0,15250.0,63552.0,18800.0,43722.0,88520.0,96400.0,54588.0,15100.0,38611.0,73368.0,70800.0,0.4208,University of North Dakota,Grand Forks,0.8296,0.6376
10857.0,15511.0,38.0,4.0,12.0,1.0,3.0,9567.0,0.1872,0.5279,18.0,0.6372,0.572872134,0.576386269,23199.0,15100.0,18000.0,16750.0,62203.0,18100.0,43700.0,85613.0,93700.0,54312.0,14900.0,39772.0,72568.0,68900.0,0.4478,North Dakota State University-Main Campus,Fargo,0.769,0.6644
18762.0,18762.0,38.0,4.0,43.0,2.0,3.0,138.0,0.5,0.7464,9.0,0.3878,0.333333333,0.412698413,22531.0,12031.0,16750.0,16447.0,35604.0,3200.0,21765.0,53422.0,57300.0,29234.0,3500.0,22157.0,44153.0,46000.0,0.2143,Trinity Bible College and Graduate School,Ellendale,0.7241,0.5
8514.0,13478.0,38.0,4.0,33.0,1.0,3.0,918.0,0.1729,0.3366,12.0,0.4813,0.430420712,0.483870968,20369.0,10313.0,11063.0,12500.0,52725.0,12500.0,37044.0,69067.0,65800.0,45820.0,11800.0,32898.0,56870.0,60200.0,0.3625,Valley City State University,Valley City,0.6595,0.5376
6960.0,6960.0,29.0,4.0,42.0,2.0,3.0,1807.0,0.2678,0.2457,17.0,0.0,0.424686192,0.470531401,17619.0,12876.0,13750.0,13100.0,48991.0,11200.0,34222.0,74400.0,58200.0,43860.0,11200.0,31377.0,69089.0,53300.0,0.0,Central Methodist University-College of Graduate and Extended Studies,Fayette,0.5,0.0
13920.0,13920.0,37.0,5.0,11.0,3.0,3.0,2728.0,0.7997,0.1614,39.0,0.1667,0.133444207,0.154570325,40621.0,12667.0,20636.0,22364.0,40092.0,11500.0,20698.0,62129.0,106500.0,36582.0,9600.0,18625.0,56532.0,83200.0,0.0,Strayer University-North Carolina,Greensboro,0.0,0.0
19686.0,19686.0,29.0,4.0,21.0,3.0,3.0,328.0,0.4773,0.8027,8.0,0.3333,0.49228169,0.503994394,20919.0,16577.0,15795.0,17250.0,92405.0,13200.0,66826.0,120947.0,94100.0,84533.0,27800.0,62630.0,108596.0,98800.0,0.3333,Chamberlain University-Missouri,St. Louis,0.6667,0.75
20650.0,20650.0,37.0,5.0,12.0,3.0,3.0,70.0,0.5532,0.8085,19.0,0.0,0.222162162,0.178076996,26123.0,12643.0,15278.0,14700.0,34421.0,7100.0,17463.0,53014.0,67200.0,34115.0,7600.0,17590.0,54613.0,74600.0,0.0,South University-High Point,High Point,0.5,0.1818
20462.0,20462.0,34.0,2.0,21.0,3.0,3.0,1316.0,0.3442,0.8208,12.0,0.0,0.49228169,0.503994394,20919.0,16577.0,15795.0,17250.0,92405.0,13200.0,66826.0,120947.0,94100.0,84533.0,27800.0,62630.0,108596.0,98800.0,0.0,Chamberlain University-New Jersey,North Brunswick,0.7143,1.0
16000.0,16000.0,37.0,5.0,11.0,2.0,3.0,424.0,0.4562,0.5066,15.0,0.2923,0.43902439,0.125,20287.0,11250.0,11610.0,10135.0,32864.0,4300.0,13802.0,51207.0,58300.0,30657.0,3900.0,17031.0,47351.0,52600.0,0.2807,Carolina University,Winston-Salem,0.5641,0.4231
8044.0,8044.0,29.0,4.0,12.0,2.0,3.0,694.0,0.5876,0.4488,17.0,0.3208,0.351981352,0.374743326,20979.0,12500.0,12000.0,15250.0,40694.0,7400.0,22819.0,61963.0,66800.0,37508.0,5900.0,22351.0,53946.0,49400.0,0.0,Drury University-College of Continuing Professional Studies,Springfield,0.375,0.2308
9142.0,26098.0,32.0,8.0,12.0,1.0,3.0,24131.0,0.4026,0.2707,18.0,0.5012,0.412698413,0.483930779,19450.0,12500.0,12000.0,12000.0,55037.0,10600.0,31740.0,80999.0,85800.0,42865.0,8600.0,23984.0,63454.0,65000.0,0.2535,University of Nevada-Las Vegas,Las Vegas,0.7793,0.5253
8994.0,25950.0,32.0,8.0,11.0,1.0,3.0,15723.0,0.2409,0.2648,16.0,0.6245,0.577598618,0.621648461,18922.0,13000.0,12500.0,13314.0,60614.0,12700.0,38752.0,87156.0,91100.0,49182.0,10500.0,31597.0,70816.0,72800.0,0.4235,University of Nevada-Reno,Reno,0.8035,0.6522
6863.0,8843.0,35.0,6.0,33.0,1.0,3.0,3186.0,0.3201,0.1965,17.0,0.3981,0.273211568,0.299620733,16500.0,10752.0,11000.0,11512.0,38550.0,6800.0,21084.0,59977.0,64300.0,33619.0,5400.0,19450.0,51947.0,54300.0,0.2314,Eastern New Mexico University-Main Campus,Portales,0.6192,0.3693
7260.0,12180.0,35.0,6.0,33.0,1.0,3.0,1561.0,0.4636,0.1736,10.0,0.2559,0.435810811,0.410144928,11399.0,9557.0,8875.0,9500.0,45937.0,8500.0,26406.0,62983.0,62100.0,38952.0,4800.0,22149.0,55777.0,50000.0,0.1614,New Mexico Highlands University,Las Vegas,0.5689,0.2785
9058.0,26312.0,35.0,6.0,33.0,1.0,3.0,1122.0,0.3087,0.3514,10.0,0.5636,0.38996139,0.435810811,19085.0,14000.0,10473.0,10000.0,76489.0,11100.0,40447.0,109428.0,107700.0,54530.0,5900.0,31121.0,86880.0,77600.0,0.3178,New Mexico Institute of Mining and Technology,Socorro,0.7685,0.5796
8115.0,26450.0,35.0,6.0,11.0,1.0,3.0,16686.0,0.3624,0.4287,15.0,0.5253,0.368161251,0.387948298,18450.0,14250.0,13238.0,13000.0,44792.0,7300.0,23933.0,68866.0,81000.0,37150.0,6000.0,20317.0,55572.0,63500.0,0.3631,University of New Mexico-Main Campus,Albuquerque,0.7292,0.5675
8147.0,25271.0,35.0,6.0,22.0,1.0,3.0,11561.0,0.403,0.2288,15.0,0.5222,0.306408898,0.329772727,17095.0,10688.0,9443.0,10250.0,39067.0,7900.0,21257.0,61878.0,73400.0,32960.0,5900.0,17762.0,50706.0,56900.0,0.322,New Mexico State University-Main Campus,Las Cruces,0.7483,0.5305
16670.0,16670.0,35.0,6.0,33.0,2.0,3.0,337.0,0.5573,0.6254,21.0,0.2667,0.407185629,0.333333333,21303.0,15863.0,14500.0,13750.0,45389.0,10400.0,25950.0,68358.0,86400.0,36600.0,7000.0,21417.0,54209.0,58200.0,0.2333,University of the Southwest,Hobbs,0.5316,0.0909
7868.0,14354.0,35.0,6.0,33.0,1.0,3.0,1935.0,0.4186,0.22,13.0,0.3489,0.256756757,0.266666667,23000.0,13973.0,11000.0,11000.0,39095.0,7200.0,19266.0,60604.0,71200.0,31166.0,3600.0,16150.0,47001.0,51500.0,0.1571,Western New Mexico University,Silver City,0.5377,0.281
47290.0,47290.0,36.0,2.0,21.0,2.0,3.0,5077.0,0.2944,0.5953,12.0,0.6893,0.706500956,0.70807993,25000.0,21250.0,22027.0,19500.0,75482.0,12500.0,49267.0,106760.0,94400.0,63688.0,12200.0,37790.0,102366.0,90800.0,0.5876,Adelphi University,Garden City,0.8305,0.719
40375.0,40375.0,36.0,2.0,12.0,2.0,3.0,509.0,0.2928,0.8801,10.0,0.6882,0.607287449,0.73015873,25500.0,25000.0,27000.0,21500.0,131426.0,33000.0,88704.0,157063.0,151900.0,112685.0,27500.0,64802.0,136375.0,145400.0,0.4444,Albany College of Pharmacy and Health Sciences,Albany,0.8559,0.6
39530.0,39530.0,36.0,2.0,42.0,2.0,3.0,1401.0,0.3898,0.6719,10.0,0.555,0.588110403,0.575,26000.0,15000.0,15000.0,19800.0,54897.0,13400.0,35231.0,79560.0,84700.0,41703.0,9300.0,23380.0,61075.0,59400.0,0.433,Alfred University,Alfred,0.7669,0.5991
63612.0,63612.0,36.0,2.0,41.0,2.0,3.0,2280.0,0.2308,0.3441,9.0,0.7271,0.626666667,0.711764706,24254.0,18000.0,18750.0,19500.0,46543.0,5600.0,22114.0,74224.0,77000.0,31072.0,4400.0,12874.0,55180.0,53800.0,0.5714,Bard College,Annandale-On-Hudson,0.8468,0.7174
66246.0,66246.0,36.0,2.0,11.0,2.0,3.0,3219.0,0.154,0.3745,10.0,0.9294,0.917241379,0.936619718,18000.0,15500.0,17500.0,15500.0,80516.0,17400.0,54604.0,122978.0,127400.0,60411.0,8100.0,38296.0,86172.0,79300.0,0.7664,Barnard College,New York,0.967,0.9312
28600.0,28600.0,36.0,2.0,11.0,3.0,3.0,1514.0,0.5352,0.5627,21.0,0.4025,0.345876289,0.374609131,30426.0,18942.0,20268.0,20750.0,45884.0,8700.0,21225.0,68154.0,77900.0,37284.0,6200.0,16534.0,58068.0,62300.0,0.3784,Berkeley College-New York,New York,0.5,0.339
32720.0,32720.0,36.0,2.0,11.0,2.0,3.0,1768.0,0.2679,0.5341,11.0,0.7065,0.670250896,0.705621302,24250.0,16775.0,19500.0,19500.0,60681.0,18700.0,44638.0,82280.0,80800.0,46089.0,12900.0,28377.0,63766.0,57800.0,0.625,Canisius University,Buffalo,0.7996,0.7112
57950.0,57950.0,36.0,2.0,33.0,2.0,3.0,2449.0,0.2046,0.6537,12.0,0.7356,0.749303621,0.806136681,26000.0,21039.0,21500.0,23000.0,89696.0,24800.0,62112.0,112758.0,108800.0,76970.0,19500.0,53769.0,90441.0,81300.0,0.6381,Clarkson University,Potsdam,0.8471,0.7598
67024.0,67024.0,36.0,2.0,42.0,2.0,3.0,3122.0,0.1268,0.1217,9.0,0.9053,0.909407666,0.889312977,15000.0,8012.0,10924.0,16000.0,85139.0,19400.0,56075.0,139443.0,144300.0,64949.0,13100.0,41858.0,96936.0,86900.0,0.8418,Colgate University,Hamilton,0.9285,0.904
20188.0,20188.0,36.0,2.0,11.0,2.0,3.0,430.0,0.608,0.6761,13.0,0.2474,0.29022082,0.338028169,27688.0,20500.0,19000.0,12500.0,46236.0,6700.0,21570.0,69731.0,75800.0,45086.0,4700.0,20467.0,63701.0,61800.0,0.193,Metropolitan College of New York,New York,0.3846,0.2553
69045.0,69045.0,36.0,2.0,11.0,2.0,3.0,8899.0,0.2254,0.1439,6.0,0.9496,0.782258065,0.792420327,21500.0,23000.0,16259.0,15000.0,102491.0,16600.0,62687.0,162279.0,205500.0,88535.0,13200.0,48134.0,137388.0,165900.0,0.7991,Columbia University in the City of New York,New York,0.9718,0.9633
66014.0,66014.0,36.0,2.0,13.0,2.0,3.0,15935.0,0.1821,0.2407,9.0,0.9514,0.922948074,0.924157303,14000.0,8800.0,11100.0,14170.0,104043.0,23100.0,67090.0,166446.0,178800.0,87830.0,14900.0,54591.0,131851.0,124000.0,0.8711,Cornell University,Ithaca,0.9782,0.9483
7464.0,15414.0,36.0,2.0,11.0,1.0,3.0,15734.0,0.5533,0.1199,19.0,0.7211,0.626541207,0.638418079,11512.0,9500.0,9500.0,10750.0,75971.0,12300.0,42243.0,112029.0,105400.0,61542.0,9100.0,32671.0,87004.0,77000.0,0.5635,CUNY Bernard M Baruch College,New York,0.8841,0.7589
7452.0,15402.0,36.0,2.0,11.0,1.0,3.0,10443.0,0.5639,0.07,13.0,0.5658,0.485930408,0.487551213,11000.0,8500.0,9500.0,10677.0,60752.0,9400.0,31888.0,87936.0,87900.0,45035.0,6700.0,21656.0,67601.0,66800.0,0.3514,CUNY Brooklyn College,Brooklyn,0.7987,0.5946
7490.0,15440.0,36.0,2.0,11.0,1.0,3.0,9387.0,0.4925,0.1104,16.0,0.3278,0.278298486,0.287206266,14350.0,6716.0,7816.0,11000.0,53501.0,8500.0,28588.0,84344.0,87700.0,36931.0,5000.0,17738.0,58862.0,69400.0,0.2869,College of Staten Island CUNY,Staten Island,0.7624,0.5322
7340.0,15290.0,36.0,2.0,11.0,1.0,3.0,11934.0,0.5958,0.0748,14.0,0.5466,0.45388601,0.482128982,11990.0,9500.0,10000.0,11000.0,66039.0,10300.0,37225.0,91371.0,92600.0,46435.0,6300.0,22853.0,71747.0,67300.0,0.2763,CUNY City College,New York,0.786,0.6117
7382.0,15332.0,36.0,2.0,11.0,1.0,3.0,16642.0,0.5501,0.0715,14.0,0.6099,0.463970812,0.457774799,11000.0,8684.0,8000.0,9713.0,63163.0,10200.0,34332.0,92425.0,87300.0,50414.0,6400.0,25137.0,75895.0,70300.0,0.3974,CUNY Hunter College,New York,0.7997,0.6056
7470.0,15420.0,36.0,2.0,11.0,1.0,3.0,11340.0,0.5919,0.0846,16.0,0.5549,0.520700101,0.521041477,11000.0,8500.0,8993.0,11875.0,56195.0,10600.0,35780.0,80288.0,95600.0,50293.0,7100.0,28937.0,67247.0,62100.0,0.4107,CUNY John Jay College of Criminal Justice,New York,0.8126,0.5639
7410.0,15360.0,36.0,2.0,11.0,1.0,3.0,10438.0,0.6053,0.1288,15.0,0.4929,0.536134454,0.556750299,10950.0,7756.0,9630.0,11287.0,58013.0,10300.0,36728.0,82802.0,82800.0,51067.0,7900.0,28598.0,72298.0,65300.0,0.2786,CUNY Lehman College,Bronx,0.7353,0.5836
7352.0,15302.0,36.0,2.0,11.0,1.0,3.0,3404.0,0.5679,0.1217,14.0,0.2229,0.195505618,0.193802521,10988.0,7365.0,7346.0,8241.0,46498.0,8300.0,23662.0,68052.0,73600.0,37538.0,5900.0,17219.0,55413.0,58200.0,0.1007,CUNY Medgar Evers College,Brooklyn,0.522,0.3364
7332.0,15282.0,36.0,2.0,11.0,1.0,3.0,12950.0,0.5544,0.0553,16.0,0.1941,0.217252396,0.237155864,10533.0,7227.0,6270.0,7166.0,49365.0,9100.0,24508.0,76756.0,76700.0,39982.0,5900.0,17280.0,62891.0,60600.0,0.0647,CUNY New York City College of Technology,Brooklyn,0.5997,0.3363
7538.0,15488.0,36.0,2.0,11.0,1.0,3.0,13060.0,0.4772,0.0893,14.0,0.6016,0.371024735,0.452772074,10298.0,8011.0,8286.0,10076.0,62763.0,10500.0,33563.0,89659.0,91700.0,48548.0,6300.0,23499.0,69592.0,66800.0,0.3703,CUNY Queens College,Queens,0.7817,0.5898
7358.0,15308.0,36.0,2.0,11.0,1.0,3.0,4439.0,0.4343,0.0619,13.0,0.3027,0.353462604,0.429943503,11000.0,7500.0,6631.0,9100.0,56945.0,8700.0,33179.0,82369.0,71800.0,46148.0,6900.0,25764.0,66140.0,58400.0,0.1168,CUNY York College,Jamaica,0.5954,0.3709
33560.0,33560.0,36.0,2.0,11.0,2.0,3.0,1299.0,0.3582,0.6247,11.0,0.5668,0.6,0.593886463,25000.0,20500.0,19563.0,19500.0,66942.0,11900.0,42220.0,98468.0,95600.0,63804.0,11800.0,39977.0,89275.0,80100.0,0.361,D'Youville  University,Buffalo,0.7183,0.6
33724.0,33724.0,36.0,2.0,21.0,2.0,3.0,1761.0,0.4167,0.6125,13.0,0.584,0.462264151,0.506891271,22091.0,12500.0,15750.0,17375.0,61808.0,13600.0,39844.0,87929.0,87700.0,59912.0,9600.0,36246.0,86693.0,74100.0,0.447,Daemen University,Amherst,0.8017,0.5781
33060.0,33060.0,36.0,2.0,21.0,2.0,3.0,1083.0,0.4111,0.691,14.0,0.5677,0.464412811,0.566820276,25000.0,17499.0,19750.0,17125.0,61171.0,12800.0,40451.0,89065.0,94400.0,50865.0,8800.0,25830.0,78828.0,80100.0,0.4629,Dominican University New York,Orangeburg,0.6682,0.438
37932.0,37932.0,36.0,2.0,13.0,2.0,3.0,583.0,0.3498,0.7422,8.0,0.6404,0.668965517,0.61784897,27000.0,19500.0,24900.0,19500.0,57550.0,13600.0,36860.0,77968.0,79000.0,49057.0,9800.0,29745.0,71373.0,60500.0,0.5911,Elmira College,Elmira,0.7384,0.631
29950.0,29950.0,36.0,2.0,21.0,3.0,3.0,533.0,0.4456,0.5242,11.0,0.4898,0.466321244,0.512953368,21500.0,12265.0,13125.0,12500.0,35887.0,6900.0,14675.0,54860.0,68800.0,25305.0,3900.0,11139.0,45635.0,50000.0,0.3926,Five Towns College,Dix Hills,0.747,0.4272
61992.0,61992.0,36.0,2.0,11.0,2.0,3.0,10239.0,0.2086,0.4695,14.0,0.8027,0.786666667,0.783715013,24300.0,14500.0,20500.0,23000.0,85569.0,14700.0,55876.0,126936.0,112100.0,68008.0,9500.0,39251.0,93208.0,76800.0,0.7573,Fordham University,Bronx,0.8763,0.8356
65740.0,65740.0,36.0,2.0,22.0,2.0,3.0,2045.0,0.181,0.3069,9.0,0.9125,0.913419913,0.941441441,17000.0,15506.0,14250.0,15000.0,78411.0,17400.0,53229.0,127191.0,136500.0,60082.0,11000.0,36124.0,88703.0,68500.0,0.8104,Hamilton College,Clinton,0.9561,0.9172
52849.0,52849.0,36.0,2.0,33.0,2.0,3.0,1099.0,0.3503,0.8053,10.0,0.4615,0.402061856,0.578838174,27000.0,14750.0,17827.0,19500.0,61107.0,12000.0,41224.0,87242.0,93100.0,50452.0,10700.0,31733.0,72533.0,64300.0,0.3761,Hartwick College,Oneonta,0.7088,0.5773
32150.0,32150.0,36.0,2.0,21.0,2.0,3.0,922.0,0.4376,0.7224,15.0,0.4699,0.5,0.574324324,24750.0,14023.0,15000.0,17107.0,48309.0,11600.0,31795.0,66554.0,75800.0,45369.0,10700.0,28713.0,57435.0,57300.0,0.4217,Hilbert College,Hamburg,0.6306,0.5302
63268.0,63268.0,36.0,2.0,32.0,2.0,3.0,1606.0,0.2412,0.7107,10.0,0.7271,0.724137931,0.743801653,27000.0,21000.0,23500.0,25088.0,68831.0,17500.0,46622.0,96812.0,94300.0,62416.0,8000.0,41107.0,85958.0,68200.0,0.664,Hobart William Smith Colleges,Geneva,0.8924,0.7306
55450.0,55450.0,36.0,2.0,21.0,2.0,3.0,6155.0,0.243,0.4694,13.0,0.671,0.649566474,0.63121547,23621.0,18500.0,18000.0,19312.0,69039.0,13200.0,42369.0,95464.0,102900.0,52131.0,10000.0,28873.0,73576.0,73600.0,0.5664,Hofstra University,Hempstead,0.8311,0.7015
17290.0,17290.0,36.0,2.0,43.0,2.0,3.0,867.0,0.3379,0.5602,13.0,0.6466,0.318996416,0.519230769,25250.0,17245.0,21625.0,18875.0,46721.0,8700.0,26371.0,61796.0,72800.0,36376.0,6500.0,23369.0,51161.0,57800.0,0.5963,Houghton University,Houghton,0.7697,0.6708
45880.0,45880.0,36.0,2.0,21.0,2.0,3.0,2731.0,0.2615,0.4288,15.0,0.5744,0.568521031,0.622911695,25999.0,19435.0,19500.0,19500.0,73595.0,13700.0,48404.0,98708.0,95900.0,51218.0,9600.0,27990.0,73855.0,71200.0,0.5058,Iona University,New Rochelle,0.7998,0.6272
50510.0,50510.0,36.0,2.0,23.0,2.0,3.0,4350.0,0.1901,0.6415,10.0,0.7411,0.736288505,0.747587231,24000.0,19500.0,21367.0,19500.0,63548.0,15400.0,40720.0,91792.0,94800.0,46305.0,12800.0,26616.0,68228.0,66000.0,0.6776,Ithaca College,Ithaca,0.8335,0.7734
38000.0,38000.0,36.0,2.0,32.0,2.0,3.0,920.0,0.4355,0.866,11.0,0.4877,0.559198543,0.539647577,27000.0,21500.0,19799.0,22912.0,58289.0,13200.0,41969.0,83049.0,73200.0,50940.0,12200.0,35893.0,67160.0,72800.0,0.4387,Keuka College,Keuka Park,0.7143,0.5016
31950.0,31950.0,36.0,2.0,11.0,3.0,3.0,1133.0,0.3571,0.6272,22.0,0.5299,0.53298153,0.520681265,24000.0,18750.0,15000.0,17500.0,58956.0,8900.0,32332.0,86375.0,83000.0,45359.0,9200.0,26879.0,63797.0,63100.0,0.4585,LIM College,New York,0.6784,0.5481
38970.0,38970.0,36.0,2.0,21.0,2.0,3.0,2434.0,0.2996,0.6212,12.0,0.7098,0.740112994,0.71448468,23000.0,16250.0,18200.0,19500.0,62731.0,16200.0,42961.0,83494.0,87800.0,53493.0,13800.0,33224.0,71917.0,65200.0,0.6377,Le Moyne College,Syracuse,0.8417,0.7579
41642.0,41642.0,36.0,2.0,21.0,2.0,3.0,5478.0,0.1886,0.2545,13.0,0.5544,0.429876656,0.45812033,23577.0,20282.0,19500.0,16700.0,59950.0,10600.0,29994.0,95352.0,102800.0,47543.0,9200.0,20455.0,83696.0,94200.0,0.4394,Long Island University,Brookville,0.7737,0.5
50850.0,50850.0,36.0,2.0,11.0,2.0,3.0,2928.0,0.3121,0.4984,11.0,0.6597,0.731308411,0.711325967,26000.0,19500.0,20262.0,23000.0,86316.0,16400.0,61516.0,118926.0,112400.0,64472.0,14700.0,36621.0,85934.0,79600.0,0.5157,Manhattan College,Riverdale,0.7748,0.7744
42950.0,42950.0,36.0,2.0,21.0,2.0,3.0,1250.0,0.3349,0.593,12.0,0.5373,0.630319149,0.629722922,25000.0,21250.0,19500.0,19500.0,58832.0,14900.0,32425.0,84538.0,86000.0,45056.0,7500.0,23146.0,62003.0,65200.0,0.4819,Manhattanville College,Purchase,0.7261,0.6169
46140.0,46140.0,36.0,2.0,21.0,2.0,3.0,5039.0,0.1472,0.6301,16.0,0.7984,0.758139535,0.79338014,25000.0,20500.0,22250.0,21500.0,77819.0,13800.0,50231.0,106692.0,98400.0,62546.0,13100.0,44502.0,83880.0,70600.0,0.7245,Marist College,Poughkeepsie,0.8943,0.8205
40260.0,40260.0,36.0,2.0,11.0,2.0,3.0,1627.0,0.2842,0.6922,8.0,0.4981,0.57300885,0.516455696,25750.0,16000.0,19500.0,19500.0,49131.0,6900.0,22072.0,75436.0,80900.0,34052.0,5600.0,13782.0,56729.0,57300.0,0.4283,Marymount Manhattan College,New York,0.6501,0.5973
22106.0,22106.0,36.0,2.0,21.0,2.0,3.0,5539.0,0.4733,0.4889,15.0,0.481,0.500497512,0.506773708,19637.0,14901.0,15000.0,16250.0,52055.0,9300.0,29099.0,76821.0,78100.0,44969.0,6300.0,23259.0,66364.0,67500.0,0.338,Mercy University,Dobbs Ferry,0.7497,0.5033
37840.0,37840.0,36.0,2.0,21.0,2.0,3.0,3185.0,0.2993,0.6142,10.0,0.7176,0.654503991,0.722287048,27000.0,25000.0,23250.0,23675.0,77789.0,16200.0,48859.0,114622.0,101000.0,78372.0,15300.0,42661.0,114179.0,90900.0,0.4861,Molloy College,Rockville Centre,0.8114,0.7097
17922.0,17922.0,36.0,2.0,11.0,3.0,3.0,5670.0,0.5766,0.4846,18.0,0.5748,0.435121504,0.511636928,18818.0,12165.0,13190.0,14750.0,41236.0,5100.0,19057.0,63007.0,62400.0,36973.0,5200.0,16694.0,56052.0,54400.0,0.5572,Monroe College,Bronx,0.7009,0.7268
41370.0,41370.0,36.0,2.0,13.0,2.0,3.0,1268.0,0.297,0.6492,12.0,0.6566,0.550167224,0.622516556,26007.0,21334.0,22100.0,22543.0,67705.0,14400.0,45807.0,91272.0,84800.0,59588.0,11700.0,38581.0,84201.0,71700.0,0.5188,Mount Saint Mary College,Newburgh,0.7432,0.6295
42740.0,42740.0,36.0,2.0,11.0,2.0,3.0,2373.0,0.4325,0.5533,15.0,0.5714,0.549019608,0.4400978,25000.0,18000.0,20000.0,17500.0,65756.0,12700.0,40480.0,98396.0,97900.0,53755.0,10400.0,29966.0,78977.0,86000.0,0.4688,University of Mount Saint Vincent,Bronx,0.7099,0.5701
40880.0,40880.0,36.0,2.0,21.0,2.0,3.0,1891.0,0.2592,0.7413,9.0,0.7291,0.697160883,0.698884758,26038.0,21500.0,20767.0,23250.0,56458.0,15100.0,38928.0,73630.0,68400.0,47717.0,12300.0,31188.0,66629.0,62900.0,0.6436,Nazareth University,Rochester,0.8149,0.736
56386.0,56386.0,36.0,2.0,11.0,2.0,3.0,6819.0,0.1532,0.2586,9.0,0.7119,0.60707457,0.649564376,22266.0,17250.0,15750.0,14000.0,52901.0,6100.0,21048.0,88619.0,92600.0,38210.0,6300.0,16254.0,65756.0,76000.0,0.5156,The New School,New York,0.8073,0.7037
60438.0,60438.0,36.0,2.0,11.0,2.0,3.0,29430.0,0.1856,0.2171,8.0,0.8846,0.723341232,0.764931507,20500.0,18389.0,19500.0,17500.0,82509.0,12900.0,45965.0,133284.0,145300.0,64543.0,8300.0,30168.0,98071.0,92900.0,0.758,New York University,New York,0.955,0.877
38135.0,38135.0,36.0,2.0,21.0,2.0,3.0,2713.0,0.2591,0.5736,10.0,0.7024,0.248595506,0.660329531,25475.0,19000.0,20750.0,21500.0,56196.0,15600.0,40069.0,77102.0,76100.0,48289.0,12800.0,33269.0,65084.0,54000.0,0.6337,Niagara University,Niagara University,0.807,0.7049
44360.0,44360.0,36.0,2.0,41.0,2.0,3.0,3320.0,0.437,0.4561,13.0,0.5604,0.509872242,0.436681223,23334.0,18000.0,17000.0,16000.0,70080.0,10400.0,41399.0,100245.0,101200.0,52559.0,8400.0,27763.0,78349.0,90500.0,0.4127,New York Institute of Technology,Old Westbury,0.7878,0.561
51424.0,51424.0,36.0,2.0,11.0,2.0,3.0,7725.0,0.2707,0.4639,16.0,0.6141,0.525588536,0.51786696,23250.0,18000.0,18500.0,16500.0,70378.0,13200.0,37204.0,101512.0,112600.0,52767.0,11000.0,23677.0,78743.0,90100.0,0.492,Pace University,New York,0.7668,0.5997
32049.0,32049.0,36.0,2.0,42.0,2.0,3.0,582.0,0.3668,0.759,12.0,0.5333,0.597359736,0.477031802,22750.0,13581.0,17281.0,18500.0,46145.0,9000.0,31978.0,60593.0,64200.0,38325.0,6700.0,22966.0,53855.0,47500.0,0.4451,Paul Smiths College of Arts and Science,Paul Smiths,0.7616,0.4975
59683.0,59683.0,36.0,2.0,11.0,2.0,3.0,3766.0,0.1741,0.3418,9.0,0.7269,0.621376812,0.632911392,26000.0,22274.0,23250.0,19500.0,54295.0,6900.0,26250.0,90075.0,82300.0,45060.0,6700.0,21418.0,65724.0,57700.0,0.4918,Pratt Institute-Main,Brooklyn,0.8939,0.7304
61884.0,61884.0,36.0,2.0,13.0,2.0,3.0,5909.0,0.1865,0.5005,14.0,0.8316,0.795979899,0.82473223,23750.0,23250.0,21500.0,21250.0,102051.0,37000.0,71488.0,137023.0,132000.0,83054.0,23600.0,62358.0,107617.0,97400.0,0.7114,Rensselaer Polytechnic Institute,Troy,0.8871,0.8513
37504.0,37504.0,36.0,2.0,21.0,2.0,3.0,1065.0,0.3969,0.6746,9.0,0.6393,0.663551402,0.578454333,23750.0,18750.0,19500.0,18750.0,55031.0,12200.0,35301.0,81897.0,75600.0,56275.0,10100.0,35728.0,83927.0,71000.0,0.5662,Roberts Wesleyan University,Rochester,0.7734,0.6398
57016.0,57016.0,36.0,2.0,21.0,2.0,3.0,13225.0,0.2612,0.552,13.0,0.708,0.582747131,0.647081267,26778.0,22243.0,22250.0,20000.0,76571.0,17400.0,45486.0,109829.0,106500.0,65457.0,13000.0,38570.0,89368.0,81300.0,0.2805,Rochester Institute of Technology,Rochester,0.8824,0.7278
64348.0,64348.0,36.0,2.0,12.0,2.0,3.0,6488.0,0.1624,0.403,9.0,0.8448,0.835429769,0.82017982,21000.0,18750.0,19000.0,19000.0,79042.0,15800.0,50106.0,116695.0,142000.0,68333.0,11400.0,41113.0,95056.0,80600.0,0.7682,University of Rochester,Rochester,0.9253,0.863
36756.0,36756.0,36.0,2.0,13.0,2.0,3.0,1075.0,0.4328,0.9252,10.0,0.6567,0.621052632,0.671428571,22000.0,19000.0,19000.0,16545.0,58316.0,8900.0,38666.0,76636.0,71900.0,51139.0,9400.0,31359.0,73034.0,64100.0,0.592,Russell Sage College,Troy,0.7479,0.6298
40150.0,40150.0,36.0,2.0,33.0,2.0,3.0,1892.0,0.2274,0.9208,12.0,0.7039,0.608333333,0.622009569,26000.0,18500.0,18500.0,20500.0,57214.0,17500.0,40687.0,78447.0,86300.0,48559.0,12000.0,34616.0,64995.0,57800.0,0.656,St Bonaventure University,Saint Bonaventure,0.8126,0.7128
27570.0,27570.0,36.0,2.0,11.0,2.0,3.0,1931.0,0.4723,0.2786,13.0,0.5229,0.391382406,0.45754717,23250.0,12059.0,12000.0,15625.0,58099.0,10000.0,31954.0,86047.0,94200.0,43378.0,8200.0,20332.0,62345.0,68800.0,0.3357,St. Francis College,Brooklyn,0.5432,0.5235
63870.0,63870.0,36.0,2.0,33.0,2.0,3.0,2040.0,0.2098,0.5497,11.0,0.7965,0.719298246,0.792929293,27000.0,19500.0,23250.0,22750.0,67258.0,15000.0,44778.0,102313.0,87800.0,55037.0,10000.0,34784.0,75818.0,63900.0,0.71,St Lawrence University,Canton,0.8612,0.8186
37452.0,37452.0,36.0,2.0,12.0,2.0,3.0,1238.0,0.3862,0.6082,14.0,0.5095,0.452603471,0.544270833,24749.0,17500.0,16500.0,15000.0,56040.0,13700.0,39051.0,72823.0,67300.0,44628.0,11600.0,28165.0,58726.0,56000.0,0.3761,The College of Saint Rose,Albany,0.7238,0.5962
37720.0,37720.0,36.0,2.0,21.0,2.0,3.0,1009.0,0.184,0.2717,16.0,0.626,0.510273973,0.528610354,23198.0,15429.0,18294.0,18000.0,62909.0,12400.0,42115.0,87445.0,85500.0,44908.0,7700.0,26883.0,63252.0,56300.0,0.4752,St. Thomas Aquinas College,Sparkill,0.749,0.5588
63678.0,63678.0,36.0,2.0,21.0,2.0,3.0,1468.0,0.1265,0.4241,10.0,0.6997,0.752293578,0.763888889,27000.0,16000.0,23765.0,19463.0,53603.0,9200.0,29421.0,82420.0,77300.0,34251.0,4800.0,13942.0,57231.0,61800.0,0.5852,Sarah Lawrence College,Bronxville,0.8438,0.7734
44405.0,44405.0,36.0,2.0,21.0,2.0,3.0,3447.0,0.2335,0.6692,13.0,0.7584,0.721052632,0.7421875,26561.0,18750.0,23250.0,21500.0,76079.0,20100.0,53709.0,104835.0,103000.0,56526.0,15400.0,38645.0,74165.0,68000.0,0.7171,Siena College,Loudonville,0.8434,0.7806
65030.0,65030.0,36.0,2.0,23.0,2.0,3.0,2760.0,0.1371,0.3437,8.0,0.8167,0.873417722,0.879432624,19500.0,9500.0,19000.0,16444.0,69363.0,11400.0,37679.0,104219.0,89700.0,46923.0,6700.0,27726.0,69599.0,61600.0,0.75,Skidmore College,Saratoga Springs,0.8885,0.8392
34535.0,34535.0,36.0,2.0,11.0,2.0,3.0,3343.0,0.3422,0.5321,12.0,0.6421,0.683317625,0.679420889,22000.0,17834.0,15750.0,18500.0,63905.0,12000.0,40707.0,86336.0,92100.0,50759.0,10500.0,32841.0,73316.0,70700.0,0.5594,St. Joseph's University-New York,Brooklyn,0.7912,0.712
39666.0,39666.0,36.0,2.0,21.0,2.0,3.0,2579.0,0.2815,0.6786,12.0,0.7444,0.74015748,0.727882038,23250.0,21000.0,20000.0,19500.0,66944.0,16900.0,49303.0,96035.0,85300.0,61198.0,14800.0,43214.0,78481.0,62500.0,0.6438,St. John Fisher University,Rochester,0.8429,0.7337
50110.0,50110.0,36.0,2.0,11.0,2.0,3.0,9742.0,0.2367,0.266,16.0,0.6846,0.629070158,0.601457195,25000.0,19000.0,19500.0,19500.0,69571.0,13200.0,40573.0,103666.0,111800.0,54189.0,8900.0,27977.0,78247.0,84900.0,0.5532,St. John's University-New York,Queens,0.7991,0.6972
8689.0,13519.0,36.0,2.0,33.0,1.0,3.0,2778.0,0.4723,0.6095,17.0,0.4406,0.419354839,0.49306198,20000.0,12884.0,12607.0,12000.0,47860.0,6700.0,28303.0,68084.0,68400.0,42079.0,6000.0,25336.0,61812.0,58400.0,0.4231,SUNY College of Technology at Canton,Canton,0.6681,0.4444
8710.0,12480.0,36.0,2.0,43.0,1.0,3.0,2597.0,0.461,0.5439,12.0,0.4796,0.436210131,0.50042337,15180.0,12894.0,11383.0,11508.0,51629.0,8200.0,30776.0,76072.0,70600.0,42826.0,7900.0,25039.0,63684.0,54000.0,0.4435,SUNY College of Technology at Delhi,Delhi,0.6758,0.5
8676.0,18586.0,36.0,2.0,32.0,1.0,3.0,1776.0,0.4251,0.5328,14.0,0.4091,0.403361345,0.376226827,16023.0,11000.0,10500.0,11000.0,45030.0,7900.0,28239.0,65691.0,65400.0,37901.0,6300.0,21483.0,53627.0,49700.0,0.4869,SUNY College of Agriculture and Technology at Cobleskill,Cobleskill,0.7203,0.4795
8576.0,18486.0,36.0,2.0,21.0,1.0,3.0,9117.0,0.3575,0.2307,18.0,0.5706,0.543362832,0.5562954,14718.0,9753.0,10500.0,12000.0,69781.0,10300.0,43364.0,99020.0,94300.0,55901.0,9000.0,34147.0,76114.0,76400.0,0.4072,Farmingdale State College,Farmingdale,0.8087,0.5498
10408.0,28998.0,36.0,2.0,12.0,1.0,3.0,12100.0,0.4212,0.5236,17.0,0.6389,0.647878968,0.630501222,19500.0,16530.0,15000.0,15000.0,67979.0,15600.0,44635.0,96119.0,99000.0,51380.0,10800.0,33105.0,71617.0,66100.0,0.5685,University at Albany,Albany,0.8333,0.6716
10363.0,29453.0,36.0,2.0,22.0,1.0,3.0,14401.0,0.2747,0.4094,18.0,0.8365,0.731630648,0.723842863,18500.0,15005.0,15750.0,15000.0,80596.0,17400.0,53396.0,113934.0,111300.0,61621.0,10600.0,37950.0,86450.0,77800.0,0.7706,Binghamton University,Vestal,0.8849,0.8451
10782.0,30572.0,36.0,2.0,21.0,1.0,3.0,20284.0,0.3226,0.4091,11.0,0.7341,0.607534573,0.660559306,19000.0,13000.0,14000.0,15000.0,70814.0,15700.0,45990.0,100175.0,100800.0,53742.0,12100.0,34493.0,76162.0,75900.0,0.5857,University at Buffalo,Buffalo,0.8445,0.7463
10560.0,30350.0,36.0,2.0,21.0,1.0,3.0,17420.0,0.3837,0.3635,19.0,0.7785,0.69577291,0.728470437,18228.0,14500.0,15000.0,15000.0,74502.0,14200.0,48580.0,107097.0,103300.0,59492.0,8900.0,35977.0,87494.0,77900.0,0.6642,Stony Brook University,Stony Brook,0.8869,0.7893
9206.0,21036.0,36.0,2.0,12.0,1.0,3.0,1725.0,0.2566,0.4238,14.0,0.6994,0.171717172,0.666666667,11000.0,13164.0,12916.0,13000.0,55763.0,15200.0,40378.0,78328.0,79800.0,48327.0,10200.0,32984.0,65594.0,61300.0,0.5859,SUNY College of Environmental Science and Forestry,Syracuse,0.85,0.7547
8578.0,20228.0,36.0,2.0,22.0,1.0,3.0,1773.0,0.3673,0.4057,14.0,0.5918,0.623239437,0.632352941,17250.0,11000.0,12000.0,12500.0,64355.0,16700.0,43278.0,92187.0,87800.0,58662.0,11700.0,38891.0,79978.0,70600.0,0.4795,SUNY Polytechnic Institute,Utica,0.6834,0.6599
8678.0,15748.0,36.0,2.0,31.0,1.0,3.0,5381.0,0.3873,0.6096,16.0,0.5664,0.540859707,0.611137782,20000.0,15466.0,15000.0,15000.0,54496.0,13800.0,37719.0,74398.0,73000.0,47164.0,11200.0,30303.0,64426.0,55600.0,0.4344,SUNY Brockport,Brockport,0.7319,0.6424
8486.0,18906.0,36.0,2.0,11.0,1.0,3.0,5358.0,0.5333,0.5293,13.0,0.3604,0.451224105,0.498380567,21028.0,12500.0,12000.0,14000.0,52334.0,10900.0,32907.0,71022.0,69700.0,40877.0,8000.0,23397.0,55364.0,52900.0,0.246,SUNY Buffalo State University,Buffalo,0.5471,0.4223
8815.0,18725.0,36.0,2.0,32.0,1.0,3.0,5896.0,0.2685,0.602,15.0,0.6825,0.604703247,0.657754011,21500.0,18250.0,17500.0,17250.0,60236.0,15400.0,43982.0,82293.0,77500.0,46535.0,11700.0,31702.0,63865.0,56900.0,0.5575,State University of New York at Cortland,Cortland,0.8082,0.6565
8771.0,19191.0,36.0,2.0,32.0,1.0,3.0,2860.0,0.3745,0.6606,11.0,0.5348,0.488288288,0.499627144,24250.0,15000.0,15750.0,19500.0,54247.0,14300.0,38017.0,71998.0,68000.0,40580.0,10800.0,24914.0,55881.0,52500.0,0.4037,SUNY at Fredonia,Fredonia,0.7622,0.6296
8966.0,19206.0,36.0,2.0,32.0,1.0,3.0,3855.0,0.2541,0.4911,15.0,0.7209,0.603019538,0.68317757,19500.0,13500.0,15000.0,15000.0,67316.0,17500.0,48703.0,94584.0,84600.0,51097.0,12900.0,33944.0,70152.0,59800.0,0.6504,SUNY College at Geneseo,Geneseo,0.8383,0.7687
8524.0,18434.0,36.0,2.0,31.0,1.0,3.0,6022.0,0.3287,0.4502,16.0,0.6888,0.440531561,0.610497238,18750.0,16250.0,15000.0,15000.0,58073.0,11700.0,37617.0,82174.0,79700.0,45555.0,7700.0,28323.0,65718.0,60200.0,0.5532,State University of New York at New Paltz,New Paltz,0.8668,0.7428
8812.0,19232.0,36.0,2.0,33.0,1.0,3.0,4820.0,0.3334,0.56,14.0,0.7024,0.697991392,0.702096891,19812.0,16000.0,15468.0,15000.0,60386.0,13500.0,43193.0,82950.0,75700.0,49723.0,9700.0,32002.0,65815.0,55200.0,0.6119,SUNY Oneonta,Oneonta,0.7801,0.7442
8769.0,18679.0,36.0,2.0,32.0,1.0,3.0,5618.0,0.387,0.5333,14.0,0.6037,0.625252525,0.654761905,20880.0,16817.0,15000.0,15000.0,57566.0,13000.0,38620.0,78974.0,71800.0,46358.0,9900.0,31211.0,64780.0,56000.0,0.4825,State University of New York at Oswego,Oswego,0.7034,0.6712
8712.0,18622.0,36.0,2.0,33.0,1.0,3.0,1951.0,0.4265,0.6427,10.0,0.4788,0.407010711,0.495652174,24250.0,17761.0,17500.0,18973.0,47866.0,10100.0,30701.0,66681.0,68100.0,39440.0,7700.0,22749.0,53933.0,49800.0,0.3363,SUNY College at Potsdam,Potsdam,0.7788,0.5035
8953.0,18863.0,36.0,2.0,21.0,1.0,3.0,3110.0,0.3563,0.4425,11.0,0.6156,0.648305085,0.666312434,21067.0,15394.0,17000.0,14259.0,45092.0,7000.0,18464.0,68776.0,75900.0,31229.0,5400.0,13074.0,51830.0,54800.0,0.5099,SUNY at Purchase College,Purchase,0.7909,0.6478
8379.0,18289.0,36.0,2.0,21.0,1.0,3.0,3945.0,0.4738,0.2966,17.0,0.4659,0.485632184,0.48522829,14997.0,11146.0,12331.0,12230.0,58526.0,8000.0,39192.0,85776.0,87000.0,43671.0,6600.0,25627.0,65287.0,61300.0,0.3171,SUNY Old Westbury,Old Westbury,0.7352,0.5027
8881.0,18791.0,36.0,2.0,32.0,1.0,3.0,3789.0,0.3854,0.5719,15.0,0.5884,0.567359507,0.638123604,21196.0,15049.0,15000.0,15500.0,56403.0,13800.0,35998.0,76683.0,72600.0,48089.0,9400.0,31110.0,65285.0,58300.0,0.4386,SUNY College at Plattsburgh,Plattsburgh,0.7121,0.6497
7630.0,17540.0,36.0,2.0,23.0,1.0,3.0,7046.0,0.35,0.3462,17.0,0.2932,0.300669028,0.325827363,18730.0,10371.0,11048.0,12000.0,54080.0,8400.0,30511.0,80195.0,85800.0,50167.0,8100.0,29969.0,70599.0,74400.0,0.12,Empire State University,Saratoga Springs,0.4595,0.1954
8540.0,18450.0,36.0,2.0,11.0,1.0,3.0,1242.0,0.2062,0.4069,14.0,0.7485,0.664634146,0.727848101,23250.0,16250.0,17500.0,15089.0,95951.0,25100.0,63300.0,136040.0,124700.0,83439.0,12500.0,56912.0,112598.0,104200.0,0.5227,SUNY Maritime College,Throggs Neck,0.797,0.7508
63061.0,63061.0,36.0,2.0,12.0,2.0,3.0,15245.0,0.1622,0.3436,15.0,0.8135,0.779079861,0.778557505,26000.0,21250.0,25000.0,24250.0,79164.0,17500.0,52205.0,112094.0,107900.0,60459.0,13000.0,37057.0,82779.0,72700.0,0.7126,Syracuse University,Syracuse,0.9121,0.8337
21810.0,21810.0,36.0,2.0,11.0,2.0,3.0,4004.0,0.3232,0.2652,10.0,0.6496,0.613348677,0.509621765,15547.0,12750.0,12500.0,11829.0,53419.0,5900.0,24108.0,86163.0,84900.0,43510.0,4000.0,21177.0,75835.0,72100.0,0.5515,Touro University,New York,0.8595,0.7226
66456.0,66456.0,36.0,2.0,13.0,2.0,3.0,2070.0,0.1315,0.4466,10.0,0.8526,0.881533101,0.845201238,25337.0,18560.0,19250.0,22000.0,88604.0,22100.0,57953.0,123772.0,119000.0,63219.0,10300.0,42137.0,89232.0,73800.0,0.7509,Union College,Schenectady,0.887,0.8504
24308.0,24308.0,36.0,2.0,13.0,2.0,3.0,2477.0,0.2961,0.6628,14.0,0.5547,0.603773585,0.559802713,22500.0,16244.0,17750.0,18750.0,63277.0,15900.0,40485.0,90057.0,79500.0,57422.0,9500.0,36937.0,84123.0,63100.0,0.427,Utica University,Utica,0.7327,0.6016
67805.0,67805.0,36.0,2.0,21.0,2.0,3.0,2430.0,0.2086,0.4258,8.0,0.8914,0.931122449,0.912921348,18625.0,9851.0,15597.0,19000.0,71366.0,9800.0,47264.0,105378.0,99300.0,49177.0,9000.0,25473.0,76667.0,61200.0,0.8067,Vassar College,Poughkeepsie,0.944,0.925
28670.0,28670.0,36.0,2.0,13.0,2.0,3.0,536.0,0.6086,0.5849,9.0,0.3101,0.303643725,0.240740741,21250.0,9758.0,12375.0,12000.0,38857.0,4200.0,17948.0,52822.0,51000.0,33635.0,5100.0,18278.0,47066.0,41500.0,0.2475,Villa Maria College,Buffalo,0.6322,0.3689
49140.0,49140.0,36.0,2.0,11.0,3.0,3.0,3432.0,0.1472,0.2468,8.0,0.7493,0.684647303,0.673647469,27000.0,23594.0,25000.0,20500.0,46459.0,6800.0,20288.0,80384.0,96800.0,31855.0,4400.0,12761.0,56275.0,64500.0,0.6043,School of Visual Arts,New York,0.881,0.751
52000.0,52000.0,36.0,2.0,11.0,2.0,3.0,1579.0,0.227,0.5535,16.0,0.6814,0.728855721,0.766404199,25000.0,22000.0,21329.0,20500.0,74360.0,14900.0,47410.0,108167.0,100200.0,63439.0,8300.0,37162.0,101338.0,82400.0,0.6326,Wagner College,Staten Island,0.8168,0.7174
35166.0,35166.0,36.0,2.0,42.0,2.0,3.0,355.0,0.4678,0.8095,8.0,0.4088,0.505319149,0.517241379,26000.0,8655.0,11649.0,14625.0,51094.0,7100.0,23578.0,74173.0,62200.0,35648.0,9300.0,20800.0,55708.0,50200.0,0.3796,Wells College,Aurora,0.5034,0.5503
49900.0,49900.0,36.0,2.0,11.0,2.0,3.0,2942.0,0.1406,0.1762,7.0,0.8367,0.339031339,0.486910995,18250.0,12000.0,16282.0,14000.0,71353.0,8700.0,41386.0,111701.0,117200.0,60252.0,5700.0,29744.0,92043.0,86500.0,0.7936,Yeshiva University,New York,0.9283,0.8228
12799.0,17239.0,39.0,3.0,12.0,1.0,3.0,10011.0,0.2886,0.3503,16.0,0.4818,0.38427125,0.395824457,23250.0,15750.0,16250.0,14191.0,46600.0,8600.0,28267.0,68841.0,70800.0,42269.0,7600.0,25949.0,62185.0,57700.0,0.2945,University of Akron Main Campus,Akron,0.7301,0.5082
28910.0,28910.0,39.0,3.0,31.0,2.0,3.0,2250.0,0.276,0.4616,15.0,0.6059,0.478504673,0.565836299,25000.0,18750.0,21494.0,20250.0,52928.0,12500.0,38053.0,72499.0,66800.0,47722.0,11100.0,34154.0,62481.0,53000.0,0.4853,Ashland University,Ashland,0.7222,0.6763
37938.0,37938.0,39.0,3.0,21.0,2.0,3.0,2775.0,0.285,0.7923,9.0,0.6861,0.633651551,0.641148325,27000.0,25000.0,25000.0,23195.0,54122.0,16800.0,37859.0,73747.0,79000.0,44972.0,11200.0,30845.0,62693.0,60500.0,0.5854,Baldwin Wallace University,Berea,0.8489,0.6697
36298.0,36298.0,39.0,3.0,42.0,2.0,3.0,595.0,0.3735,0.756,10.0,0.4952,0.489711934,0.494773519,27000.0,12656.0,18458.0,21826.0,49547.0,13100.0,37115.0,65380.0,70900.0,41940.0,12200.0,29350.0,57059.0,54100.0,0.4667,Bluffton University,Bluffton,0.6728,0.53
14081.0,22070.0,39.0,3.0,31.0,1.0,3.0,12255.0,0.227,0.4875,17.0,0.6277,0.520510255,0.545032258,25000.0,15625.0,17500.0,18500.0,47896.0,13000.0,31725.0,67179.0,73400.0,41281.0,9700.0,26850.0,56538.0,55400.0,0.4901,Bowling Green State University-Main Campus,Bowling Green,0.799,0.6232
41788.0,41788.0,39.0,3.0,21.0,2.0,3.0,1709.0,0.3101,0.7219,10.0,0.6554,0.546753247,0.54625,26889.0,23000.0,19500.0,21354.0,54143.0,13700.0,38452.0,74851.0,76000.0,45767.0,11300.0,30895.0,60598.0,60100.0,0.5878,Capital University,Columbus,0.7355,0.6168
64671.0,64671.0,39.0,3.0,11.0,2.0,3.0,6108.0,0.1708,0.4884,9.0,0.8695,0.755381605,0.81152648,24000.0,20875.0,22783.0,21250.0,87989.0,22000.0,58275.0,121871.0,137800.0,75613.0,19100.0,50106.0,96240.0,119900.0,0.7199,Case Western Reserve University,Cleveland,0.9201,0.8476
36078.0,36078.0,39.0,3.0,42.0,2.0,3.0,3815.0,0.154,0.3733,15.0,0.7431,0.667168675,0.662207358,20937.0,15000.0,18500.0,17250.0,55443.0,7400.0,36255.0,84481.0,82800.0,47937.0,9800.0,33452.0,66663.0,60600.0,0.6459,Cedarville University,Cedarville,0.8505,0.7408
7824.0,9824.0,39.0,3.0,41.0,1.0,3.0,3412.0,0.4218,0.2878,17.0,0.2557,0.218181818,0.248756219,30739.0,12500.0,14250.0,18340.0,33267.0,5000.0,15373.0,50519.0,48500.0,27173.0,3100.0,11581.0,41328.0,35800.0,0.1362,Central State University,Wilberforce,0.5119,0.2505
13570.0,30582.0,39.0,3.0,11.0,1.0,3.0,29094.0,0.1761,0.3884,19.0,0.7155,0.462679648,0.489355703,21250.0,12000.0,12000.0,12000.0,54810.0,10700.0,33668.0,79998.0,82600.0,48310.0,9700.0,30940.0,69589.0,64700.0,0.3935,University of Cincinnati-Main Campus,Cincinnati,0.8574,0.7387
23700.0,23700.0,39.0,3.0,41.0,2.0,3.0,816.0,0.3384,0.4461,11.0,0.3571,0.220966729,0.285404624,29579.0,21698.0,20000.0,21536.0,39813.0,6400.0,20610.0,59342.0,71100.0,34457.0,5000.0,15866.0,52456.0,56900.0,0.4468,Ohio Christian University,Circleville,0.505,0.4385
47880.0,47880.0,39.0,3.0,11.0,2.0,3.0,560.0,0.3784,0.8099,9.0,0.6753,0.567741935,0.577777778,27000.0,26625.0,27000.0,25000.0,42509.0,7100.0,27642.0,62028.0,85800.0,33148.0,5900.0,19327.0,49468.0,53400.0,0.6104,Cleveland Institute of Art,Cleveland,0.8636,0.5636
12613.0,17973.0,39.0,3.0,11.0,1.0,3.0,9077.0,0.3901,0.469,16.0,0.4891,0.495615361,0.488687783,21797.0,17000.0,15000.0,14500.0,52131.0,9700.0,33018.0,74241.0,77800.0,44625.0,8000.0,27719.0,64167.0,65700.0,0.3349,Cleveland State University,Cleveland,0.6908,0.5203
39650.0,39650.0,39.0,3.0,11.0,2.0,3.0,891.0,0.3975,0.6862,9.0,0.6133,0.586872587,0.677777778,27000.0,21414.0,20500.0,19500.0,40664.0,7600.0,21400.0,64027.0,73700.0,30590.0,6600.0,16742.0,47608.0,51600.0,0.5547,Columbus College of Art & Design,Columbus,0.7333,0.6008
47600.0,47600.0,39.0,3.0,12.0,2.0,3.0,8099.0,0.1552,0.4232,15.0,0.8152,0.708456973,0.776525822,23250.0,16276.0,19500.0,19500.0,75537.0,18100.0,50541.0,102329.0,95600.0,62477.0,16400.0,44144.0,80750.0,70100.0,0.6605,University of Dayton,Dayton,0.8875,0.8007
38778.0,38778.0,39.0,3.0,32.0,2.0,3.0,454.0,0.4795,0.7766,10.0,0.3667,0.50660793,0.333333333,26813.0,8000.0,13500.0,14875.0,49351.0,9300.0,34642.0,67145.0,69100.0,39303.0,10200.0,25626.0,51595.0,51400.0,0.2867,Defiance College,Defiance,0.6143,0.5
64000.0,64000.0,39.0,3.0,23.0,2.0,3.0,2398.0,0.128,0.5244,9.0,0.8006,0.589123867,0.807692308,26000.0,19500.0,21393.0,22061.0,67753.0,17300.0,44066.0,96126.0,98000.0,51352.0,6500.0,33528.0,69189.0,65100.0,0.7261,Denison University,Granville,0.8873,0.8162
39646.0,39646.0,39.0,3.0,32.0,2.0,3.0,2240.0,0.1386,0.3318,13.0,0.6263,0.563249001,0.620472441,25439.0,15331.0,19000.0,20000.0,56996.0,12900.0,38423.0,83667.0,84700.0,49757.0,13000.0,33552.0,70519.0,83500.0,0.4269,The University of Findlay,Findlay,0.7196,0.6316
9577.0,9577.0,39.0,3.0,11.0,2.0,3.0,5111.0,0.3343,0.393,16.0,0.3025,0.417146974,0.356687898,20836.0,15623.0,14250.0,12500.0,51892.0,12500.0,30415.0,78104.0,90700.0,49189.0,11100.0,31752.0,69546.0,73700.0,0.3103,Franklin University,Columbus,0.4737,0.2544
33628.0,33628.0,39.0,3.0,32.0,2.0,3.0,884.0,0.2851,0.8189,15.0,0.4984,0.525951557,0.468834688,27000.0,15750.0,21500.0,21500.0,48466.0,15000.0,35319.0,70735.0,68700.0,41440.0,11000.0,27323.0,57552.0,53500.0,0.4389,Heidelberg University,Tiffin,0.775,0.5846
26265.0,26265.0,39.0,3.0,42.0,2.0,3.0,731.0,0.3194,0.5459,10.0,0.5914,0.550387597,0.522857143,27000.0,15480.0,19500.0,24000.0,54311.0,11700.0,36173.0,74254.0,82700.0,40270.0,12100.0,25187.0,59109.0,56400.0,0.4981,Hiram College,Hiram,0.6545,0.5375
49100.0,49100.0,39.0,3.0,21.0,2.0,3.0,2228.0,0.1978,0.5685,13.0,0.7649,0.723704867,0.722772277,26000.0,23000.0,20500.0,22043.0,62860.0,20100.0,43612.0,93077.0,96700.0,53187.0,15700.0,37183.0,70699.0,67200.0,0.6932,John Carroll University,University Heights,0.8534,0.7589
12846.0,22316.0,39.0,3.0,21.0,1.0,3.0,19134.0,0.2737,0.499,21.0,0.6545,0.462510187,0.464705184,24500.0,16500.0,17838.0,17500.0,45388.0,10300.0,27117.0,66038.0,69200.0,40179.0,8700.0,25484.0,56690.0,55600.0,0.4934,Kent State University at Kent,Kent,0.7879,0.6877
69330.0,69330.0,39.0,3.0,41.0,2.0,3.0,1753.0,0.1008,0.2382,9.0,0.8675,0.827411168,0.889502762,18527.0,14394.0,16250.0,14500.0,71830.0,12800.0,40485.0,104986.0,91300.0,46627.0,10000.0,26802.0,66603.0,55000.0,0.6711,Kenyon College,Gambier,0.9134,0.8689
15672.0,15672.0,39.0,3.0,13.0,2.0,3.0,543.0,0.2419,0.462,9.0,0.65,0.474860335,0.562162162,23500.0,19456.0,19750.0,18500.0,67492.0,11700.0,42545.0,86850.0,109200.0,60692.0,15800.0,40558.0,79467.0,87400.0,0.5714,Kettering College,Kettering,0.8052,0.4727
36032.0,36032.0,39.0,3.0,21.0,2.0,3.0,678.0,0.29,0.5759,12.0,0.4194,0.467811159,0.439130435,26000.0,12500.0,15000.0,14125.0,50417.0,8800.0,34818.0,69879.0,61100.0,43959.0,8700.0,29306.0,58553.0,54900.0,0.318,Lake Erie College,Painesville,0.6592,0.4528
28930.0,28930.0,39.0,3.0,21.0,2.0,3.0,668.0,0.2728,0.5984,13.0,0.381,0.514814815,0.427160494,27000.0,19750.0,17770.0,19355.0,48150.0,6700.0,29161.0,73342.0,73800.0,40158.0,7600.0,26863.0,58169.0,60300.0,0.381,Lourdes University,Sylvania,0.6369,0.604
36120.0,36120.0,39.0,3.0,13.0,2.0,3.0,777.0,0.3052,0.623,12.0,0.5134,0.523809524,0.519362187,26289.0,18750.0,21673.0,21500.0,48909.0,11100.0,32520.0,71871.0,82800.0,43056.0,11300.0,29438.0,65833.0,68800.0,0.409,Malone University,Canton,0.7177,0.5967
38974.0,38974.0,39.0,3.0,31.0,2.0,3.0,1035.0,0.2714,0.6114,9.0,0.5809,0.415966387,0.504504505,27000.0,13000.0,12000.0,12000.0,57180.0,13200.0,38070.0,87422.0,95700.0,51252.0,10200.0,34445.0,80910.0,69900.0,0.4779,Marietta College,Marietta,0.7344,0.5159
18950.0,18950.0,39.0,3.0,11.0,2.0,3.0,982.0,0.3643,0.6893,7.0,0.4464,0.551578947,0.653116531,20834.0,14332.0,14000.0,16664.0,65409.0,14200.0,40535.0,84912.0,77400.0,61877.0,13700.0,40825.0,77176.0,65200.0,0.0417,Mercy College of Ohio,Toledo,0.8571,0.5833
7278.0,18847.0,39.0,3.0,21.0,1.0,3.0,2025.0,0.3025,0.3492,13.0,0.2159,0.590237636,0.567862267,23000.0,12509.0,15597.0,17500.0,55076.0,13200.0,34102.0,84230.0,94500.0,49773.0,9900.0,32353.0,73145.0,66500.0,0.1039,Miami University-Hamilton,Hamilton,0.5289,0.1851
7278.0,18847.0,39.0,3.0,23.0,1.0,3.0,871.0,0.2325,0.2766,16.0,0.2454,0.590237636,0.567862267,23000.0,12509.0,15597.0,17500.0,55076.0,13200.0,34102.0,84230.0,94500.0,49773.0,9900.0,32353.0,73145.0,66500.0,0.1124,Miami University-Middletown,Middletown,0.6235,0.1923
17809.0,40025.0,39.0,3.0,31.0,1.0,3.0,16361.0,0.1129,0.3269,15.0,0.8184,0.590237636,0.567862267,23000.0,12509.0,15597.0,17500.0,55076.0,13200.0,34102.0,84230.0,94500.0,49773.0,9900.0,32353.0,73145.0,66500.0,0.7296,Miami University-Oxford,Oxford,0.8952,0.8345
13890.0,13890.0,39.0,3.0,11.0,2.0,3.0,573.0,0.3041,0.6258,9.0,0.7089,0.689655172,0.717054264,22082.0,21931.0,21500.0,18250.0,75103.0,27400.0,50015.0,95125.0,84300.0,68161.0,24500.0,56965.0,82323.0,71500.0,0.6456,Mount Carmel College of Nursing,Columbus,0.8333,0.8068
35400.0,35400.0,39.0,3.0,31.0,2.0,3.0,1785.0,0.2871,0.8001,12.0,0.6487,0.649694501,0.603773585,27000.0,18500.0,20500.0,22500.0,53217.0,12600.0,35488.0,75993.0,76700.0,45919.0,11800.0,33265.0,61108.0,53300.0,0.5502,University of Mount Union,Alliance,0.7091,0.6853
35524.0,35524.0,39.0,3.0,32.0,2.0,3.0,1346.0,0.2893,0.5657,12.0,0.6364,0.458585859,0.43551797,25000.0,17319.0,20832.0,20500.0,49555.0,11300.0,32952.0,71693.0,78400.0,43046.0,11900.0,29986.0,61240.0,71100.0,0.5485,Mount Vernon Nazarene University,Mount Vernon,0.7986,0.608
36650.0,36650.0,39.0,3.0,21.0,2.0,3.0,1100.0,0.2734,0.5447,9.0,0.5471,0.437810945,0.435960591,26827.0,21929.0,18750.0,17500.0,51509.0,14000.0,35014.0,72607.0,72400.0,43595.0,9500.0,31291.0,58415.0,55300.0,0.4457,Mount St. Joseph University,Cincinnati,0.7601,0.5323
31440.0,31440.0,39.0,3.0,42.0,2.0,3.0,1407.0,0.4111,0.8309,13.0,0.5273,0.435779817,0.4291939,25369.0,15750.0,16500.0,17115.0,48440.0,14800.0,35354.0,65242.0,66800.0,40536.0,8300.0,28729.0,57065.0,52900.0,0.4052,Muskingum University,New Concord,0.6893,0.5182
32606.0,32606.0,39.0,3.0,21.0,2.0,3.0,1049.0,0.389,0.6065,14.0,0.3663,0.283854167,0.26645768,27000.0,12750.0,15858.0,19500.0,49737.0,10300.0,34055.0,67122.0,76300.0,39597.0,8300.0,22453.0,58927.0,55700.0,0.3256,Notre Dame College,Cleveland,0.693,0.3936
64646.0,64646.0,39.0,3.0,31.0,2.0,3.0,2950.0,0.0884,0.3292,9.0,0.7948,0.649068323,0.788461538,26000.0,14878.0,21265.0,19500.0,58343.0,10000.0,32470.0,85039.0,77000.0,38871.0,6300.0,21672.0,59958.0,53500.0,0.6295,Oberlin College,Oberlin,0.8878,0.8295
34370.0,34370.0,39.0,3.0,11.0,2.0,3.0,785.0,0.3901,0.6135,12.0,0.479,0.468834688,0.423728814,26000.0,12250.0,17834.0,19371.0,51748.0,10200.0,34634.0,73468.0,72300.0,43933.0,9900.0,27784.0,60638.0,61000.0,0.4009,Ohio Dominican University,Columbus,0.5981,0.5388
37800.0,37800.0,39.0,3.0,31.0,2.0,3.0,2386.0,0.1896,0.5535,13.0,0.7418,0.62109375,0.739047619,27000.0,25000.0,25000.0,23562.0,80928.0,20100.0,51102.0,123378.0,130600.0,62686.0,18500.0,40469.0,86356.0,123000.0,0.5927,Ohio Northern University,Ada,0.8754,0.7314
9212.0,34718.0,39.0,3.0,41.0,1.0,3.0,656.0,0.3117,0.3557,16.0,0.181,0.621949873,0.656756757,19976.0,12643.0,13000.0,15984.0,60409.0,13000.0,39834.0,88954.0,86400.0,51438.0,10700.0,34228.0,72018.0,65700.0,0.0794,Ohio State University-Lima Campus,Lima,0.4335,0.1441
12859.0,38365.0,39.0,3.0,11.0,1.0,3.0,44617.0,0.1945,0.3042,18.0,0.8773,0.621949873,0.656756757,19976.0,12643.0,13000.0,15984.0,60409.0,13000.0,39834.0,88954.0,86400.0,51438.0,10700.0,34228.0,72018.0,65700.0,0.7081,Ohio State University-Main Campus,Columbus,0.9412,0.8887
6178.0,9170.0,39.0,3.0,41.0,1.0,3.0,305.0,0.0919,0.0849,14.0,0.2,0.542413891,0.537654653,21056.0,13500.0,15000.0,16950.0,52581.0,11100.0,32485.0,79745.0,78900.0,48991.0,8800.0,30731.0,72820.0,58000.0,0.1193,Ohio University-Eastern Campus,Saint Clairsville,0.6548,0.178
6178.0,9170.0,39.0,3.0,41.0,1.0,3.0,657.0,0.0948,0.1143,16.0,0.1371,0.542413891,0.537654653,21056.0,13500.0,15000.0,16950.0,52581.0,11100.0,32485.0,79745.0,78900.0,48991.0,8800.0,30731.0,72820.0,58000.0,0.0769,Ohio University-Lancaster Campus,Lancaster,0.6376,0.1188
13746.0,24114.0,39.0,3.0,32.0,1.0,3.0,18456.0,0.2037,0.467,18.0,0.6644,0.542413891,0.537654653,21056.0,13500.0,15000.0,16950.0,52581.0,11100.0,32485.0,79745.0,78900.0,48991.0,8800.0,30731.0,72820.0,58000.0,0.5289,Ohio University-Main Campus,Athens,0.8247,0.6784
6178.0,9170.0,39.0,3.0,32.0,1.0,3.0,526.0,0.1045,0.13,12.0,0.177,0.542413891,0.537654653,21056.0,13500.0,15000.0,16950.0,52581.0,11100.0,32485.0,79745.0,78900.0,48991.0,8800.0,30731.0,72820.0,58000.0,0.1221,Ohio University-Zanesville Campus,Zanesville,0.6905,0.1857
52357.0,52357.0,39.0,3.0,21.0,2.0,3.0,1450.0,0.2461,0.6191,11.0,0.6174,0.578313253,0.578947368,27000.0,21000.0,21500.0,21500.0,55624.0,13800.0,36230.0,77702.0,85900.0,42495.0,8000.0,27695.0,61449.0,53700.0,0.5548,Ohio Wesleyan University,Delaware,0.8426,0.6434
34899.0,34899.0,39.0,3.0,21.0,2.0,3.0,2055.0,0.2908,0.8302,12.0,0.6895,0.556776557,0.584670232,26000.0,19000.0,20200.0,21250.0,53313.0,13100.0,36344.0,77271.0,80200.0,44539.0,10300.0,31448.0,63519.0,58000.0,0.5977,Otterbein University,Westerville,0.8242,0.6975
9622.0,16157.0,39.0,3.0,32.0,1.0,3.0,2300.0,0.351,0.3918,16.0,0.4298,0.28466483,0.334763948,23000.0,13216.0,12950.0,12034.0,39596.0,6700.0,22122.0,57949.0,65200.0,35080.0,5900.0,20179.0,50796.0,51800.0,0.3517,Shawnee State University,Portsmouth,0.7108,0.5051
32630.0,32630.0,39.0,3.0,13.0,2.0,3.0,2775.0,0.2101,0.4804,19.0,0.7709,0.723311547,0.726681128,23384.0,15250.0,19000.0,18750.0,50030.0,9200.0,30456.0,72163.0,70900.0,42037.0,8100.0,28888.0,60402.0,58400.0,0.6776,Franciscan University of Steubenville,Steubenville,0.8787,0.717
32400.0,32400.0,39.0,3.0,32.0,2.0,3.0,1938.0,0.3553,0.5472,20.0,0.4295,0.341500766,0.292508918,27000.0,15264.0,16204.0,16506.0,35942.0,7800.0,17173.0,53905.0,75200.0,42475.0,11700.0,26727.0,60110.0,61900.0,0.3602,Tiffin University,Tiffin,0.6028,0.4561
12377.0,21737.0,39.0,3.0,11.0,1.0,3.0,10244.0,0.257,0.3766,18.0,0.5563,0.430567686,0.439590076,22250.0,15521.0,14250.0,14702.0,50632.0,11700.0,30611.0,76768.0,83600.0,44162.0,9600.0,26765.0,66467.0,65400.0,0.3515,University of Toledo,Toledo,0.7588,0.5791
37860.0,37860.0,39.0,3.0,21.0,2.0,3.0,630.0,0.3904,0.8624,7.0,0.5325,0.472826087,0.600938967,26250.0,25000.0,20306.0,20500.0,56878.0,13300.0,37235.0,76180.0,89200.0,45646.0,11000.0,29222.0,67236.0,69600.0,0.4286,Ursuline College,Pepper Pike,0.729,0.4912
34595.0,34595.0,39.0,3.0,21.0,2.0,3.0,1294.0,0.233,0.5289,13.0,0.6169,0.652427184,0.604269294,27000.0,19213.0,19000.0,21679.0,59764.0,13300.0,40103.0,80565.0,81600.0,50090.0,13900.0,35188.0,69578.0,61500.0,0.5649,Walsh University,North Canton,0.7294,0.6856
14776.0,14776.0,39.0,3.0,41.0,2.0,3.0,602.0,0.7436,0.625,12.0,0.1597,0.252707581,0.356687898,26468.0,10300.0,14750.0,17911.0,38298.0,5200.0,17682.0,53841.0,71400.0,35146.0,7100.0,15338.0,52913.0,57800.0,0.084,Wilberforce University,Wilberforce,0.6959,0.2
30962.0,30962.0,39.0,3.0,32.0,2.0,3.0,924.0,0.3734,0.7369,12.0,0.5508,0.553314121,0.585507246,24208.0,10131.0,15969.0,15536.0,48491.0,12000.0,34644.0,70304.0,70100.0,41889.0,9600.0,28288.0,55242.0,52200.0,0.4885,Wilmington College,Wilmington,0.6845,0.5307
44602.0,44602.0,39.0,3.0,13.0,2.0,3.0,1269.0,0.2941,0.5914,12.0,0.5382,0.074946467,0.516,27000.0,24750.0,22500.0,23564.0,54947.0,13900.0,38348.0,77277.0,78500.0,42437.0,11000.0,28446.0,57814.0,56200.0,0.473,Wittenberg University,Springfield,0.7358,0.6504
59550.0,59550.0,39.0,3.0,32.0,2.0,3.0,1876.0,0.1952,0.4459,10.0,0.7356,0.740181269,0.753012048,26500.0,17789.0,19500.0,22736.0,59629.0,14800.0,41844.0,79758.0,86600.0,43895.0,6900.0,29486.0,61428.0,56700.0,0.7058,The College of Wooster,Wooster,0.8131,0.7686
11188.0,20606.0,39.0,3.0,21.0,1.0,3.0,6330.0,0.3276,0.4226,15.0,0.4586,0.397670025,0.444617785,22750.0,17500.0,14800.0,15612.0,49500.0,11700.0,31682.0,72300.0,75300.0,42229.0,8600.0,27724.0,60346.0,58400.0,0.2939,Wright State University-Main Campus,Dayton,0.6264,0.4519
7504.0,16922.0,39.0,3.0,41.0,1.0,3.0,984.0,0.1584,0.2202,13.0,0.4247,0.397670025,0.444617785,22750.0,17500.0,14800.0,15612.0,49500.0,11700.0,31682.0,72300.0,75300.0,42229.0,8600.0,27724.0,60346.0,58400.0,0.2928,Wright State University-Lake Campus,Celina,0.6482,0.3396
48125.0,48125.0,39.0,3.0,11.0,2.0,3.0,4723.0,0.1449,0.4932,11.0,0.705,0.657439446,0.658787256,23250.0,18750.0,18750.0,19500.0,64873.0,18800.0,43067.0,89915.0,92400.0,54758.0,14300.0,37805.0,72842.0,69000.0,0.6309,Xavier University,Cincinnati,0.8276,0.7581
10791.0,11151.0,39.0,3.0,13.0,1.0,3.0,7340.0,0.3319,0.4145,18.0,0.5291,0.377423524,0.37745098,24000.0,15000.0,16235.0,15750.0,41544.0,8700.0,23008.0,61214.0,69200.0,37590.0,8300.0,21331.0,56274.0,57600.0,0.3291,Youngstown State University,Youngstown,0.7689,0.5008
15060.0,15060.0,40.0,6.0,32.0,2.0,3.0,106.0,0.5296,0.2889,13.0,0.0239,0.072727273,0.168859649,26187.0,13000.0,12944.0,12000.0,40006.0,6100.0,23353.0,60656.0,62700.0,31143.0,5200.0,15744.0,42088.0,57600.0,0.01,Bacone College,Muskogee,0.3077,0.0652
31466.0,31466.0,40.0,6.0,32.0,2.0,3.0,663.0,0.3934,0.6565,15.0,0.2843,0.470588235,0.579487179,24813.0,12750.0,17071.0,17624.0,59841.0,13700.0,37359.0,93324.0,89400.0,55700.0,11100.0,34498.0,81465.0,76400.0,0.2335,Oklahoma Wesleyan University,Bartlesville,0.4899,0.3333
29600.0,29600.0,40.0,6.0,21.0,2.0,3.0,1459.0,0.4544,0.5975,11.0,0.4879,0.564144737,0.517509728,21900.0,18750.0,18750.0,15125.0,54951.0,12500.0,33529.0,83155.0,93500.0,48255.0,11800.0,29348.0,68403.0,76000.0,0.3099,Southern Nazarene University,Bethany,0.9167,0.4783
6900.0,16320.0,40.0,6.0,13.0,1.0,3.0,2534.0,0.4124,0.2917,18.0,0.2154,0.209708738,0.204836415,21500.0,11740.0,10500.0,11850.0,40118.0,7900.0,22221.0,58201.0,70700.0,33447.0,5600.0,18153.0,47823.0,56000.0,0.1692,Cameron University,Lawton,0.6631,0.3582
8522.0,19409.0,40.0,6.0,21.0,1.0,3.0,10132.0,0.3546,0.348,17.0,0.375,0.351669316,0.433778067,21000.0,14000.0,12500.0,13000.0,48351.0,10300.0,30177.0,68978.0,77600.0,43074.0,8600.0,26861.0,58702.0,60100.0,0.1517,University of Central Oklahoma,Edmond,0.655,0.3899
8032.0,17542.0,40.0,6.0,33.0,1.0,3.0,2157.0,0.3982,0.5454,16.0,0.3274,0.384180791,0.401746725,17671.0,11250.0,11126.0,11250.0,44962.0,9700.0,27580.0,65215.0,68300.0,40677.0,8400.0,25283.0,56323.0,56000.0,0.1881,East Central University,Ada,0.5677,0.3185
17322.0,17322.0,40.0,6.0,21.0,2.0,3.0,262.0,0.3941,0.4052,9.0,0.2055,0.289473684,0.430379747,22626.0,14250.0,14671.0,9819.0,42051.0,9400.0,23449.0,58227.0,63300.0,41012.0,10900.0,25010.0,53333.0,63200.0,0.0462,Randall University,Moore,0.5714,0.1778
6728.0,14255.0,40.0,6.0,42.0,1.0,3.0,1743.0,0.6843,0.6212,16.0,0.175,0.161928307,0.228132388,26000.0,11000.0,12375.0,11250.0,33261.0,5500.0,14996.0,51692.0,63300.0,29691.0,3900.0,14825.0,45659.0,50900.0,0.1412,Langston University,Langston,0.5936,0.3045
7513.0,16633.0,40.0,6.0,33.0,1.0,3.0,4636.0,0.4243,0.3804,17.0,0.372,0.435897436,0.450742983,17367.0,12275.0,11748.0,12000.0,45379.0,8600.0,28117.0,63320.0,69200.0,41207.0,7000.0,25374.0,55509.0,53900.0,0.2081,Northeastern State University,Tahlequah,0.6283,0.4169
5970.0,11664.0,40.0,6.0,33.0,1.0,3.0,1468.0,0.4068,0.3953,16.0,0.3542,0.363821138,0.339960239,17355.0,10722.0,9500.0,11750.0,44358.0,10000.0,25137.0,62641.0,73600.0,39997.0,6100.0,26568.0,55180.0,56700.0,0.2445,Northwestern Oklahoma State University,Alva,0.6547,0.3121
25900.0,25900.0,40.0,6.0,11.0,2.0,3.0,1897.0,0.3015,0.439,15.0,0.5517,0.492610837,0.48608137,26000.0,13824.0,18625.0,19500.0,49203.0,8900.0,31362.0,73028.0,77900.0,43281.0,7800.0,25920.0,64245.0,54500.0,0.4366,Oklahoma Christian University,Edmond,0.773,0.5695
7922.0,8673.0,40.0,6.0,42.0,1.0,3.0,997.0,0.4356,0.6522,19.0,0.2613,0.26984127,0.309895833,12500.0,5500.0,7500.0,10000.0,44933.0,7800.0,26039.0,69232.0,74600.0,39089.0,6400.0,24897.0,55856.0,57500.0,0.1983,Oklahoma Panhandle State University,Goodwell,0.4713,0.3711
10234.0,25754.0,40.0,6.0,32.0,1.0,3.0,20814.0,0.2604,0.3797,18.0,0.6589,0.547728433,0.571956694,20500.0,15250.0,15000.0,16000.0,57413.0,11900.0,37402.0,84788.0,92800.0,46855.0,11800.0,30489.0,66572.0,69200.0,0.4883,Oklahoma State University-Main Campus,Stillwater,0.8387,0.6708
34050.0,34050.0,40.0,6.0,32.0,2.0,3.0,1292.0,0.3068,0.4406,15.0,0.4973,0.491588785,0.46025878,24801.0,12500.0,18500.0,14675.0,48434.0,8000.0,32025.0,68661.0,66100.0,42581.0,9100.0,28529.0,55044.0,55700.0,0.4108,Oklahoma Baptist University,Shawnee,0.6858,0.5423
33586.0,33586.0,40.0,6.0,11.0,2.0,3.0,1433.0,0.2256,0.4783,11.0,0.6419,0.673417722,0.675417661,20835.0,15000.0,15750.0,15750.0,54655.0,11200.0,32128.0,90623.0,86900.0,42312.0,9100.0,23175.0,72726.0,78400.0,0.6237,Oklahoma City University,Oklahoma City,0.83,0.65
9595.0,26665.0,40.0,6.0,22.0,1.0,3.0,21496.0,0.2376,0.3276,17.0,0.753,0.53839779,0.560349536,20654.0,15950.0,15750.0,15000.0,63126.0,13900.0,40536.0,92565.0,105000.0,52216.0,11900.0,33458.0,74538.0,78700.0,0.5563,University of Oklahoma-Norman Campus,Norman,0.8888,0.7735
34100.0,34100.0,40.0,6.0,11.0,2.0,3.0,3322.0,0.3353,0.4619,17.0,0.539,0.456164384,0.513056836,27000.0,19500.0,20919.0,20001.0,46885.0,7200.0,26903.0,71874.0,78200.0,39112.0,8300.0,23065.0,57156.0,58700.0,0.483,Oral Roberts University,Tulsa,0.8143,0.6061
7392.0,15176.0,40.0,6.0,31.0,1.0,3.0,2552.0,0.3782,0.3575,18.0,0.2541,0.183364839,0.248168498,20500.0,10750.0,12000.0,11250.0,43166.0,6300.0,24620.0,64187.0,66100.0,39324.0,5700.0,24068.0,56456.0,55600.0,0.1893,Rogers State University,Claremore,0.6445,0.3867
9000.0,20190.0,40.0,6.0,32.0,1.0,3.0,896.0,0.4703,0.3758,13.0,0.3626,0.355731225,0.259259259,21750.0,8027.0,9500.0,14403.0,41913.0,4700.0,22278.0,57467.0,64900.0,35520.0,6200.0,20806.0,47234.0,50500.0,0.2692,University of Science and Arts of Oklahoma,Chickasha,0.7103,0.3922
7200.0,16410.0,40.0,6.0,32.0,1.0,3.0,3031.0,0.401,0.3443,22.0,0.3333,0.341115435,0.392033543,17000.0,11000.0,10221.0,10610.0,45079.0,9100.0,28093.0,64424.0,67100.0,40734.0,6900.0,24367.0,57131.0,54600.0,0.2144,Southeastern Oklahoma State University,Durant,0.707,0.3371
8295.0,8325.0,40.0,6.0,33.0,1.0,3.0,3469.0,0.3846,0.6535,19.0,0.3471,0.395204263,0.415472779,15954.0,12000.0,11000.0,12000.0,45744.0,7400.0,26790.0,68999.0,97700.0,42896.0,7200.0,26965.0,63801.0,75800.0,0.2294,Southwestern Oklahoma State University,Weatherford,0.6968,0.4396
48602.0,48602.0,40.0,6.0,11.0,2.0,3.0,2447.0,0.2614,0.3661,9.0,0.7331,0.613636364,0.652466368,21500.0,12000.0,11000.0,14232.0,61408.0,10000.0,36467.0,100122.0,96900.0,54779.0,9700.0,35082.0,78353.0,81200.0,0.6152,University of Tulsa,Tulsa,0.8513,0.7397
10671.0,24621.0,41.0,8.0,33.0,1.0,3.0,2201.0,0.3598,0.3876,14.0,0.3662,0.378768021,0.379504505,20500.0,15470.0,12833.0,12132.0,50112.0,9100.0,29162.0,72357.0,73900.0,43034.0,8400.0,26576.0,62836.0,59200.0,0.2484,Eastern Oregon University,La Grande,0.6694,0.4078
40940.0,40940.0,41.0,8.0,31.0,2.0,3.0,2505.0,0.2675,0.5824,15.0,0.6868,0.658263305,0.716738197,24250.0,19629.0,19000.0,19750.0,59761.0,10400.0,36365.0,89001.0,85000.0,53568.0,9900.0,33592.0,78362.0,70500.0,0.5819,George Fox University,Newberg,0.7744,0.6979
62350.0,62350.0,41.0,8.0,11.0,2.0,3.0,2167.0,0.1928,0.6788,12.0,0.7124,0.715877437,0.713804714,19500.0,15000.0,13804.0,13000.0,62205.0,10000.0,36484.0,91485.0,87800.0,43608.0,5200.0,26068.0,58879.0,61800.0,0.6248,Lewis & Clark College,Portland,0.8154,0.7458
49530.0,49530.0,41.0,8.0,32.0,2.0,3.0,1642.0,0.2831,0.807,10.0,0.6515,0.67281106,0.737909516,25000.0,19797.0,23000.0,20000.0,78638.0,15000.0,49821.0,111142.0,91200.0,70643.0,12500.0,43165.0,102152.0,81700.0,0.5556,Linfield University,McMinnville,0.7889,0.6878
30310.0,30310.0,41.0,8.0,11.0,2.0,3.0,329.0,0.4735,0.8201,10.0,0.5082,0.451388889,0.526315789,20250.0,15000.0,14844.0,12500.0,47939.0,3700.0,28735.0,74961.0,66000.0,35556.0,5100.0,21038.0,54281.0,50400.0,0.4262,Multnomah University,Portland,0.3444,0.5536
34740.0,34740.0,41.0,8.0,12.0,2.0,3.0,533.0,0.3438,0.5914,15.0,0.6176,0.567839196,0.485576923,23500.0,16197.0,15230.0,17391.0,53623.0,7300.0,32538.0,75230.0,85100.0,43484.0,9100.0,24189.0,63602.0,69500.0,0.5545,Bushnell University,Eugene,0.7143,0.6024
12687.0,35592.0,41.0,8.0,33.0,1.0,3.0,2913.0,0.1922,0.2566,14.0,0.5908,0.489873418,0.504294479,22500.0,17500.0,15265.0,13000.0,72273.0,13100.0,46200.0,102021.0,92500.0,68301.0,9600.0,42086.0,90036.0,80100.0,0.2616,Oregon Institute of Technology,Klamath Falls,0.7286,0.5617
13494.0,35664.0,41.0,8.0,13.0,1.0,3.0,29557.0,0.2236,0.3339,20.0,0.7063,0.50091631,0.567735471,21221.0,16000.0,15125.0,14000.0,64010.0,12800.0,39922.0,92783.0,91800.0,50843.0,10400.0,32796.0,75519.0,70000.0,0.4705,Oregon State University,Corvallis,0.8747,0.7007
15669.0,43302.0,41.0,8.0,12.0,1.0,3.0,19758.0,0.2198,0.3086,20.0,0.7148,0.619471842,0.658819933,20139.0,15822.0,15000.0,14000.0,61324.0,10500.0,36885.0,90526.0,84400.0,46084.0,9200.0,27929.0,65456.0,61100.0,0.5933,University of Oregon,Eugene,0.8495,0.7536
47126.0,47126.0,41.0,8.0,11.0,2.0,3.0,412.0,0.4415,0.5346,9.0,0.4568,0.357894737,0.514563107,25000.0,15103.0,9011.0,8750.0,34883.0,2500.0,16871.0,59519.0,60700.0,24101.0,4600.0,9625.0,41557.0,57800.0,0.3333,Pacific Northwest College of Art,Portland,0.6292,0.3571
54466.0,54466.0,41.0,8.0,21.0,2.0,3.0,1556.0,0.2672,0.8084,9.0,0.6478,0.699453552,0.676348548,23223.0,14034.0,17750.0,17762.0,60583.0,9300.0,38184.0,86206.0,81600.0,46936.0,9500.0,31498.0,65183.0,57900.0,0.5343,Pacific University,Forest Grove,0.7628,0.7182
11238.0,30138.0,41.0,8.0,11.0,1.0,3.0,13619.0,0.3956,0.3279,16.0,0.5313,0.462323872,0.487314415,20500.0,18000.0,14000.0,14000.0,57906.0,8700.0,33117.0,85203.0,89500.0,46937.0,7800.0,26680.0,68015.0,67700.0,0.3505,Portland State University,Portland,0.7472,0.5696
54900.0,54900.0,41.0,8.0,11.0,2.0,3.0,3104.0,0.1858,0.3998,9.0,0.8042,0.814641745,0.823723229,21370.0,17683.0,19093.0,17750.0,82804.0,12800.0,56963.0,112160.0,93900.0,67913.0,16600.0,42069.0,98393.0,84200.0,0.6933,University of Portland,Portland,0.83,0.8108
67020.0,67020.0,41.0,8.0,11.0,2.0,3.0,1407.0,0.1228,0.3841,9.0,0.7592,0.754464286,0.786516854,21500.0,17588.0,18000.0,15000.0,62927.0,8500.0,38126.0,97815.0,83200.0,38607.0,4600.0,24441.0,69216.0,50000.0,0.6167,Reed College,Portland,0.8579,0.7458
12093.0,30723.0,41.0,8.0,22.0,1.0,3.0,2911.0,0.2434,0.2707,23.0,0.4418,0.394255875,0.426100629,20332.0,16758.0,14428.0,14000.0,49175.0,8600.0,29348.0,69631.0,74800.0,39326.0,6700.0,21904.0,57274.0,57200.0,0.3089,Southern Oregon University,Ashland,0.6757,0.4295
21010.0,21010.0,41.0,8.0,11.0,2.0,3.0,344.0,0.464,0.6126,10.0,0.8209,0.457725948,0.507692308,25000.0,20723.0,21500.0,18719.0,55204.0,7400.0,34428.0,78883.0,75700.0,45660.0,8800.0,27263.0,68539.0,73800.0,0.381,Warner Pacific University,Portland,0.7742,0.3553
37208.0,37208.0,41.0,8.0,12.0,2.0,3.0,636.0,0.281,0.43,16.0,0.6103,0.574603175,0.612244898,22625.0,19000.0,19635.0,16750.0,48917.0,4900.0,24847.0,69991.0,77300.0,41735.0,7400.0,25535.0,53586.0,55100.0,0.5692,Corban University,Salem,0.8151,0.6606
48268.0,48268.0,41.0,8.0,12.0,2.0,3.0,1525.0,0.218,0.4111,12.0,0.7273,0.735849057,0.663291139,21500.0,17959.0,19500.0,18500.0,56911.0,13500.0,30585.0,85316.0,96500.0,38932.0,9900.0,19982.0,60255.0,58800.0,0.6,Willamette University,Salem,0.8642,0.7198
11025.0,30735.0,41.0,8.0,31.0,1.0,3.0,3211.0,0.4,0.7364,13.0,0.4483,0.443449959,0.412470024,20609.0,16274.0,14500.0,14140.0,51815.0,9800.0,33582.0,71166.0,70900.0,42537.0,8400.0,27913.0,56346.0,51900.0,0.305,Western Oregon University,Monmouth,0.7635,0.5033
19896.0,19896.0,40.0,6.0,11.0,2.0,3.0,1532.0,0.3974,0.4772,13.0,0.3333,0.291603053,0.248792271,26394.0,14990.0,16120.0,13370.0,46116.0,13100.0,24194.0,68732.0,84300.0,39265.0,8600.0,21465.0,57925.0,68700.0,0.3026,Mid-America Christian University,Oklahoma City,0.7045,0.36
12594.0,34944.0,41.0,8.0,12.0,1.0,3.0,1054.0,0.2795,0.3295,9.0,0.5116,0.50091631,0.567735471,21221.0,16000.0,15125.0,14000.0,64010.0,12800.0,39922.0,92783.0,91800.0,50843.0,10400.0,32796.0,75519.0,70000.0,0.3256,Oregon State University-Cascades Campus,Bend,0.7823,0.5
19686.0,19686.0,39.0,3.0,11.0,3.0,3.0,336.0,0.486,0.7281,7.0,0.0,0.49228169,0.503994394,20919.0,16577.0,15795.0,17250.0,92405.0,13200.0,66826.0,120947.0,94100.0,84533.0,27800.0,62630.0,108596.0,98800.0,0.0,Chamberlain University-Ohio,Columbus,0.4,0.5
17488.0,17488.0,36.0,2.0,11.0,3.0,3.0,175.0,0.5579,0.6005,6.0,0.3333,0.218566206,0.195822076,24807.0,11756.0,14317.0,14750.0,45987.0,11500.0,25449.0,71271.0,91000.0,42178.0,7700.0,23114.0,63768.0,73100.0,0.2083,DeVry College of New York,New York,0.0,0.3548
20462.0,20462.0,32.0,8.0,11.0,3.0,3.0,573.0,0.4268,0.7919,12.0,0.0,0.49228169,0.503994394,20919.0,16577.0,15795.0,17250.0,92405.0,13200.0,66826.0,120947.0,94100.0,84533.0,27800.0,62630.0,108596.0,98800.0,0.0,Chamberlain University-Nevada,Las Vegas,0.4,0.0
28794.0,28794.0,42.0,2.0,13.0,2.0,3.0,1296.0,0.5039,0.7833,10.0,0.4215,0.499148211,0.582278481,27000.0,20250.0,24477.0,24125.0,58700.0,16100.0,41197.0,84649.0,90400.0,45391.0,11300.0,29168.0,62813.0,66100.0,0.4194,Albright College,Reading,0.6309,0.4745
54960.0,54960.0,42.0,2.0,32.0,2.0,3.0,1209.0,0.2515,0.7123,8.0,0.6653,0.731770833,0.730512249,27000.0,25000.0,25239.0,25000.0,62069.0,17200.0,40705.0,84506.0,94700.0,45603.0,11100.0,28496.0,63336.0,59100.0,0.5946,Allegheny College,Meadville,0.8438,0.7495
44800.0,44800.0,42.0,2.0,21.0,2.0,3.0,2113.0,0.2288,0.6387,11.0,0.7102,0.573926868,0.603559871,25788.0,21500.0,19750.0,19500.0,61295.0,15900.0,38663.0,89044.0,92200.0,52721.0,11500.0,31519.0,78736.0,76500.0,0.6152,DeSales University,Center Valley,0.8059,0.6979
42810.0,42810.0,42.0,2.0,13.0,2.0,3.0,2042.0,0.337,0.8186,12.0,0.5849,0.567434211,0.597200622,27000.0,18799.0,23250.0,21500.0,55055.0,11500.0,36845.0,78403.0,75300.0,49938.0,12700.0,32748.0,71599.0,65500.0,0.407,Alvernia University,Reading,0.7264,0.6658
32400.0,32400.0,42.0,2.0,21.0,2.0,3.0,331.0,0.4851,0.3856,9.0,0.5417,0.438202247,0.394594595,18034.0,15609.0,15616.0,12000.0,38818.0,4100.0,22806.0,56283.0,61500.0,35009.0,5100.0,20003.0,50826.0,43500.0,0.4831,Clarks Summit University,Clarks Summit,0.629,0.4308
48290.0,48290.0,42.0,2.0,21.0,2.0,3.0,1799.0,0.2765,0.6551,11.0,0.6401,0.511244378,0.58698941,27000.0,20000.0,21500.0,23750.0,58336.0,12500.0,39972.0,80889.0,81700.0,44004.0,8100.0,27674.0,62682.0,57500.0,0.5904,Arcadia University,Glenside,0.8054,0.6248
62560.0,62560.0,42.0,2.0,21.0,2.0,3.0,1346.0,0.1434,0.4776,8.0,0.8559,0.75,0.724637681,25000.0,15730.0,23250.0,21245.0,75217.0,18000.0,52859.0,107519.0,108700.0,53102.0,10300.0,38526.0,73933.0,62600.0,0.7486,Bryn Mawr College,Bryn Mawr,0.8965,0.8701
64772.0,64772.0,42.0,2.0,32.0,2.0,3.0,3818.0,0.111,0.3413,9.0,0.8623,0.876963351,0.913486005,27000.0,16400.0,25000.0,25000.0,93807.0,24000.0,62778.0,133223.0,131700.0,78852.0,18400.0,57955.0,100655.0,91600.0,0.8171,Bucknell University,Lewisburg,0.9584,0.8838
35815.0,35815.0,42.0,2.0,21.0,2.0,3.0,645.0,0.3702,0.6796,9.0,0.5052,0.510948905,0.634194831,26000.0,18500.0,21282.0,19513.0,59038.0,11900.0,38101.0,79698.0,82600.0,42193.0,11200.0,24864.0,58536.0,61200.0,0.4513,Cabrini University,Radnor,0.4574,0.5282
34502.0,34502.0,42.0,2.0,11.0,2.0,3.0,1336.0,0.4122,0.684,12.0,0.5519,0.510288066,0.537275064,25500.0,23194.0,21583.0,19500.0,51051.0,12200.0,32242.0,76659.0,72200.0,44876.0,8200.0,30248.0,65540.0,61700.0,0.4274,Carlow University,Pittsburgh,0.7772,0.5367
63829.0,63829.0,42.0,2.0,11.0,2.0,3.0,7187.0,0.1521,0.355,5.0,0.9252,0.65112782,0.839524517,21750.0,19000.0,20548.0,20500.0,114862.0,18900.0,72560.0,182769.0,172000.0,105360.0,14600.0,64336.0,173267.0,126200.0,0.7911,Carnegie Mellon University,Pittsburgh,0.9701,0.9405
44934.0,44934.0,42.0,2.0,12.0,2.0,3.0,857.0,0.3861,0.7114,9.0,0.5822,0.182051282,0.439473684,27000.0,22748.0,24000.0,22375.0,59460.0,13700.0,36347.0,83649.0,78000.0,48295.0,10800.0,31309.0,69725.0,65600.0,0.4695,Cedar Crest College,Allentown,0.7669,0.6369
19404.0,19404.0,42.0,2.0,21.0,3.0,3.0,721.0,0.4266,0.6365,8.0,0.3889,0.368024133,0.22528363,23194.0,13031.0,14160.0,12000.0,45370.0,9300.0,27923.0,66481.0,59100.0,40798.0,8300.0,25637.0,56698.0,53800.0,0.3462,Central Penn College,Summerdale,0.6429,0.5128
43810.0,43810.0,42.0,2.0,11.0,2.0,3.0,1252.0,0.2108,0.6364,10.0,0.662,0.631399317,0.702857143,23250.0,16750.0,18750.0,19000.0,52410.0,7100.0,32348.0,80486.0,72500.0,48709.0,7900.0,29433.0,73621.0,58900.0,0.5951,Chatham University,Pittsburgh,0.7869,0.6429
39410.0,39410.0,42.0,2.0,11.0,2.0,3.0,931.0,0.4732,0.7381,10.0,0.561,0.575308642,0.57544757,26389.0,21512.0,19500.0,19792.0,52015.0,8700.0,33460.0,71296.0,78000.0,45221.0,9200.0,26959.0,60128.0,58900.0,0.4146,Chestnut Hill College,Philadelphia,0.6667,0.6262
10904.0,18870.0,42.0,2.0,41.0,1.0,3.0,721.0,0.4103,0.3343,15.0,0.1616,0.30625,0.208333333,21785.0,15125.0,13250.0,6500.0,37837.0,5200.0,18673.0,54800.0,57000.0,28568.0,4900.0,11116.0,43854.0,42900.0,0.1061,Cheyney University of Pennsylvania,Cheyney,0.6823,0.42
43300.0,43300.0,42.0,2.0,21.0,2.0,3.0,1644.0,0.2921,0.7389,14.0,0.522,0.500848896,0.570815451,25000.0,17366.0,17750.0,17200.0,55838.0,11800.0,36188.0,79286.0,79600.0,41324.0,9300.0,27985.0,58157.0,58000.0,0.4098,Delaware Valley University,Doylestown,0.6606,0.5574
63475.0,63475.0,42.0,2.0,13.0,2.0,3.0,2157.0,0.1365,0.4009,9.0,0.8342,0.870090634,0.883333333,19000.0,13186.0,16250.0,19000.0,70204.0,19900.0,48149.0,101383.0,97500.0,57110.0,9800.0,39801.0,80459.0,70100.0,0.7297,Dickinson College,Carlisle,0.8872,0.8242
60663.0,60663.0,42.0,2.0,11.0,2.0,3.0,13509.0,0.2516,0.4909,9.0,0.7712,0.682054842,0.618666667,25325.0,19039.0,21369.0,20296.0,84648.0,16600.0,54500.0,113366.0,106300.0,69063.0,15300.0,43130.0,92450.0,85700.0,0.3054,Drexel University,Philadelphia,0.8957,0.7919
47146.0,47146.0,42.0,2.0,11.0,2.0,3.0,5216.0,0.1814,0.5747,12.0,0.7555,0.728310502,0.780141844,26244.0,20250.0,24069.0,24889.0,74742.0,20800.0,49248.0,106567.0,118800.0,62627.0,15100.0,42155.0,84850.0,108000.0,0.6667,Duquesne University,Pittsburgh,0.8647,0.7765
11036.0,19002.0,42.0,2.0,31.0,1.0,3.0,4611.0,0.3987,0.577,20.0,0.4383,0.418859649,0.497109827,24218.0,15750.0,16414.0,17741.0,56148.0,11800.0,36540.0,76021.0,71000.0,44290.0,10800.0,28356.0,59848.0,58300.0,0.2742,East Stroudsburg University of Pennsylvania,East Stroudsburg,0.7098,0.4945
37420.0,37420.0,42.0,2.0,21.0,2.0,3.0,1978.0,0.3566,0.5617,19.0,0.5596,0.542808219,0.468652038,25000.0,18782.0,17125.0,17188.0,51655.0,11700.0,32081.0,74621.0,90800.0,41580.0,9400.0,27329.0,62361.0,71300.0,0.5082,Eastern University,Saint Davids,0.7059,0.6338
36842.0,36842.0,42.0,2.0,21.0,2.0,3.0,1815.0,0.1917,0.6661,12.0,0.7707,0.682568807,0.663619744,27000.0,23370.0,25000.0,26000.0,62399.0,18000.0,45388.0,86157.0,86000.0,54833.0,15700.0,38945.0,72791.0,68600.0,0.7317,Elizabethtown College,Elizabethtown,0.8416,0.759
68380.0,68380.0,42.0,2.0,13.0,2.0,3.0,1904.0,0.1668,0.4422,9.0,0.8602,0.8,0.858974359,19000.0,19000.0,19000.0,19000.0,76124.0,16900.0,54176.0,112430.0,107000.0,62544.0,10600.0,38360.0,80945.0,71300.0,0.8028,Franklin and Marshall College,Lancaster,0.8501,0.8345
37951.0,37951.0,42.0,2.0,13.0,2.0,3.0,2467.0,0.22,0.5332,13.0,0.6954,0.521150592,0.554140127,27000.0,19500.0,22906.0,24187.0,58845.0,15900.0,37209.0,85804.0,91100.0,55319.0,12300.0,35339.0,77318.0,78900.0,0.5614,Gannon University,Erie,0.7604,0.6774
33610.0,33610.0,42.0,2.0,21.0,2.0,3.0,1000.0,0.3179,0.8531,12.0,0.6146,0.614213198,0.604316547,25198.0,16500.0,18253.0,19500.0,50004.0,8200.0,29377.0,72852.0,76300.0,46107.0,8400.0,31037.0,62974.0,58900.0,0.52,Geneva College,Beaver Falls,0.8102,0.7082
64230.0,64230.0,42.0,2.0,31.0,2.0,3.0,2209.0,0.2099,0.5061,10.0,0.8273,0.819628647,0.835509138,26999.0,18230.0,23250.0,24742.0,71517.0,18100.0,49726.0,104062.0,100100.0,57274.0,12200.0,34025.0,79211.0,67600.0,0.7437,Gettysburg College,Gettysburg,0.8991,0.8212
38310.0,38310.0,42.0,2.0,21.0,2.0,3.0,1141.0,0.2996,0.6317,9.0,0.5849,0.638198758,0.526515152,25000.0,25000.0,23250.0,20196.0,67145.0,14600.0,43796.0,95071.0,87600.0,65976.0,16300.0,40378.0,91193.0,78200.0,0.5145,Gwynedd Mercy University,Gwynedd Valley,0.7832,0.6849
68300.0,68300.0,42.0,2.0,21.0,2.0,3.0,1421.0,0.1407,0.0823,8.0,0.894,0.874125874,0.913043478,13621.0,3506.0,12000.0,13000.0,79966.0,15900.0,57103.0,117492.0,117600.0,53353.0,8400.0,34769.0,98790.0,67400.0,0.8195,Haverford College,Haverford,0.9365,0.9041
33968.0,33968.0,42.0,2.0,11.0,2.0,3.0,2298.0,0.3971,0.7376,11.0,0.6039,0.620560748,0.609311741,25125.0,20000.0,21750.0,21245.0,62235.0,15400.0,38615.0,88857.0,81800.0,55285.0,13600.0,35937.0,83234.0,75500.0,0.3938,Holy Family University,Philadelphia,0.8308,0.5693
28550.0,28550.0,42.0,2.0,21.0,2.0,3.0,1265.0,0.2139,0.5374,10.0,0.6447,0.601156069,0.661971831,27000.0,18498.0,20000.0,20992.0,75701.0,10100.0,49236.0,101424.0,90200.0,56416.0,9800.0,36062.0,83994.0,83400.0,0.5736,Immaculata University,Immaculata,0.795,0.6898
11380.0,16297.0,42.0,2.0,32.0,1.0,3.0,6893.0,0.3576,0.6549,22.0,0.5239,0.508397481,0.504884967,26798.0,16750.0,19900.0,21218.0,51019.0,11100.0,32990.0,71393.0,70900.0,42278.0,10100.0,27642.0,59748.0,56000.0,0.3714,Indiana University of Pennsylvania-Main Campus,Indiana,0.7103,0.5762
56402.0,56402.0,42.0,2.0,32.0,2.0,3.0,1175.0,0.2621,0.6675,10.0,0.6891,0.679180887,0.75257732,27000.0,26613.0,25250.0,23250.0,56918.0,17700.0,41252.0,76504.0,82800.0,48571.0,12300.0,35143.0,67691.0,62200.0,0.6393,Juniata College,Huntingdon,0.7703,0.7584
17850.0,17850.0,42.0,2.0,21.0,2.0,3.0,870.0,0.4481,0.884,12.0,0.4116,0.432989691,0.457983193,26000.0,15000.0,15950.0,17799.0,44976.0,8400.0,27863.0,61844.0,62700.0,36653.0,7200.0,23929.0,50726.0,51700.0,0.2837,Keystone College,La Plume,0.6136,0.4626
42600.0,42600.0,42.0,2.0,13.0,2.0,3.0,1519.0,0.2729,0.6756,11.0,0.601,0.587901701,0.58979206,27000.0,19811.0,19313.0,24272.0,59498.0,18000.0,42669.0,82746.0,95500.0,51734.0,14600.0,32954.0,75629.0,77500.0,0.4952,King's College,Wilkes-Barre,0.7713,0.675
11230.0,16434.0,42.0,2.0,31.0,1.0,3.0,6348.0,0.3063,0.6251,20.0,0.5411,0.493249325,0.530577089,26000.0,18750.0,21000.0,20100.0,53775.0,13700.0,37044.0,71746.0,71700.0,43309.0,9600.0,27504.0,58019.0,52500.0,0.4146,Kutztown University of Pennsylvania,Kutztown,0.748,0.5465
33120.0,33120.0,42.0,2.0,21.0,2.0,3.0,786.0,0.1386,0.2547,11.0,0.5766,0.606837607,0.631410256,25000.0,17822.0,20329.0,19500.0,52341.0,9400.0,34922.0,76019.0,71600.0,45308.0,10000.0,31496.0,60768.0,56300.0,0.4839,La Roche University,Pittsburgh,0.728,0.5162
35570.0,35570.0,42.0,2.0,11.0,2.0,3.0,1966.0,0.3264,0.4515,12.0,0.579,0.450056117,0.609461967,25000.0,16750.0,19500.0,16661.0,67416.0,14600.0,43525.0,95876.0,93300.0,53701.0,15000.0,32532.0,76839.0,77100.0,0.5183,La Salle University,Philadelphia,0.6937,0.6011
62574.0,62574.0,42.0,2.0,21.0,2.0,3.0,2746.0,0.103,0.2114,10.0,0.8805,0.860655738,0.890510949,16000.0,9000.0,15750.0,14000.0,91410.0,25000.0,63534.0,133083.0,124300.0,80614.0,16400.0,52342.0,100965.0,81800.0,0.8024,Lafayette College,Easton,0.9207,0.8836
29990.0,29990.0,42.0,2.0,21.0,2.0,3.0,1511.0,0.3047,0.5272,18.0,0.7143,0.490654206,0.478787879,20500.0,13834.0,15340.0,16750.0,44096.0,7300.0,25894.0,63783.0,64100.0,36747.0,8800.0,20686.0,54878.0,47700.0,0.6507,Lancaster Bible College,Lancaster,0.7485,0.5899
50320.0,50320.0,42.0,2.0,23.0,2.0,3.0,1670.0,0.2193,0.7023,12.0,0.7251,0.618834081,0.73126615,27000.0,15464.0,21500.0,21500.0,62621.0,18000.0,42715.0,81980.0,79300.0,54021.0,13400.0,37486.0,73594.0,62900.0,0.645,Lebanon Valley College,Annville,0.8251,0.6835
62180.0,62180.0,42.0,2.0,13.0,2.0,3.0,5803.0,0.178,0.3752,10.0,0.8921,0.829754601,0.870866142,21960.0,14074.0,18368.0,21500.0,105584.0,28900.0,72507.0,148926.0,137400.0,88810.0,20100.0,65245.0,105321.0,90800.0,0.8086,Lehigh University,Bethlehem,0.9271,0.879
12512.0,19384.0,42.0,2.0,21.0,1.0,3.0,1712.0,0.663,0.8347,13.0,0.5212,0.420783646,0.412735849,28250.0,23000.0,22000.0,23041.0,43167.0,6800.0,23639.0,63002.0,62000.0,32865.0,4200.0,15039.0,49315.0,46300.0,0.3894,Lincoln University,Lincoln University,0.7053,0.5033
47675.0,47675.0,42.0,2.0,13.0,2.0,3.0,1049.0,0.4013,0.7274,11.0,0.5957,0.62037037,0.567307692,27000.0,23500.0,22175.0,24125.0,56210.0,15200.0,37571.0,77152.0,81800.0,43713.0,11300.0,30041.0,60536.0,56600.0,0.4787,Lycoming College,Williamsport,0.8237,0.6734
39570.0,39570.0,42.0,2.0,13.0,2.0,3.0,1821.0,0.2919,0.7824,11.0,0.7252,0.634199134,0.661257606,26186.0,21813.0,24187.0,23250.0,55817.0,11600.0,36372.0,73929.0,70100.0,47000.0,9200.0,32761.0,62683.0,55200.0,0.5383,Marywood University,Scranton,0.8488,0.7057
44510.0,44510.0,42.0,2.0,13.0,2.0,3.0,2217.0,0.2989,0.6738,15.0,0.5873,0.461084906,0.436363636,25305.0,18998.0,19000.0,19750.0,47452.0,10900.0,28870.0,68639.0,71700.0,39565.0,10800.0,24102.0,57200.0,58000.0,0.5656,Mercyhurst University,Erie,0.776,0.6555
40640.0,40640.0,42.0,2.0,21.0,2.0,3.0,2318.0,0.2,0.5828,12.0,0.785,0.728842832,0.771573604,25621.0,21946.0,23084.0,21500.0,54064.0,10200.0,38104.0,75950.0,78100.0,50192.0,10600.0,33402.0,67819.0,59900.0,0.7383,Messiah University,Mechanicsburg,0.8535,0.771
12262.0,16232.0,42.0,2.0,21.0,1.0,3.0,5610.0,0.2669,0.5249,19.0,0.544,0.494983278,0.545405405,23507.0,17279.0,17500.0,16793.0,55246.0,14200.0,37409.0,73479.0,71000.0,44813.0,11600.0,30522.0,59745.0,55300.0,0.3368,Millersville University of Pennsylvania,Millersville,0.7804,0.5826
38370.0,38370.0,42.0,2.0,21.0,2.0,3.0,1632.0,0.1903,0.737,10.0,0.692,0.638336347,0.64013267,26973.0,23284.0,25000.0,24845.0,64313.0,16400.0,42783.0,86275.0,81700.0,55910.0,13600.0,36197.0,75145.0,71900.0,0.5931,Misericordia University,Dallas,0.7956,0.7143
50279.0,50279.0,42.0,2.0,11.0,2.0,3.0,390.0,0.4085,0.8423,8.0,0.6344,0.591666667,0.691588785,26000.0,19750.0,23250.0,20500.0,37839.0,4900.0,22123.0,57012.0,57600.0,30512.0,5400.0,15831.0,48663.0,46200.0,0.5269,Moore College of Art and Design,Philadelphia,0.8142,0.5745
52000.0,52000.0,42.0,2.0,13.0,2.0,3.0,1970.0,0.2679,0.739,10.0,0.7107,0.655357143,0.66751269,26793.0,19746.0,23250.0,21500.0,61860.0,13800.0,44318.0,87384.0,86900.0,53471.0,13100.0,34205.0,72685.0,64900.0,0.6478,Moravian University,Bethlehem,0.8113,0.6756
26156.0,26156.0,42.0,2.0,31.0,2.0,3.0,1123.0,0.1599,0.3213,12.0,0.5556,0.496688742,0.536900369,24287.0,16500.0,18500.0,15474.0,46165.0,9800.0,29237.0,67394.0,70200.0,45211.0,11300.0,30734.0,63579.0,63900.0,0.4453,Mount Aloysius College,Cresson,0.7099,0.494
60240.0,60240.0,42.0,2.0,12.0,2.0,3.0,1777.0,0.2098,0.5542,8.0,0.8025,0.758883249,0.775193798,25455.0,24209.0,22000.0,22000.0,69107.0,22300.0,43599.0,98673.0,108500.0,53265.0,11400.0,26484.0,74272.0,72700.0,0.6975,Muhlenberg College,Allentown,0.8905,0.8213
37300.0,37300.0,42.0,2.0,21.0,2.0,3.0,1574.0,0.4233,0.7039,13.0,0.4611,0.493031359,0.523809524,27000.0,19510.0,20000.0,19500.0,57817.0,11900.0,37722.0,81520.0,79500.0,48556.0,10100.0,28750.0,73630.0,67400.0,0.3,Neumann University,Aston,0.6939,0.505
15944.0,26668.0,42.0,2.0,22.0,1.0,3.0,3172.0,0.2666,0.5671,12.0,0.457,0.573754019,0.609746714,25000.0,19000.0,20000.0,19700.0,63435.0,14400.0,40301.0,93790.0,94200.0,55620.0,11600.0,34752.0,79149.0,71200.0,0.316,Pennsylvania State University-Penn State Erie-Behrend College,Erie,0.823,0.4746
14380.0,23872.0,42.0,2.0,41.0,1.0,3.0,423.0,0.3152,0.5435,9.0,0.2443,0.573754019,0.609746714,25000.0,19000.0,20000.0,19700.0,63435.0,14400.0,40301.0,93790.0,94200.0,55620.0,11600.0,34752.0,79149.0,71200.0,0.1356,Pennsylvania State University-Penn State New Kensington,New Kensington,0.7672,0.2387
14002.0,23310.0,42.0,2.0,31.0,1.0,3.0,261.0,0.4057,0.4448,7.0,0.2295,0.573754019,0.609746714,25000.0,19000.0,20000.0,19700.0,63435.0,14400.0,40301.0,93790.0,94200.0,55620.0,11600.0,34752.0,79149.0,71200.0,0.0556,Pennsylvania State University-Penn State Shenango,Sharon,0.52,0.1667
14258.0,23750.0,42.0,2.0,41.0,1.0,3.0,338.0,0.3829,0.5592,10.0,0.1667,0.573754019,0.609746714,25000.0,19000.0,20000.0,19700.0,63435.0,14400.0,40301.0,93790.0,94200.0,55620.0,11600.0,34752.0,79149.0,71200.0,0.1,Pennsylvania State University-Penn State Wilkes-Barre,Dallas,0.7934,0.1866
15180.0,25118.0,42.0,2.0,21.0,1.0,3.0,821.0,0.4331,0.5783,11.0,0.3189,0.573754019,0.609746714,25000.0,19000.0,20000.0,19700.0,63435.0,14400.0,40301.0,93790.0,94200.0,55620.0,11600.0,34752.0,79149.0,71200.0,0.2095,Pennsylvania State University-Penn State Scranton,Dunmore,0.7545,0.3136
15180.0,25118.0,42.0,2.0,21.0,1.0,3.0,902.0,0.3311,0.4718,15.0,0.1736,0.573754019,0.609746714,25000.0,19000.0,20000.0,19700.0,63435.0,14400.0,40301.0,93790.0,94200.0,55620.0,11600.0,34752.0,79149.0,71200.0,0.1266,Pennsylvania State University-Penn State Lehigh Valley,Center Valley,0.8161,0.17
15944.0,26668.0,42.0,2.0,13.0,1.0,3.0,2412.0,0.2584,0.5537,12.0,0.1784,0.573754019,0.609746714,25000.0,19000.0,20000.0,19700.0,63435.0,14400.0,40301.0,93790.0,94200.0,55620.0,11600.0,34752.0,79149.0,71200.0,0.1371,Pennsylvania State University-Penn State Altoona,Altoona,0.7706,0.1387
14380.0,23872.0,42.0,2.0,21.0,1.0,3.0,491.0,0.3352,0.5785,11.0,0.212,0.573754019,0.609746714,25000.0,19000.0,20000.0,19700.0,63435.0,14400.0,40301.0,93790.0,94200.0,55620.0,11600.0,34752.0,79149.0,71200.0,0.1685,Pennsylvania State University-Penn State Beaver,Monaca,0.756,0.1827
15944.0,26668.0,42.0,2.0,21.0,1.0,3.0,1887.0,0.2873,0.5374,13.0,0.2441,0.573754019,0.609746714,25000.0,19000.0,20000.0,19700.0,63435.0,14400.0,40301.0,93790.0,94200.0,55620.0,11600.0,34752.0,79149.0,71200.0,0.1649,Pennsylvania State University-Penn State Berks,Reading,0.7748,0.276
15944.0,26668.0,42.0,2.0,21.0,1.0,3.0,4154.0,0.2609,0.4329,15.0,0.2926,0.573754019,0.609746714,25000.0,19000.0,20000.0,19700.0,63435.0,14400.0,40301.0,93790.0,94200.0,55620.0,11600.0,34752.0,79149.0,71200.0,0.1932,Pennsylvania State University-Penn State Harrisburg,Middletown,0.8153,0.3016
15180.0,25118.0,42.0,2.0,21.0,1.0,3.0,1218.0,0.3478,0.5192,14.0,0.2133,0.573754019,0.609746714,25000.0,19000.0,20000.0,19700.0,63435.0,14400.0,40301.0,93790.0,94200.0,55620.0,11600.0,34752.0,79149.0,71200.0,0.1189,Pennsylvania State University-Penn State Brandywine,Media,0.7237,0.2665
14380.0,23872.0,42.0,2.0,41.0,1.0,3.0,415.0,0.3538,0.6014,9.0,0.3352,0.573754019,0.609746714,25000.0,19000.0,20000.0,19700.0,63435.0,14400.0,40301.0,93790.0,94200.0,55620.0,11600.0,34752.0,79149.0,71200.0,0.2418,Pennsylvania State University-Penn State Fayette- Eberly,Lemont Furnace,0.7368,0.3452
15180.0,25118.0,42.0,2.0,23.0,1.0,3.0,508.0,0.4778,0.6469,11.0,0.1791,0.573754019,0.609746714,25000.0,19000.0,20000.0,19700.0,63435.0,14400.0,40301.0,93790.0,94200.0,55620.0,11600.0,34752.0,79149.0,71200.0,0.108,Pennsylvania State University-Penn State Hazleton,Hazleton,0.7239,0.1818
20234.0,40188.0,42.0,2.0,13.0,1.0,3.0,41862.0,0.1327,0.3986,15.0,0.8568,0.573754019,0.609746714,25000.0,19000.0,20000.0,19700.0,63435.0,14400.0,40301.0,93790.0,94200.0,55620.0,11600.0,34752.0,79149.0,71200.0,0.7036,Pennsylvania State University-Main Campus,University Park,0.9195,0.865
14380.0,23872.0,42.0,2.0,21.0,1.0,3.0,360.0,0.4353,0.6391,8.0,0.2743,0.573754019,0.609746714,25000.0,19000.0,20000.0,19700.0,63435.0,14400.0,40301.0,93790.0,94200.0,55620.0,11600.0,34752.0,79149.0,71200.0,0.2035,Pennsylvania State University-Penn State Greater Allegheny,McKeesport,0.6937,0.1709
14380.0,23872.0,42.0,2.0,41.0,1.0,3.0,547.0,0.2612,0.5239,9.0,0.2512,0.573754019,0.609746714,25000.0,19000.0,20000.0,19700.0,63435.0,14400.0,40301.0,93790.0,94200.0,55620.0,11600.0,34752.0,79149.0,71200.0,0.1375,Pennsylvania State University-Penn State Mont Alto,Mont Alto,0.75,0.1795
15240.0,25388.0,42.0,2.0,21.0,1.0,3.0,3074.0,0.3835,0.4841,14.0,0.2222,0.573754019,0.609746714,25000.0,19000.0,20000.0,19700.0,63435.0,14400.0,40301.0,93790.0,94200.0,55620.0,11600.0,34752.0,79149.0,71200.0,0.1453,Pennsylvania State University-Penn State Abington,Abington,0.7708,0.2593
15180.0,25118.0,42.0,2.0,31.0,1.0,3.0,617.0,0.3756,0.6742,12.0,0.2069,0.573754019,0.609746714,25000.0,19000.0,20000.0,19700.0,63435.0,14400.0,40301.0,93790.0,94200.0,55620.0,11600.0,34752.0,79149.0,71200.0,0.1149,Pennsylvania State University-Penn State Schuylkill,Schuylkill Haven,0.8194,0.162
15180.0,25118.0,42.0,2.0,22.0,1.0,3.0,668.0,0.2785,0.4895,12.0,0.1143,0.573754019,0.609746714,25000.0,19000.0,20000.0,19700.0,63435.0,14400.0,40301.0,93790.0,94200.0,55620.0,11600.0,34752.0,79149.0,71200.0,0.0758,Pennsylvania State University-Penn State York,York,0.7742,0.1561
66104.0,66104.0,42.0,2.0,11.0,2.0,3.0,10768.0,0.1572,0.1005,8.0,0.9681,0.795107034,0.835538752,15715.0,12500.0,13167.0,15000.0,111371.0,22700.0,69735.0,183142.0,236200.0,90555.0,23500.0,55424.0,137837.0,191500.0,0.8806,University of Pennsylvania,Philadelphia,0.981,0.9731
54290.0,54290.0,42.0,2.0,11.0,2.0,3.0,1064.0,0.3342,0.8658,7.0,0.6919,0.665898618,0.600831601,27000.0,24270.0,22500.0,23250.0,38252.0,7100.0,18509.0,60197.0,67600.0,27011.0,5400.0,12492.0,42102.0,45500.0,0.5844,University of the Arts,Philadelphia,0.8066,0.6807
32625.0,32625.0,42.0,2.0,21.0,2.0,3.0,782.0,0.3024,0.7927,11.0,0.6516,0.495238095,0.602339181,26926.0,17875.0,18875.0,12500.0,44172.0,6000.0,27125.0,64255.0,67200.0,37077.0,7500.0,23452.0,53464.0,57300.0,0.3052,Cairn University-Langhorne,Langhorne,0.8374,0.6122
14620.0,26494.0,42.0,2.0,33.0,1.0,3.0,980.0,0.46,0.6853,12.0,0.4344,0.661782178,0.707058588,24250.0,19500.0,20500.0,20500.0,66125.0,16100.0,43765.0,96619.0,95300.0,54240.0,12900.0,35976.0,76168.0,73000.0,0.3908,University of Pittsburgh-Bradford,Bradford,0.6125,0.3874
14630.0,26504.0,42.0,2.0,21.0,1.0,3.0,1322.0,0.3788,0.6099,15.0,0.3963,0.661782178,0.707058588,24250.0,19500.0,20500.0,20500.0,66125.0,16100.0,43765.0,96619.0,95300.0,54240.0,12900.0,35976.0,76168.0,73000.0,0.296,University of Pittsburgh-Greensburg,Greensburg,0.6773,0.3514
14646.0,26520.0,42.0,2.0,23.0,1.0,3.0,1934.0,0.2912,0.6079,14.0,0.5345,0.661782178,0.707058588,24250.0,19500.0,20500.0,20500.0,66125.0,16100.0,43765.0,96619.0,95300.0,54240.0,12900.0,35976.0,76168.0,73000.0,0.3845,University of Pittsburgh-Johnstown,Johnstown,0.7603,0.4944
21524.0,39890.0,42.0,2.0,11.0,1.0,3.0,20189.0,0.1378,0.3717,13.0,0.8434,0.661782178,0.707058588,24250.0,19500.0,20500.0,20500.0,66125.0,16100.0,43765.0,96619.0,95300.0,54240.0,12900.0,35976.0,76168.0,73000.0,0.7075,University of Pittsburgh-Pittsburgh Campus,Pittsburgh,0.924,0.8481
38160.0,38160.0,42.0,2.0,11.0,2.0,3.0,2320.0,0.3707,0.7477,12.0,0.5956,0.359456635,0.488839286,27000.0,20909.0,21000.0,20832.0,45856.0,9800.0,25514.0,66756.0,79600.0,36906.0,8000.0,20139.0,54526.0,58500.0,0.515,Point Park University,Pittsburgh,0.7081,0.6156
34940.0,34940.0,42.0,2.0,21.0,2.0,3.0,2866.0,0.2209,0.463,14.0,0.6555,0.596969697,0.622659176,26950.0,23189.0,23250.0,23250.0,62105.0,14600.0,41953.0,87672.0,84100.0,54449.0,13000.0,36908.0,74743.0,63600.0,0.5311,Robert Morris University,Moon Township,0.8376,0.652
22171.0,22171.0,42.0,2.0,21.0,2.0,3.0,466.0,0.3857,0.6928,13.0,0.4348,0.449494949,0.467532468,27000.0,30269.0,27000.0,24125.0,48555.0,10500.0,28444.0,68061.0,89300.0,40852.0,6100.0,21837.0,60343.0,63000.0,0.087,Rosemont College,Rosemont,0.6667,0.4228
41720.0,41720.0,42.0,2.0,42.0,2.0,3.0,1525.0,0.1784,0.4027,14.0,0.7275,0.675736961,0.672768879,27000.0,20750.0,27000.0,27000.0,62101.0,16000.0,42286.0,89673.0,88500.0,56920.0,13600.0,36894.0,81213.0,79300.0,0.6585,Saint Francis University,Loretto,0.8838,0.7403
51340.0,51340.0,42.0,2.0,11.0,2.0,3.0,4742.0,0.1815,0.5405,10.0,0.7983,0.725468578,0.726611227,25500.0,20916.0,23421.0,20616.0,86881.0,20000.0,59140.0,127367.0,105000.0,66438.0,13900.0,45071.0,86487.0,72900.0,0.7465,Saint Joseph's University,Philadelphia,0.8795,0.8207
41100.0,41100.0,42.0,2.0,21.0,2.0,3.0,1264.0,0.2686,0.7403,10.0,0.7215,0.708542714,0.66590389,27000.0,24516.0,20500.0,23250.0,59982.0,15300.0,41646.0,84764.0,84200.0,47267.0,11300.0,33961.0,65318.0,62000.0,0.6425,Saint Vincent College,Latrobe,0.8509,0.7342
52309.0,52309.0,42.0,2.0,13.0,2.0,3.0,3589.0,0.2229,0.6493,13.0,0.808,0.710106383,0.796973518,27000.0,25899.0,25000.0,25380.0,74652.0,19800.0,51775.0,101526.0,103100.0,62921.0,14500.0,42726.0,81735.0,70400.0,0.7614,University of Scranton,Scranton,0.8734,0.7916
41414.0,41414.0,42.0,2.0,21.0,2.0,3.0,1581.0,0.295,0.7148,13.0,0.7099,0.548837209,0.590336134,27000.0,22000.0,21375.0,23250.0,51748.0,10600.0,35948.0,75671.0,73300.0,43700.0,8600.0,26697.0,61104.0,55700.0,0.6085,Seton Hill University,Greensburg,0.8021,0.6684
13544.0,15798.0,42.0,2.0,31.0,1.0,3.0,4179.0,0.296,0.5987,18.0,0.5161,0.510992276,0.584765178,25000.0,14250.0,17173.0,17500.0,56351.0,17700.0,39639.0,77825.0,80400.0,45010.0,11200.0,30578.0,61244.0,57100.0,0.3573,Shippensburg University of Pennsylvania,Shippensburg,0.7614,0.586
10507.0,14615.0,42.0,2.0,32.0,1.0,3.0,6728.0,0.2809,0.609,20.0,0.6591,0.631416838,0.654370894,25000.0,18911.0,20230.0,19823.0,53032.0,11200.0,37706.0,72223.0,68500.0,45398.0,11300.0,31053.0,61553.0,53600.0,0.53,Slippery Rock University of Pennsylvania,Slippery Rock,0.8149,0.6884
57400.0,57400.0,42.0,2.0,32.0,2.0,3.0,2120.0,0.2388,0.6817,13.0,0.7409,0.740471869,0.692,27000.0,27000.0,27000.0,27000.0,61723.0,19800.0,43199.0,84592.0,90100.0,51535.0,12600.0,32907.0,68700.0,66800.0,0.6651,Susquehanna University,Selinsgrove,0.7318,0.7447
62412.0,62412.0,42.0,2.0,21.0,2.0,3.0,1627.0,0.2001,0.0977,8.0,0.9413,0.858108108,0.911392405,17500.0,7500.0,9900.0,14811.0,80257.0,10700.0,50812.0,138207.0,114500.0,56211.0,5100.0,32936.0,89620.0,77000.0,0.7628,Swarthmore College,Swarthmore,0.9723,0.9458
22082.0,37462.0,42.0,2.0,11.0,1.0,3.0,21249.0,0.3007,0.5527,12.0,0.7468,0.637422478,0.694539249,24395.0,20500.0,20000.0,19500.0,63727.0,12600.0,40592.0,91581.0,92100.0,50860.0,10200.0,30756.0,71854.0,68800.0,0.5742,Temple University,Philadelphia,0.8338,0.7651
36864.0,36864.0,42.0,2.0,32.0,2.0,3.0,773.0,0.3905,0.7848,12.0,0.4355,0.426008969,0.487179487,27000.0,12750.0,14125.0,21500.0,49714.0,12900.0,34546.0,71007.0,66700.0,40686.0,8700.0,25689.0,56730.0,52500.0,0.2378,Thiel College,Greenville,0.7149,0.4686
45683.0,45683.0,42.0,2.0,11.0,2.0,3.0,3708.0,0.3386,0.8496,13.0,0.6819,0.657613967,0.450090744,14744.0,12500.0,12750.0,12500.0,77449.0,32700.0,48715.0,102493.0,156500.0,64335.0,26900.0,40894.0,93130.0,99400.0,0.5426,Thomas Jefferson University,Philadelphia,0.8199,0.7179
59196.0,59196.0,42.0,2.0,21.0,2.0,3.0,1477.0,0.1984,0.7308,9.0,0.7662,0.648318043,0.773700306,27000.0,27000.0,25000.0,26000.0,73721.0,18000.0,50224.0,106026.0,92200.0,54542.0,9700.0,34240.0,74966.0,70700.0,0.6891,Ursinus College,Collegeville,0.8399,0.7273
24510.0,24510.0,42.0,2.0,21.0,2.0,3.0,471.0,0.5079,0.7382,11.0,0.5612,0.327402135,0.373913043,27000.0,20000.0,19250.0,20800.0,39016.0,6200.0,22009.0,57865.0,63200.0,35671.0,7100.0,20837.0,46317.0,48300.0,0.4639,University of Valley Forge,Phoenixville,0.696,0.553
64701.0,64701.0,42.0,2.0,21.0,2.0,3.0,7005.0,0.1155,0.3656,10.0,0.9241,0.860553964,0.829170829,25874.0,25000.0,25000.0,24966.0,100423.0,30300.0,71695.0,138720.0,136600.0,84905.0,20300.0,61874.0,105528.0,88900.0,0.9037,Villanova University,Villanova,0.9501,0.9147
28185.0,28185.0,42.0,2.0,21.0,2.0,3.0,1154.0,0.2942,0.7702,10.0,0.7139,0.759643917,0.734767025,27000.0,26437.0,26000.0,25250.0,67918.0,18800.0,45838.0,101438.0,96100.0,52082.0,15000.0,38751.0,67240.0,65700.0,0.6254,Washington & Jefferson College,Washington,0.819,0.7609
29460.0,29460.0,42.0,2.0,32.0,2.0,3.0,1081.0,0.31,0.7249,10.0,0.605,0.602739726,0.608879493,27000.0,19532.0,25000.0,21500.0,58537.0,15100.0,40386.0,84282.0,84800.0,48994.0,11900.0,32769.0,68213.0,69200.0,0.54,Waynesburg University,Waynesburg,0.723,0.6657
10687.0,22511.0,42.0,2.0,21.0,1.0,3.0,14067.0,0.245,0.5368,20.0,0.698,0.08953874,0.451551007,23500.0,18744.0,19500.0,18500.0,61258.0,14300.0,41905.0,83592.0,80900.0,51013.0,13100.0,34156.0,68595.0,60300.0,0.5258,West Chester University of Pennsylvania,West Chester,0.8442,0.738
39470.0,39470.0,42.0,2.0,42.0,2.0,3.0,1051.0,0.2474,0.6602,12.0,0.6586,0.621908127,0.666666667,26060.0,20125.0,22874.0,23250.0,53861.0,15100.0,41182.0,73557.0,83000.0,43938.0,12300.0,30614.0,58843.0,55500.0,0.6133,Westminster College,New Wilmington,0.8328,0.7279
53638.0,53638.0,42.0,2.0,21.0,2.0,3.0,2765.0,0.2485,0.7346,11.0,0.6351,0.651416122,0.627906977,27000.0,22125.0,24953.0,25000.0,70920.0,16600.0,46675.0,97171.0,92200.0,63375.0,12400.0,40158.0,84218.0,79100.0,0.5571,Widener University,Chester,0.7824,0.6868
42286.0,42286.0,42.0,2.0,13.0,2.0,3.0,1893.0,0.2975,0.702,13.0,0.6034,0.565217391,0.615827338,26000.0,19500.0,21500.0,20500.0,63454.0,15300.0,42451.0,95134.0,112500.0,54128.0,13100.0,34167.0,78455.0,91600.0,0.4914,Wilkes University,Wilkes-Barre,0.7349,0.6235
27000.0,27000.0,42.0,2.0,13.0,2.0,3.0,745.0,0.266,0.8509,12.0,0.5183,0.502487562,0.315789474,26328.0,21492.0,18500.0,19500.0,43326.0,7100.0,30412.0,59095.0,62200.0,37049.0,9600.0,26101.0,52263.0,50000.0,0.4329,Wilson College,Chambersburg,0.7721,0.5345
24606.0,24606.0,42.0,2.0,22.0,2.0,3.0,3187.0,0.2522,0.597,13.0,0.5974,0.60855615,0.587412587,26000.0,15000.0,20500.0,19500.0,61012.0,14900.0,42097.0,85247.0,83000.0,50940.0,14500.0,33887.0,70704.0,64300.0,0.4309,York College of Pennsylvania,York,0.7728,0.6599
68230.0,68230.0,44.0,1.0,12.0,2.0,3.0,7273.0,0.1327,0.0922,6.0,0.9595,0.909233177,0.932650073,11428.0,7847.0,8000.0,11076.0,93487.0,17200.0,63520.0,164436.0,161000.0,79131.0,10500.0,46303.0,130484.0,108000.0,0.8042,Brown University,Providence,0.9866,0.9689
51169.0,51169.0,44.0,1.0,21.0,2.0,3.0,3236.0,0.1076,0.5061,13.0,0.8061,0.851794072,0.833333333,26849.0,27000.0,23250.0,23075.0,90008.0,26900.0,59501.0,120462.0,107700.0,66488.0,23000.0,39407.0,87202.0,76400.0,0.7814,Bryant University,Smithfield,0.8692,0.837
40408.0,40408.0,44.0,1.0,12.0,2.0,3.0,3913.0,0.3018,0.7352,13.0,0.5488,0.512580877,0.584014957,26000.0,17250.0,18277.0,14250.0,43418.0,9100.0,25436.0,63933.0,68100.0,35802.0,8700.0,21130.0,51901.0,51700.0,0.4243,Johnson & Wales University-Providence,Providence,0.7634,0.5792
60848.0,60848.0,44.0,1.0,12.0,2.0,3.0,4170.0,0.1324,0.5511,11.0,0.8785,0.831189711,0.877579092,27000.0,25943.0,27000.0,27000.0,87054.0,24300.0,63919.0,122404.0,110400.0,69326.0,16500.0,46701.0,88826.0,73800.0,0.8635,Providence College,Providence,0.9116,0.8934
10986.0,26519.0,44.0,1.0,21.0,1.0,3.0,4630.0,0.4147,0.4825,14.0,0.4618,0.441291041,0.556976744,20500.0,12500.0,15000.0,14999.0,56318.0,9700.0,35091.0,75388.0,69300.0,46882.0,9200.0,31314.0,66866.0,59800.0,0.2319,Rhode Island College,Providence,0.7366,0.4982
16408.0,35804.0,44.0,1.0,21.0,1.0,3.0,13822.0,0.2115,0.4947,17.0,0.7103,0.655172414,0.685584958,22250.0,15493.0,17500.0,19069.0,69743.0,15100.0,44076.0,101736.0,93800.0,57446.0,11200.0,34860.0,79306.0,70400.0,0.5654,University of Rhode Island,Kingston,0.8414,0.7059
59760.0,59760.0,44.0,1.0,12.0,2.0,3.0,2090.0,0.1404,0.2856,8.0,0.8847,0.828193833,0.895927602,27000.0,26000.0,24126.0,21500.0,68140.0,7400.0,29793.0,108226.0,87900.0,45932.0,5200.0,21683.0,72166.0,66700.0,0.5831,Rhode Island School of Design,Providence,0.9292,0.9071
42666.0,42666.0,44.0,1.0,21.0,2.0,3.0,3957.0,0.1633,0.5866,12.0,0.6661,0.658757062,0.693258427,26940.0,14066.0,19500.0,20500.0,70266.0,15100.0,49055.0,95351.0,87300.0,53845.0,11800.0,32864.0,71329.0,62200.0,0.6185,Roger Williams University,Bristol,0.7871,0.7107
47930.0,47930.0,44.0,1.0,21.0,2.0,3.0,2102.0,0.1548,0.71,12.0,0.7492,0.733870968,0.777777778,27000.0,27000.0,27000.0,26351.0,72975.0,15400.0,49047.0,101056.0,84900.0,55027.0,13700.0,35011.0,76458.0,69200.0,0.6847,Salve Regina University,Newport,0.853,0.7338
14304.0,14304.0,45.0,5.0,12.0,2.0,3.0,635.0,0.7977,0.8109,16.0,0.1323,0.224576271,0.216216216,34290.0,12269.0,11000.0,5500.0,30497.0,3200.0,16982.0,43521.0,42700.0,23889.0,2500.0,14296.0,33321.0,39100.0,0.0688,Allen University,Columbia,0.9,0.2267
33580.0,33580.0,45.0,5.0,13.0,2.0,3.0,3080.0,0.2166,0.4306,15.0,0.7099,0.581743869,0.61300813,26700.0,22219.0,22000.0,21500.0,42101.0,9100.0,29175.0,58890.0,63100.0,42073.0,9900.0,29424.0,61618.0,51600.0,0.6156,Anderson University,Anderson,0.8229,0.6355
31030.0,31030.0,45.0,5.0,12.0,2.0,3.0,2716.0,0.3456,0.5257,13.0,0.4858,0.430178069,0.420841683,26471.0,16601.0,18848.0,18500.0,45898.0,10000.0,29949.0,65834.0,71200.0,40606.0,8200.0,25803.0,57828.0,55700.0,0.4117,Charleston Southern University,Charleston,0.6194,0.5074
18000.0,18000.0,45.0,5.0,12.0,2.0,3.0,1573.0,0.6348,0.6709,14.0,0.2115,0.198167239,0.157490397,32500.0,17750.0,15000.0,11250.0,31902.0,3900.0,16343.0,45905.0,45400.0,24908.0,3100.0,12622.0,37804.0,36100.0,0.147,Benedict College,Columbia,0.6509,0.2485
27870.0,27870.0,45.0,5.0,22.0,2.0,3.0,771.0,0.2902,0.4576,12.0,0.5202,0.497126437,0.465174129,26000.0,20475.0,20432.0,16589.0,47756.0,13800.0,33318.0,70437.0,88400.0,41489.0,9500.0,28498.0,59861.0,70400.0,0.4316,Southern Wesleyan University,Central,0.6557,0.5241
12978.0,36858.0,45.0,5.0,12.0,1.0,3.0,10366.0,0.1947,0.3807,16.0,0.6498,0.607216495,0.60788609,23250.0,19500.0,17132.0,15000.0,56416.0,10900.0,35817.0,81379.0,81300.0,43821.0,8400.0,28710.0,62584.0,57400.0,0.5605,College of Charleston,Charleston,0.823,0.6745
12570.0,37370.0,45.0,5.0,12.0,1.0,3.0,2624.0,0.1918,0.3692,11.0,0.7282,0.685483871,0.728417266,21096.0,18038.0,19500.0,17146.0,72085.0,14300.0,48175.0,94558.0,91300.0,60168.0,14500.0,39145.0,75022.0,66900.0,0.6352,Citadel Military College of South Carolina,Charleston,0.8817,0.7496
17046.0,17046.0,45.0,5.0,32.0,2.0,3.0,1727.0,0.7261,0.7141,13.0,0.4913,0.414721724,0.492512479,29000.0,23000.0,20500.0,24367.0,40304.0,6900.0,25171.0,55829.0,57400.0,29227.0,5900.0,16953.0,41930.0,44500.0,0.3584,Claflin University,Orangeburg,0.7865,0.5201
15554.0,39498.0,45.0,5.0,22.0,1.0,3.0,22778.0,0.1453,0.33,16.0,0.879,0.722496474,0.75149925,21500.0,20025.0,19500.0,18638.0,71513.0,17500.0,46322.0,100350.0,93900.0,58311.0,13200.0,38747.0,78171.0,71200.0,0.6806,Clemson University,Clemson,0.9283,0.8623
31854.0,31854.0,45.0,5.0,32.0,2.0,3.0,807.0,0.2949,0.4735,12.0,0.3462,0.417098446,0.454773869,26000.0,15505.0,16630.0,13750.0,40117.0,11500.0,23027.0,56329.0,60500.0,36650.0,7200.0,22483.0,49796.0,50500.0,0.3077,Coker University,Hartsville,0.6277,0.3661
27900.0,27900.0,45.0,5.0,12.0,2.0,3.0,690.0,0.2827,0.3586,13.0,0.6552,0.591549296,0.557971014,20000.0,9500.0,12000.0,13000.0,38951.0,3000.0,21349.0,59327.0,53100.0,33929.0,5300.0,18694.0,46613.0,43900.0,0.631,Columbia International University,Columbia,0.6582,0.6264
21450.0,21450.0,45.0,5.0,12.0,2.0,3.0,1245.0,0.5313,0.7003,11.0,0.5346,0.50918197,0.577844311,22750.0,12000.0,16079.0,18781.0,41338.0,7300.0,26337.0,55228.0,62300.0,45863.0,6400.0,30981.0,60246.0,43900.0,0.4843,Columbia College,Columbia,0.5294,0.5054
23096.0,23096.0,45.0,5.0,13.0,2.0,3.0,845.0,0.4066,0.6531,12.0,0.471,0.457489879,0.486590038,27000.0,22250.0,23250.0,22500.0,40867.0,8700.0,26797.0,56823.0,59700.0,33110.0,7600.0,20247.0,45771.0,43700.0,0.4247,Converse University,Spartanburg,0.6844,0.5753
36710.0,36710.0,45.0,5.0,42.0,2.0,3.0,821.0,0.4014,0.7155,15.0,0.4859,0.344262295,0.522988506,27000.0,5500.0,12000.0,9713.0,53459.0,12000.0,36547.0,77842.0,66600.0,39618.0,6600.0,28015.0,51479.0,44900.0,0.4407,Erskine College,Due West,0.6269,0.4055
11160.0,21544.0,45.0,5.0,41.0,1.0,3.0,2640.0,0.3884,0.4322,12.0,0.4273,0.358817533,0.436305732,27000.0,16000.0,15500.0,15000.0,43888.0,10200.0,29906.0,65809.0,63500.0,36304.0,9900.0,23567.0,52312.0,49900.0,0.266,Francis Marion University,Florence,0.6923,0.4552
58312.0,58312.0,45.0,5.0,21.0,2.0,3.0,2322.0,0.1121,0.2781,9.0,0.8149,0.680981595,0.784482759,23250.0,19031.0,19500.0,19500.0,68635.0,13600.0,46655.0,102175.0,97400.0,50796.0,10200.0,34088.0,71843.0,63800.0,0.7432,Furman University,Greenville,0.9057,0.8189
11700.0,21300.0,45.0,5.0,32.0,1.0,3.0,3384.0,0.3974,0.5314,17.0,0.4876,0.441860465,0.450204638,25000.0,12750.0,12746.0,12000.0,42396.0,11400.0,29159.0,58359.0,61500.0,36851.0,7200.0,23641.0,49427.0,50600.0,0.3464,Lander University,Greenwood,0.6862,0.5474
27500.0,27500.0,45.0,5.0,32.0,2.0,3.0,1528.0,0.4345,0.6991,11.0,0.2757,0.274611399,0.211079274,27639.0,20000.0,18750.0,15000.0,44999.0,8900.0,28859.0,66159.0,69600.0,38713.0,8900.0,24365.0,55074.0,56600.0,0.2,Limestone University,Gaffney,0.6361,0.3108
16224.0,16224.0,45.0,5.0,13.0,2.0,3.0,421.0,0.8177,0.8047,10.0,0.2043,0.22875817,0.256024096,31400.0,12300.0,19250.0,24699.0,30614.0,6900.0,17343.0,42409.0,46200.0,24250.0,3300.0,14629.0,36882.0,37500.0,0.0681,Morris College,Sumter,0.4661,0.2582
30050.0,30050.0,45.0,5.0,32.0,2.0,3.0,1462.0,0.4892,0.7542,14.0,0.4438,0.487341772,0.472491909,26805.0,15750.0,14000.0,17617.0,48040.0,9300.0,30927.0,69487.0,60800.0,38983.0,8300.0,23682.0,52560.0,47000.0,0.3371,Newberry College,Newberry,0.6995,0.5356
24650.0,24650.0,45.0,5.0,41.0,2.0,3.0,1719.0,0.3197,0.5188,13.0,0.5491,0.501706485,0.563706564,23082.0,14288.0,15772.0,14000.0,43035.0,6500.0,25987.0,59440.0,58600.0,38173.0,7000.0,23972.0,50810.0,42300.0,0.4642,North Greenville University,Tigerville,0.692,0.5806
43300.0,43300.0,45.0,5.0,32.0,2.0,3.0,862.0,0.2785,0.4838,11.0,0.619,0.542857143,0.606635071,26000.0,13722.0,14697.0,13000.0,60194.0,17100.0,42452.0,85285.0,77200.0,44387.0,10200.0,32432.0,63908.0,53100.0,0.4872,Presbyterian College,Clinton,0.7398,0.6069
10760.0,21218.0,45.0,5.0,21.0,1.0,3.0,2805.0,0.3692,0.455,15.0,0.4011,0.385681293,0.409244645,24275.0,13516.0,14000.0,12000.0,45603.0,10700.0,30146.0,68565.0,72000.0,39689.0,9100.0,24977.0,60702.0,56000.0,0.2456,University of South Carolina Aiken,Aiken,0.6442,0.4528
10730.0,21776.0,45.0,5.0,31.0,1.0,3.0,1958.0,0.4028,0.4959,14.0,0.3859,0.325077399,0.376425856,24000.0,15375.0,12500.0,13000.0,48088.0,5800.0,30645.0,71645.0,63400.0,39214.0,7300.0,24552.0,55765.0,50800.0,0.2884,University of South Carolina Beaufort,Bluffton,0.6119,0.3028
12688.0,34934.0,45.0,5.0,12.0,1.0,3.0,28113.0,0.1899,0.4172,18.0,0.7775,0.710963455,0.70174306,21500.0,17918.0,18750.0,18500.0,62177.0,12900.0,41018.0,93729.0,89600.0,50621.0,11500.0,34124.0,73603.0,67200.0,0.6872,University of South Carolina-Columbia,Columbia,0.9074,0.7847
11640.0,29628.0,45.0,5.0,13.0,1.0,3.0,9909.0,0.2676,0.5738,16.0,0.5084,0.467395264,0.49141549,23750.0,17103.0,17750.0,16250.0,47258.0,9800.0,30885.0,67776.0,70100.0,38070.0,8700.0,22795.0,54230.0,52500.0,0.4021,Coastal Carolina University,Conway,0.7572,0.5208
11060.0,21750.0,45.0,5.0,32.0,1.0,3.0,2757.0,0.6849,0.6584,19.0,0.2941,0.263502455,0.365409623,31000.0,23000.0,19500.0,18500.0,38262.0,9400.0,22900.0,55233.0,61300.0,30064.0,4900.0,15502.0,43281.0,43400.0,0.1408,South Carolina State University,Orangeburg,0.5875,0.3224
11583.0,22545.0,45.0,5.0,22.0,1.0,3.0,4008.0,0.4546,0.5311,15.0,0.4242,0.511897498,0.499356499,22310.0,16000.0,14940.0,14000.0,48587.0,10900.0,32831.0,71756.0,69800.0,43339.0,8800.0,28634.0,65017.0,58500.0,0.2816,University of South Carolina-Upstate,Spartanburg,0.6934,0.4862
15956.0,30286.0,45.0,5.0,13.0,1.0,3.0,3424.0,0.3863,0.5536,12.0,0.6122,0.546539379,0.601798855,26975.0,20020.0,18750.0,18062.0,47185.0,10200.0,33671.0,66172.0,64600.0,39048.0,9500.0,25476.0,50448.0,46700.0,0.5129,Winthrop University,Rock Hill,0.7284,0.5897
54100.0,54100.0,45.0,5.0,13.0,2.0,3.0,1873.0,0.1509,0.4114,12.0,0.8075,0.769811321,0.827731092,25732.0,15000.0,19500.0,21500.0,68964.0,15100.0,47662.0,96651.0,98400.0,52076.0,14500.0,36286.0,70493.0,63300.0,0.7677,Wofford College,Spartanburg,0.8974,0.805
39190.0,39190.0,46.0,4.0,12.0,2.0,3.0,1818.0,0.16,0.5177,11.0,0.7563,0.684745763,0.694630872,25000.0,19385.0,21344.0,21500.0,59217.0,15900.0,43122.0,82312.0,80800.0,49826.0,14700.0,35138.0,66972.0,55200.0,0.5958,Augustana University,Sioux Falls,0.8351,0.7112
9000.0,12100.0,46.0,4.0,32.0,1.0,3.0,1935.0,0.1849,0.2962,17.0,0.3858,0.285894207,0.321029083,26000.0,16148.0,16000.0,13499.0,46674.0,10000.0,28912.0,63502.0,67900.0,38927.0,8100.0,22990.0,53008.0,53400.0,0.2549,Black Hills State University,Spearfish,0.7224,0.4384
9633.0,12735.0,46.0,4.0,32.0,1.0,3.0,1969.0,0.1596,0.3631,19.0,0.493,0.338187702,0.34939759,23500.0,13612.0,16125.0,12500.0,50970.0,14800.0,36497.0,69547.0,71200.0,46146.0,12600.0,31661.0,64204.0,54800.0,0.3531,Dakota State University,Madison,0.7528,0.4594
32890.0,32890.0,46.0,4.0,33.0,2.0,3.0,661.0,0.2628,0.7759,12.0,0.4643,0.518367347,0.545454545,27000.0,12125.0,21750.0,19500.0,53728.0,11300.0,38140.0,73136.0,62800.0,49432.0,10100.0,37173.0,67627.0,52900.0,0.3473,Dakota Wesleyan University,Mitchell,0.6938,0.503
33100.0,33100.0,46.0,4.0,33.0,2.0,3.0,702.0,0.1935,0.4009,12.0,0.6055,0.522875817,0.512195122,26396.0,12979.0,14232.0,15558.0,48179.0,10200.0,33381.0,69519.0,60500.0,46984.0,12400.0,34971.0,63042.0,53000.0,0.5046,Mount Marty University,Yankton,0.6959,0.61
16065.0,16065.0,46.0,4.0,13.0,3.0,3.0,832.0,0.5705,0.437,6.0,0.6,0.177637795,0.101899521,29020.0,19874.0,19001.0,25000.0,37325.0,8100.0,19986.0,54855.0,82600.0,29641.0,6400.0,13393.0,45617.0,62500.0,0.0,National American University-Rapid City,Rapid City,0.6667,0.125
8845.0,11947.0,46.0,4.0,33.0,1.0,3.0,1239.0,0.1196,0.2329,17.0,0.5224,0.303664921,0.326848249,22320.0,16314.0,14462.0,16750.0,47618.0,9900.0,32556.0,63985.0,62900.0,41536.0,8500.0,27930.0,55579.0,48100.0,0.316,Northern State University,Aberdeen,0.751,0.5857
10400.0,14800.0,46.0,4.0,13.0,1.0,3.0,2042.0,0.1595,0.4327,12.0,0.5817,0.368298368,0.420754717,27000.0,19500.0,18125.0,15625.0,72257.0,16500.0,46211.0,101142.0,103200.0,62863.0,12600.0,39986.0,81122.0,83900.0,0.2691,South Dakota School of Mines and Technology,Rapid City,0.8413,0.5616
9299.0,12809.0,46.0,4.0,33.0,1.0,3.0,8798.0,0.161,0.4578,17.0,0.5964,0.448049101,0.436039604,23250.0,15500.0,15950.0,17360.0,55070.0,15500.0,38252.0,78622.0,80000.0,49564.0,14400.0,34507.0,68468.0,63500.0,0.4226,South Dakota State University,Brookings,0.8291,0.602
20740.0,20740.0,46.0,4.0,12.0,2.0,3.0,1258.0,0.2898,0.6694,17.0,0.6051,0.589928058,0.603498542,23249.0,15250.0,16529.0,16655.0,54521.0,12700.0,38541.0,78768.0,70300.0,46712.0,13300.0,35441.0,63650.0,50100.0,0.5112,University of Sioux Falls,Sioux Falls,0.7517,0.5766
9432.0,12942.0,46.0,4.0,32.0,1.0,3.0,5239.0,0.1799,0.4176,14.0,0.6143,0.443553774,0.441806601,23592.0,17500.0,17186.0,17614.0,51926.0,12600.0,37336.0,70894.0,73400.0,46290.0,12400.0,32753.0,61934.0,58700.0,0.4819,University of South Dakota,Vermillion,0.7998,0.6137
8675.0,14219.0,47.0,5.0,12.0,1.0,3.0,7365.0,0.456,0.3569,15.0,0.445,0.318199763,0.355253212,20547.0,13750.0,13250.0,12500.0,44301.0,8000.0,26869.0,64102.0,68200.0,38779.0,7300.0,23590.0,55555.0,55600.0,0.2693,Austin Peay State University,Clarksville,0.6685,0.4137
13846.0,13846.0,47.0,5.0,11.0,2.0,3.0,673.0,0.4698,0.7272,6.0,0.5375,0.591065292,0.572649573,29500.0,15750.0,16000.0,16750.0,72529.0,20300.0,48076.0,97481.0,89000.0,59224.0,19600.0,37810.0,78776.0,74200.0,0.325,Baptist Health Sciences University,Memphis,0.5278,0.5862
41320.0,41320.0,47.0,5.0,11.0,2.0,3.0,7306.0,0.1852,0.348,12.0,0.717,0.648296593,0.688659794,20500.0,18749.0,18605.0,16750.0,55930.0,9600.0,32026.0,84814.0,83800.0,42770.0,9400.0,24044.0,63078.0,62700.0,0.6123,Belmont University,Nashville,0.8372,0.6859
18168.0,18168.0,47.0,5.0,32.0,2.0,3.0,1671.0,0.3114,0.3855,17.0,0.349,0.247252747,0.191384615,27249.0,15634.0,18750.0,17375.0,47482.0,9700.0,30259.0,68992.0,79200.0,38990.0,7600.0,20922.0,59453.0,64200.0,0.0,Bethel University,McKenzie,0.5912,0.3526
18900.0,18900.0,47.0,5.0,32.0,2.0,3.0,815.0,0.224,0.3185,13.0,0.5593,0.362934363,0.24,23000.0,12000.0,12000.0,16245.0,54434.0,6200.0,34075.0,85369.0,69600.0,45559.0,7800.0,27269.0,64312.0,64400.0,0.4724,Bryan College-Dayton,Dayton,0.6452,0.604
34700.0,34700.0,47.0,5.0,23.0,2.0,3.0,1374.0,0.3917,0.524,12.0,0.4645,0.515810277,0.514734774,21500.0,13250.0,15316.0,15000.0,48382.0,8500.0,30972.0,68441.0,68300.0,39324.0,6800.0,25171.0,54173.0,51800.0,0.4209,Carson-Newman University,Jefferson City,0.7358,0.5598
37300.0,37300.0,47.0,5.0,11.0,2.0,3.0,953.0,0.3057,0.3121,9.0,0.5599,0.503067485,0.580524345,27000.0,19715.0,15625.0,17500.0,57478.0,15300.0,34312.0,80059.0,87500.0,48592.0,9500.0,29497.0,70700.0,62400.0,0.4063,Christian Brothers University,Memphis,0.7257,0.6065
27840.0,27840.0,47.0,5.0,31.0,2.0,3.0,2053.0,0.3254,0.2514,18.0,0.4698,0.594520548,0.551451187,17952.0,11080.0,11750.0,12000.0,57687.0,10200.0,38662.0,82086.0,67300.0,52246.0,6100.0,32883.0,77840.0,60300.0,0.2967,Cumberland University,Lebanon,0.6217,0.5303
38824.0,38824.0,47.0,5.0,11.0,2.0,3.0,3021.0,0.2118,0.3344,13.0,0.687,0.61042524,0.66918429,19500.0,12500.0,17750.0,17750.0,55541.0,13400.0,36819.0,82845.0,82200.0,50454.0,10500.0,33838.0,70276.0,60600.0,0.6072,Lipscomb University,Nashville,0.8592,0.7171
9950.0,13790.0,47.0,5.0,13.0,1.0,3.0,9807.0,0.3519,0.3581,18.0,0.4988,0.492142583,0.498566308,19442.0,14500.0,14304.0,14183.0,44859.0,8700.0,27964.0,66045.0,69400.0,38704.0,6800.0,24711.0,54895.0,54500.0,0.3443,East Tennessee State University,Johnson City,0.7394,0.5291
24298.0,24298.0,47.0,5.0,11.0,2.0,3.0,950.0,0.4827,0.5292,11.0,0.4351,0.323943662,0.354497354,27000.0,13000.0,14005.0,23750.0,45454.0,8200.0,25449.0,63020.0,61100.0,33604.0,6100.0,16550.0,50394.0,47800.0,0.3896,Fisk University,Nashville,0.7282,0.4519
20796.0,20796.0,47.0,5.0,21.0,2.0,3.0,261.0,0.2725,0.3101,9.0,0.6143,0.461538462,0.391304348,19500.0,10000.0,11818.0,11599.0,42198.0,10600.0,26564.0,58201.0,64200.0,34190.0,9400.0,23412.0,47193.0,45200.0,0.4722,Welch College,Gallatin,0.65,0.4878
25000.0,25000.0,47.0,5.0,32.0,2.0,3.0,1244.0,0.2249,0.3978,13.0,0.6837,0.471518987,0.53008596,21500.0,13671.0,15063.0,18519.0,47485.0,6400.0,26510.0,69867.0,74800.0,40086.0,8600.0,26846.0,53937.0,51100.0,0.5911,Freed-Hardeman University,Henderson,0.8061,0.6473
20318.0,20318.0,47.0,5.0,41.0,2.0,3.0,703.0,0.3827,0.565,11.0,0.6216,0.38047138,0.300911854,21500.0,10400.0,14000.0,16250.0,40596.0,6600.0,24899.0,55177.0,58800.0,35649.0,5500.0,22994.0,47372.0,47400.0,0.5634,Johnson University,Knoxville,0.7419,0.673
34800.0,34800.0,47.0,5.0,13.0,2.0,3.0,975.0,0.4188,0.6446,12.0,0.4643,0.530546624,0.398838335,22750.0,16750.0,19368.0,16983.0,59831.0,12800.0,37050.0,88672.0,91100.0,52248.0,10700.0,34803.0,77754.0,69900.0,0.4158,King University,Bristol,0.5986,0.4595
11790.0,11790.0,47.0,5.0,13.0,2.0,3.0,822.0,0.7941,0.602,17.0,0.1703,0.208538588,0.252204586,30500.0,17750.0,13125.0,16500.0,31670.0,5400.0,16766.0,46586.0,50600.0,24623.0,3300.0,11966.0,38992.0,36700.0,0.1199,Lane College,Jackson,0.4505,0.259
22690.0,22690.0,47.0,5.0,13.0,2.0,3.0,2712.0,0.2673,0.4483,12.0,0.6067,0.478967495,0.506572295,25750.0,18041.0,19500.0,20500.0,43222.0,6100.0,25758.0,61725.0,60400.0,38082.0,6400.0,22486.0,52503.0,45800.0,0.486,Lee University,Cleveland,0.8104,0.586
26150.0,26150.0,47.0,5.0,32.0,2.0,3.0,1487.0,0.3635,0.5436,9.0,0.5392,0.51509434,0.550943396,20000.0,16694.0,15000.0,15000.0,49956.0,12400.0,30592.0,72811.0,69900.0,45242.0,8600.0,29033.0,66449.0,59200.0,0.3881,Lincoln Memorial University,Harrogate,0.6934,0.5721
10506.0,10506.0,47.0,5.0,32.0,1.0,3.0,827.0,0.3304,0.3337,13.0,0.3566,0.308641975,0.346889952,21500.0,9500.0,12125.0,12000.0,38924.0,4100.0,22783.0,55993.0,58900.0,36151.0,6600.0,22168.0,51280.0,44700.0,0.2664,The University of Tennessee Southern,Pulaski,0.6425,0.3204
38514.0,38514.0,47.0,5.0,21.0,2.0,3.0,1028.0,0.3536,0.8073,12.0,0.4718,0.394666667,0.512605042,25375.0,14750.0,14125.0,15460.0,49279.0,12600.0,34298.0,70568.0,76400.0,39305.0,9600.0,25922.0,54414.0,49600.0,0.3854,Maryville College,Maryville,0.6871,0.5592
10344.0,14784.0,47.0,5.0,11.0,1.0,3.0,13645.0,0.3996,0.3877,17.0,0.4942,0.456570156,0.507722008,23300.0,17500.0,15000.0,14250.0,48458.0,8800.0,29737.0,70926.0,74200.0,40921.0,7700.0,24959.0,59506.0,57900.0,0.3089,University of Memphis,Memphis,0.7121,0.5656
9506.0,29042.0,47.0,5.0,12.0,1.0,3.0,16115.0,0.3137,0.3107,17.0,0.54,0.502479711,0.501911084,20000.0,15000.0,14294.0,13249.0,48541.0,9900.0,30810.0,69704.0,72200.0,39941.0,8100.0,24455.0,55662.0,54700.0,0.379,Middle Tennessee State University,Murfreesboro,0.7765,0.5521
54892.0,54892.0,47.0,5.0,11.0,2.0,3.0,1931.0,0.1508,0.2786,11.0,0.8164,0.787234043,0.792727273,21761.0,13621.0,19500.0,19500.0,66651.0,17000.0,43822.0,103868.0,118200.0,48898.0,9200.0,31799.0,71855.0,70400.0,0.7656,Rhodes College,Memphis,0.9121,0.8577
53698.0,53698.0,47.0,5.0,42.0,2.0,3.0,1598.0,0.1488,0.3013,9.0,0.8237,0.791666667,0.719827586,22855.0,13695.0,17500.0,19500.0,64911.0,12500.0,39809.0,99334.0,96500.0,53456.0,5400.0,32088.0,73155.0,54900.0,0.7411,The University of the South,Sewanee,0.8846,0.8034
25590.0,25590.0,47.0,5.0,21.0,2.0,3.0,2673.0,0.3092,0.4372,16.0,0.5143,0.373001776,0.474956822,24500.0,18250.0,18750.0,15750.0,53723.0,7000.0,33870.0,85229.0,83000.0,44818.0,6200.0,26449.0,65654.0,59900.0,0.3807,Southern Adventist University,Collegedale,0.8205,0.5913
29264.0,29264.0,47.0,5.0,32.0,2.0,3.0,832.0,0.3843,0.5813,12.0,0.4363,0.13125,0.339726027,20000.0,15000.0,13137.0,14000.0,45989.0,9000.0,30950.0,65645.0,67000.0,45987.0,9900.0,27523.0,62823.0,56600.0,0.348,Tennessee Wesleyan University,Athens,0.6378,0.5167
10144.0,18208.0,47.0,5.0,12.0,1.0,3.0,9878.0,0.3247,0.384,17.0,0.5309,0.450589302,0.486367281,19500.0,12500.0,11750.0,12000.0,51151.0,10900.0,33200.0,74361.0,74600.0,42209.0,7800.0,27134.0,58348.0,56100.0,0.3496,The University of Tennessee-Chattanooga,Chattanooga,0.7447,0.5551
13484.0,31974.0,47.0,5.0,12.0,1.0,3.0,28763.0,0.2068,0.3009,18.0,0.735,0.607814761,0.645588235,20500.0,16000.0,16875.0,15590.0,60249.0,12700.0,39008.0,88456.0,94300.0,47782.0,10700.0,31195.0,68781.0,69700.0,0.5562,The University of Tennessee-Knoxville,Knoxville,0.9108,0.7279
10208.0,16248.0,47.0,5.0,33.0,1.0,3.0,4600.0,0.3429,0.3338,15.0,0.5483,0.437928408,0.46898263,21024.0,12687.0,13510.0,12766.0,44213.0,9400.0,30431.0,61331.0,67400.0,38863.0,7500.0,25215.0,54595.0,51600.0,0.3943,The University of Tennessee-Martin,Martin,0.7339,0.5337
8568.0,22284.0,47.0,5.0,11.0,1.0,3.0,6498.0,0.518,0.3924,13.0,0.3303,0.333506224,0.339467312,27000.0,17660.0,16998.0,17500.0,42730.0,9500.0,25972.0,61975.0,70300.0,34160.0,7100.0,18094.0,51288.0,57900.0,0.2123,Tennessee State University,Nashville,0.6022,0.3096
10084.0,20116.0,47.0,5.0,33.0,1.0,3.0,8495.0,0.3103,0.3691,16.0,0.5423,0.552858684,0.558202247,15650.0,11000.0,11850.0,10628.0,48501.0,11400.0,33538.0,71299.0,79100.0,43759.0,10000.0,29558.0,61737.0,58800.0,0.3537,Tennessee Technological University,Cookeville,0.7748,0.6246
29790.0,29790.0,47.0,5.0,11.0,2.0,3.0,1697.0,0.3049,0.4094,22.0,0.5481,0.461305008,0.516509434,18744.0,14590.0,14850.0,14750.0,49378.0,10200.0,30775.0,77968.0,80900.0,46065.0,9600.0,28982.0,69103.0,75900.0,0.4632,Trevecca Nazarene University,Nashville,0.7507,0.5032
28500.0,28500.0,47.0,5.0,32.0,2.0,3.0,903.0,0.4518,0.5327,18.0,0.3054,0.473794549,0.430555556,23250.0,13688.0,15968.0,13666.0,44367.0,15700.0,27593.0,62745.0,81000.0,39925.0,10000.0,24642.0,55580.0,59700.0,0.2066,Tusculum University,Greeneville,0.5804,0.395
38450.0,38450.0,47.0,5.0,13.0,2.0,3.0,1637.0,0.2521,0.4705,8.0,0.7092,0.585454545,0.638474295,20714.0,16500.0,16800.0,17625.0,53990.0,9900.0,34744.0,78063.0,77900.0,45505.0,10100.0,29697.0,66713.0,74000.0,0.6518,Union University,Jackson,0.8685,0.6862
63946.0,63946.0,47.0,5.0,11.0,2.0,3.0,7143.0,0.1851,0.105,7.0,0.9269,0.883116883,0.923460899,14000.0,7500.0,11981.0,14000.0,91565.0,22300.0,59554.0,138460.0,144000.0,73909.0,12700.0,49418.0,109566.0,102200.0,0.8725,Vanderbilt University,Nashville,0.9641,0.937
42380.0,42380.0,48.0,6.0,12.0,2.0,3.0,3129.0,0.2202,0.4223,13.0,0.6021,0.513994911,0.522262335,24250.0,11000.0,15750.0,17000.0,55736.0,9600.0,36361.0,80010.0,78700.0,46727.0,8700.0,29173.0,64891.0,57900.0,0.4596,Abilene Christian University,Abilene,0.7953,0.6051
8319.0,18399.0,48.0,6.0,13.0,1.0,3.0,5515.0,0.2707,0.2525,18.0,0.4073,0.358178054,0.398223538,20000.0,12432.0,12250.0,12500.0,50116.0,11200.0,32254.0,70895.0,77400.0,41050.0,8800.0,26295.0,56753.0,62600.0,0.2919,Angelo State University,San Angelo,0.716,0.462
46500.0,46500.0,48.0,6.0,13.0,2.0,3.0,1125.0,0.3042,0.5176,11.0,0.6949,0.600823045,0.678714859,24500.0,17375.0,19250.0,17188.0,61296.0,19000.0,43810.0,87608.0,91200.0,45242.0,10600.0,29750.0,62929.0,57200.0,0.6465,Austin College,Sherman,0.8,0.6827
54844.0,54844.0,48.0,6.0,12.0,2.0,3.0,15007.0,0.1298,0.3377,15.0,0.8016,0.755983107,0.726569218,23000.0,19898.0,21500.0,19000.0,65793.0,15000.0,44166.0,94158.0,98100.0,56532.0,10700.0,35663.0,77398.0,68000.0,0.6966,Baylor University,Waco,0.9062,0.8192
36690.0,36690.0,48.0,6.0,11.0,2.0,3.0,1388.0,0.3978,0.6629,16.0,0.4051,0.306581059,0.389830508,21852.0,15750.0,14292.0,15875.0,60883.0,11500.0,38795.0,87304.0,86600.0,48058.0,11400.0,31033.0,65425.0,71700.0,0.2737,Concordia University Texas,Austin,0.6319,0.3819
9748.0,21033.0,48.0,6.0,11.0,1.0,3.0,7804.0,0.3965,0.434,18.0,0.3374,0.339110776,0.391234419,23000.0,17000.0,15500.0,13125.0,51865.0,12900.0,33062.0,71968.0,81800.0,42933.0,8700.0,25014.0,61360.0,64400.0,0.1966,Texas A & M University-Corpus Christi,Corpus Christi,0.585,0.3826
38140.0,38140.0,48.0,6.0,11.0,2.0,3.0,2526.0,0.239,0.3665,16.0,0.6041,0.467302452,0.51686747,21591.0,16892.0,17625.0,15000.0,56807.0,9300.0,34818.0,81273.0,81300.0,45138.0,7700.0,27374.0,62493.0,68900.0,0.4576,Dallas Baptist University,Dallas,0.6377,0.613
20260.0,20260.0,48.0,6.0,21.0,2.0,3.0,272.0,0.5219,0.6494,13.0,0.2391,0.274509804,0.313043478,24912.0,14000.0,15875.0,15000.0,43503.0,10600.0,23556.0,64776.0,81600.0,39868.0,5900.0,23365.0,57103.0,65500.0,0.1591,Dallas Christian College,Dallas,0.3867,0.193
50880.0,50880.0,48.0,6.0,11.0,2.0,3.0,1403.0,0.2636,0.4694,11.0,0.6802,0.648550725,0.636666667,23117.0,15250.0,13750.0,19500.0,58285.0,12700.0,35659.0,80012.0,83700.0,45950.0,10200.0,28065.0,63176.0,69100.0,0.6229,University of Dallas,Irving,0.8065,0.7252
30050.0,30050.0,48.0,6.0,32.0,2.0,3.0,1364.0,0.3141,0.5307,15.0,0.4797,0.330900243,0.319047619,23250.0,14000.0,15094.0,16084.0,52788.0,8700.0,35467.0,71231.0,76600.0,41759.0,9200.0,25452.0,57370.0,58200.0,0.42,East Texas Baptist University,Marshall,0.6915,0.45
7930.0,20947.0,48.0,6.0,13.0,1.0,3.0,1748.0,0.5126,0.4966,13.0,0.312,0.448669202,0.475446429,18953.0,12500.0,11862.0,12500.0,45515.0,13200.0,31078.0,61297.0,65000.0,41785.0,10000.0,27000.0,58517.0,52600.0,0.1667,Texas A&M University-Texarkana,Texarkana,0.6,0.2564
10026.0,22626.0,48.0,6.0,32.0,1.0,3.0,8249.0,0.405,0.3825,19.0,0.4593,0.442316461,0.494939759,20500.0,14500.0,14250.0,13750.0,50296.0,10100.0,33068.0,66325.0,65500.0,43157.0,8400.0,26437.0,59106.0,52800.0,0.3221,Texas A & M University-Commerce,Commerce,0.6306,0.4314
31686.0,31686.0,48.0,6.0,12.0,2.0,3.0,1275.0,0.3838,0.8278,15.0,0.4956,0.487119438,0.530092593,24711.0,12500.0,12500.0,14417.0,54771.0,9900.0,37653.0,77040.0,80700.0,44392.0,9300.0,28006.0,61897.0,59100.0,0.3877,Hardin-Simmons University,Abilene,0.6533,0.5182
38100.0,38100.0,48.0,6.0,11.0,2.0,3.0,2777.0,0.5395,0.5625,18.0,0.498,0.405271829,0.453521127,22642.0,9500.0,11000.0,14000.0,55933.0,9700.0,32345.0,79846.0,85900.0,44595.0,8800.0,25503.0,64999.0,68800.0,0.3706,Houston Christian University,Houston,0.6915,0.454
7746.0,21330.0,48.0,6.0,12.0,1.0,3.0,6082.0,0.438,0.2884,19.0,0.5085,0.563282337,0.691756272,17831.0,13500.0,13750.0,13000.0,59004.0,13900.0,40766.0,76140.0,94100.0,52098.0,11900.0,32635.0,64507.0,67600.0,0.2607,University of Houston-Clear Lake,Houston,0.7526,0.5746
7708.0,17788.0,48.0,6.0,11.0,1.0,3.0,12812.0,0.5162,0.305,18.0,0.3376,0.484329446,0.476909672,18750.0,14500.0,13657.0,12500.0,53551.0,11100.0,30812.0,72505.0,82000.0,49120.0,9900.0,27704.0,66363.0,64500.0,0.1454,University of Houston-Downtown,Houston,0.6741,0.343
7499.0,17291.0,48.0,6.0,13.0,1.0,3.0,2630.0,0.4396,0.3847,14.0,0.2652,0.409535452,0.449353448,18973.0,12750.0,14250.0,13000.0,54467.0,10800.0,35230.0,82094.0,71200.0,44888.0,10400.0,27463.0,64407.0,60500.0,0.1219,University of Houston-Victoria,Victoria,0.6127,0.2456
9711.0,22191.0,48.0,6.0,11.0,1.0,3.0,37175.0,0.4089,0.319,21.0,0.6492,0.524561869,0.602028937,18194.0,14200.0,13687.0,14519.0,62377.0,13600.0,39375.0,92999.0,100000.0,52768.0,10800.0,31080.0,73334.0,77200.0,0.4455,University of Houston,Houston,0.8644,0.6506
33322.0,33322.0,48.0,6.0,33.0,2.0,3.0,716.0,0.4217,0.6611,10.0,0.3112,0.306590258,0.357142857,26793.0,9500.0,13166.0,11000.0,48376.0,8400.0,33222.0,64999.0,68900.0,38212.0,7800.0,23663.0,55284.0,51700.0,0.249,Howard Payne University,Brownwood,0.5477,0.3574
35660.0,35660.0,48.0,6.0,11.0,2.0,3.0,4545.0,0.4293,0.7481,12.0,0.5184,0.473684211,0.524249423,27000.0,22937.0,21500.0,18832.0,56733.0,12600.0,35538.0,80251.0,85300.0,47625.0,9300.0,27909.0,66628.0,69400.0,0.361,University of the Incarnate Word,San Antonio,0.7238,0.587
11720.0,11720.0,48.0,6.0,42.0,2.0,3.0,730.0,0.5226,0.4842,10.0,0.1508,0.213186813,0.188405797,27000.0,12000.0,11598.0,14991.0,32992.0,4100.0,16808.0,48613.0,49600.0,27077.0,2200.0,14412.0,44410.0,36900.0,0.119,Jarvis Christian University,Hawkins,0.4878,0.36
8690.0,18482.0,48.0,6.0,12.0,1.0,3.0,7945.0,0.438,0.4115,18.0,0.3718,0.301061008,0.320239112,21250.0,12589.0,12612.0,12500.0,49652.0,9400.0,30901.0,73800.0,89300.0,47077.0,7500.0,27292.0,68302.0,65500.0,0.1838,Lamar University,Beaumont,0.6099,0.4146
7846.0,19382.0,48.0,6.0,11.0,1.0,3.0,6502.0,0.6333,0.2798,21.0,0.4892,0.507264687,0.53906763,15000.0,10998.0,10076.0,12543.0,48386.0,14400.0,29365.0,65061.0,72500.0,37327.0,10900.0,22016.0,56405.0,59100.0,0.2787,Texas A & M International University,Laredo,0.7364,0.5244
35500.0,35500.0,48.0,6.0,13.0,2.0,3.0,1510.0,0.134,0.243,11.0,0.6111,0.482617587,0.464419476,26000.0,17972.0,20834.0,18500.0,57103.0,15600.0,37115.0,86554.0,104300.0,51058.0,14200.0,31398.0,75601.0,78600.0,0.5174,LeTourneau University,Longview,0.8054,0.6484
27298.0,27298.0,48.0,6.0,11.0,2.0,3.0,1210.0,0.3306,0.7504,12.0,0.4871,0.523702032,0.590799031,20948.0,15373.0,17188.0,15333.0,53787.0,8300.0,34949.0,81706.0,76300.0,46464.0,10900.0,30139.0,67467.0,70700.0,0.3032,Lubbock Christian University,Lubbock,0.7391,0.44
33150.0,33150.0,48.0,6.0,22.0,2.0,3.0,2959.0,0.3685,0.6276,17.0,0.534,0.504158004,0.520971302,26000.0,15000.0,15595.0,16750.0,56132.0,11600.0,35989.0,78352.0,76400.0,48368.0,8600.0,29943.0,67709.0,62500.0,0.3835,University of Mary Hardin-Baylor,Belton,0.6788,0.5352
31372.0,31372.0,48.0,6.0,12.0,2.0,3.0,1108.0,0.4492,0.6044,13.0,0.3862,0.339622642,0.381538462,27000.0,17203.0,20341.0,17500.0,48779.0,10000.0,32535.0,70366.0,75400.0,38647.0,9600.0,24045.0,54177.0,56500.0,0.2724,McMurry University,Abilene,0.646,0.3165
10310.0,12260.0,48.0,6.0,12.0,1.0,3.0,4043.0,0.4004,0.4209,16.0,0.4128,0.454330709,0.517498138,21030.0,13000.0,12500.0,14000.0,55747.0,10600.0,37019.0,80113.0,73100.0,46637.0,11300.0,28469.0,69582.0,69000.0,0.226,Midwestern State University,Wichita Falls,0.63,0.4902
11164.0,21244.0,48.0,6.0,12.0,1.0,3.0,33680.0,0.3608,0.391,23.0,0.5957,0.548013245,0.566908993,19250.0,13639.0,14000.0,14000.0,57010.0,11700.0,36403.0,78812.0,79500.0,46304.0,10100.0,27813.0,63518.0,61300.0,0.4303,University of North Texas,Denton,0.7696,0.6215
31728.0,31728.0,48.0,6.0,11.0,2.0,3.0,1110.0,0.5749,0.646,11.0,0.4243,0.404612159,0.475836431,24999.0,18171.0,17500.0,15000.0,48675.0,13100.0,30371.0,65309.0,69200.0,41195.0,11200.0,22319.0,58333.0,57200.0,0.3294,Our Lady of the Lake University,San Antonio,0.5833,0.3529
9859.0,19939.0,48.0,6.0,12.0,1.0,3.0,27026.0,0.6376,0.2558,19.0,0.4927,0.504240642,0.501915709,12950.0,9454.0,9216.0,11000.0,49620.0,11500.0,29401.0,66597.0,77700.0,35812.0,8600.0,20493.0,55347.0,57500.0,0.2943,The University of Texas Rio Grande Valley,Edinburg,0.7891,0.5617
11299.0,26874.0,48.0,6.0,42.0,1.0,3.0,8527.0,0.6244,0.5808,16.0,0.4322,0.325853202,0.37979798,27000.0,16258.0,19300.0,16750.0,45411.0,7200.0,23973.0,65217.0,71600.0,36350.0,6300.0,20096.0,58295.0,63200.0,0.1931,Prairie View A & M University,Prairie View,0.7405,0.4492
58128.0,58128.0,48.0,6.0,11.0,2.0,3.0,4562.0,0.1607,0.0625,6.0,0.9569,0.902777778,0.902506964,11000.0,6500.0,11192.0,9804.0,89718.0,25700.0,62982.0,143920.0,161600.0,79751.0,10300.0,49934.0,116197.0,119700.0,0.8936,Rice University,Houston,0.9758,0.9306
51384.0,51384.0,48.0,6.0,11.0,2.0,3.0,2729.0,0.3947,0.4814,13.0,0.6418,0.603636364,0.607142857,24803.0,21835.0,21500.0,18062.0,58826.0,10000.0,39489.0,86574.0,89500.0,47743.0,9700.0,28771.0,67458.0,64000.0,0.5443,Saint Edward's University,Austin,0.7797,0.6693
33660.0,33660.0,48.0,6.0,11.0,2.0,3.0,2826.0,0.3792,0.3625,15.0,0.6862,0.532352941,0.598006645,19928.0,12500.0,14255.0,12000.0,59224.0,15600.0,37152.0,82590.0,96800.0,49971.0,9900.0,30234.0,69585.0,64300.0,0.4828,University of St Thomas,Houston,0.7335,0.6371
9228.0,19020.0,48.0,6.0,32.0,1.0,3.0,18138.0,0.3985,0.4631,20.0,0.5507,0.552292264,0.6,21983.0,17250.0,16500.0,15000.0,54211.0,11900.0,36263.0,73178.0,78900.0,45337.0,10600.0,28856.0,61592.0,61200.0,0.3522,Sam Houston State University,Huntsville,0.7544,0.5927
37396.0,37396.0,48.0,6.0,33.0,2.0,3.0,1028.0,0.4381,0.6576,15.0,0.437,0.441176471,0.482758621,23250.0,11846.0,14250.0,14250.0,52228.0,10000.0,34553.0,74165.0,69100.0,45527.0,7800.0,28836.0,62508.0,56600.0,0.3783,Schreiner University,Kerrville,0.7197,0.4602
36242.0,36242.0,48.0,6.0,11.0,2.0,3.0,1911.0,0.4203,0.5217,10.0,0.5879,0.532347505,0.581034483,25563.0,19500.0,20500.0,18500.0,56955.0,17900.0,38690.0,79025.0,85300.0,44130.0,10600.0,27933.0,60639.0,59700.0,0.0591,St. Mary's University,San Antonio,0.6749,0.5942
64460.0,64460.0,48.0,6.0,21.0,2.0,3.0,7106.0,0.1186,0.2174,11.0,0.8325,0.605263158,0.703851262,19500.0,17000.0,17500.0,14000.0,78354.0,14900.0,50337.0,121566.0,126200.0,65556.0,12100.0,38016.0,94165.0,93700.0,0.7635,Southern Methodist University,Dallas,0.8961,0.8285
18610.0,18610.0,48.0,6.0,21.0,2.0,3.0,1366.0,0.495,0.6372,15.0,0.3553,0.352253756,0.391843972,24725.0,14250.0,14995.0,15250.0,46238.0,6200.0,28464.0,63010.0,63500.0,37425.0,6700.0,22765.0,52052.0,49800.0,0.3032,Southwestern Assemblies of God University,Waxahachie,0.8125,0.5232
51058.0,51058.0,48.0,6.0,13.0,2.0,3.0,1454.0,0.2313,0.4302,11.0,0.6934,0.731884058,0.635616438,25000.0,24750.0,16000.0,19500.0,56878.0,13200.0,37176.0,86002.0,96300.0,49249.0,11600.0,30025.0,67667.0,63200.0,0.6105,Southwestern University,Georgetown,0.8303,0.7374
10600.0,20680.0,48.0,6.0,33.0,1.0,3.0,8746.0,0.3679,0.4294,15.0,0.5175,0.51572327,0.539886578,23409.0,18315.0,17500.0,17750.0,49634.0,12000.0,32573.0,67133.0,74100.0,43144.0,9800.0,27194.0,58761.0,56900.0,0.3837,Stephen F Austin State University,Nacogdoches,0.7129,0.5386
11450.0,23210.0,48.0,6.0,13.0,1.0,3.0,34547.0,0.3615,0.4259,21.0,0.5617,0.527698245,0.5980792,21000.0,14966.0,14835.0,15000.0,56906.0,13500.0,38577.0,80902.0,82200.0,46716.0,10800.0,29928.0,63304.0,61200.0,0.3665,Texas State University,San Marcos,0.7751,0.5953
24588.0,24588.0,48.0,6.0,31.0,2.0,3.0,574.0,0.3885,0.5602,12.0,0.4109,0.382222222,0.444444444,26998.0,23685.0,22274.0,17750.0,52946.0,9300.0,32967.0,80092.0,79100.0,43643.0,7300.0,21384.0,63739.0,66600.0,0.2636,Southwestern Adventist University,Keene,0.704,0.4452
7592.0,17384.0,48.0,6.0,33.0,1.0,3.0,1378.0,0.5161,0.38,11.0,0.2744,0.212121212,0.135566188,15900.0,11250.0,11320.0,9250.0,41871.0,11600.0,22884.0,58116.0,70400.0,34340.0,8000.0,20759.0,49699.0,54700.0,0.1707,Sul Ross State University,Alpine,0.5833,0.3131
7878.0,17958.0,48.0,6.0,33.0,1.0,3.0,12263.0,0.3711,0.4548,18.0,0.5123,0.518543046,0.482500748,19606.0,13783.0,14050.0,13750.0,53040.0,12800.0,35348.0,73166.0,78500.0,46729.0,10700.0,30372.0,63379.0,62900.0,0.346,Tarleton State University,Stephenville,0.7381,0.5128
9892.0,26106.0,48.0,6.0,32.0,1.0,3.0,4622.0,0.5455,0.4648,16.0,0.4559,0.242621694,0.395414462,22934.0,16027.0,15676.0,15450.0,51450.0,9500.0,32330.0,68303.0,81200.0,44882.0,9600.0,27115.0,60315.0,68600.0,0.2572,Texas A & M University-Kingsville,Kingsville,0.6698,0.4632
13099.0,40328.0,48.0,6.0,12.0,1.0,3.0,59099.0,0.1923,0.2634,19.0,0.8378,0.764223268,0.795539033,17804.0,14612.0,15000.0,15250.0,72097.0,19600.0,48234.0,106337.0,110600.0,59386.0,14400.0,39907.0,81508.0,80000.0,0.6078,Texas A & M University-College Station,College Station,0.9425,0.842
11728.0,29660.0,48.0,6.0,11.0,1.0,3.0,30834.0,0.3958,0.3281,23.0,0.5652,0.494045332,0.548395942,17527.0,11558.0,11904.0,12000.0,63199.0,13500.0,41572.0,91958.0,88100.0,60902.0,10500.0,38722.0,88068.0,69000.0,0.3543,The University of Texas at Arlington,Arlington,0.7288,0.5415
11678.0,42778.0,48.0,6.0,11.0,1.0,3.0,42100.0,0.2511,0.2706,18.0,0.8764,0.767211868,0.806003752,20500.0,18750.0,18446.0,19500.0,75121.0,16200.0,50527.0,116556.0,120000.0,60896.0,12400.0,40112.0,88797.0,87100.0,0.7285,The University of Texas at Austin,Austin,0.9612,0.8896
14564.0,40064.0,48.0,6.0,12.0,1.0,3.0,21317.0,0.2973,0.3528,27.0,0.7083,0.641025641,0.673547936,18000.0,13750.0,13063.0,14000.0,68227.0,15500.0,44421.0,101340.0,102300.0,57249.0,11600.0,33642.0,80605.0,72500.0,0.5559,The University of Texas at Dallas,Richardson,0.8813,0.7319
9744.0,25512.0,48.0,6.0,11.0,1.0,3.0,20547.0,0.606,0.2946,20.0,0.4595,0.355888224,0.429275991,18000.0,12500.0,12500.0,13383.0,50923.0,11200.0,29422.0,70184.0,77900.0,37978.0,7400.0,22332.0,58305.0,60000.0,0.2098,The University of Texas at El Paso,El Paso,0.7735,0.5166
9920.0,25198.0,48.0,6.0,12.0,1.0,3.0,7009.0,0.3796,0.3266,17.0,0.4677,0.531862745,0.530856005,17137.0,13250.0,12500.0,12500.0,57053.0,14800.0,36917.0,83095.0,87400.0,49355.0,10700.0,31573.0,71784.0,68600.0,0.3631,The University of Texas at Tyler,Tyler,0.7303,0.4321
57220.0,57220.0,48.0,6.0,11.0,2.0,3.0,10919.0,0.1347,0.2505,14.0,0.8561,0.769903762,0.806796117,21500.0,20000.0,18959.0,18750.0,68424.0,14300.0,44497.0,98051.0,100100.0,60435.0,13300.0,39846.0,84757.0,72300.0,0.7382,Texas Christian University,Fort Worth,0.9428,0.8308
10008.0,10008.0,48.0,6.0,12.0,2.0,3.0,644.0,0.8536,0.6293,23.0,0.1069,0.196832579,0.204134367,31000.0,20375.0,13000.0,19875.0,33752.0,4500.0,18016.0,52271.0,49700.0,27901.0,3400.0,13408.0,41801.0,42800.0,0.0687,Texas College,Tyler,0.597,0.1687
34920.0,34920.0,48.0,6.0,31.0,2.0,3.0,1260.0,0.3763,0.6593,10.0,0.5518,0.475675676,0.517906336,25000.0,15000.0,14750.0,14000.0,53863.0,14300.0,35261.0,74010.0,86000.0,48125.0,10300.0,29257.0,66550.0,57100.0,0.3422,Texas Lutheran University,Seguin,0.6715,0.5482
10904.0,23212.0,48.0,6.0,12.0,1.0,3.0,4122.0,0.356,0.2983,20.0,0.4298,0.1996337,0.318510858,17750.0,11501.0,12750.0,11746.0,56073.0,12200.0,37375.0,78631.0,82100.0,50020.0,11900.0,30495.0,72096.0,68700.0,0.2806,The University of Texas Permian Basin,Odessa,0.6136,0.444
8991.0,21965.0,48.0,6.0,11.0,1.0,3.0,29675.0,0.4225,0.4257,25.0,0.5119,0.502711324,0.537340256,20500.0,15000.0,15000.0,14500.0,57131.0,14000.0,37060.0,80771.0,81400.0,46340.0,10100.0,28446.0,65289.0,60800.0,0.3192,The University of Texas at San Antonio,San Antonio,0.794,0.5324
9173.0,21773.0,48.0,6.0,11.0,1.0,3.0,6619.0,0.713,0.6527,16.0,0.1989,0.213955443,0.275427996,29000.0,17856.0,15000.0,13689.0,38924.0,6300.0,18610.0,59970.0,72500.0,32986.0,4700.0,16807.0,50015.0,52200.0,0.0593,Texas Southern University,Houston,0.5699,0.2624
11852.0,24451.0,48.0,6.0,11.0,1.0,3.0,32446.0,0.2575,0.4348,21.0,0.6747,0.551956098,0.599219621,21500.0,17500.0,16000.0,14000.0,62454.0,14900.0,41009.0,91778.0,96800.0,52588.0,13300.0,33853.0,72818.0,72300.0,0.4448,Texas Tech University,Lubbock,0.8487,0.6432
37934.0,37934.0,48.0,6.0,11.0,2.0,3.0,1671.0,0.4114,0.4279,13.0,0.3235,0.458947368,0.462242563,23125.0,16700.0,13000.0,11875.0,54053.0,9600.0,31559.0,68156.0,67900.0,44773.0,8200.0,27696.0,59808.0,57300.0,0.2255,Texas Wesleyan University,Fort Worth,0.6312,0.2932
8648.0,18720.0,48.0,6.0,12.0,1.0,3.0,8804.0,0.4045,0.3909,17.0,0.4421,0.503137255,0.580812102,19218.0,14000.0,14223.0,13028.0,56544.0,12000.0,35935.0,77086.0,83700.0,48773.0,11200.0,30257.0,66824.0,71700.0,0.2749,Texas Woman's University,Denton,0.7362,0.5274
51352.0,51352.0,48.0,6.0,11.0,2.0,3.0,2518.0,0.164,0.2918,9.0,0.8193,0.796666667,0.734126984,22954.0,18337.0,19500.0,19500.0,71668.0,15200.0,52586.0,107584.0,113200.0,55224.0,18700.0,36755.0,74088.0,76400.0,0.7336,Trinity University,San Antonio,0.9237,0.804
23186.0,23186.0,48.0,6.0,33.0,2.0,3.0,2090.0,0.3952,0.4338,10.0,0.1919,0.335774059,0.351730589,23106.0,16445.0,15244.0,12750.0,51838.0,11300.0,33771.0,77809.0,78700.0,44159.0,10800.0,26660.0,65396.0,70100.0,0.0923,Wayland Baptist University,Plainview,0.4754,0.2604
9101.0,10996.0,48.0,6.0,31.0,1.0,3.0,6771.0,0.3933,0.382,18.0,0.4731,0.392456677,0.429098577,19500.0,12530.0,12500.0,13000.0,50741.0,10900.0,34234.0,71388.0,78400.0,44399.0,10100.0,29499.0,60914.0,62400.0,0.1393,West Texas A & M University,Canyon,0.6715,0.4732
12500.0,12500.0,48.0,6.0,32.0,2.0,3.0,636.0,0.7708,0.6218,18.0,0.2,0.241791045,0.264770241,24989.0,18500.0,15000.0,12399.0,33159.0,7200.0,17006.0,49586.0,54500.0,28078.0,4100.0,12131.0,42414.0,48800.0,0.1371,Wiley University,Marshall,0.3167,0.2848
8050.0,8050.0,72.0,9.0,23.0,2.0,3.0,769.0,0.804,0.245,18.0,0.4603,0.39031339,0.482479784,15750.0,12000.0,11000.0,8100.0,28465.0,3300.0,14084.0,46781.0,52400.0,27766.0,3100.0,11455.0,48184.0,41100.0,0.2583,Universidad Adventista de las Antillas,Mayaguez,0.7614,0.4744
7797.0,7797.0,72.0,9.0,11.0,2.0,3.0,758.0,0.6913,0.266,20.0,0.69,0.334677419,0.51,5500.0,5000.0,6332.0,4500.0,41544.0,5500.0,20474.0,60492.0,53500.0,32168.0,5200.0,16070.0,50877.0,55400.0,0.65,Albizu University-San Juan,San Juan,0.7919,0.4468
6238.0,6238.0,72.0,9.0,23.0,2.0,3.0,273.0,0.7597,0.3344,12.0,0.3919,0.290040769,0.424747475,15500.0,11000.0,11600.0,15626.0,24908.0,3500.0,13683.0,40900.0,40700.0,20637.0,2400.0,8601.0,33916.0,31200.0,0.1364,Pontifical Catholic University of Puerto Rico-Arecibo,Arecibo,0.8235,0.35
6340.0,6340.0,72.0,9.0,12.0,2.0,3.0,3827.0,0.8137,0.3163,22.0,0.4794,0.290040769,0.424747475,15500.0,11000.0,11600.0,15626.0,24908.0,3500.0,13683.0,40900.0,40700.0,20637.0,2400.0,8601.0,33916.0,31200.0,0.1844,Pontifical Catholic University of Puerto Rico-Ponce,Ponce,0.7893,0.4846
6920.0,6920.0,72.0,9.0,11.0,2.0,3.0,4579.0,0.6885,0.3596,21.0,0.3111,0.319727891,0.386698847,14250.0,10011.0,10000.0,10487.0,24490.0,3700.0,13268.0,39515.0,43100.0,21596.0,2400.0,9961.0,36124.0,36000.0,0.1243,Universidad Ana G. Mendez-Cupey Campus,San Juan,0.7037,0.3232
6920.0,6920.0,72.0,9.0,21.0,2.0,3.0,4383.0,0.699,0.301,23.0,0.3641,0.285920369,0.346676931,14500.0,9750.0,10700.0,14075.0,24328.0,3800.0,12674.0,38614.0,41300.0,21125.0,2600.0,9834.0,35329.0,35000.0,0.0539,Universidad Ana G. Mendez-Carolina Campus,Carolina,0.6991,0.3249
6360.0,6360.0,72.0,9.0,11.0,2.0,3.0,4042.0,0.7081,0.2192,21.0,0.436,0.46353167,0.486263736,16250.0,11250.0,11675.0,9500.0,31754.0,3300.0,14939.0,54237.0,46100.0,27544.0,2000.0,12465.0,45575.0,33100.0,0.1728,Universidad del Sagrado Corazon,Santurce,0.7909,0.4539
9810.0,9810.0,72.0,9.0,11.0,2.0,3.0,3791.0,0.6232,0.3405,17.0,0.2356,0.049222798,0.114325069,22564.0,12542.0,12666.0,15500.0,47540.0,4600.0,25266.0,69091.0,61600.0,37753.0,3500.0,16176.0,59481.0,50500.0,0.0364,Universidad Politecnica de Puerto Rico,Hato Rey,0.7736,0.3313
6238.0,6238.0,72.0,9.0,13.0,2.0,3.0,597.0,0.8346,0.2671,14.0,0.4211,0.290040769,0.424747475,15500.0,11000.0,11600.0,15626.0,24908.0,3500.0,13683.0,40900.0,40700.0,20637.0,2400.0,8601.0,33916.0,31200.0,0.1126,Pontifical Catholic University of Puerto Rico-Mayaguez,Mayaguez,0.7667,0.4157
6920.0,6920.0,72.0,9.0,21.0,2.0,3.0,7666.0,0.8266,0.2693,26.0,0.3021,0.286853552,0.379792512,13448.0,8750.0,9579.0,12250.0,26223.0,3500.0,14676.0,42305.0,41900.0,23727.0,2600.0,10662.0,38875.0,34900.0,0.062,Universidad Ana G. Mendez-Gurabo Campus,Gurabo,0.7513,0.3333
18238.0,18238.0,45.0,5.0,21.0,3.0,3.0,445.0,0.5762,0.5952,14.0,0.0,0.222162162,0.178076996,26123.0,12643.0,15278.0,14700.0,34421.0,7100.0,17463.0,53014.0,67200.0,34115.0,7600.0,17590.0,54613.0,74600.0,0.0,South University-Columbia,Columbia,0.1,0.08
20350.0,20350.0,47.0,5.0,11.0,3.0,3.0,278.0,0.5772,0.7349,10.0,0.3548,0.237623762,0.413043478,33498.0,17500.0,19000.0,17013.0,35113.0,4100.0,16555.0,49258.0,51700.0,28099.0,4500.0,15069.0,40426.0,43700.0,0.1935,Nossi College of Art and Design,Nashville,0.75,0.8039
13920.0,13920.0,47.0,5.0,11.0,3.0,3.0,2670.0,0.8603,0.1463,39.0,0.0,0.133444207,0.154570325,40621.0,12667.0,20636.0,22364.0,40092.0,11500.0,20698.0,62129.0,106500.0,36582.0,9600.0,18625.0,56532.0,83200.0,0.0,Strayer University-Tennessee,Memphis,0.4,0.0
14842.0,14842.0,48.0,6.0,11.0,3.0,3.0,124.0,0.7705,0.7459,15.0,0.4545,0.151370833,0.163817146,31000.0,9500.0,12667.0,13020.0,36144.0,8300.0,18174.0,56003.0,102100.0,27823.0,5400.0,12996.0,44907.0,72300.0,0.5714,American InterContinental University-Houston,Houston,0.5,0.3333
13920.0,13920.0,45.0,5.0,13.0,3.0,3.0,1830.0,0.7889,0.1452,39.0,0.0,0.133444207,0.154570325,40621.0,12667.0,20636.0,22364.0,40092.0,11500.0,20698.0,62129.0,106500.0,36582.0,9600.0,18625.0,56532.0,83200.0,0.0,Strayer University-South Carolina,Greenville,0.1667,0.0
13920.0,13920.0,48.0,6.0,21.0,3.0,3.0,2397.0,0.7428,0.1031,39.0,0.5,0.133444207,0.154570325,40621.0,12667.0,20636.0,22364.0,40092.0,11500.0,20698.0,62129.0,106500.0,36582.0,9600.0,18625.0,56532.0,83200.0,0.25,Strayer University-Texas,Farmers Branch,0.2,0.1667
13365.0,13365.0,44.0,1.0,12.0,2.0,3.0,1980.0,0.3559,0.5762,11.0,0.0,0.512580877,0.584014957,26000.0,17250.0,18277.0,14250.0,43418.0,9100.0,25436.0,63933.0,68100.0,35802.0,8700.0,21130.0,51901.0,51700.0,0.0,Johnson & Wales University-Online,Providence,0.5417,0.0
19686.0,19686.0,48.0,6.0,11.0,3.0,3.0,2416.0,0.4952,0.7937,10.0,0.0,0.49228169,0.503994394,20919.0,16577.0,15795.0,17250.0,92405.0,13200.0,66826.0,120947.0,94100.0,84533.0,27800.0,62630.0,108596.0,98800.0,0.0,Chamberlain University-Texas,Houston,0.75,0.0
15204.0,15204.0,42.0,2.0,13.0,1.0,3.0,7554.0,0.2967,0.4118,16.0,0.3363,0.573754019,0.609746714,25000.0,19000.0,20000.0,19700.0,63435.0,14400.0,40301.0,93790.0,94200.0,55620.0,11600.0,34752.0,79149.0,71200.0,0.1717,Pennsylvania State University-World Campus,University Park,0.6629,0.3297
18238.0,18238.0,48.0,6.0,12.0,3.0,3.0,243.0,0.5382,0.5868,12.0,0.0909,0.222162162,0.178076996,26123.0,12643.0,15278.0,14700.0,34421.0,7100.0,17463.0,53014.0,67200.0,34115.0,7600.0,17590.0,54613.0,74600.0,0.0,South University-Austin,Round Rock,0.1667,0.2667
39350.0,39350.0,47.0,5.0,22.0,2.0,3.0,783.0,0.2344,0.4901,9.0,0.6029,0.647342995,0.549407115,25219.0,18500.0,19010.0,18063.0,46641.0,12100.0,33603.0,70084.0,75800.0,43168.0,9800.0,29203.0,62041.0,65600.0,0.5294,Milligan University,Milligan,0.7943,0.7005
11046.0,22870.0,42.0,2.0,32.0,1.0,3.0,9309.0,0.2934,0.5842,19.0,0.5302,0.516775599,0.577078289,26000.0,19500.0,20000.0,19500.0,52416.0,14100.0,35693.0,72563.0,75900.0,44053.0,10400.0,29136.0,60540.0,59500.0,0.4124,Commonwealth University of Pennsylvania,Bloomsburg,0.748,0.5831
11388.0,16006.0,42.0,2.0,32.0,1.0,3.0,8134.0,0.3686,0.5682,17.0,0.5103,0.359133127,0.496004566,23725.0,16750.0,17500.0,16228.0,47295.0,9700.0,30587.0,64952.0,69600.0,38474.0,9000.0,24177.0,53827.0,57700.0,0.3976,Pennsylvania Western University,California,0.7043,0.5324
6496.0,6496.0,49.0,7.0,12.0,2.0,3.0,32221.0,0.3229,0.1163,21.0,0.8221,0.547360539,0.655660377,11069.0,8000.0,9000.0,8250.0,75790.0,7000.0,39894.0,119196.0,127300.0,58450.0,4900.0,30263.0,87154.0,79300.0,0.2807,Brigham Young University,Provo,0.8905,0.8204
16491.0,16491.0,49.0,7.0,13.0,3.0,3.0,252.0,0.4828,0.6935,22.0,0.5278,0.599423631,0.595121951,43021.0,17946.0,24000.0,24862.0,37518.0,4600.0,20717.0,54175.0,58000.0,36393.0,4700.0,20649.0,51015.0,43300.0,0.3889,Eagle Gate College-Murray,Murray,0.6667,0.3571
9228.0,24802.0,49.0,7.0,13.0,1.0,3.0,20342.0,0.2569,0.1925,19.0,0.5732,0.457947607,0.508864887,14340.0,10255.0,9782.0,8750.0,54022.0,6300.0,28475.0,80715.0,88000.0,44822.0,5400.0,25537.0,65311.0,64100.0,0.304,Utah State University,Logan,0.7415,0.5744
6270.0,17830.0,49.0,7.0,13.0,1.0,3.0,27481.0,0.2337,0.0895,28.0,0.4074,0.292503675,0.340686275,14750.0,10225.0,9500.0,6649.0,55486.0,6800.0,30185.0,86094.0,94600.0,46825.0,5900.0,26124.0,69504.0,67300.0,0.1716,Utah Valley University,Orem,0.6967,0.3943
9315.0,29837.0,49.0,7.0,12.0,1.0,3.0,26041.0,0.201,0.215,18.0,0.6391,0.474244256,0.572067594,19000.0,14500.0,14783.0,13000.0,67170.0,10400.0,40587.0,99335.0,108700.0,55239.0,9700.0,34515.0,78555.0,79100.0,0.3428,University of Utah,Salt Lake City,0.8538,0.7292
41416.0,41416.0,49.0,7.0,12.0,2.0,3.0,882.0,0.2508,0.6608,8.0,0.6936,0.5,0.526570048,22250.0,19256.0,20500.0,15750.0,66215.0,11800.0,38860.0,95331.0,90700.0,52994.0,12100.0,33676.0,75416.0,73400.0,0.585,Westminster University,Salt Lake City,0.7594,0.6398
64644.0,64644.0,50.0,1.0,32.0,2.0,3.0,759.0,0.2124,0.4942,9.0,0.6667,0.65248227,0.79047619,26000.0,15423.0,18198.0,21250.0,38289.0,5000.0,19841.0,67910.0,55800.0,24711.0,5000.0,8892.0,42378.0,41500.0,0.5114,Bennington College,Bennington,0.8505,0.6776
45550.0,45550.0,50.0,1.0,13.0,2.0,3.0,2870.0,0.2314,0.5134,13.0,0.6301,0.531215772,0.612903226,26814.0,17201.0,20495.0,20000.0,58386.0,12800.0,33909.0,89444.0,73000.0,48844.0,11900.0,27226.0,81182.0,63000.0,0.5325,Champlain College,Burlington,0.7666,0.6892
65280.0,65280.0,50.0,1.0,32.0,2.0,3.0,2785.0,0.1673,0.2279,9.0,0.9259,0.882943144,0.926470588,13857.0,7303.0,11975.0,13153.0,76310.0,13900.0,48442.0,124474.0,165400.0,57291.0,14000.0,36807.0,87323.0,89700.0,0.7098,Middlebury College,Middlebury,0.9358,0.9134
49600.0,49600.0,50.0,1.0,42.0,2.0,3.0,2490.0,0.2445,0.459,12.0,0.6103,0.583333333,0.606927711,25000.0,19000.0,18617.0,16030.0,65575.0,11900.0,42747.0,86999.0,85200.0,59743.0,11500.0,36289.0,74168.0,65800.0,0.5382,Norwich University,Northfield,0.694,0.6296
50040.0,50040.0,50.0,1.0,22.0,2.0,3.0,1157.0,0.177,0.5831,10.0,0.6887,0.783382789,0.832524272,26922.0,19500.0,21500.0,23000.0,61317.0,16600.0,46033.0,81070.0,89500.0,46898.0,13200.0,29031.0,64042.0,59400.0,0.6275,Saint Michael's College,Colchester,0.8411,0.7883
11400.0,21408.0,50.0,1.0,43.0,1.0,3.0,3567.0,0.3148,0.5528,9.0,0.4894,0.602247191,0.671497585,15000.0,12000.0,9750.0,11000.0,50331.0,15700.0,35188.0,74896.0,74600.0,41340.0,11600.0,25775.0,60599.0,63500.0,0.3214,Vermont State University,Randolph,0.6681,0.4601
18890.0,43890.0,50.0,1.0,13.0,1.0,3.0,11614.0,0.1283,0.384,17.0,0.7856,0.721046771,0.707465719,20951.0,16417.0,18048.0,17500.0,62472.0,12800.0,39819.0,91148.0,86800.0,48164.0,10700.0,29913.0,68542.0,63200.0,0.6994,University of Vermont,Burlington,0.8816,0.7783
38550.0,38550.0,51.0,5.0,32.0,2.0,3.0,1162.0,0.3904,0.6754,13.0,0.4357,0.460496614,0.479674797,25000.0,16250.0,17125.0,17225.0,51516.0,13300.0,33532.0,75785.0,87000.0,46273.0,12200.0,31935.0,64477.0,72300.0,0.3107,Averett University,Danville,0.5863,0.4173
29696.0,29696.0,51.0,5.0,32.0,2.0,3.0,683.0,0.4567,0.6199,15.0,0.2714,0.397435897,0.419141914,21855.0,14031.0,13000.0,12000.0,48896.0,12600.0,32976.0,72675.0,87100.0,41923.0,10000.0,26984.0,60260.0,76000.0,0.1905,Bluefield University,Bluefield,0.4932,0.3557
41350.0,41350.0,51.0,5.0,23.0,2.0,3.0,1388.0,0.2939,0.6477,12.0,0.4944,0.610894942,0.588582677,26000.0,17000.0,18094.0,17500.0,53453.0,13500.0,39649.0,72917.0,82100.0,45620.0,11600.0,31202.0,59439.0,53200.0,0.4288,Bridgewater College,Bridgewater,0.7749,0.6227
25040.0,49412.0,51.0,5.0,23.0,1.0,3.0,6949.0,0.1208,0.2335,13.0,0.9101,0.872340426,0.902404526,18500.0,11250.0,15110.0,16750.0,73490.0,18500.0,48980.0,112948.0,124900.0,62959.0,11900.0,41117.0,92001.0,79300.0,0.857,William & Mary,Williamsburg,0.9463,0.9189
16351.0,30988.0,51.0,5.0,12.0,1.0,3.0,4402.0,0.1457,0.3648,13.0,0.7508,0.711805556,0.742630385,25000.0,20000.0,21230.0,19500.0,60509.0,13600.0,41512.0,85473.0,77100.0,51931.0,11900.0,35013.0,69728.0,61800.0,0.6602,Christopher Newport University,Newport News,0.8277,0.7514
35280.0,35280.0,51.0,5.0,41.0,2.0,3.0,1107.0,0.4085,0.659,12.0,0.5375,0.391891892,0.464566929,26332.0,17500.0,18085.0,19500.0,47385.0,16500.0,30905.0,68854.0,72300.0,39448.0,10800.0,23634.0,49645.0,49300.0,0.4466,Emory & Henry University,Emory,0.6916,0.5164
41860.0,41860.0,51.0,5.0,13.0,2.0,3.0,800.0,0.2691,0.5538,10.0,0.4709,0.434920635,0.484076433,24813.0,15750.0,17033.0,16812.0,54869.0,12600.0,37199.0,79999.0,76000.0,48158.0,9800.0,32473.0,71122.0,65000.0,0.3386,Eastern Mennonite University,Harrisonburg,0.7612,0.563
38320.0,38320.0,51.0,5.0,42.0,2.0,3.0,745.0,0.4651,0.7481,11.0,0.2886,0.293598234,0.309882747,27000.0,14250.0,12697.0,15125.0,44296.0,9900.0,28441.0,59166.0,63000.0,36418.0,9800.0,21817.0,49884.0,46500.0,0.22,Ferrum College,Ferrum,0.586,0.335
13815.0,39397.0,51.0,5.0,21.0,1.0,3.0,27083.0,0.2951,0.3425,16.0,0.6932,0.662478336,0.740972222,19500.0,16000.0,16000.0,15125.0,76343.0,16300.0,47905.0,109864.0,107000.0,60536.0,12700.0,37271.0,85008.0,79500.0,0.4766,George Mason University,Fairfax,0.8735,0.7276
52388.0,52388.0,51.0,5.0,42.0,2.0,3.0,876.0,0.22,0.48,9.0,0.6527,0.582524272,0.583732057,26000.0,18238.0,21000.0,19500.0,67640.0,14500.0,45237.0,102102.0,106000.0,55846.0,8200.0,36628.0,74793.0,60900.0,0.5949,Hampden-Sydney College,Hampden-Sydney,0.8495,0.6555
29162.0,29162.0,51.0,5.0,21.0,2.0,3.0,3254.0,0.3806,0.5636,15.0,0.5567,0.514254386,0.243496358,25442.0,20827.0,19500.0,19500.0,59159.0,10600.0,36078.0,84402.0,85500.0,42721.0,9000.0,25388.0,63803.0,69500.0,0.3626,Hampton University,Hampton,0.8478,0.5796
42260.0,42260.0,51.0,5.0,22.0,2.0,3.0,673.0,0.3314,0.589,8.0,0.6968,0.565445026,0.586666667,27000.0,21000.0,20500.0,26000.0,40075.0,9000.0,21153.0,57630.0,70600.0,29863.0,5800.0,17795.0,44900.0,48700.0,0.6129,Hollins University,Roanoke,0.7429,0.5867
13576.0,30790.0,51.0,5.0,13.0,1.0,3.0,20497.0,0.1683,0.3042,17.0,0.8089,0.776315789,0.834082397,20093.0,15500.0,16161.0,17963.0,69954.0,19500.0,48802.0,100257.0,102600.0,57438.0,13900.0,38870.0,76780.0,69900.0,0.6687,James Madison University,Harrisonburg,0.9014,0.823
21222.0,21222.0,51.0,5.0,13.0,2.0,3.0,50059.0,0.3908,0.4902,18.0,0.6348,0.322822231,0.339102068,24500.0,13935.0,16666.0,16892.0,44813.0,8000.0,24639.0,68020.0,77700.0,39707.0,7600.0,21679.0,59266.0,59900.0,0.5224,Liberty University,Lynchburg,0.7879,0.6744
15200.0,27410.0,51.0,5.0,32.0,1.0,3.0,2957.0,0.26,0.4943,14.0,0.616,0.495016611,0.182564103,25000.0,15000.0,20000.0,19500.0,52347.0,16000.0,37953.0,66882.0,71000.0,46058.0,12500.0,31166.0,58052.0,52500.0,0.4669,Longwood University,Farmville,0.7775,0.6558
35540.0,35540.0,51.0,5.0,13.0,2.0,3.0,1599.0,0.2731,0.5802,11.0,0.6162,0.5625,0.534709193,27000.0,25000.0,24896.0,20948.0,56380.0,13800.0,38040.0,78352.0,83100.0,44261.0,10000.0,29544.0,61504.0,57900.0,0.5387,University of Lynchburg,Lynchburg,0.7585,0.6641
33157.0,33157.0,51.0,5.0,13.0,2.0,3.0,1188.0,0.4833,0.6644,14.0,0.5566,0.404145078,0.440860215,26586.0,12950.0,12000.0,12000.0,44427.0,10800.0,26390.0,57577.0,69000.0,39075.0,7900.0,23001.0,51484.0,49700.0,0.4057,Mary Baldwin University,Staunton,0.6124,0.4894
14559.0,31479.0,51.0,5.0,22.0,1.0,3.0,3504.0,0.2024,0.3075,13.0,0.6738,0.61861521,0.674019608,20500.0,17000.0,16125.0,15700.0,60613.0,15500.0,40127.0,88325.0,97700.0,49411.0,14300.0,30631.0,67484.0,67300.0,0.5794,University of Mary Washington,Fredericksburg,0.8197,0.6898
39050.0,39050.0,51.0,5.0,12.0,2.0,3.0,1795.0,0.2211,0.3503,13.0,0.5789,0.651567944,0.625441696,25000.0,21000.0,20079.0,19500.0,67516.0,10700.0,42262.0,94804.0,97700.0,57801.0,13800.0,33197.0,82983.0,76700.0,0.4762,Marymount University,Arlington,0.76,0.6392
9910.0,21412.0,51.0,5.0,12.0,1.0,3.0,5495.0,0.6219,0.5827,18.0,0.3267,0.278234086,0.403781229,29000.0,18270.0,16000.0,15000.0,44666.0,9700.0,25584.0,64690.0,67600.0,33412.0,6900.0,18911.0,50358.0,55600.0,0.0759,Norfolk State University,Norfolk,0.7197,0.3899
12262.0,32662.0,51.0,5.0,12.0,1.0,3.0,17521.0,0.3694,0.4217,15.0,0.4435,0.435328589,0.494164235,24000.0,17610.0,16542.0,15000.0,54914.0,13600.0,37373.0,80436.0,83800.0,46732.0,10700.0,30287.0,65302.0,64900.0,0.2575,Old Dominion University,Norfolk,0.7592,0.5085
12286.0,25185.0,51.0,5.0,31.0,1.0,3.0,5609.0,0.3537,0.5514,12.0,0.4962,0.563621533,0.617164493,24000.0,18750.0,17500.0,16446.0,53739.0,16000.0,38051.0,77202.0,81500.0,44830.0,12000.0,30635.0,62021.0,57700.0,0.3436,Radford University,Radford,0.7267,0.5472
48002.0,48002.0,51.0,5.0,21.0,2.0,3.0,1489.0,0.202,0.5819,10.0,0.746,0.709580838,0.656957929,27000.0,24270.0,23500.0,20750.0,58448.0,21000.0,40135.0,82908.0,84000.0,48067.0,15400.0,34438.0,66457.0,58500.0,0.6765,Randolph-Macon College,Ashland,0.8092,0.7203
29010.0,29010.0,51.0,5.0,13.0,2.0,3.0,520.0,0.4059,0.5628,7.0,0.5149,0.572519084,0.466321244,26950.0,14979.0,18767.0,17500.0,53409.0,12800.0,32764.0,78006.0,71100.0,39122.0,5700.0,25224.0,52931.0,52300.0,0.3911,Randolph College,Lynchburg,0.6803,0.5598
62600.0,62600.0,51.0,5.0,12.0,2.0,3.0,3002.0,0.1755,0.3335,7.0,0.8784,0.821826281,0.842105263,21000.0,13055.0,17750.0,20500.0,76178.0,21100.0,50485.0,111727.0,131800.0,67927.0,14800.0,44797.0,94208.0,89300.0,0.8246,University of Richmond,University of Richmond,0.9318,0.897
36774.0,36774.0,51.0,5.0,22.0,2.0,3.0,1801.0,0.2432,0.8094,11.0,0.6589,0.613744076,0.684989429,27000.0,23250.0,21625.0,22250.0,58047.0,15600.0,40380.0,81482.0,82500.0,45330.0,9700.0,31058.0,61444.0,57700.0,0.5709,Roanoke College,Salem,0.7789,0.7002
36028.0,36028.0,51.0,5.0,13.0,2.0,3.0,2127.0,0.1865,0.5847,11.0,0.7055,0.527027027,0.612716763,25000.0,21750.0,19000.0,18992.0,58433.0,6900.0,38172.0,90361.0,87300.0,48167.0,9300.0,28920.0,71002.0,71900.0,0.6096,Shenandoah University,Winchester,0.8168,0.6485
20040.0,20040.0,51.0,5.0,32.0,2.0,3.0,967.0,0.4329,0.5563,17.0,0.3829,0.328063241,0.277777778,24224.0,18750.0,15500.0,12000.0,50002.0,4000.0,27572.0,74656.0,73500.0,36988.0,3800.0,22066.0,56333.0,52300.0,0.2082,Southern Virginia University,Buena Vista,0.8246,0.4478
13920.0,13920.0,51.0,5.0,12.0,3.0,3.0,2010.0,0.5469,0.1074,39.0,0.1333,0.133444207,0.154570325,40621.0,12667.0,20636.0,22364.0,40092.0,11500.0,20698.0,62129.0,106500.0,36582.0,9600.0,18625.0,56532.0,83200.0,0.0,Strayer University-Virginia,Arlington,0.5,0.2727
25110.0,25110.0,51.0,5.0,41.0,2.0,3.0,463.0,0.3129,0.5055,9.0,0.481,0.405405405,0.344594595,27000.0,24219.0,21500.0,19500.0,51943.0,9700.0,32164.0,75018.0,70500.0,35533.0,4700.0,21499.0,51006.0,54400.0,0.4684,Sweet Briar College,Sweet Briar,0.7662,0.4167
11656.0,32540.0,51.0,5.0,32.0,1.0,3.0,1214.0,0.3298,0.2148,13.0,0.4981,0.267772512,0.387614679,16750.0,11000.0,11000.0,9847.0,45325.0,14200.0,32165.0,64827.0,72000.0,39725.0,8000.0,25049.0,56545.0,48600.0,0.3333,University of Virginia's College at Wise,Wise,0.732,0.4097
15478.0,36694.0,51.0,5.0,13.0,1.0,3.0,30435.0,0.1501,0.3426,17.0,0.8628,0.747608927,0.807897862,21500.0,17977.0,19500.0,19000.0,81698.0,21100.0,53415.0,113356.0,105600.0,67377.0,15500.0,45466.0,90681.0,76400.0,0.6911,Virginia Polytechnic Institute and State University,Blacksburg,0.9179,0.8778
16458.0,39042.0,51.0,5.0,12.0,1.0,3.0,20797.0,0.2971,0.4173,17.0,0.6538,0.616020343,0.661170093,21500.0,18000.0,17500.0,15750.0,58128.0,12100.0,37933.0,84890.0,86100.0,47161.0,9700.0,28332.0,67933.0,65700.0,0.4679,Virginia Commonwealth University,Richmond,0.8563,0.6975
20986.0,58014.0,51.0,5.0,22.0,1.0,3.0,17315.0,0.1371,0.2041,15.0,0.953,0.876807403,0.898509174,17500.0,10047.0,15000.0,18414.0,86863.0,21600.0,59194.0,130294.0,126500.0,72359.0,13300.0,48498.0,105089.0,87200.0,0.9181,University of Virginia-Main Campus,Charlottesville,0.9734,0.9422
20484.0,51186.0,51.0,5.0,32.0,1.0,3.0,1560.0,0.1647,0.5992,10.0,0.818,0.73880597,0.813229572,22996.0,18238.0,19500.0,18270.0,77369.0,15800.0,52604.0,90374.0,97800.0,63545.0,13600.0,51201.0,71197.0,71000.0,0.7163,Virginia Military Institute,Lexington,0.8444,0.7436
9755.0,22006.0,51.0,5.0,21.0,1.0,3.0,4787.0,0.71,0.7567,13.0,0.4072,0.414634146,0.405797101,26500.0,17805.0,17781.0,15000.0,45543.0,8400.0,27137.0,65094.0,68900.0,33630.0,6700.0,18098.0,50839.0,51400.0,0.2715,Virginia State University,Petersburg,0.7118,0.4922
14880.0,14880.0,51.0,5.0,12.0,2.0,3.0,1153.0,0.5064,0.456,22.0,0.4133,0.352941176,0.292156863,29000.0,22500.0,22650.0,21000.0,38275.0,7000.0,22194.0,53574.0,59000.0,27977.0,3600.0,14276.0,44493.0,43400.0,0.2755,Virginia Union University,Richmond,0.6182,0.4352
36960.0,36960.0,51.0,5.0,11.0,2.0,3.0,1243.0,0.2617,0.476,13.0,0.4905,0.398058252,0.45398773,27000.0,12750.0,15000.0,13000.0,50074.0,7700.0,32037.0,72086.0,74700.0,39200.0,9800.0,25246.0,52323.0,50000.0,0.4289,Virginia Wesleyan University,Virginia Beach,0.6679,0.4711
9192.0,26771.0,53.0,8.0,32.0,1.0,3.0,8081.0,0.3114,0.3568,17.0,0.4985,0.462713068,0.571997106,19500.0,13888.0,13068.0,13000.0,61580.0,12800.0,38275.0,84664.0,83000.0,49398.0,10800.0,31254.0,68583.0,63000.0,0.3236,Central Washington University,Ellensburg,0.6897,0.5438
39913.0,39913.0,53.0,8.0,11.0,2.0,3.0,480.0,0.3002,0.7291,6.0,0.5198,0.522167488,0.571428571,27000.0,24000.0,19500.0,19500.0,33696.0,6200.0,17015.0,57635.0,62400.0,27580.0,5500.0,13200.0,44900.0,44000.0,0.5141,Cornish College of the Arts,Seattle,0.6855,0.5225
8353.0,25892.0,53.0,8.0,31.0,1.0,3.0,6517.0,0.3451,0.6753,20.0,0.4721,0.427763108,0.542127335,19500.0,15000.0,14000.0,13500.0,57897.0,10700.0,36589.0,80559.0,77100.0,46469.0,9800.0,30195.0,65517.0,62100.0,0.2953,Eastern Washington University,Cheney,0.6707,0.5257
8999.0,30980.0,53.0,8.0,22.0,1.0,3.0,2042.0,0.4108,0.406,20.0,0.4356,0.453667954,0.546242775,20500.0,16283.0,14440.0,13629.0,45320.0,5500.0,24244.0,66437.0,63700.0,34774.0,3700.0,17808.0,53386.0,52400.0,0.3446,The Evergreen State College,Olympia,0.682,0.4271
53500.0,53500.0,53.0,8.0,12.0,2.0,3.0,5098.0,0.1326,0.36,12.0,0.8687,0.808870116,0.808736718,24454.0,23650.0,20000.0,20418.0,78892.0,17600.0,53874.0,111646.0,99900.0,66525.0,12200.0,45665.0,88911.0,69700.0,0.7757,Gonzaga University,Spokane,0.9391,0.8541
19920.0,19920.0,53.0,8.0,41.0,2.0,3.0,782.0,0.6269,0.3166,7.0,0.3981,0.557446809,0.592198582,14573.0,12500.0,10155.0,15000.0,49416.0,5900.0,30073.0,70156.0,59200.0,47001.0,6000.0,32568.0,63419.0,52900.0,0.2336,Heritage University,Toppenish,0.5794,0.5294
36035.0,36035.0,53.0,8.0,21.0,2.0,3.0,642.0,0.2306,0.7333,9.0,0.6349,0.461254613,0.487012987,20891.0,14881.0,15732.0,15000.0,54914.0,7200.0,31694.0,83872.0,78300.0,50495.0,7800.0,31226.0,73774.0,67900.0,0.5798,Northwest University,Kirkland,0.7308,0.5764
50964.0,50964.0,53.0,8.0,21.0,2.0,3.0,2350.0,0.3277,0.4398,12.0,0.7099,0.670788253,0.699280576,22578.0,16500.0,18500.0,16750.0,66990.0,13700.0,44167.0,88955.0,84400.0,52212.0,11600.0,34145.0,72788.0,67000.0,0.5057,Pacific Lutheran University,Tacoma,0.7943,0.7016
59900.0,59900.0,53.0,8.0,12.0,2.0,3.0,1631.0,0.1671,0.4287,10.0,0.6791,0.723577236,0.766129032,25000.0,19593.0,19375.0,18939.0,69594.0,12000.0,43124.0,102646.0,97400.0,46802.0,10500.0,26807.0,70051.0,68200.0,0.5993,University of Puget Sound,Tacoma,0.8045,0.7423
44210.0,44210.0,53.0,8.0,13.0,2.0,3.0,1254.0,0.3978,0.5927,10.0,0.5709,0.606451613,0.701388889,22500.0,17875.0,15000.0,15139.0,62092.0,15000.0,38810.0,85700.0,87600.0,57998.0,10400.0,39582.0,81346.0,67700.0,0.4109,Saint Martin's University,Lacey,0.7329,0.6145
38814.0,38814.0,53.0,8.0,11.0,2.0,3.0,2073.0,0.3318,0.5148,10.0,0.6215,0.548104956,0.581620314,24000.0,17519.0,15000.0,17965.0,64506.0,10200.0,39567.0,97253.0,90100.0,51496.0,8700.0,31618.0,75900.0,63800.0,0.4564,Seattle Pacific University,Seattle,0.7462,0.6638
54285.0,54285.0,53.0,8.0,11.0,2.0,3.0,4117.0,0.2161,0.461,10.0,0.7331,0.727474972,0.742494226,19883.0,18268.0,16334.0,15900.0,75272.0,16300.0,49222.0,107987.0,99800.0,64656.0,11500.0,38579.0,88387.0,80100.0,0.6551,Seattle University,Seattle,0.846,0.754
33027.0,33027.0,53.0,8.0,23.0,2.0,3.0,1214.0,0.2515,0.4854,13.0,0.6416,0.606837607,0.580645161,26842.0,19166.0,18500.0,20500.0,61885.0,10800.0,37548.0,88335.0,88400.0,52840.0,7800.0,32806.0,76591.0,72800.0,0.3994,Walla Walla University,College Place,0.8446,0.6514
12997.0,29073.0,53.0,8.0,32.0,1.0,3.0,21583.0,0.2559,0.3083,15.0,0.6164,0.527318933,0.602316602,19500.0,14597.0,14750.0,15000.0,68905.0,12800.0,43186.0,97582.0,93000.0,53510.0,11900.0,33786.0,76626.0,71300.0,0.4254,Washington State University,Pullman,0.7957,0.6147
12643.0,41997.0,53.0,8.0,11.0,1.0,3.0,31588.0,0.1546,0.1579,20.0,0.837,0.591303026,0.733613951,14615.0,12184.0,11667.0,12851.0,78466.0,16200.0,50171.0,115782.0,110400.0,62979.0,11200.0,39660.0,90996.0,86600.0,0.7089,University of Washington-Seattle Campus,Seattle,0.949,0.8473
9286.0,27853.0,53.0,8.0,13.0,1.0,3.0,13574.0,0.2076,0.2816,17.0,0.6555,0.594775856,0.657622278,18500.0,13477.0,13000.0,14000.0,62569.0,11300.0,39304.0,86564.0,82400.0,45272.0,9700.0,28084.0,64682.0,59500.0,0.4197,Western Washington University,Bellingham,0.7973,0.6917
61492.0,61492.0,53.0,8.0,13.0,2.0,3.0,1523.0,0.1467,0.3637,10.0,0.8098,0.874285714,0.89047619,18437.0,9500.0,13542.0,12000.0,67589.0,13800.0,44195.0,101439.0,94400.0,45594.0,4600.0,24740.0,62635.0,56300.0,0.6812,Whitman College,Walla Walla,0.8869,0.8956
50920.0,50920.0,53.0,8.0,21.0,2.0,3.0,1927.0,0.2799,0.5364,10.0,0.6839,0.691927512,0.692307692,25000.0,19724.0,19500.0,15750.0,58561.0,9500.0,38934.0,80121.0,81600.0,49510.0,9600.0,33151.0,69338.0,63800.0,0.6024,Whitworth University,Spokane,0.8035,0.7625
34816.0,34816.0,54.0,5.0,41.0,2.0,3.0,642.0,0.4097,0.6839,12.0,0.4625,0.355555556,0.320930233,27000.0,14250.0,25283.0,25125.0,44512.0,12400.0,24862.0,65576.0,81200.0,37124.0,8700.0,21945.0,52389.0,47000.0,0.3938,Bethany College,Bethany,0.6307,0.4364
10240.0,17560.0,54.0,5.0,32.0,1.0,3.0,1231.0,0.4075,0.5347,17.0,0.3456,0.296803653,0.270788913,18250.0,12125.0,13000.0,11000.0,38217.0,5800.0,18934.0,61745.0,63200.0,35030.0,3500.0,19205.0,51005.0,53200.0,0.2063,Bluefield State University,Bluefield,0.5533,0.3986
32842.0,32842.0,54.0,5.0,13.0,2.0,3.0,2083.0,0.2863,0.3374,15.0,0.4633,0.512987013,0.374137931,19500.0,11999.0,13000.0,13242.0,55774.0,11200.0,34245.0,83868.0,71500.0,42698.0,8200.0,26110.0,67653.0,65700.0,0.3925,University of Charleston,Charleston,0.6907,0.43
9700.0,20600.0,54.0,5.0,41.0,1.0,3.0,1394.0,0.4682,0.456,15.0,0.4225,0.366602687,0.392857143,18900.0,11207.0,10560.0,11825.0,42703.0,8300.0,26282.0,57358.0,64100.0,33094.0,5900.0,19043.0,46056.0,52600.0,0.3239,Concord University,Athens,0.4904,0.4279
31270.0,31270.0,54.0,5.0,33.0,2.0,3.0,681.0,0.4031,0.6538,11.0,0.366,0.353448276,0.205223881,27000.0,16459.0,16668.0,17500.0,43411.0,7500.0,27027.0,63017.0,69700.0,38495.0,7500.0,24271.0,56272.0,54800.0,0.2983,Davis & Elkins College,Elkins,0.581,0.485
8454.0,18372.0,54.0,5.0,32.0,1.0,3.0,2690.0,0.3304,0.4131,12.0,0.4832,0.360824742,0.410984848,21000.0,12881.0,12792.0,11997.0,46857.0,8400.0,28411.0,69615.0,70100.0,41197.0,6100.0,25613.0,60555.0,56800.0,0.3168,Fairmont State University,Fairmont,0.6421,0.4531
9412.0,11140.0,54.0,5.0,43.0,1.0,3.0,1177.0,0.4204,0.3507,15.0,0.3549,0.16957606,0.286549708,25000.0,10250.0,12000.0,11500.0,39315.0,5400.0,22225.0,56900.0,66700.0,34917.0,6500.0,19818.0,49212.0,55000.0,0.2754,Glenville State University,Glenville,0.6293,0.4476
8942.0,20294.0,54.0,5.0,13.0,1.0,3.0,7149.0,0.3784,0.4534,15.0,0.4869,0.441108545,0.474847203,23250.0,15793.0,17405.0,17001.0,46354.0,8800.0,29123.0,68397.0,70800.0,39561.0,7000.0,23718.0,58775.0,54800.0,0.335,Marshall University,Huntington,0.787,0.5468
8642.0,19082.0,54.0,5.0,41.0,1.0,3.0,2375.0,0.2694,0.4111,16.0,0.4949,0.427745665,0.487486398,21600.0,14274.0,14000.0,14750.0,49358.0,10500.0,29776.0,72112.0,70300.0,43726.0,9100.0,27733.0,62049.0,59500.0,0.3322,Shepherd University,Shepherdstown,0.7206,0.4444
9049.0,14623.0,54.0,5.0,22.0,1.0,3.0,1328.0,0.1758,0.1571,12.0,0.3351,0.337931034,0.345609065,23338.0,14250.0,16482.0,14500.0,40492.0,5700.0,24235.0,56182.0,60800.0,32849.0,4100.0,18559.0,46818.0,50000.0,0.2493,West Virginia State University,Institute,0.6324,0.3191
8732.0,17116.0,54.0,5.0,41.0,1.0,3.0,1578.0,0.3194,0.4878,12.0,0.6062,0.485380117,0.294975689,23250.0,14750.0,16250.0,17250.0,43296.0,9000.0,28311.0,61253.0,68400.0,36822.0,7300.0,24295.0,51730.0,54800.0,0.4244,West Liberty University,West Liberty,0.691,0.4201
8064.0,20120.0,54.0,5.0,13.0,1.0,3.0,1009.0,0.2429,0.2554,12.0,0.3612,0.493481222,0.504888397,22500.0,14250.0,15250.0,16500.0,55939.0,13300.0,35542.0,84067.0,93600.0,45181.0,9600.0,27491.0,66603.0,67100.0,0.2478,West Virginia University Institute of Technology,Beckley,0.6094,0.289
33494.0,33494.0,54.0,5.0,33.0,2.0,3.0,909.0,0.3735,0.7559,13.0,0.4945,0.444776119,0.485576923,27000.0,13750.0,12702.0,19500.0,51593.0,17000.0,35845.0,76753.0,84200.0,42672.0,10800.0,27965.0,61211.0,58900.0,0.3852,West Virginia Wesleyan College,Buckhannon,0.6836,0.551
9648.0,27360.0,54.0,5.0,13.0,1.0,3.0,17705.0,0.2041,0.4408,17.0,0.612,0.493481222,0.504888397,22500.0,14250.0,15250.0,16500.0,55939.0,13300.0,35542.0,84067.0,93600.0,45181.0,9600.0,27491.0,66603.0,67100.0,0.4325,West Virginia University,Morgantown,0.8145,0.6432
29475.0,29475.0,54.0,5.0,13.0,2.0,3.0,567.0,0.2524,0.5596,14.0,0.3204,0.299065421,0.436532508,25125.0,11000.0,17250.0,17750.0,57949.0,14100.0,39537.0,86644.0,85200.0,48482.0,14500.0,32850.0,69196.0,63700.0,0.2652,Wheeling University,Wheeling,0.6552,0.5707
32794.0,32794.0,55.0,3.0,11.0,2.0,3.0,724.0,0.4911,0.5914,10.0,0.5051,0.533730159,0.498120301,27000.0,24500.0,21496.0,18625.0,53145.0,8900.0,33402.0,76239.0,75100.0,51755.0,9400.0,31624.0,72818.0,63700.0,0.3583,Alverno College,Milwaukee,0.7863,0.4866
58554.0,58554.0,55.0,3.0,13.0,2.0,3.0,898.0,0.2946,0.5384,11.0,0.6718,0.643356643,0.714932127,25738.0,23434.0,20000.0,23250.0,53260.0,10000.0,34613.0,73974.0,69500.0,41660.0,4500.0,24265.0,57519.0,50300.0,0.5697,Beloit College,Beloit,0.8621,0.7423
37230.0,37230.0,55.0,3.0,13.0,2.0,3.0,2525.0,0.2165,0.6135,13.0,0.696,0.615989515,0.625675676,27000.0,18625.0,21500.0,23250.0,58009.0,13800.0,41980.0,79764.0,75100.0,54456.0,12600.0,38461.0,72679.0,61400.0,0.5872,Carroll University,Waukesha,0.7889,0.6755
36500.0,36500.0,55.0,3.0,13.0,2.0,3.0,2628.0,0.2577,0.8333,13.0,0.6051,0.656077348,0.623015873,26000.0,16666.0,19500.0,19500.0,56950.0,13600.0,40368.0,80915.0,78200.0,46116.0,10600.0,29775.0,63697.0,59700.0,0.5227,Carthage College,Kenosha,0.8164,0.6858
34250.0,34250.0,55.0,3.0,21.0,2.0,3.0,2310.0,0.2247,0.4629,12.0,0.6431,0.475589226,0.458492003,25750.0,17750.0,19500.0,20500.0,56075.0,11500.0,37673.0,78409.0,78200.0,49761.0,10300.0,34250.0,70550.0,67300.0,0.5548,Concordia University-Wisconsin,Mequon,0.7845,0.6066
34850.0,34850.0,55.0,3.0,11.0,2.0,3.0,1104.0,0.2344,0.5738,13.0,0.6738,0.568396226,0.623376623,24424.0,14584.0,19000.0,19500.0,59728.0,10900.0,40198.0,84290.0,76500.0,53843.0,14200.0,38674.0,72921.0,66400.0,0.4659,Edgewood College,Madison,0.749,0.6229
32286.0,32286.0,55.0,3.0,41.0,2.0,3.0,1230.0,0.2898,0.5501,13.0,0.5575,0.44205298,0.479032258,25000.0,17950.0,20000.0,19938.0,55961.0,11100.0,39063.0,76612.0,72000.0,49546.0,10300.0,35297.0,66568.0,64700.0,0.5,Lakeland University,Plymouth,0.6652,0.4293
55461.0,55461.0,55.0,3.0,13.0,2.0,3.0,1394.0,0.2076,0.5989,7.0,0.7642,0.697095436,0.673003802,26000.0,22026.0,22036.0,19062.0,55789.0,13700.0,37114.0,83652.0,81600.0,40653.0,8400.0,18951.0,54486.0,56000.0,0.5881,Lawrence University,Appleton,0.8709,0.8122
20280.0,20280.0,55.0,3.0,31.0,2.0,3.0,566.0,0.3397,0.2758,10.0,0.6569,0.446078431,0.417355372,14143.0,13750.0,11500.0,14936.0,45593.0,5100.0,27983.0,67603.0,68100.0,40403.0,8900.0,28868.0,57397.0,49900.0,0.472,Maranatha Baptist University,Watertown,0.7568,0.5093
33000.0,33000.0,55.0,3.0,13.0,2.0,3.0,1050.0,0.3174,0.7828,12.0,0.4119,0.393103448,0.530612245,25000.0,14250.0,17846.0,18355.0,53501.0,11100.0,35359.0,74849.0,73100.0,49839.0,10900.0,35094.0,65905.0,64700.0,0.3011,Marian University,Fond Du Lac,0.6233,0.562
48700.0,48700.0,55.0,3.0,11.0,2.0,3.0,7238.0,0.1876,0.403,13.0,0.8006,0.771944217,0.79505814,23940.0,18738.0,19800.0,21500.0,78257.0,23600.0,54671.0,105538.0,106000.0,65241.0,17700.0,45047.0,83196.0,79400.0,0.6576,Marquette University,Milwaukee,0.9135,0.8152
42268.0,42268.0,55.0,3.0,11.0,2.0,3.0,883.0,0.3638,0.7712,11.0,0.6327,0.502512563,0.556179775,27000.0,14500.0,19250.0,15875.0,41174.0,7700.0,22588.0,62110.0,66200.0,29841.0,7200.0,15701.0,49385.0,48800.0,0.5255,Milwaukee Institute of Art & Design,Milwaukee,0.8371,0.5311
48421.0,48421.0,55.0,3.0,11.0,2.0,3.0,2607.0,0.2268,0.6105,12.0,0.7154,0.569892473,0.621107266,27000.0,24500.0,25000.0,24146.0,89070.0,22600.0,66120.0,109311.0,103000.0,75114.0,21700.0,55596.0,89365.0,75400.0,0.4971,Milwaukee School of Engineering,Milwaukee,0.8318,0.6741
34390.0,34390.0,55.0,3.0,11.0,2.0,3.0,703.0,0.5768,0.8156,10.0,0.5887,0.518828452,0.617346939,25288.0,20000.0,17500.0,18695.0,48745.0,9000.0,32376.0,66929.0,68600.0,40421.0,10900.0,26188.0,52311.0,65900.0,0.5,Mount Mary University,Milwaukee,0.6581,0.5137
42491.0,42491.0,55.0,3.0,33.0,2.0,3.0,457.0,0.3185,0.6602,8.0,0.4332,0.569444444,0.50625,25450.0,15000.0,14000.0,18500.0,44560.0,7600.0,32956.0,57708.0,59900.0,35819.0,5700.0,23738.0,50240.0,42400.0,0.369,Northland College,Ashland,0.7131,0.5748
50700.0,50700.0,55.0,3.0,32.0,2.0,3.0,720.0,0.3329,0.7389,12.0,0.5991,0.613861386,0.63255814,27000.0,17621.0,18625.0,19750.0,54902.0,19500.0,40128.0,75166.0,75500.0,42334.0,10400.0,29650.0,59116.0,50500.0,0.5431,Ripon College,Ripon,0.7551,0.6296
44432.0,44432.0,55.0,3.0,22.0,2.0,3.0,1749.0,0.1358,0.4519,12.0,0.7357,0.667293233,0.543429844,26731.0,22355.0,25000.0,20500.0,58363.0,13900.0,43919.0,82286.0,80600.0,49775.0,13500.0,38310.0,66033.0,57000.0,0.6712,Saint Norbert College,De Pere,0.8214,0.7845
32350.0,32350.0,55.0,3.0,13.0,2.0,3.0,1392.0,0.2249,0.5785,12.0,0.6516,0.620171674,0.560784314,25000.0,18971.0,18325.0,21159.0,55660.0,13200.0,38772.0,77048.0,76600.0,56804.0,12000.0,40869.0,76430.0,64300.0,0.4983,Viterbo University,La Crosse,0.6979,0.6452
8250.0,17916.0,55.0,3.0,32.0,1.0,3.0,9180.0,0.2503,0.4712,20.0,0.643,0.583835947,0.64334816,23188.0,13445.0,16400.0,18176.0,55356.0,13900.0,40426.0,75834.0,74300.0,47909.0,12000.0,34713.0,63328.0,55000.0,0.3985,University of Wisconsin-Whitewater,Whitewater,0.7754,0.6439
9277.0,18516.0,55.0,3.0,13.0,1.0,3.0,8995.0,0.1867,0.4321,19.0,0.6756,0.541271347,0.633587786,20909.0,10443.0,12929.0,14250.0,58561.0,16500.0,43086.0,79920.0,78500.0,50011.0,14000.0,37483.0,66284.0,60400.0,0.4353,University of Wisconsin-Eau Claire,Eau Claire,0.8189,0.689
8342.0,16929.0,55.0,3.0,12.0,1.0,3.0,6230.0,0.2257,0.3102,23.0,0.5309,0.519708029,0.541490858,18500.0,11000.0,11074.0,12000.0,52528.0,14900.0,38607.0,73130.0,67800.0,46546.0,12100.0,32932.0,61796.0,55800.0,0.3774,University of Wisconsin-Green Bay,Green Bay,0.7042,0.5526
9651.0,18691.0,55.0,3.0,13.0,1.0,3.0,9194.0,0.1423,0.4398,19.0,0.7119,0.658713693,0.675911659,22500.0,14305.0,17819.0,18750.0,60378.0,17100.0,44880.0,81523.0,80000.0,49626.0,13700.0,37435.0,65662.0,60800.0,0.4905,University of Wisconsin-La Crosse,La Crosse,0.8573,0.7369
35080.0,35080.0,55.0,3.0,11.0,2.0,3.0,1009.0,0.2542,0.7069,11.0,0.6266,0.565079365,0.541538462,26000.0,18375.0,18500.0,21297.0,54664.0,11400.0,37791.0,74006.0,63000.0,49095.0,8700.0,31918.0,65814.0,51800.0,0.5236,Wisconsin Lutheran College,Milwaukee,0.7994,0.6105
8212.0,16125.0,55.0,3.0,13.0,1.0,3.0,7613.0,0.158,0.2719,21.0,0.5789,0.518314099,0.560676533,21500.0,12000.0,14072.0,12000.0,55548.0,14200.0,40222.0,76239.0,70200.0,50140.0,13100.0,36567.0,66730.0,57200.0,0.2805,University of Wisconsin-Oshkosh,Oshkosh,0.7226,0.5731
7855.0,16497.0,55.0,3.0,41.0,1.0,3.0,2951.0,0.3421,0.3752,18.0,0.3982,0.373937677,0.40315877,20492.0,14250.0,13750.0,14000.0,51129.0,10800.0,33245.0,72867.0,70500.0,42154.0,7400.0,26387.0,59440.0,55600.0,0.1857,University of Wisconsin-Parkside,Kenosha,0.7126,0.4408
10142.0,18706.0,55.0,3.0,32.0,1.0,3.0,5900.0,0.2274,0.4891,18.0,0.5253,0.487634409,0.5232,23000.0,15118.0,16452.0,16185.0,58084.0,14100.0,40531.0,80699.0,77500.0,50251.0,13300.0,35347.0,68502.0,59800.0,0.2577,University of Wisconsin-Stout,Menomonie,0.741,0.5779
8487.0,16400.0,55.0,3.0,22.0,1.0,3.0,1899.0,0.296,0.4596,17.0,0.4412,0.371376812,0.478851964,22500.0,13830.0,15321.0,14000.0,49606.0,8900.0,34128.0,67440.0,64800.0,41868.0,8700.0,28919.0,54633.0,51300.0,0.2706,University of Wisconsin-Superior,Superior,0.7074,0.4494
11205.0,40603.0,55.0,3.0,11.0,1.0,3.0,35665.0,0.1532,0.217,18.0,0.8933,0.70955785,0.753291925,20484.0,13750.0,16850.0,19058.0,73792.0,19100.0,52171.0,108161.0,104600.0,61275.0,14300.0,42452.0,82458.0,76800.0,0.729,University of Wisconsin-Madison,Madison,0.9453,0.9008
10020.0,22020.0,55.0,3.0,11.0,1.0,3.0,16762.0,0.3019,0.4378,17.0,0.5119,0.445422166,0.488870902,23000.0,16500.0,15492.0,14750.0,54990.0,12600.0,36406.0,76601.0,74700.0,45851.0,11200.0,29673.0,64282.0,59300.0,0.285,University of Wisconsin-Milwaukee,Milwaukee,0.7206,0.5057
8315.0,17274.0,55.0,3.0,32.0,1.0,3.0,5928.0,0.2104,0.4385,20.0,0.6154,0.528014616,0.593620791,21977.0,12666.0,14260.0,17121.0,61760.0,16600.0,43703.0,83326.0,80600.0,54825.0,13500.0,39503.0,73076.0,64900.0,0.3173,University of Wisconsin-Platteville,Platteville,0.8006,0.6126
8606.0,16887.0,55.0,3.0,32.0,1.0,3.0,4152.0,0.2048,0.4491,17.0,0.6088,0.560153257,0.590277778,20500.0,12500.0,15225.0,15016.0,54458.0,13100.0,38018.0,72674.0,72100.0,46524.0,11500.0,34134.0,59398.0,53500.0,0.4345,University of Wisconsin-River Falls,River Falls,0.7282,0.5769
8834.0,17854.0,55.0,3.0,32.0,1.0,3.0,7104.0,0.2777,0.4983,21.0,0.5596,0.529439696,0.622020972,21503.0,13990.0,14144.0,15000.0,52021.0,13300.0,37608.0,69056.0,65700.0,43371.0,12100.0,29836.0,56312.0,52000.0,0.3792,University of Wisconsin-Stevens Point,Stevens Point,0.7544,0.567
6938.0,22718.0,56.0,7.0,33.0,1.0,3.0,8047.0,0.2218,0.2828,13.0,0.5985,0.495089544,0.529348411,18000.0,12500.0,12000.0,12000.0,56880.0,11300.0,37256.0,80898.0,90700.0,48360.0,9600.0,29715.0,67169.0,70800.0,0.4027,University of Wyoming,Laramie,0.7749,0.6256
5612.0,15521.0,78.0,9.0,41.0,1.0,3.0,1431.0,0.4623,0.1691,10.0,0.2857,0.174369748,0.243186583,16800.0,9326.0,11000.0,9767.0,38681.0,11000.0,23467.0,56467.0,59300.0,32360.0,7800.0,16878.0,46685.0,58200.0,0.109,University of the Virgin Islands,Charlotte Amalie,0.7644,0.3709
12559.0,41913.0,53.0,8.0,21.0,1.0,3.0,5228.0,0.2843,0.2022,21.0,0.6822,0.591303026,0.733613951,14615.0,12184.0,11667.0,12851.0,78466.0,16200.0,50171.0,115782.0,110400.0,62979.0,11200.0,39660.0,90996.0,86600.0,0.5019,University of Washington-Bothell Campus,Bothell,0.8617,0.6834
12817.0,42171.0,53.0,8.0,12.0,1.0,3.0,3989.0,0.4019,0.2968,15.0,0.6226,0.591303026,0.733613951,14615.0,12184.0,11667.0,12851.0,78466.0,16200.0,50171.0,115782.0,110400.0,62979.0,11200.0,39660.0,90996.0,86600.0,0.5115,University of Washington-Tacoma Campus,Tacoma,0.7768,0.5893
16491.0,16491.0,49.0,7.0,12.0,3.0,3.0,704.0,0.5688,0.7963,39.0,0.6364,0.642857143,0.695473251,41733.0,23584.0,21928.0,25359.0,39645.0,3300.0,20033.0,60287.0,54200.0,32673.0,2400.0,17131.0,52409.0,51100.0,0.5455,Provo College,Provo,0.7619,0.0
8300.0,8300.0,49.0,7.0,21.0,2.0,3.0,135822.0,0.3488,0.4261,42.0,0.5089,0.446750614,0.485632184,11116.0,7219.0,8540.0,9602.0,60615.0,14100.0,37733.0,96337.0,82100.0,69572.0,9400.0,43800.0,100953.0,85200.0,0.3378,Western Governors University,Salt Lake City,0.6151,0.6656
18238.0,18238.0,51.0,5.0,21.0,3.0,3.0,244.0,0.4125,0.5519,11.0,0.2069,0.222162162,0.178076996,26123.0,12643.0,15278.0,14700.0,34421.0,7100.0,17463.0,53014.0,67200.0,34115.0,7600.0,17590.0,54613.0,74600.0,0.1111,South University-Richmond,Glen Allen,0.6364,0.0714
18238.0,18238.0,51.0,5.0,11.0,3.0,3.0,252.0,0.5122,0.5024,11.0,0.1364,0.222162162,0.178076996,26123.0,12643.0,15278.0,14700.0,34421.0,7100.0,17463.0,53014.0,67200.0,34115.0,7600.0,17590.0,54613.0,74600.0,0.0556,South University-Virginia Beach,Virginia Beach,0.25,0.0
13420.0,13420.0,55.0,3.0,13.0,2.0,3.0,543.0,0.6204,0.8166,16.0,0.5,0.338302173,0.351520087,21500.0,10662.0,13130.0,15250.0,36909.0,12300.0,19077.0,56514.0,77200.0,35295.0,7200.0,18140.0,54822.0,58300.0,0.2727,Herzing University-Kenosha,Kenosha,0.7692,0.4444
17488.0,17488.0,51.0,5.0,12.0,3.0,3.0,25.0,0.4237,0.5254,2.0,1.0,0.218566206,0.195822076,24807.0,11756.0,14317.0,14750.0,45987.0,11500.0,25449.0,71271.0,91000.0,42178.0,7700.0,23114.0,63768.0,73100.0,1.0,DeVry University-Virginia,Arlington,0.5,0.0
14652.0,14652.0,53.0,8.0,21.0,2.0,3.0,477.0,0.2072,0.3821,19.0,0.3077,0.461254613,0.487012987,20891.0,14881.0,15732.0,15000.0,54914.0,7200.0,31694.0,83872.0,78300.0,50495.0,7800.0,31226.0,73774.0,67900.0,0.1176,Northwest University-Center for Online and Extended Education,Kirkland,0.7083,0.45
