TUITIONFEE_IN,TUITIONFEE_OUT,GRAD_DEBT_MDN,RET_FT4,C100_4,PCTPELL,UGDS,MD_EARN_WNE_P10,REGION_Mid East,REGION_Great Lakes,REGION_Plains,REGION_Southeast,REGION_Southwest,REGION_Rocky Mountains,REGION_Far West,REGION_Outlying Areas,LOCALE_City: Midsize,LOCALE_City: Small,LOCALE_Suburb: Large,LOCALE_Suburb: Midsize,LOCALE_Suburb: Small,LOCALE_Town: Fringe,LOCALE_Town: Distant,LOCALE_Town: Remote,LOCALE_Rural: Fringe,LOCALE_Rural: Distant,LOCALE_Rural: Remote,CONTROL_Private Non-Profit,CONTROL_Private For-Profit
-1.0658173021703918,-0.8502938409572303,1.865709877000817,-0.7843522928115669,-1.4303522870887218,0.6441,0.6699198087972731,40628.0,0,0,0,1,0,0,0,0,1,0,0,0,0,0,0,0,0,0,0,0,0
-1.2404243792235292,-0.5313926097742304,-0.16474969901264924,0.5603467076941792,-0.0009860863527237443,0.3318,1.2910948798338997,54501.0,0,0,0,1,0,0,0,0,1,0,0,0,0,0,0,0,0,0,0,0,0
-0.844354487536452,-0.2911538774331657,-0.5370006212817847,0.45754441183799277,-0.1152749653830413,0.225,0.7938721211192835,61767.0,0,0,0,1,0,0,0,0,1,0,0,0,0,0,0,0,0,0,0,0,0
-0.9069209294429029,-0.75190983602477,1.865709877000817,-1.0553396765420828,-1.5018457708874224,0.7203,0.21884158680935942,34502.0,0,0,0,1,0,0,0,0,1,0,0,0,0,0,0,0,0,0,0,0,0
-0.829204419406785,0.30192847278392004,-0.05972592783953893,0.8494175158557411,0.6515178221199266,0.1799,2.104073702343812,59221.0,0,0,0,1,0,0,0,0,1,0,0,0,0,0,0,0,0,0,0,0,0
-1.1491900033598734,-0.7000062505092086,0.4653929280260127,-0.633912252454217,-1.4947971175551562,0.4275,0.044947559854479784,44391.0,0,0,0,1,0,0,0,0,1,0,0,0,0,0,0,0,0,0,0,0,0
-0.7573933567760127,0.3461420778922567,-0.46815170462385686,1.3305112961215133,0.6706498811646494,0.1226,1.9151016917134736,65337.0,0,0,0,1,0,0,0,0,0,1,0,0,0,0,0,0,0,0,0,0,0
0.0645905297299259,-0.4521451129562932,0.4653929280260127,-0.8440797167049661,0.6192954068867089,0.2256,-1.0554754777695152,59481.0,0,0,0,1,0,0,0,0,1,0,0,0,0,0,0,0,0,0,0,1,0
-0.2403087054694283,-0.893146423071219,0.7274855836424635,-3.9013843565376893,-2.1795234412610234,0.6952,-1.765791171181885,34421.0,0,0,0,1,0,0,0,0,1,0,0,0,0,0,0,0,0,0,0,0,1
0.13376124545049492,-0.3520977112813984,-0.001379388298922081,-0.28305094287342597,-1.1484061537980703,0.4381,-0.4099300678555435,43457.0,0,0,0,1,0,0,0,0,1,0,0,0,0,0,0,0,0,0,0,1,0
0.38263806833792285,0.007873690020524434,0.9321652443509475,-0.566669051441021,-0.19281015203797025,0.3879,-0.8955358100592561,49601.0,0,0,0,1,0,0,0,0,1,0,0,0,0,0,0,0,0,0,0,1,0
-0.7695491454597314,-0.45512883601786136,-0.19065556256868313,-0.741301015570331,-0.5719270062662926,0.4309,0.8399158208552017,45235.0,0,0,0,1,0,0,0,0,0,0,0,0,1,0,0,0,0,0,0,0,0
-0.9389250741823377,-0.7002048427129942,0.4523233031689145,-1.0313388364670693,-1.1519304804642037,0.5401,0.03660025786820547,44232.0,0,0,0,1,0,0,0,0,0,0,0,0,0,0,0,0,0,0,1,0,0
-0.7379472245471889,-1.6129227082870659,1.9163546733220724,-1.4472297720996075,-1.3679213575743632,0.7552,-0.6590512921426287,32627.0,0,0,0,1,0,0,0,0,0,0,1,0,0,0,0,0,0,0,0,1,0
0.2551196535456479,-0.17656687753420489,0.8154721652697138,-0.18539507179749176,-0.07247957015142455,0.2986,-0.7125340151268629,43611.0,0,0,0,1,0,0,0,0,0,0,0,0,0,0,0,0,1,0,0,1,0
-0.6339227574845234,-0.13051227290837594,0.2320067698635453,-0.07659769780244606,-0.45612770152191784,0.3904,-0.16622073235072105,42957.0,0,0,0,1,0,0,0,0,0,0,0,0,0,1,0,0,0,0,0,0,0
-0.8188125452888678,-0.501866527351852,-0.21679481228287947,0.2610087760896542,-0.5074821757998578,0.2411,0.6317202625666161,45415.0,0,0,0,1,0,0,0,0,0,1,0,0,0,0,0,0,0,0,0,0,0
0.008159268665349554,-0.5337663739760004,0.9321652443509475,-0.7835682533920083,-0.6001216195953576,0.4735,-0.5887457717497337,42488.0,0,0,0,1,0,0,0,0,1,0,0,0,0,0,0,0,0,0,0,1,0
0.7774143711705098,0.5788717334812327,-0.818230941867558,0.956677601151725,1.4359322429535595,0.1084,0.33629717990040486,58469.0,0,0,0,1,0,0,0,0,0,0,1,0,0,0,0,0,0,0,0,1,0
-1.114549491171525,-0.8483676966863518,0.4488225107964775,0.15140017126348884,-0.5059717500858009,0.3713,1.0011376510624292,49379.0,0,0,0,1,0,0,0,0,1,0,0,0,0,0,0,0,0,0,0,0,0
-0.8893758482935089,-1.8319466143895655,1.4145744332727677,0.34027149497916426,-0.5875347386448821,0.682,-1.0015576302885942,35421.0,0,0,0,1,0,0,0,0,1,0,0,0,0,0,0,0,0,0,0,1,0
-0.45138568451217603,-1.1984447431279748,1.2822444815946485,0.5228660064774412,0.770841453530434,0.7551,-0.9790286230341771,32229.0,0,0,0,1,0,0,0,0,0,0,0,0,0,0,1,0,0,0,0,1,0
-1.098113382800775,-0.7510947367733103,0.4653929280260127,-0.0884758482841063,-0.7617371709994629,0.423,1.1392534738302007,42062.0,0,0,0,1,0,0,0,0,0,0,0,0,0,0,0,1,0,0,0,0,0
0.10580184248677023,-0.39253773839059014,0.9321652443509475,-0.08921859742348891,-0.611198074831776,0.4767,-0.06193859553156686,49641.0,0,0,0,1,0,0,0,0,0,0,0,0,0,0,1,0,0,0,0,1,0
-1.4538057886035949,-0.547056722679513,-0.6525267695722061,-0.18764032230281932,-1.413234128996075,0.191,0.8263693215195638,51871.0,0,0,0,0,0,0,1,0,0,0,0,0,0,0,0,0,0,0,0,0,0
-1.270737328688504,-0.4519697387229175,-0.6336224907610463,-0.15474923945278662,-1.1388401242757091,0.2237,0.37828407030406225,48866.0,0,0,0,0,0,0,1,0,0,1,0,0,0,0,0,0,0,0,0,0,0
-0.06166456781750025,-0.6347584389316698,0.11531369078231161,-0.4507885978185497,-1.235507369975361,0.3442,-1.5335672297642329,54271.0,0,0,0,0,0,0,1,0,0,0,0,0,0,0,0,0,0,0,0,1,0
-0.8118134173830363,0.2404809157871729,-0.818230941867558,0.7961431420811718,0.5790173878451879,0.2966,2.67528303206349,62668.0,0,0,0,0,1,0,0,0,1,0,0,0,0,0,0,0,0,0,0,0,0
-0.6423992412256667,0.7275356323023744,-0.7902246028880618,0.9580469335609975,0.38366899549380773,0.2624,2.296443986436333,59979.0,0,0,0,0,1,0,0,0,0,0,0,0,0,0,0,0,0,0,0,0,0
0.9169265082642097,0.7806598265049082,0.1540557930372812,0.6917232739876232,0.2114804640913028,0.174,0.1994132398076697,84131.0,0,0,0,0,1,0,0,0,0,1,0,0,0,0,0,0,0,0,0,1,0
-0.30122760851810876,-0.9812585366935006,-0.2081595244308682,-0.43551827752329375,-0.3272380405890486,0.4308,2.7278934804532016,42186.0,0,0,0,0,1,0,0,0,0,0,0,0,0,0,0,0,0,0,0,0,1
-0.7446895256688519,0.02520644845016016,-0.9349240209487917,-0.12045289719105227,0.10524718886928953,0.2983,1.8235677529369876,54384.0,0,0,0,0,1,0,0,0,0,1,0,0,0,0,0,0,0,0,0,0,0
0.6855002457731191,0.4459286328145021,-1.5650666479874535,0.059951771092125766,-0.6847054595825529,0.4728,-1.9119716848137145,42359.0,0,0,0,0,1,0,0,0,0,1,0,0,0,0,0,0,0,0,0,1,0
-1.3005891330774162,-0.7895613074046436,-0.23476554646138947,-0.20261869423001702,-0.9011998119307315,0.4105,0.5133431467425507,45265.0,0,0,0,1,0,0,0,0,1,0,0,0,0,0,0,0,0,0,0,0,0
0.49137310266587303,0.16514628062792464,-0.35145862554262314,-0.45995950897453275,0.04029888316483611,0.3596,-1.2509054534081059,44232.0,0,0,0,1,0,0,0,0,0,0,0,0,0,0,0,1,0,0,0,1,0
-1.1043247359380368,0.01635088959127124,-0.35145862554262314,0.8749385282144437,0.6112398030784049,0.173,1.964482412365016,58191.0,0,0,0,1,0,0,0,0,0,1,0,0,0,0,0,0,0,0,0,0,0
-1.211527688840038,-1.029978750988446,0.2791507738123637,-0.7319271489210528,-0.9585959890648998,0.6687,-0.24441037339590466,35550.0,0,0,0,1,0,0,0,0,0,0,0,0,0,0,1,0,0,0,0,0,0
-1.4199552169766445,-1.4456555030399079,-0.5848447837050905,0.2653448285468156,-0.13289659871370701,0.3679,0.9463926360064036,42617.0,0,0,0,1,0,0,0,0,0,1,0,0,0,0,0,0,0,0,0,0,0
-1.052944084495627,-1.0033302684271477,-0.6207862520621106,-0.05583732121849995,-0.14951128156833451,0.3734,0.8853225375004361,45938.0,0,0,0,1,0,0,0,0,0,1,0,0,0,0,0,0,0,0,0,0,0
-0.13535247488959493,-0.7413394329350601,-0.17641900692077261,-1.1542145572091191,-0.5714235310282733,0.422,-1.3880076017158678,46789.0,0,0,0,1,0,0,0,0,0,1,0,0,0,0,0,0,0,0,0,1,0
0.1884786282359531,-0.2729553760155536,0.8154721652697138,0.886647424022158,0.6021772487940624,0.1922,0.21909093075133393,52876.0,0,0,0,1,0,0,0,0,0,0,0,0,0,0,1,0,0,0,0,1,0
-1.3968495369648126,-2.1156098878241245,-0.818230941867558,-1.1437283339574655,-0.7194452510058654,0.477,-0.4447360061141649,43459.0,0,0,0,1,0,0,0,0,0,0,0,0,0,0,1,0,0,0,0,0,0
0.7223041934439454,0.499161265981402,0.8593487630042577,0.2956562918739192,0.9334639554105775,0.2341,-0.7011035637679984,60376.0,0,0,0,1,0,0,0,0,0,1,0,0,0,0,0,0,0,0,0,1,0
0.48387787500973195,0.1543053048747167,-0.40980516508324,0.7189541834756896,0.8257202544745074,0.2138,-0.4880614074495099,53907.0,0,0,0,1,0,0,0,0,0,0,0,0,0,0,1,0,0,0,0,1,0
0.5556998566218163,0.2581874545471158,-0.4564823967157335,0.6131992955248258,0.9203735992220833,0.226,-0.3801158133508756,51673.0,0,0,0,1,0,0,0,0,0,0,0,0,0,0,1,0,0,0,0,1,0
0.2461133200278203,-0.18959349230448144,-0.4973249743941653,-0.09590527255959608,-0.10621241109869882,0.3597,-1.0103038284659553,44384.0,0,0,0,1,0,0,0,0,0,0,0,0,0,0,0,1,0,0,0,1,0
-0.7057807866879297,-1.5663976941184055,0.4037789822711213,-0.5197305231160827,-1.2345004194993228,0.7139,-0.9178425699254452,38427.0,0,0,0,1,0,0,0,0,1,0,0,0,0,0,0,0,0,0,0,1,0
-0.09053337558473355,-0.676513814403444,-0.2767750549306336,-1.9506596501950249,-0.8584044166991147,0.4715,-1.3657709123337067,38484.0,0,0,0,1,0,0,0,0,0,0,0,0,0,0,0,0,0,1,0,1,0
-1.0941752171935368,-1.2305698942455185,-0.9932705604894084,-0.37841567108548224,-0.662049073871697,0.446,0.09623567606258819,42386.0,0,0,0,1,0,0,0,0,0,0,0,0,0,0,0,1,0,0,0,0,0
-1.579686289844368,-1.4537519854575889,-1.1099636395706423,-0.18988596523155127,-2.046102503185983,0.3914,0.399809815226617,41102.0,0,0,0,1,0,0,0,0,0,1,0,0,0,0,0,0,0,0,0,0,0
0.3521665129329939,-0.03619987364724591,1.865709877000817,-0.5220349704335382,-1.782784953702036,0.4176,0.399408801628227,39008.0,0,0,0,0,0,0,1,0,0,0,0,0,0,0,0,0,0,0,0,0,1
1.1952462332647922,1.1832169640321022,1.865709877000817,0.5786935690928983,-0.23107427012741574,0.245,-0.17942251833497216,71958.0,0,0,0,0,0,0,1,0,1,0,0,0,0,0,0,0,0,0,0,1,0
0.961812197980263,0.8455817603275662,0.049732180338658276,0.6854310135513602,0.29908515550661247,0.3465,0.12800335552094583,66677.0,0,0,0,0,0,0,1,0,0,0,1,0,0,0,0,0,0,0,0,1,0
1.056671089234069,0.9827841225821841,0.2028335000932369,0.7919826004125539,0.6102328526023669,0.2601,0.2356283484104488,56778.0,0,0,0,0,0,0,1,0,0,0,1,0,0,0,0,0,0,0,0,1,0
0.8332574663137203,0.659642280848878,0.7134824141527155,0.0018189017984026664,-0.03975367968018821,0.4096,0.9380587421620704,61504.0,0,0,0,0,0,0,1,0,0,0,0,0,0,0,0,0,0,0,0,1,0
1.354164132599642,1.4130732369137247,0.9321652443509475,-1.304376568818042,-0.2084178844165598,0.2474,-0.7721780645225588,49414.0,0,0,0,0,0,0,1,0,0,0,0,0,0,0,0,0,0,0,0,1,0
1.1690909160011902,1.1453863372278785,-0.3120163648131662,0.46181465371545516,1.1685868915654603,0.3016,-0.0594925207662075,68712.0,0,0,0,0,0,0,1,0,1,0,0,0,0,0,0,0,0,0,0,1,0
-0.9282988347250133,0.1648244816244348,-1.0516171000300254,1.46415751083049,0.8992276392252846,0.1832,1.7670151733749444,90768.0,0,0,0,0,0,0,1,0,0,0,0,0,1,0,0,0,0,0,0,0,0
-1.430310146643584,-0.75190983602477,-1.4950508005387133,0.401901729417893,-0.78892483385249,0.612,0.9657548217588962,59009.0,0,0,0,0,0,0,1,0,0,0,0,0,0,0,0,0,0,0,0,0,0
-1.4072080343765272,-0.7387055598391105,-2.2092124445158636,0.43403267890809527,-0.8896198814562942,0.5531,1.0034629969162383,63188.0,0,0,0,0,0,0,1,0,0,0,0,0,1,0,0,0,0,0,0,0,0
-1.4340785966433565,-0.7540510573393244,-1.9349837086749644,0.2523322787532663,-0.9731967709674514,0.5713,1.5094242029254548,59977.0,0,0,0,0,0,0,1,0,1,0,0,0,0,0,0,0,0,0,0,0,0
-1.4771523017088106,-0.7782736780491578,-1.6350824954361938,0.9901843048969019,-0.713403548149637,0.4603,1.86666383664741,71902.0,0,0,0,0,0,0,1,0,0,0,1,0,0,0,0,0,0,0,0,0,0
-1.365890662233459,-0.7147557296014664,-1.5062533361305117,0.6840323148798249,-0.512013452942029,0.4008,1.3529374594049093,64172.0,0,0,0,0,0,0,1,0,1,0,0,0,0,0,0,0,0,0,0,0,0
-1.5484888581160228,-0.817378365441094,-2.146898340286485,-0.6478686854065195,-1.286358369015282,0.6104,1.3261728862886015,57162.0,0,0,0,0,0,0,1,0,0,1,0,0,0,0,0,0,0,0,0,0,0
-1.5649869462460921,-0.8262438940392745,-1.9839948018890825,0.26245428950559524,-0.935436128116025,0.5573,1.7494650958279871,61244.0,0,0,0,0,0,0,1,0,0,0,0,0,0,0,0,0,0,0,0,0,0
-1.5467328533378686,-0.8164308198153026,-2.1602013513017453,0.773243472630641,-0.35492917868009477,0.4714,2.2150732700154676,62951.0,0,0,0,0,0,0,1,0,0,0,1,0,0,0,0,0,0,0,0,0,0
-1.5502471012692607,-0.8183263613142877,-1.5081204253958116,0.31942237681352903,-1.2868618442533009,0.4357,1.1661612436777455,71401.0,0,0,0,0,0,0,1,0,0,0,1,0,0,0,0,0,0,0,0,0,0
-1.5594656288131152,-0.8232843383297702,-2.0344062120521755,0.794756444547687,-0.26933838821686124,0.4932,2.1491757136526517,64403.0,0,0,0,0,0,0,1,0,0,0,0,0,0,0,0,0,0,0,0,0,0
-1.5983847418771515,-0.8434537600208155,-2.335240969923596,-0.09739167306843073,-1.1176941642789102,0.6605,1.7653578221957549,59211.0,0,0,0,0,0,0,1,0,0,0,0,0,0,0,0,0,0,0,0,0,0
-1.5424497850449412,-0.8141164899956778,-2.1317282400059243,0.015824265836643613,-0.9223457719275304,0.5599,2.104944906650472,59115.0,0,0,0,0,0,0,1,0,0,0,0,0,0,0,0,0,0,0,0,0,0
-1.447259132093958,-0.7615122807832384,-1.8684686535986612,0.49805452206749945,-0.8780399509818566,0.4863,1.98115267945616,64876.0,0,0,0,0,0,0,1,0,0,0,0,0,0,0,0,0,0,0,0,0,0
-0.5237564394339072,0.9362401103075986,-2.335240969923596,1.5651204082204175,1.8875495314566206,0.2733,2.1230818734932857,92446.0,0,0,0,0,0,0,1,0,1,0,0,0,0,0,0,0,0,0,0,0,0
-0.4873678311200345,0.953523618600051,-2.335240969923596,1.3424769441155076,1.2728062658353971,0.3078,2.089956258703452,80838.0,0,0,0,0,0,0,1,0,0,0,0,0,1,0,0,0,0,0,0,0,0
-0.5818994884524367,0.9092553733500889,-1.8684686535986612,1.3703535296624465,1.5089361524663178,0.3729,2.028174202648327,80735.0,0,0,0,0,0,0,1,0,0,0,0,0,0,0,0,0,0,0,0,0,0
-0.6302055304285649,0.8874195943727793,-2.1018548117611284,1.5657734257288318,2.1357628237999977,0.271,2.122254620265646,82511.0,0,0,0,0,0,0,1,0,0,0,0,0,0,0,0,0,0,0,0,0,0
-0.5884055996374591,0.9062837325130213,-1.2850032581924926,0.9935984483506893,1.1051490115750635,0.4669,1.809165405173438,67699.0,0,0,0,0,0,0,1,0,0,0,0,0,0,0,0,0,0,0,0,0,0
-0.48574050260952084,0.9543037166027092,-1.7517755745174275,1.3789697533374632,1.592513041977475,0.3289,2.14078132688022,84943.0,0,0,0,0,0,0,1,0,0,0,0,0,0,0,0,0,0,0,0,0,0
-0.5131165315466297,0.9412620912002374,-2.103488514868266,1.2450993437785283,1.5099431029423558,0.2799,1.829445044131945,74915.0,0,0,0,0,0,0,1,0,0,0,0,1,0,0,0,0,0,0,0,0,0
-0.5509577190388237,0.9235195648163494,-1.4796473140999906,1.0942484102360055,0.8846268573227329,0.3175,1.6102699627340453,68396.0,0,0,0,0,0,0,1,0,0,1,0,0,0,0,0,0,0,0,0,0,0
1.3247651650508585,1.3705510469299986,0.4653929280260127,0.859769982763443,-0.018607719683389184,0.2213,-0.880364776107131,41198.0,0,0,0,0,0,0,1,0,0,0,1,0,0,0,0,0,0,0,0,1,0
-1.434617788089512,-0.7543571337843663,0.45722441249032636,0.12293806576866767,0.3267762935976586,0.2871,-1.0015576302885942,94784.0,0,0,0,0,0,0,1,0,1,0,0,0,0,0,0,0,0,0,0,0,0
1.4647699352011225,1.5730516764190694,-0.5848447837050905,1.1159072823242522,1.3795430162954294,0.1974,0.9076689802758139,70070.0,0,0,0,0,0,0,1,0,1,0,0,0,0,0,0,0,0,0,0,1,0
0.8900635118728735,0.7418056240847346,0.28965315092967475,0.10246478078839048,0.5372289430896087,0.2295,-0.46440753709560295,65083.0,0,0,0,0,0,0,1,0,0,0,0,0,0,0,0,0,0,0,0,1,0
0.26459210624918805,-0.16286607553143315,0.4516231446944271,-5.594091078478941,-1.3895707928091812,0.1605,-2.7535488988111365,49766.0,0,0,0,0,0,0,1,0,0,0,1,0,0,0,0,0,0,0,0,1,0
1.494458176815196,1.6159922677205019,-2.218547890842362,1.5337364728547662,1.9540082628751312,0.1948,-0.509402361517269,104736.0,0,0,0,0,0,0,1,0,0,0,1,0,0,0,0,0,0,0,0,1,0
1.1689820256289563,1.1452288399590425,0.9321652443509475,1.0058818584488134,0.8710330258962192,0.2958,-0.6398528755679374,84713.0,0,0,0,0,0,0,1,0,0,1,0,0,0,0,0,0,0,0,0,1,0
0.6805826637800227,0.4388159219540269,0.03269499079279816,0.4589679834957615,0.013614695549827908,0.5872,-0.37908893021464246,58896.0,0,0,0,0,0,0,1,0,0,0,0,0,0,0,0,0,0,0,0,1,0
-1.3919607262932694,-0.7299174145360097,-1.1683101791112591,0.10319653156365594,-0.9716863452533944,0.4571,0.6351980480655518,47626.0,0,0,0,0,0,0,1,0,0,0,0,0,0,0,0,1,0,0,0,0,0
-0.532140954041023,-1.3152478555976415,2.91594758873192,1.7756226564013429,2.855228938929177,0.5535,-2.201972079586232,39248.0,0,0,0,0,0,0,1,0,0,0,0,0,0,0,0,0,0,0,0,1,0
-0.08160688039973085,-0.6636026765032559,-0.14257801398721484,-1.405194211932249,-0.5014404729436297,0.4861,-1.5481609706752932,43299.0,0,0,0,0,0,0,1,0,0,0,1,0,0,0,0,0,0,0,0,1,0
1.0653852902840861,0.9953882016876949,0.11531369078231161,0.15795940529552221,0.5971424964138722,0.4754,0.22356633992707015,65464.0,0,0,0,0,0,0,1,0,0,0,1,0,0,0,0,0,0,0,0,1,0
0.694169683716995,0.45846796728908534,0.9321652443509475,0.5927887336725777,-2.0007897317642716,0.4735,-0.6561788643623734,61824.0,0,0,0,0,0,0,1,0,0,0,0,0,0,0,0,0,0,0,0,1,0
0.7328018016338216,0.5143448362576005,-0.5848447837050905,0.7836574731337916,0.023180725072189354,0.1938,-0.3832041197260439,57106.0,0,0,0,0,0,0,1,0,0,0,1,0,0,0,0,0,0,0,0,1,0
1.3784196135168143,1.4481559712306757,-0.818230941867558,0.9970116848248268,1.3906194715318476,0.1303,0.856370059435278,78349.0,0,0,0,0,0,0,1,0,0,0,0,0,0,0,0,0,0,0,0,1,0
1.17993677060397,1.1610736054691866,-0.29311208600200633,-0.33670113197175383,-0.6353648862566891,0.2938,-0.9488909532441611,76419.0,0,0,0,0,0,0,1,0,0,0,1,0,0,0,0,0,0,0,0,1,0
1.0982124257288923,1.0428688381314506,0.6868763921221942,-0.0129400981405333,-0.15555298442456267,0.5515,-0.3139824784329492,72379.0,0,0,0,0,0,0,1,0,0,0,0,0,0,0,0,0,0,0,0,1,0
-0.6737259936311875,-1.5200341611818817,0.4653929280260127,-1.595029216615895,0.841327986853097,0.2553,1.1088054759728678,67548.0,0,0,0,0,0,0,1,0,0,0,0,0,0,0,0,0,0,0,0,1,0
1.4792374630643559,1.5939772741419973,-0.001379388298922081,0.9251426095840478,1.4359322429535595,0.1595,-0.2687529525425318,75951.0,0,0,0,0,0,0,1,0,0,0,0,0,0,0,0,0,0,0,0,1,0
1.2949992644268526,1.3274981308957732,0.9321652443509475,-0.0929329873149404,0.4244504897733483,0.3068,-0.5960470928569047,58152.0,0,0,0,0,0,0,1,0,0,0,0,0,0,0,0,0,0,0,0,1,0
0.7071676494921489,0.4772680142354937,-0.001379388298922081,-0.4507885978185497,0.11884102029580326,0.4288,-1.2717354983444535,49697.0,0,0,0,0,0,0,1,0,0,0,1,0,0,0,0,0,0,0,0,1,0
0.6671738629294877,0.4194216498159226,1.048858323432181,0.9464029536757251,-0.19482405299004638,0.3337,-0.853555809143635,70484.0,0,0,0,0,0,0,1,0,0,0,0,0,0,0,0,0,1,0,0,1,0
1.2906940678222123,1.321271164331861,-0.818230941867558,1.018834952889309,0.08208732792041465,0.343,0.19992367689488907,78445.0,0,0,0,0,0,0,1,0,0,0,0,0,0,0,0,0,0,0,0,1,0
1.5490935424293544,1.695015974679616,0.11764755236393629,0.8404386256748474,1.598051269595684,0.1961,0.2920689011399917,82939.0,0,0,0,0,0,0,1,0,0,0,1,0,0,0,0,0,0,0,0,1,0
0.9602295128803437,0.8432925902609132,-0.003713249880546755,0.8480365564838153,1.2501498801245414,0.2273,0.1700505544606399,63998.0,0,0,0,0,0,0,1,0,0,0,0,0,0,0,0,0,0,0,0,1,0
1.4546711235822158,1.5584449190369796,-2.619505310565481,1.5075245068420917,1.4097515305765707,0.1853,-0.36686457207836615,77779.0,0,0,0,0,0,0,1,0,0,0,1,0,0,0,0,0,0,0,0,1,0
1.3462386439419802,1.4016099386242271,0.6987790861884801,0.5256985563090271,0.8896616097029231,0.3511,-0.1630517243400761,72690.0,0,0,0,0,0,0,1,0,0,1,0,0,0,0,0,0,0,0,0,1,0
-1.327769968238616,-0.6922765335254704,-1.8684686535986612,1.138204819800862,0.6726637821167253,0.3142,2.1375128921229702,64909.0,0,0,0,0,0,0,1,0,0,0,0,0,0,0,0,0,0,0,0,0,0
1.3179397444126537,1.3606788691871918,-0.015382557788670124,1.1016977663980028,1.4223384115270463,0.1935,0.6542904884572341,86522.0,0,0,0,0,0,0,1,0,0,0,0,0,0,0,0,0,0,0,0,1,0
-1.4799360394184287,-0.7798232371776203,-1.7818823889203859,0.6861303057922071,-0.8433001595585441,0.414,1.707643484429127,68077.0,0,0,0,0,0,0,1,0,0,0,0,0,0,0,0,0,0,0,0,0,0
1.360718303018359,1.4225530827371513,-0.001379388298922081,0.42903980561750504,1.0266068744440966,0.2722,0.6657128600752034,89812.0,0,0,0,0,0,0,1,0,0,0,0,0,0,0,0,0,0,0,0,1,0
0.7409942380364883,0.5261942434371465,0.1619909224148051,-0.4012262688345388,0.12790357458014545,0.343,-0.7582775827660162,56257.0,0,0,0,0,0,0,1,0,0,0,1,0,0,0,0,0,0,0,0,1,0
-1.378259980748136,-0.7219707720719343,-1.8684686535986612,0.8728711443728127,-0.6690977272039633,0.3545,1.9474699048274122,78988.0,0,0,0,0,0,0,1,0,0,0,0,0,0,0,0,0,0,0,0,0,0
1.3846502711141644,1.4571678933547583,-0.897115463326472,1.3570865080034666,1.9761611733479685,0.1087,0.740480764224657,109183.0,0,0,0,0,0,0,1,0,1,0,0,0,0,0,0,0,0,0,0,1,0
1.4789765576742655,1.5935999048161258,-2.218547890842362,0.9860861348603392,1.2491429296485035,0.1147,-0.7140700574292993,77539.0,0,0,0,0,0,0,1,0,0,0,1,0,0,0,0,0,0,0,0,1,0
0.7910157521139294,0.5985445503431653,-0.9932705604894084,-0.9009208607683319,-0.44857557295163253,0.4221,-1.0125048777941752,54340.0,0,0,0,0,0,0,1,0,0,1,0,0,0,0,0,0,0,0,0,1,0
1.310343422393146,1.3496916721859682,0.1598904469913429,0.7836574731337916,0.872543451610276,0.2381,-0.19160942304157094,78812.0,0,0,0,0,0,0,1,0,0,0,1,0,0,0,0,0,0,0,0,1,0
-1.3445077244866512,-0.702191852764802,-1.4705452539316544,0.08342461796599505,-0.05183708539264476,0.3615,0.6173530102315267,65986.0,0,0,0,0,0,0,1,0,0,0,1,0,0,0,0,0,0,0,0,0,0
0.8412213542969456,0.6711611193002586,-0.23476554646138947,-0.03954909663021357,0.4304921926295765,0.4288,-0.21190838078981972,59541.0,0,0,0,0,0,0,1,0,1,0,0,0,0,0,0,0,0,0,0,1,0
1.5796489534643072,1.7392108257710066,-1.1683101791112591,1.5487841746349942,1.6831385848208986,0.2166,1.7394547217719227,92498.0,0,0,0,0,0,0,1,0,0,0,0,0,0,0,0,0,0,0,0,1,0
1.1992469560602708,1.1890035446152223,0.05696715124169477,0.8997212221081087,1.2632402363130357,0.1858,-0.5519088368179723,64778.0,0,0,0,0,0,0,1,0,0,0,0,1,0,0,0,0,0,0,0,1,0
1.1469740002243147,1.1133967888548681,0.4506896000617773,-1.678814619385772,0.6142606545065187,0.3185,-0.9478710213186112,59492.0,0,0,0,0,0,0,1,0,0,0,1,0,0,0,0,0,0,0,0,1,0
1.0019070843902074,0.9035743539270009,0.9228297980244488,0.3968963520616458,-0.6907471624387811,0.4896,-0.9347248888873558,65668.0,0,0,0,0,0,0,1,0,0,0,0,0,0,0,0,0,0,0,0,1,0
-1.1003688217367467,-0.5328530534703954,-0.818230941867558,-1.459619390221462,-1.3523136251957735,0.3499,-0.5980495777255482,44372.0,0,0,0,0,0,1,0,0,0,0,0,0,0,0,0,1,0,0,0,0,0
-1.066780769850998,-0.023073282454979548,-0.5848447837050905,-0.2011200710307871,-0.7713032005218243,0.2579,1.1868895029702877,64270.0,0,0,0,0,0,1,0,0,0,0,0,0,0,0,0,0,0,0,0,0,0
-1.109427639344157,-0.660679943373438,-0.7015378627863242,-0.5320256876754229,-0.757709369095311,0.2625,1.0325529925535424,54659.0,0,0,0,0,0,1,0,0,0,0,0,0,0,0,0,0,0,0,0,0,0
-0.38430143256111127,0.7682838833745685,-0.818230941867558,1.0603331598813237,0.7371086125831601,0.1477,2.0847504956558613,69738.0,0,0,0,0,0,1,0,0,1,0,0,0,0,0,0,0,0,0,0,0,0
0.8174011851695319,0.63670801289781,1.2383678838601047,0.34314458219686816,0.3046233831248216,0.329,0.6156553393828522,50416.0,0,0,0,0,0,1,0,0,0,0,1,0,0,0,0,0,0,0,0,1,0
1.5734699596778507,1.7302736293453165,-1.1083299364635049,1.4345049567411978,1.6776003572026894,0.1381,-0.14583554248322064,65222.0,0,0,0,0,0,1,0,0,0,0,0,0,0,0,0,0,0,0,0,1,0
-0.033647989719668724,0.8807770272796857,-0.001379388298922081,1.316537274718422,1.139888802998376,0.1333,0.6807018316328662,97335.0,0,0,0,0,0,1,0,0,0,0,1,0,0,0,0,0,0,0,0,0,0
-0.7183435707279839,0.33476647490302613,-0.7015378627863242,0.7621258938857878,0.1938588307606371,0.1889,1.8960781120404553,60543.0,0,0,0,0,0,1,0,0,1,0,0,0,0,0,0,0,0,0,0,0,0
-0.7329660829995365,-1.605718065917444,1.593114844267055,-2.4460363878006306,-1.6297284813442536,0.6832,1.9215175065565542,37180.0,0,0,0,0,0,1,0,0,0,0,0,0,0,0,0,0,0,0,0,0,1
1.3869533811190282,1.4604990743228563,-0.2711737871347344,0.9614696262432794,1.3140912353529568,0.1471,0.716755941725914,71155.0,0,0,0,0,0,1,0,0,0,0,0,0,0,0,0,0,0,0,0,1,0
-1.1154049852450179,-0.6311101137307233,-1.0775229635860593,-0.883526038933032,-0.661042123395659,0.361,0.15348679727362163,46349.0,0,0,0,0,0,1,0,0,0,0,0,0,0,0,1,0,0,0,0,0,0
-1.109427639344157,-0.31966914754533476,-0.23476554646138947,0.07316052362404567,-0.7778483786160717,0.274,0.904949271287554,45823.0,0,0,0,0,0,1,0,0,0,1,0,0,0,0,0,0,0,0,0,0,0
-0.9655345461979182,0.0664036845153298,-0.35145862554262314,-0.28455915346138055,-1.536082087072716,0.3508,1.4641255302619236,52093.0,0,0,0,0,0,1,0,0,0,0,0,0,0,0,0,0,0,0,0,0,0
0.6429118726194082,0.3843295004186147,0.3981777144752221,-1.3231686142418828,-1.2269482909290375,0.5656,-1.6024854353112798,28720.0,0,0,0,0,0,1,0,0,1,0,0,0,0,0,0,0,0,0,0,1,0
-0.8165138337045265,-0.17016145937585228,-0.5918463684499645,0.016560967535995334,-0.32018938725678225,0.2619,0.6651309116068352,52231.0,0,0,0,0,0,1,0,0,1,0,0,0,0,0,0,0,0,0,0,0,0
0.9737816228514788,0.8628941423874198,0.4653929280260127,0.07682721295118718,0.36604736216314226,0.2615,0.015515947140581474,72105.0,0,0,0,0,0,1,0,0,0,0,0,0,0,0,0,0,0,0,0,1,0
0.12218029024502529,-0.36884821711541627,1.865709877000817,-1.2701314202719856,-0.9807488995377367,0.4599,-0.2536206223612209,42958.0,0,0,0,0,0,1,0,0,0,0,1,0,0,0,0,0,0,0,0,0,1
-1.154315223423301,-1.00518064920101,-0.35145862554262314,-0.695278545025997,-1.0764091947613506,0.2785,0.14207508495233662,55563.0,0,0,0,0,0,1,0,0,1,0,0,0,0,0,0,0,0,0,0,0,0
-0.9273029201929778,-0.37196253561603265,-0.6431913232457074,-0.09219002342749086,-0.5880382138829011,0.1347,-0.3593149184203763,46833.0,0,0,0,0,0,1,0,0,0,0,0,0,0,0,0,1,0,0,0,0,0
0.8403233904027293,0.6698623188833721,1.8573079753069681,0.037171483989579736,-0.2683314377408233,0.4711,-0.8794257453155476,60144.0,0,0,0,0,0,0,0,0,1,0,0,0,0,0,0,0,0,0,0,1,0
0.6883961169928893,0.4501171739927303,0.6404325466478632,-0.8637877396874291,-0.3730542872487794,0.5168,-0.4678271894787485,50323.0,0,0,0,0,0,0,0,0,1,0,0,0,0,0,0,0,0,0,0,1,0
-0.7657804503093795,-0.2061135626072335,-0.16474969901264924,0.32230012943971137,-0.7793588043301286,0.3486,0.9121100703090178,58562.0,0,0,0,0,0,0,0,0,0,0,1,0,0,0,0,0,0,0,0,0,0
1.5086192161391692,1.6364745653896906,0.11531369078231161,0.910720427474583,1.6619926248241,0.1432,-0.21822307671125651,75001.0,0,0,0,0,0,0,0,0,0,1,0,0,0,0,0,0,0,0,0,1,0
-0.08809314218941745,0.8195136481166788,-0.35145862554262314,1.2135940737211803,1.6257424076867304,0.2416,1.6701595080069322,73997.0,0,0,0,0,0,0,0,0,0,0,0,0,0,1,0,0,0,0,0,0,0
-0.6766283441327392,-1.077997601322439,0.29035330940416215,0.7203490858746315,0.16767811838364813,0.2817,0.23244529541922,56469.0,0,0,0,0,0,0,0,0,0,0,0,0,0,1,0,0,0,0,0,0,0
1.3158855147965192,1.3577076647779716,0.6987790861884801,1.0983122308236104,1.9071850657393625,0.0683,0.5472490179879064,88794.0,0,0,0,0,0,0,0,0,0,0,1,0,0,0,0,0,0,0,0,1,0
1.08424334255582,1.0226641827265217,0.9321652443509475,0.33955312277892524,0.4758049640512883,0.2976,0.379312099942043,60823.0,0,0,0,0,0,0,0,0,1,0,0,0,0,0,0,0,0,0,0,1,0
0.8097927545690546,0.625703302241402,0.5004008517503828,-1.3346207219445172,-0.23761944822166312,0.3933,-1.4912674372392363,39115.0,0,0,0,0,0,0,0,0,0,1,0,0,0,0,0,0,0,0,0,1,0
1.0276017134254118,0.9407386487473319,0.9321652443509475,0.21756757844367242,0.3569848078787998,0.274,0.5235923038002217,60126.0,0,0,0,0,0,0,0,0,0,0,1,0,0,0,0,0,0,0,0,1,0
-0.32917308558318803,-1.021678421608688,1.668965345669857,-3.529082317701786,-0.7053479443413327,0.7298,1.6626819906586399,38696.0,0,0,0,0,0,0,0,0,1,0,0,0,0,0,0,0,0,0,0,0,1
1.2334422588625176,1.2384630761411295,0.6987790861884801,0.8928419340581126,1.4726859353289485,0.1551,0.7368849765351596,83759.0,0,0,0,0,0,0,0,0,0,0,1,0,0,0,0,0,0,0,0,1,0
1.107580000792748,1.0564179468166828,0.4653929280260127,0.7628210244610126,1.26626108774115,0.1517,0.8249304071052543,75059.0,0,0,0,0,0,0,0,0,0,0,1,0,0,0,0,0,0,0,0,1,0
1.0329601400445916,0.9484889901270598,0.9321652443509475,0.8231538731769722,0.6812228611630489,0.361,-0.9347248888873558,59908.0,0,0,0,0,0,0,0,0,0,1,0,0,0,0,0,0,0,0,0,1,0
-0.725635450149082,-0.17778929232531376,-0.17641900692077261,0.11855367876688783,-0.683698509106515,0.3727,0.7331394579107775,55043.0,0,0,0,0,0,0,0,0,1,0,0,0,0,0,0,0,0,0,0,0,0
1.563034712095016,1.7151802564400196,-0.001379388298922081,1.1678748037684414,1.761680721951866,0.1518,-0.12518403188303334,90779.0,0,0,0,0,0,0,0,0,1,0,0,0,0,0,0,0,0,0,0,1,0
1.5609053714271868,1.7121004126234884,-1.4016963372737263,1.477971984458105,1.8865425809805827,0.1499,0.12688951854559755,73897.0,0,0,0,0,0,0,0,0,0,1,0,0,0,0,0,0,0,0,0,1,0
-0.7326418499166841,-1.142511354782373,0.266314535113428,-0.31022585785215595,-0.513523878656086,0.3464,0.2463119308179393,59115.0,0,0,0,0,0,0,0,0,0,1,0,0,0,0,0,0,0,0,0,0,0
1.5062335853346565,1.633024027674984,-2.3410756238776576,1.7092821858668745,1.1494548325207374,0.1916,0.8136932885949286,100533.0,0,0,0,0,0,0,0,0,1,0,0,0,0,0,0,0,0,0,0,1,0
-1.0264823796237126,-0.6843796065750758,0.6987790861884801,-0.13908085589235658,-0.7798622795681476,0.4335,0.49388932886699777,49307.0,1,0,0,0,0,0,0,0,0,1,0,0,0,0,0,0,0,0,0,0,0
-0.41400050977776576,0.659642280848878,0.36550365233247667,1.1240199556697335,1.457581678188378,0.1565,1.6555329232008855,72950.0,1,0,0,0,0,0,0,0,0,0,1,0,0,0,0,0,0,0,0,0,0
-0.661356058845465,-1.5021424880756078,-0.9582626367650383,0.1892518326076552,0.21651521647149302,0.3887,-1.152646517114492,59892.0,1,0,0,0,0,0,0,0,0,0,1,0,0,0,0,0,0,0,0,1,0
-0.7802460881912712,-1.6741030988223726,-0.7015378627863242,-1.6008764437030139,-1.5577315223075339,0.2631,0.9969550179504139,53844.0,1,0,0,0,0,0,0,0,0,0,1,0,0,0,0,0,0,0,0,1,0
1.3203568797102951,1.3641749744899423,-0.05972592783953893,0.8556299969103103,1.4691616086628152,0.1273,0.9037497657904194,77370.0,1,0,0,0,0,0,0,0,0,0,0,0,0,0,0,0,0,0,0,1,0
1.3029520950686666,1.3390009761878217,0.6987790861884801,0.6686365716624914,1.5995616953097416,0.1674,0.1515957248655935,73250.0,1,0,0,0,0,0,0,0,0,0,0,0,0,0,0,0,0,0,0,1,0
-1.7391321367066301,-1.5679311740383322,0.43551949978121685,-0.566669051441021,-1.0084400376287828,0.4282,0.1561808652670028,44236.0,1,0,0,0,0,0,0,0,0,0,0,0,0,0,0,0,0,0,0,0,0
-0.22946133452816608,-0.8774569616225163,-1.1683101791112591,0.207410130075899,-1.3029730518699096,0.5427,-0.8822460359046252,43101.0,1,0,0,0,0,0,0,0,0,0,0,0,0,0,0,0,0,0,0,1,0
1.5124021959058185,1.641946205986427,-0.5967474777713764,1.2417513889991727,1.82109080003811,0.1483,1.199357097229465,90873.0,1,0,0,0,0,0,0,0,0,0,0,0,0,0,0,0,0,0,0,1,0
1.51433219064832,1.6447377190887855,-1.7517755745174275,1.5905635297581286,2.2022215552185083,0.1032,0.8893296648591253,103494.0,1,0,0,0,0,0,0,0,0,0,0,0,0,0,0,0,0,0,0,1,0
0.591911066746894,0.31056276173857167,0.348699848944779,1.1219922675121234,0.8287411059026216,0.4053,1.0984311182728321,63066.0,1,0,0,0,0,0,0,0,0,0,0,0,0,0,0,0,0,0,0,1,0
0.254591493956202,-0.17733079900072846,1.2238979420540317,-0.22136624765405216,-0.42994698914492885,0.5131,-0.4880614074495099,53804.0,1,0,0,0,0,0,0,0,0,0,0,0,0,0,0,0,0,0,0,1,0
-0.6903937178340436,-1.5441420872161593,1.9240564165414338,-3.6951862141601373,-2.089401373655619,0.3114,1.8481237256690124,35404.0,0,0,0,0,0,0,1,0,0,0,0,0,0,0,0,0,0,0,0,0,1
1.4581633532395015,1.5634960233897939,-2.5686271280860633,1.6341562228444233,0.7466746421055215,0.1923,0.9303802326093844,124080.0,0,0,0,0,0,0,1,0,0,0,1,0,0,0,0,0,0,0,0,1,0
-0.1529859422701691,-0.7668441942428985,1.3550609629413384,0.32445802100263443,-0.6021355205474335,0.5773,-0.870093500465182,50719.0,0,0,0,0,1,0,0,0,1,0,0,0,0,0,0,0,0,0,0,0,1
-1.4226257726355407,-0.7475325879011516,-1.3200111819168627,0.04599445153562329,-0.9797419490616986,0.436,1.420955780184754,62908.0,0,0,0,0,0,0,1,0,0,0,1,0,0,0,0,0,0,0,0,0,0
-1.4775231422990125,-0.7784802164082245,-2.3935875094642127,0.35893508815893227,-0.14246262823606817,0.4299,0.6821288934370546,59247.0,0,0,0,0,0,0,1,0,0,0,0,1,0,0,0,0,0,0,0,0,0
-0.3002794444890588,0.6801296993738861,-0.35145862554262314,0.3854481619772631,-0.1394417768079541,0.5,-1.0180332144069657,73997.0,0,0,0,0,0,0,0,0,1,0,0,0,0,0,0,0,0,0,0,0,0
-0.3002794444890588,0.6801296993738861,-0.35145862554262314,0.4140495338726935,-0.23761944822166312,0.3428,-1.410857468409005,73997.0,0,0,0,0,0,0,0,0,0,0,0,1,0,0,0,0,0,0,0,0,0
-0.2994898053748967,0.68062677364335,-0.35145862554262314,0.2660673617107367,-0.5321524624627899,0.5037,-0.13124952710363688,73997.0,0,0,0,0,0,0,0,0,1,0,0,0,0,0,0,0,0,0,0,0,0
-0.7824850978005836,-1.6773415660176778,1.865709877000817,-4.773781162099879,-1.4243105842324937,0.7291,0.8042727275537024,36144.0,0,0,0,0,1,0,0,0,0,0,0,0,0,0,0,0,0,0,0,0,1
-0.08160688039973085,-0.6636026765032559,-0.4870559834350167,-1.4530101071621226,1.1771459706117833,0.4352,-1.0191433211836904,92405.0,0,0,0,0,1,0,0,0,0,0,0,0,0,0,0,0,0,0,0,0,1
-0.6129566814830897,-1.432138413412716,4.111118104681916,-3.434295098702334,-1.1725729652229833,0.5278,1.1390891969766734,40092.0,1,0,0,0,0,0,0,0,0,0,0,0,0,0,0,0,0,0,0,0,1
-0.3010695359111355,0.6796325012260696,-0.35145862554262314,0.24364991825796592,0.03727803173672204,0.458,-0.45479445901882937,73997.0,0,0,0,0,0,0,0,0,1,0,0,0,0,0,0,0,0,0,0,0,0
-0.29822732230116894,-0.9769189713563651,0.4203493995006565,-0.14579353789314606,-0.5014404729436297,0.5357,-0.16860546661483672,45987.0,0,0,0,0,0,0,1,0,1,0,0,0,0,0,0,0,0,0,0,0,1
-1.1323384381245953,-2.1833637648929702,1.9947724224646615,-2.723851448715542,-2.1019882546060944,0.4534,2.8233445303586815,37752.0,0,0,0,0,1,0,0,0,0,0,0,0,0,0,0,0,0,0,0,0,1
0.596288883647042,0.31689476512043063,0.93146508587646,-1.2758326103048805,-1.2793097156830155,0.4571,-0.10577228016732186,55966.0,0,0,0,1,0,0,0,0,0,0,1,0,0,0,0,0,0,0,0,1,0
-0.5289674776597056,-1.3106577908148789,1.865709877000817,-1.405194211932249,-1.489762365174966,0.7694,-0.04565178842999478,38518.0,0,0,0,1,0,0,0,0,0,1,0,0,0,0,0,0,0,0,0,1,0
0.9410942740875048,0.8156156911322997,-1.1823133486010071,-0.2011200710307871,0.0725212983980532,0.2272,0.08312084059750816,49006.0,0,0,0,1,0,0,0,0,0,1,0,0,0,0,0,0,0,0,0,1,0
-0.6937515688755355,-1.5489988285179224,-4.085637156142101,-0.566669051441021,0.841327986853097,0.5161,-2.0087626055154515,41544.0,0,0,0,1,0,0,0,0,0,1,0,0,0,0,0,0,0,0,0,1,0
-0.13689520583195355,-0.7435708139560396,-0.35145862554262314,-2.05150665637921,-1.813496943221196,0.4645,-2.42356905562884,40596.0,0,0,0,1,0,0,0,0,0,0,1,0,0,0,0,0,0,0,0,1,0
-1.6915411234165436,-0.47711729638185063,-1.1239668090603903,1.2618260443782465,0.3378527488340769,0.3342,2.604069274938745,58308.0,0,0,0,1,0,0,0,0,0,0,1,0,0,0,0,0,0,0,0,0,0
-0.2403087054694283,-0.893146423071219,0.7274855836424635,-2.5472657346039016,-2.1795234412610234,0.5677,-1.8165434317785834,34421.0,0,0,0,1,0,0,0,0,0,0,1,0,0,0,0,0,0,0,0,0,1
1.1610097198791645,1.1336978261865869,0.9321652443509475,0.2313398555061351,0.7617788992460921,0.1621,-0.20814253171180475,51819.0,0,0,0,1,0,0,0,0,0,0,0,0,0,0,0,0,0,0,0,1,0
0.920190837244737,0.7853812990140714,0.1540557930372812,0.8079240324040601,-0.2064039834644837,0.1507,0.8973962269449643,84131.0,0,0,0,1,0,0,0,0,0,1,0,0,0,0,0,0,0,0,0,1,0
-1.8239596584832527,-0.9500647493622479,0.12651622637411006,0.8652878896483529,-0.8120846948013649,0.5557,0.8953042578391781,44349.0,0,0,0,1,0,0,0,0,1,0,0,0,0,0,0,0,0,0,0,0,0
-2.0588559916073317,-0.9957155367493222,-1.346617203947384,0.7154662647898737,0.3433909764522861,0.3515,1.8384308700940741,56746.0,0,0,0,1,0,0,0,0,0,1,0,0,0,0,0,0,0,0,0,0,0
0.28075482088156534,-0.1394885871516028,0.29035330940416215,-0.48981025920667376,0.2527654336088624,0.2831,-0.049090360105915117,49483.0,0,0,0,1,0,0,0,0,0,0,0,0,1,0,0,0,0,0,0,1,0
-0.053714832155881805,-0.6232600701687937,0.36970460317940107,-2.059297003494037,-0.44857557295163253,0.3739,-0.7210177006058319,72282.0,0,0,0,1,0,0,0,0,0,0,0,0,0,0,0,0,0,0,0,1,0
0.985648074328389,0.8800575853993742,0.9321652443509475,0.20886168585714515,0.2145013155194169,0.201,0.19685632761285102,43137.0,0,0,0,1,0,0,0,0,0,1,0,0,0,0,0,0,0,0,0,1,0
-1.6495231410207254,-0.8153785188902235,-1.51838941635496,1.224998516800107,0.7799040078147765,0.4042,2.254589828714384,60249.0,0,0,0,1,0,0,0,0,0,0,1,0,0,0,0,0,0,0,0,0,0
-0.1758907964053198,-0.799973403881579,1.6470270468025852,-1.3444449451712444,-1.7445208356125903,0.6621,-0.558891367928944,36624.0,0,0,0,1,0,0,0,0,0,0,1,0,0,0,0,0,0,0,0,1,0
0.9220154926911528,0.788020451066557,0.4653929280260127,0.26317698523287353,1.064367517295523,0.2602,0.01806186184625739,55294.0,0,0,0,1,0,0,0,0,1,0,0,0,0,0,0,0,0,0,0,1,0
-1.855060348936662,-0.834086776990327,-1.1683101791112591,1.4924283769026903,1.4822519648513093,0.2375,2.0908684731174514,61675.0,0,0,0,1,0,0,0,0,1,0,0,0,0,0,0,0,0,0,0,0,0
-1.688728568074503,0.008500289299753794,-1.8684686535986612,1.5873044053756804,1.6252389324487115,0.2198,2.148471320176896,71588.0,0,0,0,1,0,0,0,0,1,0,0,0,0,0,0,0,0,0,0,0,0
0.2707144996287867,-0.15401074501649564,0.9321652443509475,-0.7874889290148868,0.3303006202637916,0.5669,1.897625382148922,38219.0,0,0,0,1,0,0,0,0,0,0,1,0,0,0,0,0,0,0,0,0,1
1.0411082993937961,0.9602743556943918,-0.23476554646138947,0.08122585934267074,0.09215683268079505,0.2993,0.031301083164937245,68010.0,0,0,0,1,0,0,0,0,0,0,0,0,0,0,0,0,0,0,0,1,0
1.4005077404199202,1.4801038798434523,-1.2850032581924926,1.2611573942787482,1.4777206877091387,0.154,1.3214401051122768,75328.0,0,0,0,1,0,0,0,0,0,0,1,0,0,0,0,0,0,0,0,1,0
-1.6870006109841997,-0.6315897755217034,-1.744540603614391,0.5058575812900483,0.26233146313122385,0.3075,1.4056741611833858,56343.0,0,0,0,1,0,0,0,0,0,0,0,0,0,0,0,0,0,0,0,0,0
0.7383928279086238,0.5224316060078187,0.29035330940416215,0.16378702575330759,0.7350947116310836,0.3685,0.856370059435278,59209.0,0,0,0,1,0,0,0,0,0,0,1,0,0,0,0,0,0,0,0,1,0
0.7718343855920775,0.5708009328152287,-0.11807246738015577,-0.5451022046079529,0.2708905421775474,0.251,-0.04120287020638509,49232.0,0,0,0,1,0,0,0,0,1,0,0,0,0,0,0,0,0,0,0,1,0
1.2941790784175649,1.326311827150546,0.9321652443509475,0.7280183432759783,0.7748692554345863,0.2111,-0.3268900100973938,43325.0,0,0,0,1,0,0,0,0,0,1,0,0,0,0,0,0,0,0,0,1,0
1.3625649381886467,1.4252240259058633,0.5820860071072463,0.7496071082406104,1.3392649972539077,0.221,0.010079767915045317,58295.0,0,0,0,1,0,0,0,0,0,0,1,0,0,0,0,0,0,0,0,1,0
0.3686054960930738,-0.01242279494840176,0.5302742799951786,-1.2693171710252833,-0.15807036061465776,0.3682,0.8362539900615983,48364.0,0,0,0,1,0,0,0,0,0,0,0,0,0,1,0,0,0,0,0,1,0
-1.6824749959711864,-0.9957155367493222,-1.1711108130092087,1.2135940737211803,0.9737419744520991,0.2988,2.2002086989782645,57743.0,0,0,0,1,0,0,0,0,0,0,0,0,0,0,0,0,0,0,0,0,0
0.649672194817622,0.39410752083333295,-0.9057507511784832,-1.5101272822348062,-0.41282883105228213,0.2498,-0.2169562821946559,54272.0,0,0,0,1,0,0,0,0,0,0,1,0,0,0,0,0,0,0,0,1,0
1.2876998916490445,1.3169404364629684,0.05696715124169477,-0.1040826041530294,0.7139487516342848,0.3542,-0.08860989303224726,51642.0,0,0,0,1,0,0,0,0,0,1,0,0,0,0,0,0,0,0,0,1,0
0.5235637442047619,0.2117063026063596,-0.35145862554262314,-0.14579353789314606,-0.27034533869289945,0.2214,0.49674751522232136,46744.0,0,0,0,1,0,0,0,0,1,0,0,0,0,0,0,0,0,0,0,1,0
0.5952163648795474,0.3153434913650907,0.28125124923582595,0.4283263795930543,0.44962425167429937,0.1561,1.1395819298729077,59436.0,0,0,0,1,0,0,0,0,0,0,0,0,0,0,0,0,0,0,0,1,0
-0.5758096703177769,-1.3784095787698687,0.29035330940416215,-1.7276616805193281,-1.0084400376287828,0.4647,-1.613791130240115,37275.0,0,0,0,1,0,0,0,0,0,0,0,0,0,0,0,0,0,0,0,1,0
0.35884400623981394,-0.026541655598040587,-0.17641900692077261,-2.339402293600523,-0.8286993776559928,0.5348,-1.0103038284659553,46086.0,0,0,0,1,0,0,0,0,0,0,0,0,0,0,0,0,1,0,0,1,0
0.5416143673095293,0.23781443118985182,0.5237394675666296,-1.4753300768458708,-1.4520017223235395,0.5435,-0.8822460359046252,45606.0,0,0,0,1,0,0,0,0,0,0,0,0,0,0,0,0,1,0,0,1,0
-1.6932747815450948,-0.7863445602585586,-1.489449532742814,0.9559928802166043,0.20795613742516977,0.3255,1.0484667861047983,49137.0,0,0,0,1,0,0,0,0,0,0,0,0,0,0,0,0,1,0,0,0,0
-2.6426556778892545,-2.0718835897225696,-1.4600428768143432,-0.3708211289657755,-1.3669144070983252,0.3412,0.19249138864641016,34996.0,0,0,0,1,0,0,0,0,0,0,0,0,0,0,1,0,0,0,0,0,0
1.0987281531289645,1.0436147778808411,0.8735853186521682,0.42689940869153997,0.8695226001821623,0.3613,-0.8645441856328632,56274.0,0,0,0,1,0,0,0,0,0,0,1,0,0,0,0,0,0,0,0,1,0
-1.7888887660039456,-1.074161182083453,0.47099419582191193,0.3079049164790352,-1.4771754842244904,0.6498,0.6846914281242614,40674.0,0,0,0,1,0,0,0,0,0,1,0,0,0,0,0,0,0,0,0,0,0
0.03703462327735482,-0.4920015292540994,0.5237394675666296,-0.2408927650659055,-0.8513557633668487,0.3217,0.02123329543343668,38740.0,0,0,0,1,0,0,0,0,0,0,0,0,0,0,1,0,0,0,0,1,0
0.27222782260065326,-0.15182189920721112,0.9321652443509475,-0.3730990202906031,-0.4475686224755946,0.691,0.25781178002576277,42712.0,0,0,0,1,0,0,0,0,0,0,0,0,0,0,0,0,0,0,0,1,0
0.8572172823731999,0.6942973703096125,0.05696715124169477,0.632173130108616,1.2315212963178375,0.2434,-0.11766406571663415,53800.0,0,0,0,1,0,0,0,0,0,0,0,0,1,0,0,0,0,0,0,1,0
0.5890538715036403,0.3064301608656795,0.9321652443509475,-0.9334014579807007,-0.766771923379653,0.4671,-0.7913635972641814,54003.0,0,0,0,1,0,0,0,0,0,1,0,0,0,0,0,0,0,0,0,1,0
-2.5236446652730518,-2.015801769402178,-1.859366593430325,-1.7074265753711133,-1.438911366135045,0.4051,0.07544768776808619,39318.0,0,0,0,1,0,0,0,0,0,1,0,0,0,0,0,0,0,0,0,0,0
-2.0064433022874186,-1.180678070222797,0.6301635556887146,-0.07214622091854887,-1.4021576737596564,0.5191,0.4497896538099053,49179.0,0,0,0,1,0,0,0,0,0,0,1,0,0,0,0,0,0,0,0,0,0
-1.832088926817908,-1.0563943650654788,0.6987790861884801,-0.10780129422675548,-1.063318838572856,0.444,0.6421101372603868,44544.0,0,0,0,1,0,0,0,0,1,0,0,0,0,0,0,0,0,0,0,0,0
0.8588544427546474,0.6966653325401985,-0.11807246738015577,0.9354342657966399,0.9218840249361402,0.1845,-0.9022614841877236,50412.0,0,0,0,1,0,0,0,0,0,0,1,0,0,0,0,0,0,0,0,1,0
-2.6051897764687495,-2.0545796136681025,-2.3499442978878315,-1.13083395065454,-1.4882519394609088,0.4977,0.45524470539136913,40251.0,0,0,0,1,0,0,0,0,0,1,0,0,0,0,0,0,0,0,0,0,0
-0.2403087054694283,-0.893146423071219,0.7274855836424635,-1.920644912070755,-2.1795234412610234,0.7231,-1.9351303259983952,34421.0,0,0,0,1,0,0,0,0,1,0,0,0,0,0,0,0,0,0,0,0,1
0.11892012210639348,-0.3735636714503263,0.3078572712663472,-1.2978466425055626,-0.6962853900569905,0.2976,-1.048540754582457,38208.0,0,0,0,1,0,0,0,0,0,0,0,0,0,0,0,0,0,1,0,1,0
1.4198893727699013,1.5081371586180579,-1.1099636395706423,1.5271884929026094,2.0144252914374134,0.1818,0.8683005308370925,80137.0,0,0,0,1,0,0,0,0,0,0,0,0,0,0,0,0,0,0,0,1,0
-1.9209817031781715,-1.1401577431173686,1.865709877000817,-0.12045289719105227,-1.2697436861606541,0.7195,-0.0031796283153202125,36666.0,0,0,0,1,0,0,0,0,0,0,0,0,0,1,0,0,0,0,0,0,0
-0.8450577548359898,0.2823636028325694,-0.3113162063386788,1.629608675235923,0.6933062668755051,0.1367,1.6308539989910535,102772.0,0,0,0,1,0,0,0,0,0,0,0,0,0,0,0,0,0,0,0,0,0
-2.030599553075514,-1.1918272095722973,-0.9696985585149993,-0.7796487737898992,-1.1952293509338392,0.4066,-0.08897137377294148,48757.0,0,0,0,1,0,0,0,0,0,0,0,0,0,0,1,0,0,0,0,0,0
-1.2147427602668925,-0.025266858572171272,-0.17641900692077261,0.7370761131146496,0.3569848078787998,0.1637,0.6513361374319019,58140.0,0,0,0,1,0,0,0,0,0,0,0,0,0,0,1,0,0,0,0,0,0
-1.795645118578765,-1.0381961212072346,0.05696715124169477,0.21974313018879393,-0.4692180577104123,0.3549,1.747851049191479,53236.0,0,0,0,1,0,0,0,0,0,0,0,0,0,0,1,0,0,0,0,0,0
-1.2968424692987812,-0.36977358788335485,-0.4907901619656162,0.30358320571375635,-0.4505894739037086,0.5011,1.958300254787363,47384.0,0,0,0,1,0,0,0,0,0,0,0,0,0,0,0,0,0,0,0,0,0
-0.9152843279189555,0.11430740300397965,-1.0516171000300254,1.4199832078719847,1.4067306791484568,0.1722,2.0776876400945756,68726.0,0,0,0,1,0,0,0,0,1,0,0,0,0,0,0,0,0,0,0,0,0
0.6405179437544412,0.38086696052381264,0.6357648234846139,-1.0553396765420828,-0.4274296129548338,0.4366,-1.246509185352742,51745.0,0,0,0,1,0,0,0,0,0,0,0,0,0,0,1,0,0,0,0,1,0
-0.5065882887667595,-1.278288894859316,-1.4796473140999906,-0.8858966738271832,-1.1906980737916681,0.3923,-0.8917169342461434,47397.0,0,0,0,1,0,0,0,0,0,1,0,0,0,0,0,0,0,0,0,1,0
0.8732997172993088,0.7175587434239623,0.2784506153378763,0.6146057260427911,1.044731983012781,0.333,0.49209794342038365,58354.0,0,0,0,1,0,0,0,0,1,0,0,0,0,0,0,0,0,0,0,1,0
0.5232594409220821,0.2112661632723061,0.4653929280260127,0.8321448463761857,-0.34334924820565715,0.4438,0.05807023036519879,52889.0,0,0,0,1,0,0,0,0,0,0,0,0,0,0,0,0,0,0,0,1,0
1.0298921279674635,0.9440514672038642,0.4653929280260127,0.06435619757096671,0.12538619839005036,0.3374,-0.47990833803914523,55232.0,0,0,0,1,0,0,0,0,0,0,1,0,0,0,0,0,0,0,0,1,0
0.47706120417421777,0.14444578270465147,0.4653929280260127,0.21176430554282955,-0.7234730529100174,0.4145,-0.6007271069850977,49130.0,0,0,0,1,0,0,0,0,0,0,0,0,0,0,1,0,0,0,0,1,0
0.3715205228557472,-0.008206547503508915,0.20866815404729858,-1.3616554319202963,-0.785400507186357,0.3909,-0.7656076072289764,46541.0,0,0,0,1,0,0,0,0,0,0,0,0,0,0,0,0,1,0,0,1,0
0.8633126631707413,0.703113630263848,0.4999340794340579,0.9004089483753165,0.4999717754762014,0.1854,1.435386366279395,45954.0,0,0,0,1,0,0,0,0,1,0,0,0,0,0,0,0,0,0,0,1,0
-1.8941335903942036,-1.1273237805773726,1.1655514025134148,-0.3109815376632262,-1.340230219483317,0.6485,0.05534076723377522,37981.0,0,0,0,1,0,0,0,0,1,0,0,0,0,0,0,0,0,0,0,0,0
0.1408929110187541,-0.34178258583725796,0.4653929280260127,-0.5289507933244936,-0.8030221405170227,0.3744,-0.7033770757149946,44604.0,0,0,0,1,0,0,0,0,0,1,0,0,0,0,0,0,0,0,0,1,0
0.4488102839822712,0.10358410980325934,0.4653929280260127,1.3683643495293485,1.2541776820286938,0.2937,0.2929815604667107,59993.0,0,0,0,1,0,0,0,0,0,0,0,0,0,0,0,0,0,0,0,1,0
-0.8596728069149622,-1.788984616948764,-0.42194124530768834,-0.8023984169734885,-0.8659565452694,0.4678,-0.9468523431511218,49716.0,0,0,0,1,0,0,0,0,0,0,0,0,0,0,1,0,0,0,0,1,0
0.0945760931395286,-0.40877448023062285,-0.17641900692077261,-1.3125436463775708,-0.461162453902108,0.1972,-0.939756444022302,36630.0,0,0,0,1,0,0,0,0,0,0,0,0,0,0,1,0,0,0,0,1,0
0.22565842349415288,-0.21917912299232023,0.1010771351344011,-1.1509871153473763,-0.5175516805602383,0.1037,-0.9939797040746955,46700.0,0,0,0,1,0,0,0,0,0,0,0,0,0,0,0,0,0,1,0,1,0
-1.772026472040952,-1.0261165557740708,0.4138145870721074,-0.5051452804029157,-0.9681620185872611,0.5086,0.8193913061417382,49361.0,0,0,0,1,0,0,0,0,0,1,0,0,0,0,0,0,0,0,0,0,0
0.33363495514618996,-0.06300361835689583,0.25394506873081724,0.07756042526536706,0.5860660411774539,0.4446,-1.4073008338298347,44317.0,0,0,0,1,0,0,0,0,1,0,0,0,0,0,0,0,0,0,0,1,0
-1.7803163628385443,-1.0305645848724372,0.2250051851186713,0.1346224553283059,-0.9213388214514923,0.418,0.8918796669318023,49587.0,0,0,0,1,0,0,0,0,0,0,0,0,0,0,1,0,0,0,0,0,0
0.548248196218129,0.24740949376145166,0.9321652443509475,-0.5566513703150455,-0.07046566919934841,0.2106,-0.94991214201775,47195.0,0,0,0,1,0,0,0,0,0,0,0,0,0,0,0,0,0,0,1,1,0
0.44476623451234487,0.09773486222072274,0.05696715124169477,-0.015893933657660224,0.3856828964458836,0.422,-0.3618238352168973,52343.0,0,0,0,0,0,0,1,0,0,0,0,0,0,0,0,0,0,0,0,1,0
-1.4050949101532897,-0.6311101137307233,-0.5848447837050905,-0.32988799209454567,-0.9147936433572452,0.3953,-0.10025620975706535,47856.0,0,0,0,0,0,0,1,0,0,0,0,0,0,0,0,1,0,0,0,0,0
-0.796448671561819,0.3621812961995064,-1.0516171000300254,0.04378927758632784,-0.17569199394532348,0.2451,1.428637015237314,57624.0,0,0,0,0,0,0,1,0,0,0,0,0,0,0,0,0,0,0,0,0,0
0.5784430193045113,0.29108279629065126,-0.23476554646138947,-1.3149947823076844,-0.659028222443583,0.2,-0.015992208146824675,59593.0,0,0,0,0,0,0,1,0,0,0,0,0,0,0,0,0,0,0,0,1,0
-1.4505285763696147,-0.6556239935728571,-1.985161732679895,-0.38981590783710984,-1.019013017627182,0.2966,-0.013347787602392355,52075.0,0,0,0,0,0,0,1,0,0,0,1,0,0,0,0,0,0,0,0,0,0
-1.2482544500171635,-0.11223613071559066,-0.5848447837050905,0.26823471744429794,-0.18223717203957085,0.1794,1.5755449661319547,51658.0,0,0,0,0,0,1,0,0,1,0,0,0,0,0,0,0,0,0,0,0,0
-1.3168332767012656,-0.07632383689641269,-0.692435802617988,-0.04102899135473054,-0.9807488995377367,0.2684,0.8665903536086226,45608.0,0,0,0,0,0,1,0,0,0,1,0,0,0,0,0,0,0,0,0,0,0
-1.2429251691517436,0.08531495954775517,-0.23896649730831387,0.06949278759844364,-0.10419851014662268,0.2276,0.8782630993866428,54670.0,0,0,0,0,0,1,0,0,0,0,0,0,0,0,1,0,0,0,0,0,0
0.6987711999812414,0.4651235258040846,0.348699848944779,0.16888402629552757,0.6837402373531436,0.2405,-0.7358790683210803,48473.0,0,0,0,0,0,1,0,0,0,0,0,1,0,0,0,0,0,0,0,1,0
-1.4866400213489872,-0.5754912043362166,-1.0516171000300254,-0.7632000035569512,-1.0069296119147257,0.2401,-0.09404873065784049,46001.0,0,0,0,0,0,1,0,0,0,1,0,0,0,0,0,0,0,0,0,0,0
0.8210495894167665,0.6419850056452905,0.17366023032292846,0.33021062731500045,0.2527654336088624,0.2947,-0.6684560457273659,51719.0,0,0,0,0,0,1,0,0,0,0,0,1,0,0,0,0,0,0,0,1,0
-2.1233729773138608,-3.6167800536083234,-2.109089782664165,-0.34048777135079705,-1.1292740947533477,0.2487,2.322868922264927,53406.0,0,0,0,0,0,1,0,0,0,0,0,0,0,0,1,0,0,0,0,1,0
0.8259457133013325,0.6490666798455121,0.9321652443509475,-1.920644912070755,-0.16562248918494307,0.6306,-2.7626057603791656,34324.0,0,1,0,0,0,0,0,0,0,0,0,0,0,0,0,0,0,0,0,0,1
1.2703560943463905,1.291854649259084,0.9321652443509475,0.5920843425655766,-0.19532752822806534,0.1911,0.06590521934954378,40151.0,0,1,0,0,0,0,0,0,0,0,0,0,0,0,0,0,0,0,0,1,0
1.146143904973416,1.1121961525432449,0.9321652443509475,0.620229909097809,1.4988666477059374,0.2192,-0.04428034486517876,62971.0,0,1,0,0,0,0,0,0,0,1,0,0,0,0,0,0,0,0,0,1,0
0.3617797135668945,-0.022295496120106832,-0.6273210644906596,0.26678985424524554,0.14552520791081117,0.4345,0.37704874895495727,58709.0,0,1,0,0,0,0,0,0,0,0,1,0,0,0,0,0,0,0,0,1,0
0.28840492675374513,-0.12842359805793283,0.28848622013886244,-1.2782767520929246,-0.026663323491693737,0.544,-1.6654545449526865,46802.0,0,1,0,0,0,0,0,0,0,0,0,0,0,0,1,0,0,0,0,1,0
0.8318677363989794,0.6576321980334654,0.9321652443509475,0.7363795882461286,0.6776985344969155,0.2942,0.3442664939857161,66852.0,0,1,0,0,0,0,0,0,1,0,0,0,0,0,0,0,0,0,0,1,0
-0.7336147779011057,-1.6066563277050467,1.7781900676898919,-2.2020880063433035,-1.8381672298841278,0.5497,-0.4886468504868586,42778.0,0,1,0,0,0,0,0,0,0,0,0,0,0,0,0,0,0,0,0,0,0
1.5531588384712627,1.7008959529593728,-1.8684686535986612,1.7383080306509797,2.171006090461329,0.1447,0.8979458685283567,91885.0,0,1,0,0,0,0,0,0,0,0,0,0,0,0,0,0,0,0,0,1,0
0.5573974557616014,0.26064283441779895,0.4653929280260127,-0.7765140507529316,-0.21043178536863597,0.4318,0.7482843460306641,42195.0,0,1,0,0,0,0,0,0,0,0,0,0,0,0,0,0,0,0,0,1,0
0.7074720139268561,0.4777082420188481,-0.001379388298922081,-0.8882677462020188,-0.43951301866729003,0.4458,-0.5350152704455501,54089.0,0,1,0,0,0,0,0,0,0,0,1,0,0,0,0,0,0,0,0,1,0
0.9887539313226777,0.8845498465971281,0.03782948627237244,0.8907774291956277,0.6384274659314318,0.3066,1.4273037299682276,68751.0,0,1,0,0,0,0,0,0,0,0,0,0,0,0,0,0,0,0,0,1,0
-0.6651583065857425,-1.1694652531283027,-0.35145862554262314,-0.31022585785215595,-0.7275008548141697,0.3087,0.4512980857802561,51989.0,0,1,0,0,0,0,0,0,0,0,0,0,0,0,0,1,0,0,0,0,0
0.8979720686606656,0.7532444323921882,-0.5874120314448776,0.12220743849122113,0.3227484916935063,0.368,0.1215782515490488,61462.0,0,1,0,0,0,0,0,0,0,0,1,0,0,0,0,0,0,0,0,1,0
0.37054953160313014,-0.009610973507510818,0.05696715124169477,-0.8456552465639647,-0.5643748776960072,0.2272,-1.313449343661341,51641.0,0,1,0,0,0,0,0,0,0,0,0,0,0,1,0,0,0,0,0,1,0
-0.8981204926055347,-1.8445947261356344,-1.0240775333668541,-1.1364736511299924,-1.5214813051701643,0.524,-0.010711778747856738,58169.0,0,1,0,0,0,0,0,0,0,0,1,0,0,0,0,0,0,0,0,0,0
0.4733697526077161,0.1391065270125582,0.2028335000932369,-0.2988959908729969,0.15458776219515366,0.3766,-0.8879155762735671,46827.0,0,1,0,0,0,0,0,0,0,0,0,0,0,0,1,0,0,0,0,1,0
-0.5721494042352488,0.05671053062381483,-1.4707786400898168,0.305023937491902,-0.1782093701354186,0.4957,1.7782208965726083,68740.0,0,1,0,0,0,0,0,0,0,0,0,0,0,0,0,0,0,0,0,0,0
0.6304982753425146,0.36637467459306033,-0.11807246738015577,-0.3761368370641907,-0.28544959583347007,0.3918,-0.28096980158723933,63446.0,0,1,0,0,0,0,0,0,0,0,1,0,0,0,0,0,0,0,0,1,0
-0.4205348334787896,0.3786130827345573,-0.818230941867558,1.4054450274570611,1.5205160829407551,0.2381,2.1610357606301758,81054.0,0,1,0,0,0,0,0,0,0,1,0,0,0,0,0,0,0,0,0,0,0
1.2997368452050095,1.3343504909175241,0.9321652443509475,0.7426469531494746,1.736506960050915,0.2318,-0.4019796271018682,70871.0,0,1,0,0,0,0,0,0,0,1,0,0,0,0,0,0,0,0,0,1,0
0.7528243151470501,0.5433050751553933,0.5972561073878068,-0.3155165501171687,0.6021772487940624,0.3512,-0.8400221182874797,52575.0,0,1,0,0,0,0,0,0,0,0,0,0,0,0,1,0,0,0,0,1,0
1.1985276817972903,1.1879631979836576,0.4653929280260127,0.9065968288350575,-0.3936967720075592,0.2906,0.08076742876405099,82592.0,0,1,0,0,0,0,0,0,0,0,0,0,0,0,0,0,0,0,0,1,0
-0.4190705184420812,-0.03179106264248661,-0.5890457345520149,0.5164904852518583,0.40531843072862545,0.3005,1.6378133029555175,62117.0,0,1,0,0,0,0,0,0,0,0,0,1,0,0,0,0,0,0,0,0,0
0.48736286786586835,0.15934594203568708,0.4653929280260127,-0.03215217876095362,-0.004510413018856776,0.3972,-0.9811480476802423,56313.0,0,1,0,0,0,0,0,0,1,0,0,0,0,0,0,0,0,0,0,1,0
1.296836698335295,1.3301557655085425,0.9321652443509475,0.4161920723258449,0.42948524215353856,0.2972,-0.7779702619368709,54820.0,0,1,0,0,0,0,0,0,0,0,0,0,0,0,1,0,0,0,0,1,0
1.2620344027643362,1.279818289483833,0.73565409917815,0.8632189522588359,1.0255999239680587,0.3515,-0.29707933997129493,61825.0,0,1,0,0,0,0,0,0,0,0,1,0,0,0,0,0,0,0,0,1,0
0.7679076388846653,0.5651213500464296,-0.35145862554262314,0.6791356701009028,0.24168897837244405,0.3089,0.30024687459642435,66099.0,0,1,0,0,0,0,0,0,0,0,1,0,0,0,0,0,0,0,0,1,0
1.1972747163620066,1.186150929093814,0.2686483966950527,0.7189541834756896,1.2783444934536063,0.2324,1.253178706780864,71530.0,0,1,0,0,0,0,0,0,0,0,0,0,0,0,0,0,0,0,0,1,0
0.621620355085084,0.35353379468051194,0.05696715124169477,-0.45231662850168836,0.3162033135992589,0.2909,-0.3863039783963388,58572.0,0,1,0,0,0,0,0,0,0,0,1,0,0,0,0,0,0,0,0,1,0
0.29529496456379306,0.8487821920669707,0.9321652443509475,-0.031412721134550216,0.2739113936056614,0.3472,-0.46327078165685653,51262.0,0,1,0,0,0,0,0,0,0,1,0,0,0,0,0,0,0,0,0,1,0
0.9592790294035486,0.8419178263713444,0.9321652443509475,-0.3450332121944441,0.3469153031184194,0.3091,-1.0416635816287572,51110.0,0,1,0,0,0,0,0,0,0,0,0,0,0,0,1,0,0,0,0,1,0
-0.7785692128780292,-1.6716776935583826,-0.7598844023269411,-1.3813528298130653,-0.7063548948173707,0.5728,0.3931681473006411,45799.0,0,1,0,0,0,0,0,0,0,0,0,0,0,0,0,0,0,0,0,1,0
0.9867048505591826,0.8815860894048814,0.348699848944779,0.5426807541561837,1.0598362401533516,0.247,-0.06439191180605328,60123.0,0,1,0,0,0,0,0,0,1,0,0,0,0,0,0,0,0,0,0,1,0
0.6715148005487142,0.4257003116038225,0.5820860071072463,-0.4050319754421547,-0.07952822348369061,0.432,-0.2687529525425318,59572.0,0,1,0,0,0,0,0,0,0,0,0,0,0,0,0,0,0,0,0,1,0
-0.739466801497954,-1.6151205997500264,-0.19695698883906976,-0.2838050260373026,-0.4969091958014584,0.4555,1.2314947148083057,57808.0,0,1,0,0,0,0,0,0,0,0,0,0,1,0,0,0,0,0,0,0,0
1.5336104549541192,1.6726214880003094,-1.8684686535986612,1.6101009342790236,2.2349474456897447,0.187,1.0409180829458615,89363.0,0,1,0,0,0,0,0,0,0,1,0,0,0,0,0,0,0,0,0,1,0
-0.7743302302013778,-0.4542508070988385,-1.9618231168636482,-1.008180563406324,-1.9761194451013395,0.5377,0.3451234688137951,52234.0,0,1,0,0,0,0,0,0,0,0,0,0,0,0,0,0,0,0,0,0,0
0.7700178368823005,0.5681735062151736,0.4653929280260127,-0.4538448409309691,0.45214162786439477,0.3533,-0.021639777787380063,53213.0,0,1,0,0,0,0,0,0,0,0,0,0,1,0,0,0,0,0,0,1,0
0.6876244789391742,0.4490010892232805,0.2320067698635453,-0.771813399730732,-0.6086806986416808,0.2964,-0.7446064256080019,50369.0,0,1,0,0,0,0,0,0,0,0,0,0,0,0,0,1,0,0,0,1,0
0.746552222106408,0.5342332214779731,-0.1708177391248734,-0.3079590850536565,-1.9091572384448097,0.4175,-0.8127339043563446,54794.0,0,1,0,0,0,0,0,0,1,0,0,0,0,0,0,0,0,0,0,1,0
-0.0939297664639454,-0.6814262991015951,-0.23476554646138947,-0.953247073714668,-0.30860945678234497,0.4642,0.010400532225185813,48712.0,0,1,0,0,0,0,0,0,0,0,0,0,0,0,0,0,0,0,0,1,0
0.7665233428794007,0.5631191267495775,0.3279284808683194,0.3689734972736473,0.2864982745561369,0.4934,-0.09623430006068806,60327.0,0,1,0,0,0,0,0,0,0,0,1,0,0,0,0,0,0,0,0,1,0
0.735413767725326,0.5181227416615812,-0.4497141981290219,-0.06102427142523858,0.1948657812366753,0.3706,-0.5633656264604021,63926.0,0,1,0,0,0,0,0,0,0,0,1,0,0,0,0,0,0,0,0,1,0
0.7294362753470743,0.5094769936055475,-0.18272043319115924,0.015087521894009578,0.2205430183756453,0.5599,0.14262207809754368,58656.0,0,1,0,0,0,0,0,0,0,0,0,0,0,0,0,0,0,0,0,1,0
-0.788998854481731,-0.5174808443831564,-0.9050505927039958,0.4689285711686812,0.007572992693599773,0.3585,-0.08860989303224726,57103.0,0,1,0,0,0,0,0,0,1,0,0,0,0,0,0,0,0,0,0,0,0
-0.6816180545414866,-1.531449110119596,-0.34142302074163705,-0.41188508929510803,-0.1726711425172094,0.3665,0.9589426200719721,53390.0,0,1,0,0,0,0,0,0,0,0,0,0,0,0,1,0,0,0,0,0,0
-0.7155656549369587,-1.5805503689006244,-0.5848447837050905,-0.14579353789314606,-0.5316489872247709,0.3157,1.029370741535899,56346.0,0,1,0,0,0,0,0,0,0,0,1,0,0,0,0,0,0,0,0,0,0
-0.09087263858345498,-0.6770045189039386,0.4674934034494749,0.36467228226365145,0.40380800501456854,0.3329,-0.9643425118545927,55700.0,0,1,0,0,0,0,0,0,0,0,1,0,0,0,0,0,0,0,0,1,0
-0.7813651386882711,-1.6757216753167974,0.7179167511578024,-6.546263355682446,-0.3554326539181137,0.3288,-2.3997200835471566,46989.0,0,1,0,0,0,0,0,0,0,0,1,0,0,0,0,0,0,0,0,1,0
-0.5143151973776247,-1.2894649701889305,0.523972853724792,-1.1938166551266258,-0.6132119757838521,0.2812,0.5474167869094037,54163.0,0,1,0,0,0,0,0,0,0,0,0,0,0,0,0,1,0,0,0,0,0
0.9722126200808958,0.8606247622200716,0.05696715124169477,1.3736681456765039,1.9610569162073979,0.202,-0.16622073235072105,63756.0,0,1,0,0,0,0,0,0,0,0,1,0,0,0,0,0,0,0,0,1,0
0.683759800254652,0.4434112806364102,0.9321652443509475,-0.33821565380813173,-0.04025715491820718,0.3587,-0.7194687383139204,48899.0,0,1,0,0,0,0,0,0,0,1,0,0,0,0,0,0,0,0,0,1,0
-0.9683521436932433,0.01593481925032719,0.05696715124169477,0.21974313018879393,0.38719332215994107,0.3358,1.3969941443239962,51833.0,0,1,0,0,0,0,0,0,0,1,0,0,0,0,0,0,0,0,0,0,0
0.5909179308444301,0.3091263060720876,0.4653929280260127,-0.30947022248368744,0.40531843072862545,0.3522,-0.7202428575527461,48860.0,0,1,0,0,0,0,0,0,0,1,0,0,0,0,0,0,0,0,0,1,0
1.0351216943626724,0.9516154272449978,0.6987790861884801,0.9854029794177197,1.4394565696196928,0.1378,0.44846751971878673,77235.0,0,1,0,0,0,0,0,0,0,0,0,0,0,0,0,0,0,0,0,1,0
0.058514393007118894,-0.460933538592859,-0.34352349616509925,-2.842017863337734,-1.1081281347565488,0.4849,-1.2553251683372937,46945.0,0,1,0,0,0,0,0,0,0,0,1,0,0,0,0,0,0,0,0,1,0
1.3331530460462209,1.382683141999454,0.9321652443509475,1.0596539408932952,1.5013840238960323,0.1575,-0.28691684869660866,70527.0,0,1,0,0,0,0,0,0,0,0,0,0,0,0,1,0,0,0,0,1,0
1.2005779558228689,1.1909286810908342,0.112513056884362,0.40547580548868367,0.890668560178961,0.25,-1.1818663403498004,50797.0,0,1,0,0,0,0,0,0,0,0,0,0,0,0,1,0,0,0,0,1,0
0.9322667672137142,0.8028477283204389,0.37343878171000056,0.23858249717707986,0.8186716011422412,0.2296,-0.4525486728614315,53770.0,0,1,0,0,0,0,0,0,1,0,0,0,0,0,0,0,0,0,0,1,0
0.7483999177785967,0.5369056985394394,0.9321652443509475,-0.23563270581249618,0.8790886297045237,0.385,-0.8888642822557187,55376.0,0,1,0,0,0,0,0,0,0,0,1,0,0,0,0,0,0,0,0,1,0
0.7634583813870103,0.5586860161426841,-0.007447428411146233,0.29133045849574535,0.25578628503697676,0.3738,-1.0015576302885942,51943.0,0,1,0,0,0,0,0,0,0,1,0,0,0,0,0,0,0,0,0,1,0
0.4477085367407237,0.10199056045696374,-0.818230941867558,0.44899966801782987,1.2350456229839708,0.2873,-0.4337012946692851,45411.0,0,1,0,0,0,0,0,0,0,0,0,0,0,0,1,0,0,0,0,1,0
0.9392946995306127,0.8130128156717562,0.5237394675666296,0.6490152704642465,0.8000430173355373,0.26,-0.8110038524025146,53957.0,0,1,0,0,0,0,0,0,0,0,0,0,0,0,1,0,0,0,0,1,0
0.6783309939615976,0.43555914323753553,0.2320067698635453,0.37040691569249806,-0.987294077631984,0.2897,-1.2962005838975268,50416.0,0,1,0,0,0,0,0,0,0,0,1,0,0,0,0,0,0,0,0,1,0
0.44531839446912486,0.09853349742941314,0.5998233551275939,0.20450652645132972,0.9062762925575506,0.2937,-0.7623418115347372,46672.0,0,1,0,0,0,0,0,0,0,0,0,0,0,0,1,0,0,0,0,1,0
-1.1760515589904,-0.49917123205187525,-0.35145862554262314,-0.7545923778003575,-1.0970516795201304,0.2305,0.6289882999223062,45872.0,0,1,0,0,0,0,0,0,0,0,0,0,0,0,0,0,0,0,0,0,0
-1.0085470331131279,0.33275574559577187,-0.7015378627863242,-0.12641090610098493,-0.23208122060345396,0.3627,1.5509764893064162,55198.0,0,1,0,0,0,0,0,0,0,0,0,0,0,0,0,0,0,0,0,0,0
0.7028231429819913,0.47098419046161766,0.900424726840852,-0.45231662850168836,0.08611512982456693,0.3596,0.17400866380787736,53610.0,0,1,0,0,0,0,0,0,0,0,0,0,0,0,0,0,0,0,0,1,0
0.4665008225728024,0.1291714179838193,0.7900330740300048,-0.6315876534699727,-1.1061142338044727,0.3383,-0.5202825342386717,47327.0,0,1,0,0,0,0,0,0,0,0,0,0,0,0,0,0,0,0,0,1,0
-1.0504926474162162,-0.46772710669965256,-0.6770323161792652,-0.3518543899895963,-0.2743731405970515,0.2228,0.6127147821629154,47605.0,0,1,0,0,0,0,0,0,0,0,0,1,0,0,0,0,0,0,0,0,0
-1.0702272300093225,-0.5432897755850515,0.2320067698635453,-0.4156939548208921,-0.658524747205564,0.3905,0.7901257558558002,48387.0,0,1,0,0,0,0,0,0,0,1,0,0,0,0,0,0,0,0,0,0,0
-1.3463613387459854,-0.5151263668179977,-1.4107983974420626,-0.5504905234053307,-0.6066667976896047,0.3469,-0.0828475432785553,49917.0,0,1,0,0,0,0,0,0,0,1,0,0,0,0,0,0,0,0,0,0,0
-1.3463613387459854,-0.5151263668179977,-0.38529961847618094,-0.5551108816153953,-1.165524311890717,0.4117,0.3317397279834662,44947.0,0,1,0,0,0,0,0,0,1,0,0,0,0,0,0,0,0,0,0,0,0
-0.8420128494781898,0.6975525942783173,-0.8161304664440957,1.1537226759488772,1.42032451057497,0.1669,2.206395052416882,63742.0,0,1,0,0,0,0,0,0,0,1,0,0,0,0,0,0,0,0,0,0,0
-1.3463613387459854,-0.5151263668179977,-0.302447532328505,-0.40960031184016,-1.0577806109546468,0.4255,0.010079767915045317,43361.0,0,1,0,0,0,0,0,0,0,0,1,0,0,0,0,0,0,0,0,0,0
-1.3463613387459854,-0.5151263668179977,-0.7752878887656639,-0.32837445151274547,-0.8694808719355334,0.3381,0.1583298313591695,47596.0,0,1,0,0,0,0,0,0,0,0,1,0,0,0,0,0,0,0,0,0,0
-1.3463613387459854,-0.5151263668179977,-1.1683101791112591,-0.8417167841035408,-0.4969091958014584,0.3378,-0.03474326945271812,47156.0,0,1,0,0,0,0,0,0,0,0,0,0,0,0,1,0,0,0,0,0,0
0.7387647584417928,0.5229695603004624,0.8980908652592272,-0.19213200072088915,-0.31515463487659207,0.4374,-0.8673141979665441,51504.0,0,1,0,0,0,0,0,0,0,0,0,0,0,0,1,0,0,0,0,1,0
0.8115577020497862,0.6282560936604352,0.9321652443509475,0.23858249717707986,0.010090368883694875,0.2305,-0.07285885222930444,58759.0,0,1,0,0,0,0,0,0,0,0,0,0,0,0,0,0,0,0,0,1,0
0.4988278218969544,0.1759286656519353,0.29035330940416215,0.3352420459067925,0.7361016621071216,0.2549,-0.23228714340483939,59986.0,0,1,0,0,0,0,0,0,0,0,0,0,0,0,1,0,0,0,0,1,0
1.4627692800381444,1.570157961230231,-0.9349240209487917,1.6581665584465966,2.48920244088935,0.1247,1.0374893165624515,99980.0,0,1,0,0,0,0,0,0,0,0,1,0,0,0,0,0,0,0,0,1,0
0.30846470876246457,-0.09940945461253846,-1.4581757875490435,-0.46454742046196473,0.5946251202237774,0.3185,-1.4002330333331368,43283.0,0,1,0,0,0,0,0,0,0,0,0,0,0,0,0,0,0,1,0,1,0
1.3235488143838994,1.368791737047383,0.4653929280260127,1.1597897824314713,1.2370595239360467,0.1171,-0.11355698795467647,101253.0,0,1,0,0,0,0,0,0,0,1,0,0,0,0,0,0,0,0,0,1,0
0.6752191986891279,0.4310582930105047,0.6931778183925809,-0.6432148564450306,0.31972764026539224,0.427,-0.38682175072489855,55362.0,0,1,0,0,0,0,0,0,0,0,0,0,0,0,0,0,0,0,0,1,0
0.5979372858233821,0.3192789873008732,-0.8154303079696084,-0.5151228680607711,0.24168897837244405,0.5055,-0.8663898313510117,43845.0,0,1,0,0,0,0,0,0,0,0,0,0,0,0,0,0,1,0,0,1,0
1.1896256548369155,1.17508745052684,0.9321652443509475,0.6784359970545223,1.3810534420094869,0.239,-0.4974784927071497,59354.0,0,1,0,0,0,0,0,0,0,0,1,0,0,0,0,0,0,0,0,1,0
0.8116988003356631,0.6284601759333409,-0.5848447837050905,1.2015077374386212,1.2929452753561579,0.1312,-0.24834509525078968,52198.0,0,1,0,0,0,0,0,0,0,0,0,0,0,0,0,0,0,1,0,1,0
0.6822108917884212,0.4411709645450654,0.4653929280260127,0.7989160882415061,0.6641047030704018,0.1555,-0.07002691582135386,57165.0,0,1,0,0,0,0,0,0,0,0,0,0,0,0,1,0,0,0,0,1,0
1.0532409928887334,0.9778228868443365,0.9186288471775244,0.33380469877652696,0.7466746421055215,0.2593,-0.1116968422019216,63191.0,0,1,0,0,0,0,0,0,0,0,0,0,1,0,0,0,0,0,0,1,0
1.1263791511008532,1.0836087330103614,0.9321652443509475,0.8155412093672708,1.3729978382011823,0.2251,-0.9148987139525117,69952.0,0,1,0,0,0,0,0,0,0,0,0,0,0,0,1,0,0,0,0,1,0
0.6796513840977938,0.4374689341215456,0.05696715124169477,-1.064151229979772,-0.3952071977216164,0.295,-1.1631530868192592,54475.0,0,0,1,0,0,0,0,0,0,1,0,0,0,0,0,0,0,0,0,1,0
0.849482764436001,0.6831102889737676,0.4653929280260127,0.15285806823362605,-0.4183670586704913,0.4254,-0.5100030825184936,49156.0,0,0,1,0,0,0,0,0,0,0,0,0,0,0,0,1,0,0,0,1,0
-0.04659903470600494,-0.6129678961137937,0.928431065820348,-0.11375343793574388,0.7849387601949667,0.2139,-0.7256820351612538,54317.0,0,0,1,0,0,0,0,0,0,0,0,0,0,0,1,0,0,0,0,1,0
0.8290840689131079,0.653605946516662,0.8661169615909692,-0.5135873501642277,0.02720852697634163,0.3592,-0.9790286230341771,55396.0,0,0,1,0,0,0,0,0,0,1,0,0,0,0,0,0,0,0,0,1,0
1.2200231129090269,1.2190538410138472,0.9321652443509475,0.1710678362751264,0.3504396297845522,0.3568,-0.593384618004708,57125.0,0,0,1,0,0,0,0,0,1,0,0,0,0,0,0,0,0,0,0,1,0
1.1681105930489406,1.1439684140048336,0.9321652443509475,-0.0018692590857894928,1.1937606534664114,0.2896,-0.7163794725372221,53460.0,0,0,1,0,0,0,0,0,0,0,0,0,0,1,0,0,0,0,0,1,0
0.696088848050069,0.46124381546285365,-0.35145862554262314,0.785045369001632,0.985825380164556,0.1827,-0.4142016988854268,52559.0,0,0,1,0,0,0,0,0,0,0,0,0,0,0,0,1,0,0,0,1,0
1.1491851483855435,1.1165949577034144,-0.001379388298922081,0.6987110622623482,1.2204448410814193,0.2095,0.03753189887122116,71901.0,0,0,1,0,0,0,0,0,1,0,0,0,0,0,0,0,0,0,0,1,0
0.8451861215192414,0.6768956943253156,0.6404325466478632,-0.20486695682446213,-0.5830034615027109,0.4037,-0.45479445901882937,51190.0,0,0,1,0,0,0,0,0,0,1,0,0,0,0,0,0,0,0,0,1,0
0.5867721504190331,0.30312991648503773,-0.41867383909341377,-0.7459905147345146,-0.6670838262518872,0.4516,-0.8617834015639219,47361.0,0,0,1,0,0,0,0,0,0,0,0,0,0,0,0,0,0,0,1,1,0
0.596288883647042,0.31689476512043063,-0.11807246738015577,-0.09144710249958687,0.15358081171911545,0.3811,-0.45535685780858653,52824.0,0,0,1,0,0,0,0,0,1,0,0,0,0,0,0,0,0,0,0,1,0
1.5096828991917788,1.6380130593102842,-1.2850032581924926,1.3245242907137302,1.559787151506239,0.1688,-0.3336627998037406,62830.0,0,0,1,0,0,0,0,0,0,0,0,0,0,0,0,1,0,0,0,1,0
-1.0022258080712514,-0.060624043116419016,-0.03195297501820531,0.9505137986904887,0.5624027049905598,0.1846,1.8922800113256224,63386.0,0,0,1,0,0,0,0,0,0,1,0,0,0,0,0,0,0,0,0,0,0
-0.9421918711858082,0.28545601044686403,-0.11807246738015577,1.069159740818329,0.6988444944937142,0.1775,1.7735352273466471,64762.0,0,0,1,0,0,0,0,0,0,1,0,0,0,0,0,0,0,0,0,0,0
0.7829718744060848,0.5869100160510595,0.6987790861884801,0.6251490505634409,0.28549132408009875,0.2527,-0.7064181601733335,58289.0,0,0,1,0,0,0,0,0,0,1,0,0,0,0,0,0,0,0,0,1,0
1.1595303274156055,1.1315580569143648,0.9321652443509475,0.36825672809078663,1.010999142065507,0.1925,-0.46554585401209014,59850.0,0,0,1,0,0,0,0,0,0,0,0,0,0,0,0,1,0,0,0,1,0
-0.31090445506014913,-0.9952549706302096,-1.9279821239300903,-1.6973209609150122,0.10877151553542284,0.3388,-0.8581166053826547,62234.0,0,0,1,0,0,0,0,0,1,0,0,0,0,0,0,0,0,0,0,1,0
0.7790767511684049,0.5812761729561341,0.7053138986170292,-0.3609549305547199,-0.06241006539104414,0.3153,-0.6483306434694741,55494.0,0,0,1,0,0,0,0,0,0,1,0,0,0,0,0,0,0,0,0,1,0
0.8104990045867596,0.6267248108157772,0.16175753625664263,-0.3019163119926946,0.4224365888212725,0.2589,-0.6706416151302128,60787.0,0,0,1,0,0,0,0,0,1,0,0,0,0,0,0,0,0,0,0,1,0
-1.107157351302451,-0.5861539831001463,-0.7736541856585266,0.7461275019948246,0.09517768410890913,0.238,0.9044042567431462,55177.0,0,0,1,0,0,0,0,0,0,1,0,0,0,0,0,0,0,0,0,0,0
0.6705383031578046,0.4242879216106716,0.0567337650835323,0.4119066380816459,0.6973340687796573,0.2274,-0.6779687591058995,49802.0,0,0,1,0,0,0,0,0,0,0,0,0,0,0,1,0,0,0,0,1,0
0.682133400689134,0.4410588826755075,0.4653929280260127,0.6777362859047775,0.5472984478499892,0.279,-0.1606828959003132,59531.0,0,0,1,0,0,0,0,0,1,0,0,0,0,0,0,0,0,0,0,1,0
1.0420637495725333,0.961656303341119,0.6987790861884801,0.13316248759944332,0.46523198405288896,0.3265,-0.6742970890103606,59274.0,0,0,1,0,0,0,0,0,0,0,0,0,0,1,0,0,0,0,0,1,0
-0.18385301269832388,-0.8114898244273286,0.4653929280260127,-1.1429220557742739,-0.6972923405330285,0.3252,-0.1928380290262901,52766.0,0,0,1,0,0,0,0,0,0,0,0,0,0,0,0,0,0,0,1,1,0
0.2067563413087309,-0.24651878818439857,-0.9928037881730836,-1.7716140417259583,-1.4963075432692134,0.339,-0.15989478877015614,51165.0,0,0,1,0,0,0,0,0,0,0,0,0,0,0,0,0,0,0,1,0,1
1.17912628313533,1.159901329535899,0.9321652443509475,0.44258737887504185,0.5452845468979133,0.2147,-0.47011482263584176,56201.0,0,0,1,0,0,0,0,0,0,0,0,0,0,0,1,0,0,0,0,1,0
0.38744397392428415,0.014824873937034492,-0.1379102908239655,-1.3977904268660712,-1.0889960757118262,0.4558,-0.5022274718063151,48936.0,0,0,1,0,0,0,0,0,0,0,0,0,0,0,0,1,0,0,0,1,0
0.6147207918737027,0.3435543783220207,0.4653929280260127,0.004031290264312965,0.20040400885488446,0.2386,-0.7117670603429178,63855.0,0,0,1,0,0,0,0,0,0,0,0,0,0,0,0,0,0,1,0,1,0
0.6508617610101441,0.3958280900864101,0.37180507860286327,0.45327275025355745,0.6711533564026684,0.1621,-0.10909963295966246,53175.0,0,0,1,0,0,0,0,0,0,0,0,0,0,0,1,0,0,0,0,1,0
0.5328344793340792,0.22511534358045154,0.05696715124169477,-2.0040013399758814,-0.9706793947773563,0.4328,-1.2220281558532904,49694.0,0,0,1,0,0,0,0,0,0,0,0,0,0,0,0,0,0,0,1,1,0
0.6188646698675423,0.3495480162629124,0.2320067698635453,-1.062548679808186,-0.7879178833764522,0.3879,-1.3507185282342522,49898.0,0,0,1,0,0,0,0,0,0,0,0,0,0,0,1,0,0,0,0,1,0
-0.04581065179321986,-0.6118275918516884,0.9321652443509475,-1.1348620555199727,-1.0608014623827609,0.4311,-1.5460603495634249,44468.0,0,0,1,0,0,0,0,0,0,0,0,0,0,0,0,1,0,0,0,1,0
-1.4926265939014793,-1.1960242525354603,-0.818230941867558,-0.5089818972262018,-0.23711597298364415,0.3401,-0.07570049953977859,47601.0,0,0,1,0,0,0,0,0,0,0,0,0,0,0,0,1,0,0,0,0,0
-1.8606798511809524,-1.0556822261046455,-0.46815170462385686,0.1943387432189534,-0.5316489872247709,0.2227,1.114494574313274,48928.0,0,0,1,0,0,0,0,0,0,0,0,0,0,0,0,1,0,0,0,0,0
0.5670340776841372,0.274581088117064,0.4653929280260127,-0.34124523316289734,0.4536520535784516,0.3365,-0.7631570546746635,52113.0,0,0,1,0,0,0,0,0,0,0,0,0,0,0,0,0,0,0,0,1,0
-0.8525816685126879,0.06024076526853201,-0.46815170462385686,0.7829634689753578,0.522124685949038,0.1953,1.700331181547487,61945.0,0,0,1,0,0,0,0,0,0,1,0,0,0,0,0,0,0,0,0,0,0
0.6783309939615976,0.43555914323753553,-0.5145955500981879,-0.2574384130822438,-0.2582619329804429,0.124,-0.903226766282773,55041.0,0,0,1,0,0,0,0,0,0,0,0,0,0,0,0,0,0,0,0,1,0
-0.9449621400075264,-0.051062300955616695,-0.40980516508324,0.923083288732726,0.18076847457214262,0.1934,1.4587250358400339,57262.0,0,0,1,0,0,0,0,0,0,1,0,0,0,0,0,0,0,0,0,0,0
0.5971133309785686,0.31808723237305014,0.05696715124169477,-1.1050839406898367,-0.49187444342126824,0.4083,-0.868239596817484,51152.0,0,0,1,0,0,0,0,0,0,0,0,0,0,0,0,1,0,0,0,1,0
-0.22631352041413824,-0.87290401432707,0.29035330940416215,-0.4752589225279928,-0.4460581967615374,0.4483,-2.4481247658461265,48860.0,0,0,1,0,0,0,0,0,0,1,0,0,0,0,0,0,0,0,0,1,0
0.6651355619111723,0.4164734842723196,0.5218723783013298,-0.722560116197033,0.01059384412171384,0.3362,-0.9748059663311736,52084.0,0,0,1,0,0,0,0,0,0,0,0,0,0,0,0,1,0,0,0,1,0
0.7022122911612413,0.4701006642925189,-1.8684686535986612,-0.9818787200677892,-0.311630308210459,0.2847,-0.7947460288371987,62972.0,0,0,1,0,0,0,0,0,0,0,1,0,0,0,0,0,0,0,0,1,0
0.6705383031578046,0.4242879216106716,-0.35145862554262314,-1.2847967375085931,-1.017502591913125,0.3529,-0.8311209093466742,55552.0,0,0,1,0,0,0,0,0,0,0,0,0,0,0,1,0,0,0,0,1,0
-1.375501641487319,-0.7401233671011384,-0.9421589918518282,0.26678985424524554,-0.48885359199315415,0.3226,0.40560281048449875,50579.0,0,0,1,0,0,0,0,0,0,0,0,0,0,0,1,0,0,0,0,0,0
0.6143138584370283,0.3429657963972887,-0.23056459561446505,-0.7514637612428552,-0.3841307424851981,0.3688,-0.872882155653899,59483.0,0,0,1,0,0,0,0,0,0,0,0,0,0,1,0,0,0,0,0,1,0
0.7895110938739296,0.5963682370615616,0.4653929280260127,-1.6611743063493523,-0.6796707072023627,0.3946,-0.7542331892581174,55646.0,0,0,1,0,0,0,0,0,0,0,0,0,0,0,1,0,0,0,0,1,0
0.543757800061442,0.24091465756831004,0.37787311871508744,-1.176829378709679,-1.2284587166430945,0.3167,-1.2421361167090579,45846.0,0,0,1,0,0,0,0,0,0,0,0,0,0,0,0,0,0,0,1,1,0
0.6607351179391968,0.4101087534606478,0.2056341339911865,-0.652524200639786,-0.5578296996017599,0.3783,-1.300869298132966,54058.0,0,0,1,0,0,0,0,0,0,0,0,0,0,0,0,0,0,0,1,1,0
-1.1285894413842514,-0.6519373470973758,-1.1386701370246257,-0.37006192159213724,-0.9001928614546936,0.3052,0.3917524393067119,49774.0,0,0,1,0,0,0,0,0,1,0,0,0,0,0,0,0,0,0,0,0,0
-1.16595406244332,-0.7864482453807217,-0.5848447837050905,-0.4959420715208898,-0.6132119757838521,0.2973,1.1717870544057531,51532.0,0,0,1,0,0,0,0,0,0,0,0,0,0,0,0,0,0,0,0,0,0
-1.676463848111326,-2.9703779353748176,-3.1723971192523663,-0.5404854435147864,-0.7994978138508895,0.2969,0.08076742876405099,52064.0,0,0,0,0,0,0,1,0,0,0,0,0,0,1,0,0,0,0,0,1,0
-1.7485797186204548,-1.8280978531023502,-1.4516409751204944,0.1061231179857471,-1.4207862575663603,0.311,0.007187288242347228,35946.0,0,0,0,0,0,0,0,1,0,0,0,1,0,0,0,0,0,0,0,0,0
-1.0702272300093225,0.017875738891017665,-0.818230941867558,1.2531308777072114,1.0608431906293896,0.1298,2.273109386592582,72424.0,0,1,0,0,0,0,0,0,0,1,0,0,0,0,0,0,0,0,0,0,0
-0.45756870650004516,-1.2073877658788743,1.089700901110613,1.7756226564013429,-2.0199217908089944,0.2465,-2.235029807935667,37052.0,0,0,0,1,0,0,0,0,0,1,0,0,0,0,0,0,0,0,0,1,0
-0.061133157623804536,-0.633989815843865,3.7318655976679063,0.24220228758953802,0.08309427839645285,0.5147,-0.061238979968780034,47597.0,0,0,0,1,0,0,0,0,0,1,0,0,0,0,0,0,0,0,0,1,0
-0.4133144834947039,-1.1433791752679034,1.0614611759729544,-0.9357813140028232,-0.8000012890889084,0.8362,-0.06650055056438867,33928.0,0,0,0,1,0,0,0,0,0,0,1,0,0,0,0,0,0,0,0,0,1
-1.1288774642641757,-2.178357868417957,0.4653929280260127,1.7756226564013429,-2.1795234412610234,0.1298,-1.8491617405593144,57165.0,0,1,0,0,0,0,0,0,0,0,0,0,0,0,1,0,0,0,0,1,0
-0.8567137343274367,-1.7847046623369702,0.1540557930372812,-0.566669051441021,-1.493286691841099,0.2506,1.0246686488881245,84131.0,0,0,0,1,0,0,0,0,0,1,0,0,0,0,0,0,0,0,0,1,0
-1.7467751831978175,-0.25111204688613015,-1.2565301468966716,0.6363857353870196,-0.06945871872331048,0.2857,1.3993377221747798,54560.0,0,0,0,1,0,0,0,0,0,0,1,0,0,0,0,0,0,0,0,0,0
-0.6129566814830897,-1.432138413412716,4.111118104681916,0.059951771092125766,-2.1795234412610234,0.7009,-0.5493842512099844,40092.0,0,0,0,1,0,0,0,0,0,0,1,0,0,0,0,0,0,0,0,0,1
-0.2403087054694283,-0.893146423071219,0.7274855836424635,-5.7766510428321824,-1.76012856799118,0.4774,-1.5544949728611264,34421.0,0,0,0,1,0,0,0,0,0,0,0,0,0,0,0,0,0,0,0,0,1
-0.0720681990382856,-0.6498060824435307,-0.4870559834350167,0.20014989030310484,0.3378527488340769,0.2994,1.295867693828788,92405.0,0,1,0,0,0,0,0,0,0,0,1,0,0,0,0,0,0,0,0,0,1
-0.5794796752516578,-1.3837178144002777,-0.10313575325775787,-4.787692777817235,-2.1795234412610234,0.5913,-2.659955791649268,47540.0,0,0,0,1,0,0,0,0,0,0,1,0,0,0,0,0,0,0,0,1,0
-0.13493202937721177,-0.7407313073631095,-0.4870559834350167,1.7756226564013429,-0.5014404729436297,0.5327,-0.9207969209507775,92405.0,0,0,0,1,0,0,0,0,0,0,0,0,0,0,0,0,0,0,0,0,1
-0.6129566814830897,-1.432138413412716,4.111118104681916,-1.920644912070755,-0.9208353462134733,0.7837,0.5371202149538666,40092.0,0,0,0,1,0,0,0,0,0,0,1,0,0,0,0,0,0,0,0,0,1
-0.37459773423694004,-1.0873798969000805,0.7274855836424635,-4.389210386301715,-2.0269704441412606,0.7625,0.7739481936275288,34421.0,0,0,0,1,0,0,0,0,1,0,0,0,0,0,0,0,0,0,0,0,1
-0.13493202937721177,-0.7407313073631095,-0.4870559834350167,-1.920644912070755,2.855228938929177,0.4851,-2.2066146384226473,92405.0,0,1,0,0,0,0,0,0,0,0,0,0,0,0,0,0,0,0,0,0,1
-1.3560065316159613,-0.3874376786639665,-0.5848447837050905,-0.052874289557275654,-0.8211472490857075,0.3838,0.6030460491726567,48472.0,0,0,0,1,0,0,0,0,1,0,0,0,0,0,0,0,0,0,0,0,0
-2.191367493284394,-1.4161516057471017,-0.9349240209487917,-1.0233485091050492,-1.6352667089624626,0.4092,0.794494872020238,40863.0,0,0,0,1,0,0,0,0,1,0,0,0,0,0,0,0,0,0,0,0,0
-0.29822732230116894,-0.9769189713563651,0.4203493995006565,1.7756226564013429,-1.0608014623827609,0.611,-1.396721610346646,45987.0,0,0,0,1,0,0,0,0,0,0,1,0,0,0,0,0,0,0,0,0,1
-2.022592142850313,-1.2252657800826772,-1.2266567186518758,-0.1085451614137645,-0.43296784057304294,0.2769,1.4973038489200559,50135.0,0,0,0,1,0,0,0,0,0,0,0,0,0,0,1,0,0,0,0,0,0
-2.3762198114087374,-1.0834050780551183,-1.8684686535986612,1.3511118759571734,-1.0608014623827609,0.2039,0.4843505520321861,71588.0,0,0,0,1,0,0,0,0,1,0,0,0,0,0,0,0,0,0,0,0,0
-1.8237212861389365,-1.0286905216546367,0.19303128145041326,0.33164837654539736,-1.1161837385648532,0.3538,2.2703031603033508,57552.0,0,0,0,1,0,0,0,0,0,0,1,0,0,0,0,0,0,0,0,0,0
-1.3064739839581678,-1.202272559493325,-0.4147062744046518,-0.48827776326210565,-0.7728136262358816,0.277,0.6785566205335396,48318.0,0,1,0,0,0,0,0,0,0,0,1,0,0,0,0,0,0,0,0,0,0
-0.5971937322270403,-1.4093391391913566,-0.7951257122094737,-1.2335411940249694,-1.2868618442533009,0.5565,-1.3039964512208284,40573.0,0,0,0,1,0,0,0,0,0,0,0,0,0,0,0,0,0,0,1,1,0
0.6041013083272643,0.3281945295061942,0.2385415822920944,0.7231384364384308,0.668132504974554,0.2631,-0.5154292577905663,42368.0,0,0,0,1,0,0,0,0,0,0,0,0,0,1,0,0,0,0,0,1,0
1.0706576732096307,1.0030140908640732,0.4653929280260127,0.06655784475339721,0.8010499678115752,0.2501,-0.0907811464618741,62069.0,0,0,0,1,0,0,0,0,0,0,0,0,0,0,0,0,0,0,0,1,0
0.4666820228183181,0.1294335030809279,1.4992936086857431,-1.3477213562521215,-0.35744655487018984,0.4283,-1.2884773724988239,45500.0,0,0,0,1,0,0,0,0,0,1,0,0,0,0,0,0,0,0,0,1,0
0.30031224697056114,-0.11120104316322992,-1.3652880966003815,-1.1082998711200018,-0.1535390834724868,0.2154,0.028795579865860302,41583.0,0,0,0,1,0,0,0,0,0,0,0,0,0,0,1,0,0,0,0,1,0
1.1658204596660657,1.1406560022123757,0.9321652443509475,0.9464029536757251,1.888556481932659,0.2122,-0.5294597552150456,66240.0,0,0,0,1,0,0,0,0,0,0,0,0,0,0,1,0,0,0,0,1,0
-1.0864721168887304,-2.1170234615401484,-1.8892400216751208,0.5023113236472551,-0.6605386481576399,0.4848,0.6317202625666161,45036.0,0,0,0,1,0,0,0,0,0,0,0,0,0,0,0,1,0,0,0,1,0
-1.051309309113813,-0.6290009708092873,-0.11807246738015577,0.394750593270671,-0.18022327108749472,0.3861,1.2601641317076613,45795.0,0,0,0,1,0,0,0,0,0,0,0,0,0,0,1,0,0,0,0,0,0
0.9105715938222554,0.7714681812955073,0.5120701596585062,-0.48751158382992954,-0.04982318444056862,0.3439,-0.6384483081386386,52074.0,0,0,0,1,0,0,0,0,0,0,0,0,0,1,0,0,0,0,0,1,0
-1.1820259768502321,-1.529040529396838,0.6843091443824071,-1.0281421092044423,-1.4117237032820178,0.5652,-0.54749584647735,36382.0,0,0,0,1,0,0,0,0,0,0,0,0,0,0,1,0,0,0,0,0,0
0.5939365016178035,0.31349231789518034,0.05696715124169477,-0.7069635544566336,-0.213956112034769,0.4157,-0.966424660148216,46747.0,0,0,0,1,0,0,0,0,0,1,0,0,0,0,0,0,0,0,0,1,0
-0.6849545842613823,0.31426882558028063,-0.11807246738015577,0.8894009083046566,0.5326976659474375,0.215,1.8288734813298058,59025.0,0,0,0,1,0,0,0,0,0,0,0,0,0,0,0,0,0,0,0,0,0
0.19467171362472183,-0.2639977977247623,-0.17641900692077261,-2.3314402997590413,-0.7083687957694468,0.3704,-1.458538891229935,42375.0,0,0,0,1,0,0,0,0,0,0,0,0,0,0,1,0,0,0,0,1,0
0.31474989048596486,-0.09031866967645386,-1.4521077474368194,-0.8724688558202901,-0.7184383005298272,0.4988,-0.3613214438193333,41129.0,0,0,0,1,0,0,0,0,0,0,0,0,0,0,0,1,0,0,0,1,0
-0.725635450149082,0.044031772166150174,-0.5848447837050905,0.4632377523472512,0.008579943169637703,0.288,1.4217154339842895,53899.0,0,0,0,1,0,0,0,0,0,0,0,0,0,0,0,0,0,0,0,0,0
0.2530058006865186,-0.17962432003535347,-0.3979024710169542,-0.4012262688345388,0.11279931743957484,0.4613,-0.5907306699080296,44246.0,0,0,0,1,0,0,0,0,0,0,0,0,0,0,0,0,0,1,0,1,0
-1.0916494638728347,-1.322559733810036,-0.17641900692077261,-0.3518543899895963,-0.3035747044021548,0.2873,0.5043803992481716,43197.0,0,0,0,1,0,0,0,0,0,0,0,0,0,0,0,1,0,0,0,0,0
-1.1099957956973434,-0.7645866453903819,-0.5848447837050905,0.14337877959999634,0.2406820278964061,0.3135,0.7933735832279347,44737.0,0,0,0,1,0,0,0,0,0,0,0,0,0,0,1,0,0,0,0,0,0
-0.950772561793683,-0.5667417555786713,-0.001379388298922081,0.2653448285468156,-0.4400164939053093,0.2355,0.9537194150115684,50220.0,0,0,0,1,0,0,0,0,0,0,1,0,0,0,0,0,0,0,0,0,0
0.1469602378443824,-0.3330069026931266,-0.5430686613940089,-0.7350510113201105,-0.7285078052902076,0.397,-0.6670021952055192,48231.0,0,0,0,1,0,0,0,0,0,0,0,0,0,0,0,1,0,0,0,1,0
0.34357584042782513,-0.04862528306839658,0.5237394675666296,-0.335186788639924,0.12286882219995525,0.3559,-1.2023965708066064,49438.0,0,0,0,1,0,0,0,0,0,0,0,0,0,0,0,0,0,0,0,1,0
0.7866405294978177,0.5922162992916724,0.7538582195148223,-0.5397161445902667,-0.7078653205314278,0.2247,-0.5550754229595107,59384.0,0,0,0,1,0,0,0,0,0,0,1,0,0,0,0,0,0,0,0,1,0
1.0047926088166566,0.9077479296711338,0.9321652443509475,0.6658353625198689,1.0814856753881699,0.2405,-0.7639731006144639,54705.0,0,0,0,1,0,0,0,0,0,0,0,0,0,0,0,0,0,0,0,1,0
0.4889683611574777,0.16166810150098557,0.29035330940416215,-1.2937671231875838,-0.9767210976335846,0.5062,-1.0292017740883548,42002.0,0,0,0,1,0,0,0,0,0,0,0,0,0,0,0,1,0,0,0,1,0
-0.8840590630030829,-0.11046202356758221,-0.21259386143595507,0.2761785619951534,-0.04680233301245456,0.2871,1.3012213430826471,43889.0,0,0,0,1,0,0,0,0,0,1,0,0,0,0,0,0,0,0,0,0,0
0.8429465666077857,0.673656438413832,0.9321652443509475,0.0702264185681256,0.2205430183756453,0.3891,-1.1778206305165735,50330.0,0,0,0,1,0,0,0,0,1,0,0,0,0,0,0,0,0,0,0,1,0
0.030462774900839075,-0.5015069441890537,1.865709877000817,-0.34276029076550785,-0.43145741485898575,0.6781,-0.6883368337496938,39196.0,0,0,0,1,0,0,0,0,0,0,0,0,0,0,0,0,0,0,0,1,0
-1.4326417823812,-1.068181507071026,3.1493337468943876,0.14702548753582007,-1.7294165784720197,0.7217,0.40201192799337726,41109.0,0,0,0,1,0,0,0,0,0,0,0,0,0,0,1,0,0,0,0,0,0
-1.5512248723224276,-1.3301708342288507,-0.9349240209487917,-0.4775554066684037,-0.5105030272279719,0.3563,0.4543067374532011,42205.0,0,0,0,1,0,0,0,0,0,0,0,0,0,0,0,0,1,0,0,0,0
-0.8229599046658403,0.006550222685905204,-0.5848447837050905,0.7049968240193499,0.13746960410250691,0.2565,2.0200711332703944,61251.0,0,0,0,1,0,0,0,0,1,0,0,0,0,0,0,0,0,0,0,0,0
-1.4980744600834002,-0.6617511150918405,-0.11807246738015577,-0.8922205061113778,-1.208319707122334,0.3781,-0.14158680773515347,47477.0,0,0,0,1,0,0,0,0,1,0,0,0,0,0,0,0,0,0,0,0,0
-0.13115377579159296,-0.7352665026379849,-0.2639388162316979,-1.025745085600456,-0.7461294386208733,0.4075,-1.013607598628748,51700.0,0,0,0,1,0,0,0,0,0,0,0,0,1,0,0,0,0,0,0,1,0
-1.0519902300769155,-1.0491661034280255,-0.20325841510945636,0.7036002538023179,-0.1318896482376688,0.205,0.9280521400466726,52279.0,0,0,0,1,0,0,0,0,0,0,0,0,0,0,1,0,0,0,0,0,0
1.0724106652063299,1.0055495900648495,0.6987790861884801,0.23278871049008273,0.7934978392412902,0.3721,0.1341028413603927,52927.0,0,0,0,1,0,0,0,0,0,0,0,0,0,0,0,0,0,0,0,1,0
-1.2997737747945588,-2.0999260268002433,-0.001379388298922081,-0.25593338250959263,-0.4893570672311731,0.3112,0.5316671361126507,46453.0,0,0,0,1,0,0,0,0,0,1,0,0,0,0,0,0,0,0,0,0,0
-1.188327091333422,-1.4195665823075014,-0.9932705604894084,-0.29663121587655605,-0.9419813062102722,0.4044,0.466418284802204,47872.0,0,0,0,1,0,0,0,0,0,0,0,0,0,0,0,0,0,0,0,0,0
-1.3473734519626925,-2.2440046055496996,-0.07722988970172398,0.17979936633188146,-0.659028222443583,0.3498,0.5189177371812298,45454.0,0,0,0,1,0,0,0,0,0,1,0,0,0,0,0,0,0,0,0,0,0
-1.1856230882669585,-0.5844665931397333,-0.35145862554262314,-0.14206383715458804,-0.7269973795761507,0.3341,0.5393253190292577,46769.0,0,0,0,1,0,0,0,0,0,1,0,0,0,0,0,0,0,0,0,0,0
-1.2354363604368688,-0.7441798058037483,0.4653929280260127,-0.28078895889104993,-0.5583331748397788,0.3488,0.6862535295951063,47021.0,0,0,0,1,0,0,0,0,0,0,0,0,0,0,0,1,0,0,0,0,0
-0.40715555277703674,-1.1344709977396048,0.9309983135601352,-0.3844945385400725,-0.862935693841286,0.2842,-1.5232982683136864,49316.0,0,0,0,1,0,0,0,0,0,0,0,0,0,0,0,0,0,0,0,1,0
-0.4478649332752807,-1.193352385624866,1.0890007426361255,-1.0914252093451373,-0.8543766147949627,0.3575,-0.9337222334899017,59419.0,0,0,0,1,0,0,0,0,1,0,0,0,0,0,0,0,0,0,0,1,0
-1.3140302386631673,-0.6260327761982165,-0.20839291058903064,0.150671160739077,-0.8976754852645984,0.33,1.090629542594189,46482.0,0,0,0,1,0,0,0,0,0,1,0,0,0,0,0,0,0,0,0,0,0
-1.0774235703500374,-1.0102780632866653,1.4575174863746616,-1.0633499299087876,-1.6856142327643648,0.6458,0.6094525066437211,43371.0,0,0,0,1,0,0,0,0,1,0,0,0,0,0,0,0,0,0,0,0,0
-1.467729397215405,-1.10627790299811,1.865709877000817,-2.059297003494037,-1.7686876470375033,0.4458,-0.7003471104202634,34042.0,0,0,0,1,0,0,0,0,0,0,0,0,0,0,0,0,0,0,0,0,0
-1.012644941017313,-0.33333736064702363,-0.024251231798843885,0.133892492200874,-0.8085603681352319,0.3877,1.3013564306344825,47089.0,0,0,0,1,0,0,0,0,1,0,0,0,0,0,0,0,0,0,0,0,0
1.5239839567215587,1.6586978770420777,-0.5848447837050905,1.411394453327073,1.966091668587588,0.0928,0.9216693517408906,63268.0,0,0,0,1,0,0,0,0,0,0,0,0,0,0,0,0,0,0,0,1,0
0.3444670159148576,-0.04733630129359261,0.24437623624615606,-0.25367616715215785,-0.3604674062983039,0.5171,-0.005464783237567042,52184.0,0,0,0,1,0,0,0,0,0,0,0,0,0,0,0,0,0,0,0,1,0
1.4799329695969425,1.594983243513694,-2.03767361826645,1.3855936881050113,2.105050834280837,0.1022,-0.310668642486424,69498.0,0,0,0,0,0,0,0,0,0,1,0,0,0,0,0,0,0,0,0,1,0
1.5461557788022424,1.6907668410026582,-0.8982823941172843,1.1597897824314713,1.9524978371610744,0.1318,-0.09223181568992349,80490.0,0,0,0,0,0,0,0,0,0,0,0,0,0,0,0,1,0,0,0,1,0
-1.2742536126869513,-0.560436200951238,-0.06346010637013841,-0.8803658726540413,-1.660943946101433,0.3196,0.06500495355225638,40342.0,0,0,0,0,0,0,0,0,0,0,0,0,0,0,1,0,0,0,0,0,0
-0.9390505772593501,-0.4235013949780275,0.3484664627866165,0.3294916923634079,-0.28595307107148904,0.3248,-0.6735647031165557,44433.0,0,0,0,0,0,0,0,0,0,0,0,0,0,0,0,0,0,0,1,0,0
-0.7497132613947657,0.42688594696846327,0.4653929280260127,0.2066842906844657,-0.16562248918494307,0.2196,0.9816010923683953,48653.0,0,0,0,0,0,0,0,0,0,0,0,0,1,0,0,0,0,0,0,0,0
-0.5334498047517595,0.11470345725573078,0.9321652443509475,0.5659946866780491,0.15861556409930566,0.2472,-0.8738137966569147,89964.0,0,0,0,0,0,0,0,0,0,0,0,0,0,0,0,0,0,1,0,0,0
-1.2159695232755574,-1.3825991168016953,-1.6350824954361938,-0.10110842682863017,-0.9772245728716036,0.2559,-0.5196743180022667,40956.0,0,0,0,0,0,0,0,0,0,0,0,0,0,0,0,0,1,0,0,0,0
0.9281883618996384,0.7969487890019747,0.5237394675666296,0.032021953595821634,0.6525247725959645,0.1189,-0.126696248698473,55921.0,0,0,0,0,0,0,0,0,0,0,0,1,0,0,0,0,0,0,0,1,0
0.8903300835015715,0.7421911889662549,0.9321652443509475,0.27040170763648236,-1.587436561350656,0.2658,-1.5031343882578638,40778.0,0,0,0,0,0,0,0,0,0,1,0,0,0,0,0,0,0,0,0,1,0
0.9373639749877605,0.8102202469980035,0.9321652443509475,0.42903980561750504,0.7844352849569477,0.201,-0.8355595626198014,59045.0,0,0,0,0,0,0,0,0,0,0,0,0,0,0,0,0,1,0,0,1,0
-0.9477379838342953,-0.10279240421291458,-0.9209208514590436,0.10246478078839048,-2.032005196521451,0.2628,0.4219623976759325,49958.0,0,0,0,0,0,0,0,0,0,1,0,0,0,0,0,0,0,0,0,0,0
0.4867380043443981,0.15844214956985417,0.29035330940416215,0.35463051076067986,0.10877151553542284,0.1534,-1.0850115543680279,44991.0,0,0,0,0,0,0,0,0,0,0,0,0,0,0,0,1,0,0,0,1,0
-0.7459983024574321,-1.624567656835176,0.4653929280260127,-2.6221314044361765,0.29556082884047913,0.5925,0.6542904884572341,37852.0,0,0,0,0,0,0,0,0,0,0,0,0,0,0,0,0,0,1,0,1,0
-1.1009332581914535,-0.38828678374896325,0.05696715124169477,-0.6665008762014328,-0.9560786128748048,0.4317,-0.5736841359282484,61335.0,1,0,0,0,0,0,0,0,0,0,0,0,0,0,0,0,0,0,0,0,0
-1.2145894915777018,-0.7202648657879195,-0.004880180671359092,-0.3192969502927437,-1.4303522870887218,0.439,0.5911971972571491,54537.0,1,0,0,0,0,0,0,0,0,0,1,0,0,0,0,0,0,0,0,0,0
0.31697324990591463,-0.0871028386612887,-0.6399239170314328,-0.07511370080564418,-0.7531780919531397,0.3523,-1.892623850697692,85035.0,1,0,0,0,0,0,0,0,0,0,1,0,0,0,0,0,0,0,0,1,0
0.2056621033655427,-0.24810147620330408,1.7490167979195834,0.5737566061180199,-0.9087519405010168,0.4605,-1.313449343661341,64249.0,1,0,0,0,0,0,0,0,0,0,1,0,0,0,0,0,0,0,0,1,0
-1.560843887577227,-1.4510012801653789,0.4653929280260127,-0.051393029931006876,-1.6931663613346501,0.5304,-0.30925247366857667,46490.0,1,0,0,0,0,0,0,0,0,0,0,0,0,0,0,0,0,0,0,0,0
-1.0693992938698504,-0.24968542077270997,-0.4436461580167978,-0.6083647661066518,-0.4948952948493823,0.3285,0.0915963660596894,55493.0,1,0,0,0,0,0,0,0,0,0,0,0,0,0,0,1,0,0,0,0,0
1.1847897198849247,1.1680928326227835,0.6987790861884801,0.17543434302370603,0.4455964497701471,0.3123,-0.8196904579878104,53023.0,1,0,0,0,0,0,0,0,0,1,0,0,0,0,0,0,0,0,0,1,0
1.0318179525846014,0.946836948704512,0.4653929280260127,0.4411619910342144,0.13042095077024057,0.3627,-0.6231531752391134,57089.0,1,0,0,0,0,0,0,0,0,1,0,0,0,0,0,0,0,0,0,1,0
1.4769310895879775,1.590641372941615,-2.9770529048703813,1.6374034859809843,2.2047389314086034,0.1976,0.6539955268649034,87555.0,1,0,0,0,0,0,0,0,0,0,0,0,0,0,0,0,0,0,0,1,0
1.2941790784175649,1.326311827150546,0.9321652443509475,0.8356012383976842,1.6262458829247495,0.177,0.3675162730265862,82652.0,1,0,0,0,0,0,0,0,0,0,0,0,0,0,0,0,0,0,0,1,0
-1.378259980748136,-1.6731325828582333,-0.46815170462385686,-1.6830182660727158,-1.7953718346525114,0.2844,2.4358480715249766,65287.0,1,0,0,0,0,0,0,0,0,0,1,0,0,0,0,0,0,0,0,0,0
-0.7123673039129327,0.12010833358784552,-0.818230941867558,0.921710224773734,0.24219245361046302,0.296,1.1671147709685668,69960.0,1,0,0,0,0,0,0,0,0,0,1,0,0,0,0,0,0,0,0,0,0
-0.8757624274222936,0.6888601660984822,-0.9349240209487917,1.4937417881978823,1.6337980114950346,0.1859,2.0490376234898964,82860.0,1,0,0,0,0,0,0,0,0,0,1,0,0,0,0,0,0,0,0,0,0
1.285950282642556,1.3144098303643803,0.8154721652697138,0.7753269481062538,0.421429638345234,0.2081,-0.5462392964490305,45212.0,1,0,0,0,0,0,0,0,0,0,0,0,0,0,0,0,0,0,0,1,0
-1.2301562804387312,-0.7364796107235637,0.9321652443509475,-0.5983145355757088,-1.235507369975361,0.5261,-0.13582796187071106,47697.0,1,0,0,0,0,0,0,0,0,0,0,0,0,1,0,0,0,0,0,0,0
-1.356685926564777,-0.8326006216653312,0.9905117838915644,-0.2506671633950709,-1.0940308280920161,0.5445,0.9768189992621169,50698.0,1,0,0,0,0,0,0,0,0,0,0,0,0,0,0,0,0,0,0,0,0
1.0724106652063299,1.0055495900648495,0.5566469158675375,-0.2499150225498963,0.29002260122226997,0.269,-0.2859991358842138,64072.0,1,0,0,0,0,0,0,0,0,0,0,0,0,0,0,0,0,1,0,1,0
0.9072843932794303,0.7667136277294792,-0.0793303651251862,0.19070544116040283,0.07654910030220548,0.3227,-1.0898365728600916,65344.0,1,0,0,0,0,0,0,0,0,0,0,0,0,0,0,0,0,0,0,1,0
-0.9838230029567161,-0.5805348911512648,-0.46815170462385686,0.44401260860296293,0.28096004693792775,0.2405,0.7163455953026239,61515.0,1,0,0,0,0,0,0,0,0,0,0,0,1,0,0,0,0,0,0,0,0
-0.4883632556169931,0.18512455427962257,-0.46815170462385686,0.5193244408153816,0.7290530087748555,0.2017,-0.40409229767863614,60110.0,1,0,0,0,0,0,0,0,0,0,0,0,0,0,0,0,1,0,0,0,0
0.8124745830146872,0.629582255421636,0.9321652443509475,1.012019162594185,0.3192241650273733,0.2208,-1.369153343906724,51584.0,1,0,0,0,0,0,0,0,0,0,1,0,0,0,0,0,0,0,0,1,0
-0.8998272969542385,-0.014815963011205462,-1.0007389175506074,0.6490152704642465,0.11028194124947974,0.3346,1.541831210071203,64390.0,1,0,0,0,0,0,0,0,0,1,0,0,0,0,0,0,0,0,0,0,0
0.8328406943401762,0.6590394686239408,0.6987790861884801,0.26317698523287353,0.847369689709325,0.2894,0.14180145292577861,62079.0,1,0,0,0,0,0,0,0,0,0,1,0,0,0,0,0,0,0,0,1,0
1.2659477915594006,1.2854785515847993,0.9218962533917989,0.8832047386544278,1.1680834163274414,0.2052,-0.8719515608509948,65518.0,1,0,0,0,0,0,0,0,0,0,0,0,0,0,1,0,0,0,0,1,0
1.1409583521289606,1.1046958529882795,0.4653929280260127,0.34170811889568664,0.6474900202157743,0.3381,-0.35981609447732193,60663.0,1,0,0,0,0,0,0,0,0,0,0,0,0,1,0,0,0,0,0,1,0
0.9417364107192685,0.8165444671447926,0.9321652443509475,-0.48138379261610975,-0.5694096300761975,0.5004,-0.6988362721076984,53124.0,0,0,0,0,0,0,0,0,1,0,0,0,0,0,0,0,0,0,0,1,0
1.5601675254325345,1.7110332041403582,-2.16253521288337,1.5677322791414487,1.4762102619950812,0.216,-0.24092845825279366,77644.0,0,0,0,0,0,0,0,0,0,1,0,0,0,0,0,0,0,0,0,1,0
0.9447504550468508,0.8209039319900855,0.4653929280260127,-0.9564252188014396,-0.6988027662470856,0.3424,-0.8196904579878104,46651.0,0,0,0,0,0,0,0,0,0,0,0,0,0,0,0,0,1,0,0,1,0
1.13446981094312,1.0953109322231638,0.9321652443509475,0.6672360434308854,1.412268906766666,0.1937,-0.353821894129731,74895.0,0,0,0,0,0,0,0,0,1,0,0,0,0,0,0,0,0,0,0,1,0
1.3078348124757182,1.346063259476341,-0.7015378627863242,1.3981697637914186,2.241996099022011,0.1423,0.04586986889225707,123938.0,0,0,0,0,0,0,0,0,0,0,1,0,0,0,0,0,0,0,0,1,0
0.7438501338833547,0.5303249648841726,0.4422876983679284,-0.38373452280627135,0.3725925402573894,0.6616,-0.6342488333497986,55383.0,0,0,0,0,0,0,0,0,0,0,1,0,0,0,0,0,0,0,0,1,0
1.3590115196218637,1.4200844189064776,0.47076080966374945,1.3112098377253203,1.7818197314726267,0.1508,0.43031252506770784,120959.0,0,0,0,0,0,0,0,0,0,1,0,0,0,0,0,0,0,0,0,1,0
1.1581591033813459,1.1295747407044234,0.4653929280260127,0.8044601858395188,0.3484257288324763,0.1536,0.8946425373476158,33647.0,0,0,0,0,0,0,0,0,0,0,0,0,0,0,0,0,0,0,0,1,0
1.5683437267675635,1.7228591291813105,-0.9349240209487917,1.4746841710406304,2.2636455342568285,0.1273,1.1206490056421896,103937.0,0,0,0,0,0,0,0,0,0,1,0,0,0,0,0,0,0,0,0,1,0
1.5161748288494945,1.6474028811061794,0.05696715124169477,1.4180016971135474,2.017949618103547,0.1797,1.6120359119345373,83238.0,0,0,0,0,0,0,0,0,0,0,0,0,0,0,0,0,0,0,0,1,0
1.5114680422130518,1.6405950612317033,0.6166271585152916,1.134153599214235,1.762687672427904,0.144,0.2997946538021728,77231.0,0,0,0,0,0,0,0,0,0,1,0,0,0,0,0,0,0,0,0,1,0
-0.8897391037668658,-0.9722473710390325,0.29875521109801095,0.19651823138974595,-0.4772736615187166,0.3031,0.9364867633443732,57466.0,0,0,0,0,0,0,0,0,0,0,1,0,0,0,0,0,0,0,0,0,0
1.286200362701068,1.3147715421061805,0.8759191802337928,0.9744675494398365,1.4157932334327987,0.2126,-0.07285885222930444,62381.0,0,0,0,0,0,0,0,0,1,0,0,0,0,0,0,0,0,0,0,1,0
1.0423025087426034,0.9620016407334351,0.4653929280260127,-0.498242255799871,-0.01810424444537022,0.2831,-0.30878095468862854,54400.0,0,0,0,0,0,0,0,0,0,0,1,0,0,0,0,0,0,0,0,1,0
1.0041791727846883,0.9068606657408298,0.4653929280260127,0.10026927837925936,-0.6202606291161185,0.296,-0.6655508908330001,38109.0,0,0,0,0,0,0,0,0,0,0,1,0,0,0,0,0,0,0,0,1,0
0.38071100775142114,0.005086420833829223,0.6987790861884801,-0.9603990059806233,-0.8302098033700497,0.3496,-1.5803265058732243,54727.0,0,0,0,0,0,0,0,0,0,0,1,0,0,0,0,0,0,0,0,1,0
1.2919895284170337,1.3231448975314377,-0.001379388298922081,0.9683122775122334,1.4762102619950812,0.1499,0.4022118301979167,62832.0,0,0,0,0,0,0,0,0,0,0,0,0,0,0,0,0,0,0,0,1,0
1.0561393916901145,0.9820150838756243,0.9321652443509475,0.35391294096439596,0.8156507497141269,0.2034,-0.25538662107943483,68245.0,0,0,0,0,0,0,0,0,0,0,0,0,0,0,0,0,0,0,0,1,0
0.8155030084016963,0.6339625207981074,0.9321652443509475,0.9559928802166043,1.4656372819966819,0.1313,0.161810059250441,58336.0,0,0,0,0,0,0,0,0,0,0,1,0,0,0,0,0,0,0,0,1,0
0.6592783094693175,0.4080016493107038,0.4653929280260127,-1.545850895000598,-1.017502591913125,0.42,-0.6684560457273659,49669.0,0,0,0,0,0,0,0,0,0,0,0,0,0,0,0,0,0,0,0,1,0
-0.9319150647438269,-1.0186474820741311,0.28778606166437504,-0.10482625606954611,-0.2622897348845949,0.3101,0.08458833626150897,53874.0,0,0,0,0,0,0,0,0,0,0,0,1,0,0,0,0,0,0,0,0,0
-0.8608582156910363,-0.9517537106711222,0.4653929280260127,-0.19812334892180056,-0.3237137139229156,0.3448,0.0016960157838968295,52349.0,0,0,0,0,0,0,0,0,0,1,0,0,0,0,0,0,0,0,0,0,0
0.3559020374014851,-0.030796871624318933,0.7571256257290969,0.6272566776536084,0.8629774220879146,0.2102,-0.5927203337327435,52119.0,0,0,0,0,0,0,0,0,0,0,0,0,0,0,0,0,1,0,0,1,0
1.3224775378054956,1.3672422599742031,0.9071929254275635,0.059951771092125766,0.39222807454013126,0.376,-1.0520008622602737,46938.0,0,0,0,0,0,0,0,0,0,0,0,0,0,0,0,0,1,0,0,1,0
1.380803188125282,1.4516035348967626,-2.1018548117611284,1.6853672708251055,1.1333436249041289,0.1579,0.9212420794525381,101817.0,0,0,0,0,0,0,0,0,1,0,0,0,0,0,0,0,0,0,0,1,0
1.421613181375493,1.51063044743512,0.9321652443509475,1.3192001650873397,2.233437019975687,0.1473,0.13851080167309554,90543.0,0,0,0,0,0,0,0,0,1,0,0,0,0,0,0,0,0,0,0,1,0
0.2487683515816086,-0.1857532977141226,0.6987790861884801,-0.2596962895460169,0.30109905645868856,0.3224,-0.6583322512429393,49705.0,0,0,0,0,0,0,0,0,0,1,0,0,0,0,0,0,0,0,0,1,0
0.5683812143742258,0.2765295647829519,-0.46815170462385686,0.19797101813756598,0.025698101262284456,0.2825,-0.5894068763599069,51173.0,0,0,0,0,0,0,0,0,1,0,0,0,0,0,0,0,0,0,0,1,0
-0.37259856741516745,0.42970605554275393,0.16292446704745495,0.5568154596345617,0.23665422599225383,0.2739,1.2571775854370877,64874.0,0,0,0,0,0,0,0,0,0,0,1,0,0,0,0,0,0,0,0,0,0
-0.3085980627655515,0.6380793434209954,-0.05669190778342685,1.184029599673765,1.6589717733959854,0.2029,1.846725969343705,71631.0,0,0,0,0,0,0,0,0,0,1,0,0,0,0,0,0,0,0,0,0,0
-0.46502510483817294,0.5274826586976611,-0.24083358657361362,-0.09887824555464633,-0.632847510066594,0.4269,1.2724235678166018,65865.0,0,0,0,0,0,0,0,0,0,0,0,0,0,0,0,0,0,0,0,0,0
0.8027102940548101,0.6154593461895712,0.4653929280260127,0.32517723766066503,0.31066508598104975,0.2822,0.255906186579226,125557.0,0,0,0,0,0,0,0,0,0,0,0,0,0,0,0,0,0,0,0,1,0
-0.5135774336015569,0.7795250085030236,0.6415994774386755,0.7036002538023179,0.4692597859570412,0.2761,-0.2832520794960692,43582.0,0,0,0,0,0,0,0,0,0,0,0,0,0,0,0,0,0,0,0,0,0
1.4057915242435404,1.4877462590939512,-1.9226142422923536,1.7131560892079907,1.9655881933495691,0.1896,0.48326373930605143,143372.0,0,0,0,0,0,0,0,0,1,0,0,0,0,0,0,0,0,0,0,1,0
-0.96093631095422,-0.352931904836622,0.4653929280260127,0.34027149497916426,1.259212434408884,0.1697,-0.5775869433848456,82392.0,0,0,0,0,0,0,0,0,0,0,1,0,0,0,0,0,0,0,0,0,0
1.1991404205745404,1.1888494534160425,0.9321652443509475,0.7224411555664696,1.1101837639552536,0.1518,0.3815692860432346,75584.0,0,0,0,0,0,0,0,0,0,0,1,0,0,0,0,0,0,0,0,1,0
1.4942861542334702,1.6157434570474913,-0.024251231798843885,1.0969577667717523,1.5582767257921815,0.2029,-0.12329763319707127,58418.0,0,0,0,0,0,0,0,0,0,0,1,0,0,0,0,0,0,0,0,1,0
0.8558173341326509,0.6922725078734324,0.9321652443509475,-0.17417470082501318,0.7149557021103228,0.3041,-0.6583322512429393,58063.0,0,0,0,0,0,0,0,0,0,0,1,0,0,0,0,0,0,0,0,1,0
-0.8310600881530886,-0.6541679244575468,0.17366023032292846,-0.3936182356989091,-0.23208122060345396,0.4045,-1.0158174521646943,48102.0,0,0,0,0,0,0,0,0,0,0,0,0,0,1,0,0,0,0,0,0,0
1.4725907561311367,1.5843635850043938,0.29035330940416215,1.6153058952511714,-2.1795234412610234,0.1234,1.5066874978842668,92538.0,0,0,0,0,0,0,0,0,0,0,0,0,0,0,0,0,0,0,0,1,0
0.912245054470574,0.7738886476435183,0.4653929280260127,0.14921301558810154,0.5850590907014159,0.4184,-0.8170749021555846,51540.0,0,0,0,0,0,0,0,0,0,0,1,0,0,0,0,0,0,0,0,1,0
1.0877994290104231,1.0278076485155934,0.5820860071072463,0.5065667153788128,0.7079070487780568,0.2774,-0.7264619830634405,52873.0,0,0,0,0,0,0,0,0,0,0,1,0,0,0,0,0,0,0,0,1,0
-0.8201936133060705,-0.8155889346767005,0.4653929280260127,-0.03880921318386527,-0.11829581681115536,0.3531,0.4299260070640125,56662.0,0,0,0,0,0,0,0,0,0,0,1,0,0,0,0,0,0,0,0,0,0
1.0217984051858158,0.9323448378052045,0.42805114272001793,0.5476296700502169,1.1937606534664114,0.2984,-0.31208723556020695,63494.0,0,0,0,0,0,0,0,0,0,0,0,0,0,0,0,0,0,0,0,1,0
1.4377931944638558,1.534032956021208,-1.2733339502843692,1.2892107809345659,1.6086242495940835,0.1815,-0.016323354838504195,64027.0,0,0,0,0,0,0,0,0,0,1,0,0,0,0,0,0,0,0,0,1,0
0.9651930549721647,0.8504717770629806,0.7571256257290969,0.6777362859047775,1.0255999239680587,0.2166,-0.23702871183295454,48036.0,0,0,0,0,0,0,0,0,1,0,0,0,0,0,0,0,0,0,0,1,0
-0.49090030973003906,0.21283764379340417,0.4653929280260127,-0.7953338712442165,-0.4168566329564341,0.3564,0.6041433466174443,68804.0,0,0,0,0,0,0,0,0,0,0,0,1,0,0,0,0,0,0,0,0,0
1.2695970465796298,1.2907567748765445,0.4653929280260127,0.7905954537462638,1.617183328640407,0.1479,-0.024310834362235603,77745.0,0,0,0,0,0,0,0,0,0,0,1,0,0,0,0,0,0,0,0,1,0
1.0170043843551753,0.9254108438066677,0.9062593807949136,0.09807340074540132,0.04483016030700735,0.2741,0.45805225607758326,67506.0,0,0,0,0,0,0,0,0,0,0,0,0,0,0,0,0,0,0,0,1,0
1.5716820106008715,1.7276875687904218,-1.576735955895577,1.510803928484755,2.1287141704677315,0.1158,0.8128412855685226,83214.0,0,0,0,0,0,0,0,0,0,0,1,0,0,0,0,0,0,0,0,1,0
1.498108594077201,1.6212721720599068,-3.035399444410998,1.5324271438019643,1.869927898125955,0.2056,-0.0792663165084677,84803.0,0,0,0,0,0,0,0,0,0,0,1,0,0,0,0,0,0,0,0,1,0
0.8773416480574242,0.7234049265360887,0.47192774045456176,0.8618394755574859,0.5729756849889591,0.2257,0.2948038692492097,82721.0,0,0,0,0,0,0,0,0,0,0,0,0,0,0,0,0,0,0,0,1,0
1.0485552010769261,0.9710454335438005,0.5820860071072463,0.050403664339373724,0.7678206021023203,0.2502,-0.01400810204760952,73157.0,0,0,0,0,0,0,0,0,1,0,0,0,0,0,0,0,0,0,0,1,0
-0.8312922223789706,-0.9235671996755296,-0.12810807218114187,-0.25894361997056814,0.043319734592950174,0.3336,0.25757382034432846,57346.0,0,0,0,0,0,0,0,0,0,0,1,0,0,0,0,0,0,0,0,0,0
1.449216193550206,1.5505549966856536,0.6987790861884801,0.8314534563803748,1.2707923648833213,0.1962,-0.3149317277748881,67725.0,0,0,0,0,0,0,0,0,0,0,1,0,0,0,0,0,0,0,0,1,0
1.5096403676149819,1.637951542327218,-2.391020261724426,1.5507456197168945,1.5487106962698205,0.1715,-0.17700649742568847,88665.0,0,0,0,0,0,0,0,0,0,0,0,0,0,1,0,0,0,0,0,1,0
1.3806630918154208,1.4514009018657197,0.9321652443509475,1.3657116302086763,1.9816994009661777,0.1029,0.6127147821629154,103470.0,0,0,0,0,0,0,0,0,1,0,0,0,0,0,0,0,0,0,0,1,0
-0.9022692584081006,-0.9908848872279955,-0.818230941867558,0.1710678362751264,-0.16360858823286722,0.289,0.3650114008376145,60624.0,0,0,0,0,0,0,0,0,1,0,0,0,0,0,0,0,0,0,0,0,0
0.8619869124220996,0.7011960858769146,0.9321652443509475,-1.0850025918737163,0.019152923168037076,0.3114,-0.3683827915898605,55504.0,0,1,0,0,0,0,0,0,0,0,0,0,0,0,1,0,0,0,0,1,0
1.3007764380082623,1.3358541410920508,0.9321652443509475,-0.39590017265260885,0.12790357458014545,0.4526,-0.5288447684818849,58799.0,0,1,0,0,0,0,0,0,0,0,0,0,0,0,1,0,0,0,0,1,0
1.077947154338897,1.013557478176811,0.9321652443509475,0.15868800241976522,0.4118636088228731,0.2092,-0.6190303081036967,54742.0,0,1,0,0,0,0,0,0,0,0,0,0,0,0,1,0,0,0,0,1,0
0.6069684524195375,0.3323415202329961,0.6987790861884801,0.6525212726100584,0.35648133264078086,0.22,-0.5828194443359542,53187.0,0,1,0,0,0,0,0,0,0,0,0,0,0,1,0,0,0,0,0,1,0
0.7909441389283596,0.5984409701927029,-0.001379388298922081,-0.041769002642711855,-0.03320850158594084,0.2301,-0.6238423183847752,49584.0,0,1,0,0,0,0,0,0,1,0,0,0,0,0,0,0,0,0,0,1,0
-0.7275721234941529,-1.5979163303472457,0.4653929280260127,-0.16744717855732022,-1.3900742680472,0.3811,0.14152773051704756,35833.0,0,1,0,0,0,0,0,0,0,0,0,0,0,0,1,0,0,0,0,1,0
0.7963048368106737,0.6061945966906019,0.05696715124169477,1.0140642793488464,1.1026316353849686,0.144,0.11227173165169606,58375.0,0,1,0,0,0,0,0,0,1,0,0,0,0,0,0,0,0,0,0,1,0
-0.5864602617972823,-1.3938144215956951,0.9321652443509475,-0.03658981844956527,-0.20187270632231272,0.3064,1.124921716298508,55874.0,0,1,0,0,0,0,0,0,0,0,0,0,0,0,1,0,0,0,0,0,0
0.18592696209848739,-0.27664606454372426,-0.818230941867558,-0.8023984169734885,-0.6172397776880041,0.2738,-0.9875390401653765,54186.0,0,1,0,0,0,0,0,0,0,0,0,1,0,0,0,0,0,0,0,1,0
0.6268733027187163,0.3611315729657946,0.6404325466478632,-0.6014060769727303,-1.2959243985376434,0.2419,-0.8463103458522329,56075.0,0,1,0,0,0,0,0,0,1,0,0,0,0,0,0,0,0,0,0,1,0
1.1876127420000713,1.1721760060372692,0.6987790861884801,0.16888402629552757,0.09366725839485224,0.2826,-0.5678641734471754,44860.0,0,1,0,0,0,0,0,0,0,0,0,0,0,0,0,0,0,0,0,1,0
0.09895909562320865,-0.4024349765048229,0.6987790861884801,-0.038069372341577715,-0.33428669392131494,0.301,0.19120319534348154,45099.0,0,1,0,0,0,0,0,0,0,0,1,0,0,0,0,0,0,0,0,1,0
0.5480346989856764,0.2471006948261051,0.05696715124169477,0.5977183904453889,0.5070204288084675,0.2513,-0.08969480863765548,71030.0,0,1,0,0,0,0,0,0,0,0,0,0,0,0,0,0,0,0,0,1,0
-0.46377956928287073,-1.2163710571041844,0.4653929280260127,-0.4760243716351287,-1.0235442947693534,0.3656,1.191914486697627,51793.0,0,1,0,0,0,0,0,0,0,0,1,0,0,0,0,0,0,0,0,0,0
-0.641994415757372,-1.4741381214452887,-0.46815170462385686,-0.09962159630170986,-0.6051563719755478,0.3358,0.9559766011127601,54735.0,0,1,0,0,0,0,0,0,0,0,0,0,0,0,0,1,0,0,0,0,0
1.047069033662815,0.9688958650929496,0.9321652443509475,1.285874302174735,-1.3764804366206864,0.1681,-0.5717396033545957,94823.0,0,1,0,0,0,0,0,0,0,1,0,0,0,0,0,0,0,0,0,1,0
0.40413399116124826,0.038965044254383546,0.4653929280260127,0.6868295599752984,0.635910089741337,0.2973,-0.5046122060704308,47314.0,0,1,0,0,0,0,0,0,1,0,0,0,0,0,0,0,0,0,0,1,0
-0.5445311759607493,-0.6290009708092873,0.348699848944779,0.18707111138083563,0.06396221935172997,0.2577,1.6669507028212929,56118.0,0,1,0,0,0,0,0,0,0,0,0,0,0,1,0,0,0,0,0,0,0
0.8573537866477324,0.6944948078789975,0.885488012718454,1.1334782715756977,1.2954626515462533,0.1643,0.20678398091931824,58427.0,0,1,0,0,0,0,0,0,0,1,0,0,0,0,0,0,0,0,0,1,0
1.3734992459914817,1.4410392314215388,0.7167498203669901,0.6700369472479689,1.4616094800925294,0.2322,-0.6419642004932004,65590.0,0,1,0,0,0,0,0,0,0,1,0,0,0,0,0,0,0,0,0,1,0
-0.5790928987845055,-1.3831583871894346,0.05696715124169477,-0.4012262688345388,-0.2738696653590325,0.2906,-0.5022274718063151,49045.0,0,1,0,0,0,0,0,0,0,0,0,0,0,0,0,1,0,0,0,0,0
0.9060332001366354,0.7649039222547553,0.9321652443509475,0.17397900565067798,-0.9419813062102722,0.1654,-0.33560809314983425,69151.0,0,1,0,0,0,0,0,0,0,1,0,0,0,0,0,0,0,0,0,1,0
0.3190922095695861,-0.08403800976085275,-0.001379388298922081,-0.17940965458843477,-0.19935533013221762,0.295,-0.36737033625939985,59058.0,0,1,0,0,0,0,0,0,0,1,0,0,0,0,0,0,0,0,0,1,0
0.34792723524976843,-0.04233149615204172,0.3428651949907173,-0.5105168647907826,-1.0250547204834104,0.3108,-0.9327207897608969,48707.0,0,1,0,0,0,0,0,0,0,0,1,0,0,0,0,0,0,0,0,1,0
-0.3188872400413409,1.4174065814371817,-0.818230941867558,1.6231093853082554,1.9469596095428652,0.1757,2.1334153232748596,83648.0,0,1,0,0,0,0,0,0,1,0,0,0,0,0,0,0,0,0,0,0,0
-0.42191443383579236,0.8351217584585462,0.05696715124169477,1.2109092035862339,1.11219766490733,0.2002,2.285682896331594,67253.0,0,1,0,0,0,0,0,0,0,1,0,0,0,0,0,0,0,0,0,0,0
-0.2287112031376167,0.7393941538912189,0.46305906644438805,0.9594161200482306,-0.4475686224755946,0.1823,0.6846914281242614,78198.0,0,1,0,0,0,0,0,0,0,0,0,0,0,0,0,1,0,0,0,0,0
-0.5150533559700994,0.18818045522892066,-0.11807246738015577,0.5108206981957452,-0.6852089348205719,0.4385,0.692190977813863,59649.0,0,1,0,0,0,0,0,0,1,0,0,0,0,0,0,0,0,0,0,0,0
-0.6036741359052988,0.18270197532313764,0.4653929280260127,0.1353523769864506,-1.161999985224584,0.3467,0.4046069029197363,53230.0,0,1,0,0,0,0,0,0,0,1,0,0,0,0,0,0,0,0,0,0,0
-0.6753837317614031,-0.8326006216653312,-0.3575266656548473,0.12147676966427162,-0.516041254846181,0.2739,0.7653526312807244,47107.0,0,1,0,0,0,0,0,0,0,0,0,0,0,0,0,1,0,0,0,0,0
0.5776073332549295,0.2898740735384628,-0.5050267176135267,0.3467350379933326,0.3761168669235227,0.2469,-0.24397433308860675,63075.0,0,1,0,0,0,0,0,0,0,1,0,0,0,0,0,0,0,0,0,1,0
-0.538322152830149,-0.41410150971816445,-0.05972592783953893,0.07389394520623128,-0.4923779186592872,0.2983,1.3134915708159625,58612.0,0,1,0,0,0,0,0,0,0,0,1,0,0,0,0,0,0,0,0,0,0
0.5807802502715761,0.294463329265235,0.9321652443509475,-1.310092977968698,-0.7808692300441857,0.4174,-0.8463103458522329,47907.0,0,1,0,0,0,0,0,0,0,0,0,0,0,0,0,0,0,1,0,1,0
-0.7903503773140648,0.014963650876267574,0.4653929280260127,0.08635571093730952,-1.2032849547421436,0.3237,0.7092004476692508,51955.0,0,1,0,0,0,0,0,0,0,0,0,1,0,0,0,0,0,0,0,0,0
0.4359014816284963,0.08491302738382582,-0.9932705604894084,-0.15474923945278662,-0.4948952948493823,0.309,-0.42173044903962464,57529.0,0,1,0,0,0,0,0,0,0,0,0,0,0,0,1,0,0,0,0,1,0
0.5599399434716298,0.2643202474173445,0.7862988954994053,-0.045469698536273716,0.010090368883694875,0.2591,-0.7838032293014363,51732.0,0,1,0,0,0,0,0,0,0,0,0,0,0,0,0,0,1,0,0,1,0
-0.57609905279381,0.1274014424624897,-0.40980516508324,0.5313617832807295,-0.5392011157950563,0.4304,1.5044176065296715,53493.0,0,1,0,0,0,0,0,0,0,0,0,0,0,0,0,0,0,0,0,0,0
-0.4827620442816423,-0.8012265150105143,0.742655683923024,0.4111922600556066,-0.7204522014819034,0.2537,1.3302267892967914,53562.0,0,1,0,0,0,0,0,0,0,1,0,0,0,0,0,0,0,0,0,0,0
0.9725893435464562,0.8611696489324129,0.5463779249083889,-0.3200531638231134,-0.11175063871690799,0.515,-0.0405205362156733,58829.0,0,0,1,0,0,0,0,0,0,0,0,0,0,0,0,0,0,0,0,1,0
-1.0466879396670135,-2.0594802726726855,-0.7598844023269411,0.2927725647865057,-0.3257276148749914,0.2628,0.1668703986490591,53755.0,0,0,1,0,0,0,0,0,0,0,0,0,0,0,0,1,0,0,0,0,0
0.446605908776512,0.10039573724768688,-0.001379388298922081,0.42975319203028284,-0.03220155110990291,0.221,-1.0922596581680506,46110.0,0,0,1,0,0,0,0,0,0,1,0,0,0,0,0,0,0,0,0,1,0
0.9404518383771676,0.8146864825374075,-0.35145862554262314,0.915529620477192,1.0527875868210856,0.1898,-0.19653481397427186,63764.0,0,0,1,0,0,0,0,0,0,0,1,0,0,0,0,0,0,0,0,1,0
1.5222781668002376,1.6562306501577875,-1.4600428768143432,1.5068685220573264,1.9776715990620253,0.1404,-0.19365811279920633,75525.0,0,0,1,0,0,0,0,0,0,0,0,0,0,0,1,0,0,0,0,1,0
0.44706544421751077,0.10106040185857769,0.8964571621520899,0.2891669955236021,0.9405126087428441,0.1976,-0.3259269715405495,59317.0,0,0,1,0,0,0,0,0,0,0,0,1,0,0,0,0,0,0,0,1,0
0.19467171362472183,-0.2639977977247623,-1.2075190536825535,-0.5151228680607711,0.09970896125108036,0.3403,0.07307235232621942,59871.0,0,0,1,0,0,0,0,0,0,0,0,0,0,0,0,0,0,0,0,1,0
-0.2761636458627241,-0.9450064274992311,-0.6602285127915675,0.7885144529074797,0.11632364410570815,0.2265,-1.049692519305598,47491.0,0,0,1,0,0,0,0,0,0,0,0,0,0,0,1,0,0,0,0,1,0
1.2647800197062458,1.2837895053108068,0.8794199726062298,0.7203490858746315,1.0145234687316398,0.2138,-0.23099868304955024,65607.0,0,0,1,0,0,0,0,0,0,0,0,0,0,1,0,0,0,0,0,1,0
1.1033324925852779,1.0502744198150704,0.1783279534861778,-0.04472947408070197,0.26233146313122385,0.3977,-0.3434352548559198,61106.0,0,0,1,0,0,0,0,0,0,0,0,0,0,0,0,0,0,0,0,1,0
1.5106607636731297,1.6394274266408837,-0.001379388298922081,1.4219644130853433,1.9263171247840853,0.1733,-0.1489392711484131,63878.0,0,0,1,0,0,0,0,0,0,0,0,0,0,0,0,0,0,0,0,1,0
-1.14131968988823,-0.8262438940392745,-0.4434127718586353,0.3976115253653311,-0.5175516805602383,0.2048,1.2350142157696506,56922.0,0,0,1,0,0,0,0,0,0,1,0,0,0,0,0,0,0,0,0,0,0
-1.0998046161590072,-2.136307372309731,-1.3783577214574796,-0.06769628576068676,-1.2430594985456462,0.443,0.5572555141109394,64705.0,0,0,1,0,0,0,0,0,0,0,0,0,0,0,0,0,0,0,0,0,0
-0.3794410502001759,0.4856157761929263,-0.818230941867558,1.1746084373715628,1.553241973411991,0.1687,2.0551248716535087,69020.0,0,0,1,0,0,0,0,0,0,0,0,0,0,0,0,0,0,0,0,0,0
-0.6945923104280844,-1.550214863467632,-0.5848447837050905,0.17252350341360448,-0.16008426156673392,0.1919,-0.3608193568091836,58056.0,0,0,1,0,0,0,0,0,0,0,0,0,0,0,1,0,0,0,0,0,0
0.9688804199531862,0.8558051219840958,0.9321652443509475,0.5554026886194463,0.8488801154233825,0.4017,-1.0695214849606054,40873.0,0,0,1,0,0,0,0,0,0,0,0,0,0,0,0,0,0,0,0,1,0
-0.6634100262668408,-1.5051133132505803,-0.35145862554262314,-1.3231686142418828,-0.5014404729436297,0.5186,-1.0169245927233623,36909.0,0,0,1,0,0,0,0,0,0,1,0,0,0,0,0,0,0,0,0,1,0
-0.5740746492500869,-0.7330443851488829,-0.22916427866549025,0.48101319856256436,0.15509123743317263,0.1824,0.8907719343983229,62616.0,0,0,1,0,0,0,0,0,0,1,0,0,0,0,0,0,0,0,0,0,0
-0.5769675646707232,-1.1004440426532223,-0.936090951739604,-0.09813493781187799,0.16616769266959097,0.3081,-0.7922079117385435,50919.0,0,0,1,0,0,0,0,0,0,0,0,0,0,0,0,1,0,0,0,0,0
-1.0235436302578833,-2.0260047188082813,-0.7015378627863242,-0.1293909469317005,-0.38161336629510295,0.2746,0.1668703986490591,50527.0,0,0,1,0,0,0,0,0,0,0,0,1,0,0,0,0,0,0,0,0,0
0.4210927432266645,0.06349390827030287,0.0452978433335714,0.24292612331176766,0.7013618706838096,0.4251,-0.9581272733337945,45064.0,0,0,1,0,0,0,0,0,0,0,0,0,0,0,0,0,0,0,0,1,0
0.7290618205812412,0.5089353883037069,-0.39230120322105494,0.714070832153798,0.8463627392332871,0.1506,-0.4425172776538376,50755.0,0,0,1,0,0,0,0,0,0,0,1,0,0,0,0,0,0,0,0,1,0
1.2539182033002212,1.2680791501760926,0.9190956194938493,0.9778858712159356,1.7883649095668739,0.1871,-0.5016323589729111,63260.0,0,0,1,0,0,0,0,0,0,0,0,1,0,0,0,0,0,0,0,1,0
-1.0530804032748986,-2.068726228386861,-0.45461530745043377,-0.469902055248378,-0.8307132786080687,0.203,0.5870497277322844,55813.0,0,0,1,0,0,0,0,0,0,1,0,0,0,0,0,0,0,0,0,0,0
1.2554020816731584,1.2702254077949042,0.9321652443509475,0.6363857353870196,1.1338471001421477,0.1806,-0.45761027751092137,76786.0,0,0,1,0,0,0,0,0,0,0,0,0,0,0,0,0,1,0,0,1,0
0.9478218452340225,0.8253463409568749,-0.35145862554262314,0.3215807517074308,0.9254083516022735,0.2209,-0.7264619830634405,58170.0,0,0,1,0,0,0,0,0,0,0,0,0,0,0,1,0,0,0,0,1,0
1.3307340391531945,1.3791843296514856,0.6987790861884801,1.1530483761253718,1.8120282457537675,0.2006,0.14780058437955718,65543.0,0,0,1,0,0,0,0,0,0,0,0,0,0,0,1,0,0,0,0,1,0
0.4553110096725706,0.11298665403806317,-0.11807246738015577,-0.5397161445902667,0.6625942773563449,0.2446,-0.9716530344938995,48057.0,0,0,1,0,0,0,0,0,0,0,0,0,0,0,0,0,1,0,0,1,0
0.8585135278821882,0.6961722387963132,-0.7015378627863242,0.2689570881179781,0.5316907154713996,0.2322,-0.3240042454230133,65934.0,0,0,1,0,0,0,0,0,0,1,0,0,0,0,0,0,0,0,0,1,0
1.2123412304619596,1.2079428907974896,0.05696715124169477,0.8604598507323621,1.2763305925015305,0.1956,0.7105793075296353,73739.0,0,0,1,0,0,0,0,0,0,0,0,0,0,0,0,0,0,0,0,1,0
1.144038758489972,1.1091513028027213,0.2742496644909519,0.28772448446516263,0.3962558764442835,0.3582,-0.05288934172636128,59282.0,0,0,1,0,0,0,0,0,0,0,0,0,0,0,0,0,0,0,0,1,0
-1.0278202473978009,-2.0321903484978097,-0.5848447837050905,-0.3435178865665481,-0.6952784395809523,0.1081,-0.18305980838015543,51342.0,0,0,1,0,0,0,0,0,0,0,0,0,0,0,0,1,0,0,0,0,0
-1.0020944234384004,-1.0065695619061281,-0.35145862554262314,0.244373672432726,0.08359775363447182,0.2349,0.5720422887906055,58532.0,0,0,1,0,0,0,0,0,0,0,0,0,0,0,1,0,0,0,0,0,0
-0.5627543530702095,-1.359526579583666,-1.87593701065986,-4.498665985445586,-0.9208353462134733,0.3657,1.5302814500820134,42189.0,0,0,1,0,0,0,0,0,0,0,0,0,0,0,0,0,0,0,0,0,1
-0.6129566814830897,-1.432138413412716,4.111118104681916,-1.0914252093451373,-2.1795234412610234,0.5955,-0.6405560530262523,40092.0,1,0,0,0,0,0,0,0,0,0,1,0,0,0,0,0,0,0,0,0,1
-0.5661981648605289,-1.364507653118754,-0.818230941867558,-0.15400269251994608,0.47177716214713605,0.3556,-1.2435912436587084,69020.0,0,0,1,0,0,0,0,0,1,0,0,0,0,0,0,0,0,0,0,0,0
0.030462774900839075,-0.5015069441890537,0.9321652443509475,0.15795940529552221,-0.32018938725678225,0.3466,-0.05219732115595731,45025.0,0,0,0,0,0,0,0,0,0,1,0,0,0,0,0,0,0,0,0,1,0
-1.2853404646320523,-2.4046634152378132,0.9321652443509475,0.35606553013828596,-0.42994698914492885,0.7742,-0.0893330122621636,36421.0,0,0,0,1,0,0,0,0,0,0,0,0,0,0,0,0,0,0,1,0,0
0.408629507735079,0.045467286535858825,0.7764966768565817,-0.3981825149597096,-0.3030712291641358,0.4454,-0.5148245918863945,46440.0,0,0,0,1,0,0,0,0,1,0,0,0,0,0,0,0,0,0,0,1,0
-0.16367525155466686,-0.7823050378740902,-1.0436819706525013,0.018770819222802215,0.03576760602266487,0.2623,-1.2915580250611116,40421.0,0,0,0,1,0,0,0,0,0,0,0,0,0,0,0,0,0,1,0,1,0
-1.2763356380889679,-2.3916389801313707,-0.610517261102962,-0.04472947408070197,-0.6439239653030123,0.4314,-0.3796022127240225,41991.0,0,0,0,1,0,0,0,0,0,0,0,0,0,0,0,1,0,0,0,0,0
-1.200712852226496,-2.07010695916946,1.7420152131747093,-0.430177950166286,-1.2234239642629043,0.6838,0.5183967094464297,39060.0,0,0,0,1,0,0,0,0,1,0,0,0,0,0,0,0,0,0,0,0,0
0.9685971261946439,0.8553953704851035,0.9321652443509475,-0.052133638397881946,0.7280460582988175,0.3557,-1.226296120230881,53848.0,0,0,0,1,0,0,0,0,1,0,0,0,0,0,0,0,0,0,0,1,0
-1.15270238696674,-0.11194033661184176,-0.7015378627863242,0.9758349872853194,0.5996598726039676,0.2241,1.6635549440574935,50994.0,0,0,0,1,0,0,0,0,0,0,0,0,0,0,0,1,0,0,0,0,0
-1.361110169284646,-2.5142554875070897,-1.8684686535986612,-0.18689186187188314,-0.9500369100185765,0.4159,-0.38993519678506733,46128.0,0,0,0,1,0,0,0,0,0,0,0,0,0,0,0,1,0,0,0,0,0
-1.3921350286334213,-2.559129341027895,1.2619398858345139,-1.2888734091752574,-1.4781824347005283,0.5955,-0.5418563152499809,31919.0,0,0,0,1,0,0,0,0,0,0,0,0,0,0,0,0,0,1,0,0,0
-0.0007115331607644577,-0.5465969579049116,-0.11807246738015577,0.4411619910342144,0.5261524878531904,0.2617,-0.04256922597330869,47485.0,0,0,0,1,0,0,0,0,0,0,1,0,0,0,0,0,0,0,0,1,0
-1.0948776369097637,-0.14173899039547538,-0.2016247120023191,0.6237437737399866,-0.025152897777636563,0.2864,1.6231947768241028,51513.0,0,0,0,1,0,0,0,0,0,0,0,0,0,0,0,1,0,0,0,0,0
-0.6209062262415629,-1.443636506056378,0.7358874853363124,-5.961842383903093,-0.9656446423971661,0.6876,-1.4776340813522983,32275.0,0,0,0,1,0,0,0,0,0,0,0,0,0,0,1,0,0,0,0,1,0
-1.1228415778028706,-1.7927585871289438,-0.11807246738015577,-0.27475894775888204,-0.4490790481896515,0.4659,1.1234999257753118,44140.0,0,0,0,1,0,0,0,0,0,1,0,0,0,0,0,0,0,0,0,0,0
-0.8886496242155131,-1.8308962156582478,1.6430594821138231,-0.23037479910743686,-0.6821880833924578,0.618,-1.093473862905275,34724.0,0,0,0,1,0,0,0,0,1,0,0,0,0,0,0,0,0,0,0,1,0
-0.5391671938083863,-1.325410494872754,-0.5073605791951514,0.4468625938603732,-0.5709200557902543,0.2458,-0.2805140993019584,43087.0,0,0,0,1,0,0,0,0,0,1,0,0,0,0,0,0,0,0,0,1,0
0.7963761722247833,0.6062977750769281,0.4653929280260127,-0.4408608254566524,-0.858907891937134,0.4908,-0.6300705324733651,52773.0,0,0,1,0,0,0,0,0,0,0,0,0,0,0,0,0,0,0,0,1,0
-0.4011939536173563,-1.1258482373772178,0.7379879607597746,-0.2755125444032235,-0.9948462062022693,0.4891,-1.6630349970005711,38641.0,0,0,1,0,0,0,0,0,1,0,0,0,0,0,0,0,0,0,0,1,0
0.30795658911958945,-0.1001443906252725,-1.257230305371159,-0.7170991657588167,0.02066334888209425,0.3698,-0.7631570546746635,48991.0,0,0,1,0,0,0,0,0,0,0,0,0,0,0,0,0,0,1,0,1,0
-1.1055986930405048,-0.9122706311170974,-0.46815170462385686,-0.28229690396455387,-0.36499868344047515,0.2565,0.6592888388751855,49560.0,0,0,1,0,0,0,0,0,0,0,0,0,0,0,1,0,0,0,0,0,0
0.15697571630409757,-0.31852067704131637,0.20376704472588675,-0.5105168647907826,-0.6479517672071643,0.4412,0.6150371412304227,45378.0,0,0,1,0,0,0,0,0,1,0,0,0,0,0,0,0,0,0,0,1,0
0.25981138570508466,-0.1697808322111751,-0.9248884161478055,-0.9882499820760042,-0.24970285393411967,0.4534,-1.8706078989670523,35422.0,0,0,1,0,0,0,0,0,0,0,0,0,0,0,0,1,0,0,0,1,0
0.4422326693809738,0.09407035469427517,0.6987790861884801,-0.5181944544928113,-0.0029999873047996026,0.3578,-0.8775508698893382,46092.0,0,0,1,0,0,0,0,0,0,0,0,0,0,0,0,0,0,0,1,1,0
0.6679961698879058,0.4206110212675825,-0.47305281394526866,0.21394084006070305,0.008076467931618737,0.272,-0.5166399148136356,40694.0,0,0,1,0,0,0,0,0,1,0,0,0,0,0,0,0,0,0,0,1,0
0.310596769609885,-0.09632567637235233,0.4037789822711213,0.37184017421192034,0.5347115668995139,0.3612,-0.6210891776966612,46573.0,0,0,1,0,0,0,0,0,1,0,0,0,0,0,0,0,0,0,0,1,0
0.3982440288969272,0.03044589833591401,0.4653929280260127,-0.7671144678299965,0.029725903166436734,0.4795,-1.1552606977836422,48825.0,0,0,1,0,0,0,0,0,0,0,1,0,0,0,0,0,0,0,0,1,0
0.2946793473853005,-0.11934837779075552,-1.0285118703719411,0.36825672809078663,-0.6021355205474335,0.2935,-1.5737927433675865,42643.0,0,0,1,0,0,0,0,0,0,0,0,0,0,0,0,1,0,0,0,1,0
-1.6756072472038417,-1.8884243233412321,0.6824420551171073,-0.42179048921002676,-1.4993283946973275,0.7288,-0.7071801782361316,31088.0,0,0,1,0,0,0,0,0,0,0,0,0,0,0,0,0,0,0,0,0,0
0.9602295128803437,0.8432925902609132,0.9321652443509475,0.08928613539613706,0.47026673643307915,0.4173,-0.9790286230341771,37032.0,0,0,1,0,0,0,0,0,0,0,0,0,0,0,0,0,0,0,0,1,0
-1.170696618973405,-1.04727449342311,1.3697642909055738,-1.8813033040670055,-1.6569161441972806,0.463,-0.5227198730101078,39463.0,0,0,1,0,0,0,0,0,0,1,0,0,0,0,0,0,0,0,0,0,0
-0.03925825921896291,-0.6023503174736622,0.6987790861884801,-0.08327780620261753,-0.2930017244037554,0.2889,0.5147403139184425,53278.0,0,0,1,0,0,0,0,0,0,1,0,0,0,0,0,0,0,0,0,1,0
0.3092773110567101,-0.09823411982978525,-0.23476554646138947,0.6153088835739017,0.9128214706517978,0.3555,0.706989488652486,62105.0,0,0,1,0,0,0,0,0,0,0,1,0,0,0,0,0,0,0,0,1,0
0.5826971603105938,0.2972359168646317,-0.11807246738015577,-0.5751516557058196,-0.4943918196113633,0.1271,-0.4666857367019969,46660.0,0,0,1,0,0,0,0,0,0,0,1,0,0,0,0,0,0,0,0,1,0
-1.309590029486697,-1.0569880084410623,-0.8943148294285223,-0.33973035419114556,-1.0195164928652014,0.3497,0.161810059250441,42620.0,0,0,1,0,0,0,0,0,0,1,0,0,0,0,0,0,0,0,0,0,0
0.07966479200579873,-0.43034194441659723,0.6871097782803567,-1.662013772292223,-1.2616880823523502,0.2991,-0.5749830305278698,43221.0,0,0,1,0,0,0,0,0,0,0,0,0,0,0,0,1,0,0,0,1,0
-1.096987044824995,-0.9755505410465717,-0.7090062198475232,-1.1493736983823593,-0.9701759195393374,0.2817,-0.06019066283353233,42647.0,0,0,1,0,0,0,0,0,0,1,0,0,0,0,0,0,0,0,0,0,0
-0.5923045254670306,0.369165371516838,-0.5848447837050905,1.204866193683803,0.6595734259282305,0.201,1.8263324045788587,63403.0,0,0,1,0,0,0,0,0,1,0,0,0,0,0,0,0,0,0,0,0,0
-0.8190426272855564,0.017459986469896327,-0.9932705604894084,0.23858249717707986,-0.410814930100206,0.2498,0.7898753949521138,59637.0,0,0,1,0,0,0,0,0,0,0,0,0,0,0,0,0,0,0,0,0,0
-0.5779332196856228,0.20830842463271598,0.05696715124169477,0.8480365564838153,-0.8317202290841068,0.2075,0.631568722914571,82957.0,0,0,1,0,0,0,0,0,0,0,0,0,0,0,0,1,0,0,0,0,0
-0.661356058845465,0.3158209348511935,-0.7015378627863242,-0.4431511690826764,-0.3644952082024562,0.1785,0.5752927129809987,53037.0,0,0,1,0,0,0,0,0,0,0,1,0,0,0,0,0,0,0,0,0,0
-1.1442293873430165,-0.9338114187312345,-0.46815170462385686,0.6693367785339166,0.6983410192556953,0.153,0.03660025786820547,56280.0,0,0,1,0,0,0,0,0,0,0,0,0,0,0,0,1,0,0,0,0,0
-1.0443830483224044,-1.0781176083769792,-0.35145862554262314,0.005506004295664992,0.009083418407656666,0.2732,0.4794486308944277,47885.0,0,0,1,0,0,0,0,0,0,0,0,0,0,0,0,1,0,0,0,0,0
-0.46022708115101274,-1.2112327958707878,-1.454908381334769,0.2161170059347602,-0.38513769296123596,0.3849,-1.1818663403498004,41297.0,0,0,1,0,0,0,0,0,0,1,0,0,0,0,0,0,0,0,0,1,0
-0.3868221598104326,-1.1050611078410912,-0.3082821862825667,-1.2945829234344708,-1.5275230080263926,0.3863,0.5980112460041676,56309.0,0,0,1,0,0,0,0,0,0,0,1,0,0,0,0,0,0,0,0,1,0
0.9561060125067458,0.8373284261795336,-1.1099636395706423,0.7147685674160745,1.2979800277363482,0.1933,-0.3351213415441215,67102.0,0,0,1,0,0,0,0,0,0,0,0,0,0,0,0,0,0,0,0,1,0
1.237437495655674,1.2442417218594413,0.4653929280260127,1.0304135050115661,1.489804093421595,0.1537,0.8738626412542219,70783.0,0,0,1,0,0,0,0,0,0,0,0,0,0,0,0,0,0,0,0,1,0
0.5317114479968941,0.22349100926332874,-1.2254897878610636,-0.8362049640779525,1.0975968830047784,0.2879,-1.8461428134139781,137047.0,0,0,1,0,0,0,0,0,0,0,0,0,0,0,0,0,0,0,0,1,0
0.36665871680382256,-0.015238584947032183,-0.47818730942484294,-0.5859558033648863,0.395248925968245,0.3513,-0.5337774889086281,43112.0,0,0,1,0,0,0,0,0,0,0,0,0,0,0,1,0,0,0,0,1,0
0.3608018385360775,-0.02370987870928258,0.9321652443509475,-0.23337905374999765,-2.14025237269554,0.4171,-1.6368760375885607,43071.0,0,0,1,0,0,0,0,0,1,0,0,0,0,0,0,0,0,0,0,1,0
-1.140447976208313,-2.1950932692881127,-0.35145862554262314,0.12220743849122113,-0.2074109339405219,0.2942,0.7861108764330633,44030.0,0,0,1,0,0,0,0,0,0,1,0,0,0,0,0,0,0,0,0,0,0
-1.2107632989246904,-0.9273469816730823,-0.23663263572668922,0.37184017421192034,-0.08204559967378572,0.2134,1.3748569043396717,49827.0,0,0,1,0,0,0,0,0,1,0,0,0,0,0,0,0,0,0,0,0,0
1.4691130090496425,1.5793334280143823,-1.2850032581924926,1.5094922602702487,2.2163188618830407,0.1589,0.9362769406859799,86182.0,0,0,1,0,0,0,0,0,0,0,1,0,0,0,0,0,0,0,0,1,0
0.4793072503406407,0.1476944274620694,-0.001379388298922081,0.19070544116040283,0.31318246217114487,0.2804,-0.13010885991059945,50876.0,0,0,1,0,0,0,0,0,0,0,1,0,0,0,0,0,0,0,0,1,0
0.6263892524489921,0.36043145050412206,0.9321652443509475,-0.8251884124613033,0.22205344408970218,0.3967,-1.2093545846889873,52199.0,0,0,1,0,0,0,0,0,0,0,0,0,0,0,1,0,0,0,0,1,0
-0.12071260587867075,-0.7201645637704748,0.34823307662845404,0.17252350341360448,0.49040574595383996,0.2791,-0.8926700046041008,59268.0,0,0,1,0,0,0,0,0,0,0,1,0,0,0,0,0,0,0,0,1,0
0.3927112014720076,0.022443306458522144,-0.23873311115015142,-0.03511043491493847,0.2985816802685935,0.3034,-0.7264619830634405,42401.0,0,0,1,0,0,0,0,0,0,0,0,0,0,0,1,0,0,0,0,1,0
0.8550313747649363,0.6911357089876214,0.6420662497550005,0.49876408694323093,0.5432706459458368,0.1804,-0.7335147455050107,61772.0,0,0,0,0,0,1,0,0,0,1,0,0,0,0,0,0,0,0,0,1,0
-1.6202163562143086,-0.5791325875315715,-1.1195324720553033,-1.441452036359149,-1.4258210099465505,0.2647,0.05016045694909009,44296.0,0,0,0,0,0,1,0,0,1,0,0,0,0,0,0,0,0,0,0,0,0
0.40024183412277686,0.033335491421898907,-0.9932705604894084,-0.30493734327490374,-0.7018236176751996,0.3103,-1.3055644641482531,48296.0,0,0,0,0,0,1,0,0,0,1,0,0,0,0,0,0,0,0,0,1,0
-1.3682871361469402,-0.2856607414011316,-0.9932705604894084,0.14921301558810154,-0.3876550691513311,0.2136,-0.48048804746110774,54329.0,0,0,0,0,0,1,0,0,0,0,0,0,0,0,0,1,0,0,0,0,0
-1.362644950193754,0.18671675343325828,-0.11807246738015577,0.27040170763648236,-0.3644952082024562,0.1673,1.438196766914667,53263.0,0,0,0,0,0,1,0,0,0,1,0,0,0,0,0,0,0,0,0,0,0
-1.350921708088033,0.2047785760753071,-0.14141108319640253,0.13243244151929934,-0.6268058072103656,0.2751,0.8456710753192381,44511.0,0,0,0,0,0,1,0,0,0,1,0,0,0,0,0,0,0,0,0,0,0
-1.7131500494347225,-0.7714698797781369,-1.0516171000300254,-0.36398987706322905,-1.017502591913125,0.297,-0.9737536556057679,49505.0,0,0,0,0,0,1,0,0,0,0,0,0,0,0,0,1,0,0,0,0,0
0.5881001563627662,0.30505072274958533,0.6987790861884801,-0.7859205151965291,-0.56286445198195,0.3172,-0.9706047173586518,49036.0,0,0,0,0,0,1,0,0,1,0,0,0,0,0,0,0,0,0,0,1,0
-1.6781786474830103,-0.8075039042503316,-0.46815170462385686,0.3625211346764008,-0.4415269196193662,0.3539,-0.5769351977083877,43229.0,0,0,0,0,0,1,0,0,0,0,0,0,0,0,0,1,0,0,0,0,0
-1.232017531008267,-2.3275379886296252,-0.7015378627863242,-1.819965957046426,-1.290889646157453,0.2891,1.166479208030769,61289.0,0,0,1,0,0,0,0,0,0,0,1,0,0,0,0,0,0,0,0,1,0
-0.49453278682298657,-1.260852012317381,0.16572510094540457,0.20014989030310484,0.43099566786759547,0.3043,-1.1832193114011949,64876.0,0,0,1,0,0,0,0,0,0,0,0,0,0,0,0,0,0,0,0,1,0
-0.10828664315610972,-0.702191852764802,0.4618921356535757,0.4682173566444599,0.6283579611710514,0.2124,-1.2946501726222714,70845.0,0,0,1,0,0,0,0,0,0,0,0,0,0,0,0,0,0,0,0,1,0
-1.3634983447436186,-2.5177097057687483,-0.9640972907191,-0.3314017109916821,-0.8760260500297804,0.3587,-0.3688894834949157,47002.0,0,0,1,0,0,0,0,0,0,0,0,0,0,0,0,1,0,0,0,0,0
0.8196474988109718,0.6399570445267556,0.6404325466478632,0.2501622386100578,0.17875457362006647,0.1136,-0.5775869433848456,52415.0,0,0,1,0,0,0,0,0,0,0,0,0,0,0,1,0,0,0,0,1,0
1.0653852902840861,0.9953882016876949,0.4653929280260127,1.2631632401939972,1.5124604791324505,0.0524,0.4192254939877479,73911.0,0,0,1,0,0,0,0,0,0,0,0,0,0,0,0,0,0,0,0,1,0
0.8597744922547128,0.6979960772192859,0.4653929280260127,-0.13386230454913836,0.4471068754842045,0.2801,-0.7913635972641814,53316.0,0,0,1,0,0,0,0,0,0,0,0,0,0,0,1,0,0,0,0,1,0
0.7025941052496408,0.4706529139991947,0.9321652443509475,-0.4798523013473511,0.1732163460018573,0.2894,-0.8118684269044122,51303.0,0,0,1,0,0,0,0,0,0,0,0,0,0,0,1,0,0,0,0,1,0
-1.3257750180531676,-1.3839975868418535,-0.818230941867558,0.17688951557003058,-0.26883491297884227,0.3354,0.39920822203511436,50105.0,0,0,1,0,0,0,0,0,0,0,0,0,0,0,1,0,0,0,0,0,0
-0.24523317184586338,-0.9002690913921312,0.09594263965482681,0.28772448446516263,0.12186187172391733,0.323,-1.0114036223697815,65071.0,0,0,1,0,0,0,0,0,0,0,0,0,0,0,0,0,0,0,0,1,0
0.8522256085541413,0.6870774942334004,0.7300528313822507,-0.12268682677749147,-0.4077940786720919,0.2806,-0.630765454597862,52163.0,0,0,1,0,0,0,0,0,0,0,0,0,0,0,1,0,0,0,0,1,0
-1.3145244787043862,-0.48681955938594706,-0.9349240209487917,0.11489887971393052,-0.7949665367087182,0.331,1.252963935603065,53909.0,0,0,1,0,0,0,0,0,0,0,0,0,0,0,0,0,0,0,0,0,0
0.8989657351864067,0.7546816555435767,0.9251636596060735,0.029078437893592587,0.7542267706758066,0.296,-0.432058688413137,56405.0,0,0,1,0,0,0,0,0,0,0,0,0,0,0,0,0,0,0,0,1,0
-1.0543078789185183,-0.055945285608133555,-0.46815170462385686,0.7231384364384308,0.26434536408329995,0.2217,1.6588300334025223,56887.0,0,0,1,0,0,0,0,0,0,0,0,0,0,0,0,0,0,0,0,0,0
-1.3294346336192138,-2.4684405063120263,-0.2639388162316979,-0.8740478709364519,-0.810574269087308,0.3376,-0.6662762253081038,47071.0,0,0,1,0,0,0,0,0,0,0,0,0,0,0,0,0,0,0,1,0,0
0.0999049433897159,-0.40106691763145036,0.29035330940416215,-0.4507885978185497,0.2628349383692428,0.3692,-1.427053969338755,54338.0,0,0,1,0,0,0,0,0,0,0,0,0,0,0,0,0,0,0,0,1,0
0.35049207637788915,-0.03862175153100875,0.9321652443509475,0.4040462943630396,-0.7567024186192727,0.2438,-1.4566533509741506,55045.0,0,0,1,0,0,0,0,0,0,0,0,0,0,0,0,0,0,0,0,1,0
-1.3820617263862198,-2.544559479987427,-0.9349240209487917,-0.08996138950255356,-0.14044872728399205,0.2658,0.14562410358833058,47075.0,0,0,1,0,0,0,0,0,0,0,0,0,0,0,1,0,0,0,0,0,0
-0.006955214655941533,-0.5556277175836398,-0.35145862554262314,-0.566669051441021,-1.0562701852405898,0.4374,-1.4491538012845484,44130.0,0,0,1,0,0,0,0,0,0,0,0,0,0,0,0,1,0,0,0,1,0
-0.2281113916080491,-0.8755044260710162,0.9321652443509475,0.4767493337057217,0.45868680595864186,0.2298,-0.9832729067544247,46474.0,0,0,0,0,0,0,0,0,0,0,0,0,0,0,0,0,0,0,1,1,0
1.5282077529357485,1.6648071074010793,-1.2850032581924926,1.6322074709535275,2.062255439049221,0.1483,0.44543755442405547,97434.0,0,0,0,0,0,0,0,0,0,0,0,0,0,0,0,1,0,0,0,1,0
1.004271205583186,0.9069937804883444,0.9321652443509475,-0.09070422452626438,-0.02162857111150353,0.2716,-0.7311571490787276,53353.0,0,0,0,0,0,0,0,0,0,0,0,0,0,0,0,0,0,1,0,1,0
0.8963143653953953,0.7508467572675261,0.6987790861884801,-1.0914252093451373,-0.8463210109866585,0.419,-0.7922079117385435,42092.0,0,0,0,0,0,0,0,0,0,0,0,0,0,0,0,0,0,1,0,1,0
-0.3826235033146633,-1.0989882391631947,-0.4490140396545345,-1.100261553800735,-0.24265420060185333,0.469,3.4124833963163232,50318.0,0,0,0,0,0,0,0,0,0,0,0,1,0,0,0,0,0,0,0,1,0
-0.17574645341994907,0.6171019179468347,0.8887554189327286,0.8708034278245038,1.2959661267842724,0.1773,1.2280339922444028,66479.0,0,0,0,0,0,0,0,0,0,0,0,0,0,1,0,0,0,0,0,0,0
-0.5368211348576912,-0.17153231875933486,0.6401991604897007,0.31222517407994044,0.33231452121586774,0.2371,0.04093898288334159,54368.0,0,0,0,0,0,0,0,0,0,0,0,0,0,0,1,0,0,0,0,0,0
-0.4364841627138633,0.4372443477055696,0.8887554189327286,-0.4507885978185497,0.38719332215994107,0.32,-1.3725496379429496,66479.0,0,0,0,0,0,0,0,0,1,0,0,0,0,0,0,0,0,0,0,0,0
-0.5511471890345795,-0.22464846179142403,0.6987790861884801,-0.214613976682828,-0.13289659871370701,0.2563,0.21283471362290224,57304.0,0,0,0,0,0,0,0,0,0,0,0,0,0,0,0,1,0,0,0,0,0
0.7645902911980014,0.5603231921403629,0.9218962533917989,0.14848388095214607,0.2804565716999085,0.2731,-0.5506455826329489,52248.0,0,0,0,0,0,0,0,0,0,1,0,0,0,0,0,0,0,0,0,1,0
1.059798046518681,0.9873069028977386,0.9321652443509475,1.0881502683229103,1.7672189495700752,0.1052,-0.18834201778392393,73371.0,0,0,0,0,0,0,0,0,0,0,0,1,0,0,0,0,0,0,0,1,0
-1.4096774444909799,-2.22131379534837,0.8887554189327286,-3.434295098702334,-1.9781333460534156,0.3188,-0.759900883157567,66479.0,0,0,0,0,0,0,0,0,1,0,0,0,0,0,0,0,0,0,0,0,0
0.3802288216432667,0.004388994665225414,0.05720053739985723,-0.40731594060398296,-0.24517157679194843,0.5957,-0.28967610069608696,40251.0,1,0,0,0,0,0,0,0,0,0,1,0,0,0,0,0,0,0,0,0,1
0.47706120417421777,0.14444578270465147,0.8728851601776807,-1.1469539527490349,-1.2561498547341408,0.6892,-0.8617834015639219,45902.0,1,0,0,0,0,0,0,0,0,0,1,0,0,0,0,0,0,0,0,1,0
0.8238495022138485,0.6460347541168252,0.4653929280260127,-0.08996138950255356,0.4063253812046634,0.4592,-0.4752852042360724,53843.0,1,0,0,0,0,0,0,0,0,0,1,0,0,0,0,0,0,0,0,1,0
0.7624352122438891,0.5572061208838764,0.036662555481560104,0.050403664339373724,0.1898310288564851,0.3772,-0.8320067400936652,53726.0,1,0,0,0,0,0,0,0,0,0,1,0,0,0,0,0,0,0,0,1,0
1.016396356500695,0.9245314021765934,0.5326081415768033,0.7370761131146496,1.208864910606982,0.2723,-0.4342495544212722,63646.0,1,0,0,0,0,0,0,0,0,0,1,0,0,0,0,0,0,0,0,1,0
0.6907854553515981,0.4535730742537116,0.4653929280260127,0.11562992269919528,0.2346403250401777,0.2151,0.008795467642643402,57273.0,1,0,0,0,0,0,0,0,0,0,1,0,0,0,0,0,0,0,0,1,0
0.7660129886810411,0.5623809587120221,0.4653929280260127,0.44899966801782987,-0.888109455742237,0.5155,-0.3101963172613829,57602.0,1,0,0,0,0,0,0,0,0,0,1,0,0,0,0,0,0,0,0,1,0
0.6907854553515981,0.4535730742537116,0.4653929280260127,0.21756757844367242,1.0603397153913705,0.3492,-0.21906868350391598,57273.0,1,0,0,0,0,0,0,0,0,0,1,0,0,0,0,0,0,0,0,1,0
0.7395083187772803,0.5240450339135236,-0.2777085995632835,0.1346224553283059,-0.2215082406050543,0.3025,-0.6426691725347808,53096.0,1,0,0,0,0,0,0,0,0,1,0,0,0,0,0,0,0,0,0,1,0
-0.4469861478435765,-0.2194912530477303,-0.5848447837050905,0.5341924609709717,0.39726282692032144,0.3129,1.4481568162341594,59988.0,1,0,0,0,0,0,0,0,0,0,1,0,0,0,0,0,0,0,0,0,0
-0.6079126562218262,-0.2729553760155536,-1.0516171000300254,-0.5736089474150744,-1.1353157976095758,0.5238,0.38830418859805893,52745.0,1,0,0,0,0,0,0,0,0,0,0,0,0,0,0,0,0,0,0,0,0
-0.6627935148291563,-0.6046207608247032,0.05696715124169477,0.08708837971315032,-0.9686654938252803,0.4631,1.198898663923527,57237.0,1,0,0,0,0,0,0,0,0,0,1,0,0,0,0,0,0,0,0,0,0
1.0008003893652704,0.9019736481870347,0.9321652443509475,0.5264065962058281,0.9520925392172814,0.3036,0.33694620323463864,67991.0,1,0,0,0,0,0,0,0,0,0,1,0,0,0,0,0,0,0,0,1,0
-0.5315803979914725,-0.33499047196305043,-0.23476554646138947,0.401901729417893,0.13847655457854482,0.4439,1.6039655864964497,61415.0,1,0,0,0,0,0,0,0,0,0,1,0,0,0,0,0,0,0,0,0,0
-0.18225688825802525,0.45980085642539026,-0.46815170462385686,1.1651803619038879,0.30915466026699284,0.3897,1.0224021323712387,84276.0,1,0,0,0,0,0,0,0,0,0,0,0,0,0,0,0,0,0,0,0,0
1.395527080392439,1.4728999339367983,-2.9607158737990087,1.602940668327599,1.8296498790844336,0.1872,0.6483712162551654,110066.0,1,0,0,0,0,0,0,0,0,1,0,0,0,0,0,0,0,0,0,1,0
-0.4227773852947121,-0.15620199492149547,-0.46815170462385686,0.9203370140649998,0.7854422354329856,0.2672,0.4999512353912461,67541.0,1,0,0,0,0,0,0,0,0,0,1,0,0,0,0,0,0,0,0,0,0
0.8044843214201288,0.6180252706064486,0.7291192867496008,0.53843730853473,0.6882715144953149,0.3336,0.1857708093274051,62208.0,1,0,0,0,0,0,0,0,0,0,1,0,0,0,0,0,0,0,0,1,0
-0.3308679556308967,0.45463094320403885,-0.35145862554262314,0.5546962448538226,0.1681815936216671,0.4432,0.3343470544706863,74479.0,1,0,0,0,0,0,0,0,0,1,0,0,0,0,0,0,0,0,0,0,0
-0.3180068688236393,0.4635171325072266,-0.35145862554262314,1.2932134121146122,1.4168001839088373,0.272,2.2015317273064157,74479.0,1,0,0,0,0,0,0,0,0,1,0,0,0,0,0,0,0,0,0,0,0
-0.371267397454128,0.42699882788269655,-0.35145862554262314,0.7217438368512558,-0.08254907491180496,0.557,0.8582167333691629,74479.0,1,0,0,0,0,0,0,0,0,0,0,0,0,0,0,0,0,0,0,0,0
0.8788207267199887,0.7255442419316404,-0.5848447837050905,-0.19138327859812648,0.38820027263597895,0.5418,-0.2271452783981595,57815.0,1,0,0,0,0,0,0,0,0,0,0,0,0,0,0,0,0,0,0,1,0
1.1880155596361592,1.1727586349347674,-0.05972592783953893,0.7905954537462638,1.0975968830047784,0.3026,0.6980861877304433,70196.0,1,0,0,0,0,0,0,0,0,0,1,0,0,0,0,0,0,0,0,1,0
0.6953982564634078,0.4602449549892522,0.4499894415872898,0.4568325668568393,-0.4908674929452303,0.5414,-1.1500405571528407,53038.0,1,0,0,0,0,0,0,0,0,0,1,0,0,0,0,0,0,0,0,1,0
1.4239233333034411,1.5139718137265883,0.9321652443509475,1.4140377585843589,1.273813216311435,0.2047,0.3899286823011255,108772.0,1,0,0,0,0,0,0,0,0,0,1,0,0,0,0,0,0,0,0,1,0
-0.4618245686674337,-0.3942406596476691,-0.5848447837050905,0.21756757844367242,0.6590699506902116,0.415,0.9228432158781835,57602.0,1,0,0,0,0,0,0,0,0,0,0,0,0,0,0,0,1,0,0,0,0
-0.20691150565956348,-0.2987723212089036,0.05696715124169477,1.128749983958883,1.623728506734654,0.2013,0.8161227672769625,73323.0,1,0,0,0,0,0,0,0,0,0,1,0,0,0,0,0,0,0,0,0,0
-0.49617052766215863,-0.3072352762196946,-0.15681456963512536,-0.1130092691605774,-0.7154174491017131,0.4447,0.7782762550610633,57780.0,1,0,0,0,0,0,0,0,0,0,1,0,0,0,0,0,0,0,0,0,0
-1.4583704283075982,-0.30129117936847627,-0.6476256602507943,0.7968364347285294,0.7436537906774071,0.257,1.6769265104666902,51836.0,0,0,0,1,0,0,0,0,0,0,0,0,0,0,1,0,0,0,0,0,0
0.6822108917884212,0.4411709645450654,0.6700725887344966,-0.6789373645132841,-0.1706572415651333,0.369,-0.7590888354836696,47913.0,0,0,0,1,0,0,0,0,0,0,0,0,0,1,0,0,0,0,0,1,0
-0.1480258059435565,-0.759669933484407,0.6987790861884801,-0.3526125222207669,-0.17317461775522838,0.2542,-0.46554585401209014,47937.0,0,0,0,1,0,0,0,0,0,0,0,1,0,0,0,0,0,0,0,1,0
-0.1737272360428572,-0.7968440652535733,1.1958916030745357,1.1165835341196686,-1.6443292632468052,0.75,-2.1438726617372743,36654.0,0,0,0,1,0,0,0,0,0,0,0,0,0,0,0,0,0,0,0,1,0
0.5024518550130797,0.18117040839053597,0.4653929280260127,-0.6408885739345513,-0.8493418624147725,0.3769,-1.002645870215043,43545.0,0,0,0,1,0,0,0,0,0,0,0,0,0,0,1,0,0,0,0,1,0
0.8570125006288325,0.6940011773149184,-0.11807246738015577,0.029814380041403018,-0.10470198538464164,0.3332,0.07426087111711173,54886.0,0,0,0,1,0,0,0,0,0,0,0,0,0,1,0,0,0,0,0,1,0
0.5942256068204071,0.3139104749726354,0.4653929280260127,-0.051393029931006876,0.08007342696833851,0.3942,-0.6764981383385803,48793.0,0,0,0,1,0,0,0,0,0,0,1,0,0,0,0,0,0,0,0,1,0
0.30643110614288377,-0.10235082446839236,1.5135301643336536,-1.3559160411297153,-1.2511151023539504,0.6075,-1.1474427663580749,38412.0,0,0,0,1,0,0,0,0,0,0,0,0,0,0,0,0,0,0,1,1,0
1.4090893588457563,1.49251619359106,-1.0077405022954815,1.4759993973683252,2.3109722066306166,0.1655,-0.2435385220951798,81400.0,0,0,0,1,0,0,0,0,0,0,1,0,0,0,0,0,0,0,0,1,0
1.529591855090999,1.6668090503164141,-2.335240969923596,1.5265335113316447,2.2515621285443723,0.1274,0.764320311514838,97800.0,0,0,0,1,0,0,0,0,0,0,0,0,0,0,0,0,0,0,0,1,0
-1.4916894775077,-0.3757567838484757,-0.05972592783953893,0.5448019515278734,-0.0019930368287616736,0.3134,1.700331181547487,55146.0,0,0,0,1,0,0,0,0,0,1,0,0,0,0,0,0,0,0,0,0,0
-2.55204446544938,-2.689350242737906,-0.3600939133946345,0.0018189017984026664,-0.6736290043461346,0.5253,-0.2602626129131434,40026.0,0,0,0,1,0,0,0,0,0,0,0,0,0,0,1,0,0,0,0,0,0
0.9911097142519504,0.8879572128290453,-0.5848447837050905,1.1456287415214932,1.7541285933815804,0.0915,0.7623812389861591,74545.0,0,0,0,1,0,0,0,0,0,0,0,1,0,0,0,0,0,0,0,1,0
-2.343523297498707,-2.544809785147733,-0.004413408355034157,0.25594819805893665,-1.137833173799671,0.5259,0.6354997755711254,40144.0,0,0,0,1,0,0,0,0,1,0,0,0,0,0,0,0,0,0,0,0,0
0.596288883647042,0.31689476512043063,0.28381849697561307,-0.3518543899895963,-1.8975773079703724,0.2682,-0.272354021044125,48039.0,0,0,0,1,0,0,0,0,0,0,0,0,0,0,0,0,0,1,0,1,0
-0.08579243456828553,-0.6696565941875122,0.6070583260306304,-0.8653656882290547,-0.5991146691193194,0.4507,-1.1244219920116263,46566.0,0,0,0,1,0,0,0,0,0,0,0,0,0,0,0,0,0,0,0,1,0
0.8817070817261471,0.7297190190127977,0.6987790861884801,-0.6300381544348056,-0.32472066439895353,0.4358,-0.7664260710830644,47590.0,0,0,0,1,0,0,0,0,0,0,0,0,0,0,0,0,0,0,0,1,0
0.9809137371034621,0.8732099168004237,0.36620381080696407,0.6896261962129348,1.121260219191672,0.105,0.5526008482370502,61389.0,0,0,0,1,0,0,0,0,1,0,0,0,0,0,0,0,0,0,0,1,0
-0.08039409465312454,-0.6618485228636366,1.6323237188383497,-0.8882677462020188,-0.9324152766879108,0.6778,-0.7374590394096016,42680.0,0,0,0,1,0,0,0,0,0,0,0,0,0,0,0,0,0,0,0,1,0
0.4975881632073688,0.17413564342331228,-1.314176527962801,-0.9112106994696981,-0.1706572415651333,0.3743,-0.9427901066593859,43415.0,0,0,0,1,0,0,0,0,0,0,0,0,0,0,0,0,0,1,0,1,0
0.4869165656659777,0.15870041777016944,0.6987790861884801,-0.23337905374999765,-0.1102402130028511,0.3976,-0.5282302378012196,45543.0,0,0,0,1,0,0,0,0,0,1,0,0,0,0,0,0,0,0,0,1,0
-0.2359293602709095,-0.8868122091833766,1.8948831467711253,0.24726828150924063,-1.4726442070823191,0.8393,-0.9622655819832158,32600.0,0,0,0,1,0,0,0,0,0,0,1,0,0,0,0,0,0,0,0,1,0
0.745442415496937,0.5326280151925886,0.6987790861884801,-0.998610025917974,-0.43951301866729003,0.4225,-0.779632638793035,44781.0,0,0,0,1,0,0,0,0,0,0,0,0,0,0,0,0,1,0,0,1,0
0.9724009946749365,0.8608972241785607,0.4653929280260127,0.4909567172333459,0.7340877611550457,0.3276,-0.5659332337349245,51539.0,0,0,0,1,0,0,0,0,0,0,0,0,0,0,0,0,0,0,0,1,0
0.8313114521409137,0.6568275975022674,0.9321652443509475,-0.7186592004843895,-0.8579009414610957,0.3867,-0.48222961290398814,48050.0,0,0,0,1,0,0,0,0,1,0,0,0,0,0,0,0,0,0,0,1,0
0.6130923373096006,0.34119900804448594,0.6551358746120987,-0.8969654237441936,-0.7743240519499384,0.4037,-1.013607598628748,45151.0,0,0,0,1,0,0,0,0,0,0,1,0,0,0,0,0,0,0,0,1,0
0.2461133200278203,-0.18959349230448144,0.9809429514069031,0.1892518326076552,-0.4093045043861488,0.4695,-0.3101963172613829,47139.0,0,0,0,1,0,0,0,0,0,0,0,0,0,0,0,0,0,1,0,1,0
-1.6116056942127501,-0.6688744104862017,0.9321652443509475,0.386879743703984,-0.4823084138989068,0.5066,1.277791366440473,44440.0,0,0,0,1,0,0,0,0,0,0,0,0,0,0,0,0,0,0,0,0,0
-1.4730796219988609,-0.27929794458539015,-0.5848447837050905,-0.06102427142523858,-0.12987574728559267,0.3133,0.07426087111711173,44030.0,0,0,0,1,0,0,0,0,0,1,0,0,0,0,0,0,0,0,0,0,0
-1.2161229453953906,0.6399570445267556,-2.1018548117611284,1.5912152554416004,2.1297211209437696,0.2026,1.7289995118311479,72200.0,0,0,0,1,0,0,0,0,0,1,0,0,0,0,0,0,0,0,0,0,0
-1.5195100282487015,-0.53029797816471,-0.35145862554262314,0.7829634689753578,0.3313075707398295,0.3378,1.8422724024695152,57289.0,0,0,0,1,0,0,0,0,0,0,0,0,0,0,0,0,0,0,0,0,0
-1.4488928855392207,-0.4011523938328144,-0.03452022275799245,0.11782280212150537,-0.14900780633031557,0.471,1.4016746909899875,48160.0,0,0,0,1,0,0,0,0,0,0,0,0,0,0,0,0,0,0,0,0,0
-1.6543633101553814,-0.7517060299894918,1.2238979420540317,0.08708837971315032,-0.8055395167071179,0.5664,0.6213519153943662,42968.0,0,0,0,1,0,0,0,0,0,0,0,0,0,0,0,0,0,0,0,0,0
-1.1432102948940412,-0.09493219820617303,0.20166656930242455,0.9874523367845396,1.7138505743400587,0.2478,-0.8608651803232727,38357.0,0,0,0,1,0,0,0,0,0,0,0,0,0,0,0,0,0,0,0,0,0
-1.230621357678409,0.2139055439344319,-0.6732981376486656,1.3457987585511448,1.2204448410814193,0.191,1.9359938575291171,68758.0,0,0,0,1,0,0,0,0,0,0,0,0,0,0,0,0,0,0,0,0,0
0.6797290147578162,0.43758121784948806,0.4653929280260127,-0.6610636955811502,-0.7718066757598433,0.4692,-0.646203056716977,45873.0,0,0,0,1,0,0,0,0,0,1,0,0,0,0,0,0,0,0,0,1,0
-1.4999580348222912,-0.43164343658722354,-0.818230941867558,0.7753269481062538,0.6288614364090703,0.2381,1.4210726953351889,54967.0,0,0,0,1,0,0,0,0,1,0,0,0,0,0,0,0,0,0,0,0,0
0.5838626721605629,0.2989216943066602,-0.17641900692077261,-1.0089784300805367,-0.3936967720075592,0.345,-1.1181392129795993,46643.0,0,0,0,1,0,0,0,0,0,0,0,0,0,0,0,0,0,0,0,1,0
-2.4892375360717427,-2.6470111019350364,0.4653929280260127,-0.24765886415771876,-0.7904352595665473,0.4763,0.6192010569031645,43407.0,0,0,0,1,0,0,0,0,0,0,0,0,0,0,1,0,0,0,0,0,0
0.6159408723580281,0.34531908295199915,0.7368210299689623,-0.48904398838586977,-0.4707284834244695,0.5564,-1.1269485018494299,51562.0,0,0,0,1,0,0,0,0,0,0,0,0,0,0,0,0,1,0,0,1,0
0.9518108284499617,0.8311159416024961,0.4653929280260127,0.12147676966427162,0.8332723830447929,0.2172,-0.5196743180022667,57673.0,0,0,0,1,0,0,0,0,0,0,0,0,0,0,0,0,0,0,0,1,0
-0.34572635676122193,-1.0456208046436195,1.5550729004865729,-1.6276405642706078,-1.5073839985056317,0.5244,-0.9961377641091501,35730.0,0,0,0,1,0,0,0,0,0,0,0,0,0,0,0,0,0,0,0,1,0
0.5452990118177464,0.2431438412632129,0.8502467028359214,-0.566669051441021,0.4007871535864542,0.4876,-1.5544949728611264,44640.0,0,0,0,1,0,0,0,0,0,0,0,0,0,0,0,0,0,0,0,1,0
-0.32305661841103234,-1.0128316626641076,2.2157891142445183,-1.420014593435298,-1.561759324211686,0.6515,-0.9207969209507775,34409.0,0,0,0,1,0,0,0,0,0,0,0,0,0,0,0,0,0,0,0,1,0
0.4824455832841148,0.15223366134615574,0.5237394675666296,-1.8216658242162056,-1.2959243985376434,0.4769,-0.954009527793548,45606.0,0,0,0,1,0,0,0,0,0,0,0,0,0,0,1,0,0,0,0,1,0
1.5074695163749083,1.6348116582920513,-0.35145862554262314,1.4285662249580768,2.1861103476018995,0.0949,0.6321747153254146,78158.0,0,0,0,1,0,0,0,0,0,0,0,0,0,0,0,0,0,0,0,1,0
0.852910468212681,0.688068064139105,0.4653929280260127,-0.28908484776109183,-0.8000012890889084,0.3707,-1.0473905884229429,36260.0,0,0,0,1,0,0,0,0,0,0,0,0,0,0,0,0,1,0,0,1,0
0.8496886670437779,0.6834081031671233,0.4653929280260127,-0.5143550861737799,-0.35090137677594246,0.4143,-0.02934238949718175,52649.0,0,0,0,1,0,0,0,0,0,0,1,0,0,0,0,0,0,0,0,1,0
-1.6142651596818238,-0.9880150439908215,0.4653929280260127,0.044524377622803,-0.512013452942029,0.6149,0.4217672040382617,45344.0,0,0,0,1,0,0,0,0,0,0,0,0,0,0,0,0,0,0,0,0,0
-2.1605979468743666,-2.408634144607941,-0.2655725193388352,0.0995373608659427,-0.0961429063383184,0.3285,1.1208169786000768,49458.0,0,0,0,1,0,0,0,0,0,0,0,0,0,0,1,0,0,0,0,0,0
-1.19647105164311,-1.8626512684081136,-1.0651534972034484,-1.0569413277513418,-1.2254378652149804,0.2176,-0.690575541779107,50720.0,0,0,1,0,0,0,0,0,0,0,0,0,0,0,0,1,0,0,0,0,0
0.18470492938031124,-0.27841359285309053,0.9321652443509475,-0.7389569076821674,-0.6086806986416808,0.2607,-0.8205641476680027,56621.0,0,0,1,0,0,0,0,0,0,0,0,0,0,0,0,1,0,0,0,1,0
-0.015409993244414081,-0.5678565722470834,0.2320067698635453,0.6139025300278356,0.7008583954457906,0.178,-0.09295810371616882,60909.0,0,0,1,0,0,0,0,0,0,0,0,0,0,0,0,0,1,0,0,1,0
-1.38813163683453,-2.1808592465882017,-1.0317792765862155,-0.5189624658492696,-0.7662684481416341,0.2442,-1.0659876007784086,47828.0,0,0,1,0,0,0,0,0,0,0,0,0,0,0,0,0,0,0,1,0,0
-1.271695426597096,-2.3849274534665437,-0.792791850627849,-0.19288076647674807,-0.766771923379653,0.2411,-0.17219548487160877,51759.0,0,0,1,0,0,0,0,0,0,1,0,0,0,0,0,0,0,0,0,0,0
-0.9438281756502146,-1.208668619336838,-0.22146253544612882,0.6314708949277206,-0.060899639676986965,0.1648,1.0714222805394167,63552.0,0,0,1,0,0,0,0,0,0,1,0,0,0,0,0,0,0,0,0,0,0
-0.9557180344425498,-1.2162424391576103,0.045064457175408926,0.19869734991559548,0.07503867458814831,0.1872,1.0952326894714952,62203.0,0,0,1,0,0,0,0,0,1,0,0,0,0,0,0,0,0,0,0,0,0
-0.2012392874252809,-0.8366370502889904,-0.11083749647711928,-0.13162643123208437,-1.1005760061862635,0.5,-2.41155877895827,35604.0,0,0,1,0,0,0,0,0,0,0,0,0,0,0,0,0,0,0,1,1,0
-1.2909984807511303,-1.4965100789446295,-0.6154183704243738,-0.6222934610212674,-0.3544257034420758,0.1729,-0.8463103458522329,52725.0,0,0,1,0,0,0,0,0,0,0,0,0,0,0,0,1,0,0,0,0,0
-0.13493202937721177,-0.7407313073631095,-0.4870559834350167,-0.566669051441021,-0.5014404729436297,0.4773,-1.6975689348459517,92405.0,0,0,1,0,0,0,0,0,0,0,1,0,0,0,0,0,0,0,0,0,1
-0.06899229549101324,-0.6453571454258719,0.7274855836424635,-1.920644912070755,-2.1795234412610234,0.5532,-2.9682708754083147,34421.0,0,0,0,1,0,0,0,0,1,0,0,0,0,0,0,0,0,0,0,0,1
-0.08160688039973085,-0.6636026765032559,-0.4870559834350167,-0.20486695682446213,-2.1795234412610234,0.3442,-0.5481248367048156,92405.0,1,0,0,0,0,0,0,0,0,0,1,0,0,0,0,0,0,0,0,0,1
-0.4208796042278067,-1.154321243234373,-0.6345560353936961,-1.38299564351995,-0.7662684481416341,0.4562,-1.4853970850529894,32864.0,0,0,0,1,0,0,0,0,0,0,0,0,0,0,0,0,0,0,0,1,0
-1.3693154723528311,-2.5261235048230195,-0.47305281394526866,-3.0386058893185637,-2.1795234412610234,0.5876,-1.077826296189522,40694.0,0,0,1,0,0,0,0,0,1,0,0,0,0,0,0,0,0,0,0,1,0
-1.192845576156835,-0.17824789104259073,-0.8299002497756813,0.2732904594858798,-0.9032137128828076,0.4026,1.8618701185496036,55037.0,0,0,0,0,0,0,1,0,1,0,0,0,0,0,0,0,0,0,0,0,0
-1.2153560053884505,-0.18959349230448144,-0.9531281412854641,0.4468625938603732,-0.04730580825047352,0.2409,1.5068983348234275,60614.0,0,0,0,0,0,0,1,0,0,0,0,0,0,0,0,0,0,0,0,0,0
-1.588300316442783,-2.337214558605021,-1.51838941635496,-0.9381616109159275,-1.014481740485011,0.3201,0.1842121356674541,38550.0,0,0,0,0,1,0,0,0,0,0,0,0,0,0,0,1,0,0,0,0,0
-1.5107438047554353,-1.6985207169064287,-2.7088922091417063,-1.343625972931172,-1.3669144070983252,0.4636,-0.40674073261071686,45937.0,0,0,0,0,1,0,0,0,0,0,0,0,0,0,0,1,0,0,0,0,0
-1.2055766512212298,-0.16195602544034257,-0.9150861975049819,0.1950652803552846,-0.5794791348365775,0.3087,-0.6801795952368473,76489.0,0,0,0,0,1,0,0,0,0,0,0,0,0,0,0,1,0,0,0,0,0
-1.3571956924715134,-0.1515201778141279,-1.0632864079381488,-0.09367599416690534,-0.3514048520139617,0.3624,1.5561574040973805,44792.0,0,0,0,0,1,0,0,0,0,0,0,0,0,0,0,0,0,0,0,0,0
-1.3517678780225184,-0.24248860753527393,-1.379524652248292,0.04746435726700902,-0.5583331748397788,0.403,1.252104293840395,39067.0,0,0,0,0,1,0,0,0,0,0,0,1,0,0,0,0,0,0,0,0,0
-0.3642997543006533,-1.0724850656930742,-0.3974356987006292,-1.6527826621453365,-1.0049157109626496,0.5573,-1.675204005461909,45389.0,0,0,0,0,1,0,0,0,0,0,0,0,0,0,0,1,0,0,0,1,0
-1.3998262193816324,-1.3708905097782131,-0.001379388298922081,-1.6017119791274046,-1.3885638423331432,0.4186,-0.22885569094530103,39095.0,0,0,0,0,1,0,0,0,0,0,0,0,0,0,0,1,0,0,0,0,0
1.073869791952375,1.007660047331851,0.4653929280260127,0.6377896302730353,0.7788970573387386,0.2944,0.5702491061426734,75482.0,1,0,0,0,0,0,0,0,0,0,1,0,0,0,0,0,0,0,0,1,0
0.8558173341326509,0.6922725078734324,0.5820860071072463,0.8148489253085862,0.057920516495501825,0.2928,-1.3343081982270923,131426.0,1,0,0,0,0,0,0,0,1,0,0,0,0,0,0,0,0,0,0,1,0
0.8266437430052289,0.6500762986912799,0.6987790861884801,0.18343575329868375,0.0005243393613334293,0.3898,-0.49629548810238927,54897.0,1,0,0,0,0,0,0,0,0,0,0,0,0,0,0,0,0,1,0,1,0
1.4828416001710314,1.5991902396151263,0.29128685403681204,0.751694419752639,0.6973340687796573,0.2308,-0.09295810371616882,46543.0,1,0,0,0,0,0,0,0,0,0,0,0,0,0,0,0,1,0,0,1,0
1.538804699818475,1.6801343595519254,-1.1683101791112591,1.5618548227449573,1.6791107829167464,0.154,0.19274878718393584,80516.0,1,0,0,0,0,0,0,0,0,0,0,0,0,0,0,0,0,0,0,1,0
0.3802288216432667,0.004388994665225414,1.7317462222155606,-1.920644912070755,-0.2743731405970515,0.5352,-0.432058688413137,45884.0,1,0,0,0,0,0,0,0,0,0,0,0,0,0,0,0,0,0,0,0,1
0.5658542528413318,0.2728746085942698,0.29035330940416215,0.41904823461037183,0.967196796357852,0.2679,-0.30361187615745416,60681.0,1,0,0,0,0,0,0,0,0,0,0,0,0,0,0,0,0,0,0,1,0
1.3542593433240737,1.4132109481617832,0.6987790861884801,0.7537813922227579,1.0331520525383437,0.2046,-0.03372791961987543,89696.0,1,0,0,0,0,0,0,0,0,0,0,0,0,0,0,1,0,0,0,1,0
1.5549092068349966,1.7034276573799683,-1.8684686535986612,1.3078790675228595,2.0587311123830876,0.1268,0.16740127284075806,85139.0,1,0,0,0,0,0,0,0,0,0,0,0,0,0,0,0,0,1,0,1,0
-0.10020106089233385,-0.6904969976792005,1.092734921166725,-2.9492120793341865,-1.2078162318843149,0.608,-1.4737796809855224,46236.0,1,0,0,0,0,0,0,0,0,0,0,0,0,0,0,0,0,0,0,1,0
1.595885672315157,1.7626953526525213,-0.35145862554262314,1.5931702341663472,1.8437471857489662,0.2254,1.0352576421843744,102491.0,1,0,0,0,0,0,0,0,0,0,0,0,0,0,0,0,0,0,0,1,0
1.5339657049184066,1.6731353157885838,-2.1018548117611284,1.6348057411310435,2.2062493571226605,0.1821,1.5179966214850666,104043.0,1,0,0,0,0,0,0,0,0,1,0,0,0,0,0,0,0,0,0,1,0
-1.4725251871148861,-1.228757147373246,-2.682519573269347,1.0086099111123947,0.6575595249761547,0.5533,1.5074778599707879,75971.0,1,0,0,0,0,0,0,0,0,0,0,0,0,0,0,0,0,0,0,0,0
-1.4747442650574247,-1.2303108295421803,-2.8020132862485307,0.41262097639023,-0.410311454862187,0.5639,1.1678291971121602,60752.0,1,0,0,0,0,0,0,0,0,0,0,0,0,0,0,0,0,0,0,0,0
-1.467729397215405,-1.22539498108506,-2.020169656404265,0.150671160739077,-0.735052983384455,0.4925,1.0794941888574168,53501.0,1,0,0,0,0,0,0,0,0,0,0,0,0,0,0,0,0,0,0,0,0
-1.4956296519758676,-1.2448705094015162,-2.570960989667688,0.3215807517074308,-0.788421358614471,0.5958,1.2784165080202727,66039.0,1,0,0,0,0,0,0,0,0,0,0,0,0,0,0,0,0,0,0,0,0
-1.4877605263390765,-1.2393981701776766,-2.8020132862485307,0.4197621759871591,-0.17871284537343782,0.5501,1.55396943032496,63163.0,1,0,0,0,0,0,0,0,0,0,0,0,0,0,0,0,0,0,0,0,0
-1.4714169854749741,-1.2279807597862233,-2.8020132862485307,0.5115295584195898,-0.11175063871690799,0.5919,1.2361110014570398,56195.0,1,0,0,0,0,0,0,0,0,0,0,0,0,0,0,0,0,0,0,0,0
-1.4825392731295615,-1.2357582653579628,-2.813682594156654,-0.04843102289027406,-0.7768414281400335,0.6053,1.167432369740261,58013.0,1,0,0,0,0,0,0,0,0,0,0,0,0,0,0,0,0,0,0,0,0
-1.4933767456898912,-1.2433054516412387,-2.80481392014648,-1.7335695941707825,-1.6725238765758703,0.5679,0.239042633460551,46498.0,1,0,0,0,0,0,0,0,0,0,0,0,0,0,0,0,0,0,0,0,0
-1.4971336363875924,-1.2459145637342832,-2.911004622110403,-1.0938345188469691,-1.8537749622627178,0.5544,1.346118987273864,49365.0,1,0,0,0,0,0,0,0,0,0,0,0,0,0,0,0,0,0,0,0,0
-1.4589192015660577,-1.2192027517800361,-2.965850369278583,0.29060934464770793,-0.31515463487659207,0.4772,1.3531278253274663,62763.0,1,0,0,0,0,0,0,0,0,0,0,0,0,0,0,0,0,0,0,0,0
-1.4922516709399574,-1.2425233829218558,-2.8020132862485307,-1.1284176937627854,-1.591464363254808,0.4343,0.45898599655372513,56945.0,1,0,0,0,0,0,0,0,0,0,0,0,0,0,0,0,0,0,0,0,0
0.6008172579275162,0.32344453225603575,0.4653929280260127,-0.1749224207882148,-0.3619778320123611,0.3582,-0.558891367928944,66942.0,1,0,0,0,0,0,0,0,0,0,0,0,0,0,0,0,0,0,0,1,0
0.6075411667624581,0.3331698849725287,-0.21352740606860493,0.43403267890809527,0.0710108726839963,0.4167,-0.3068975570940711,61808.0,1,0,0,0,0,0,0,0,0,0,1,0,0,0,0,0,0,0,0,1,0
0.580112874012796,0.29349804706546434,0.4653929280260127,-0.5551108816153953,0.15106343552902035,0.4111,-0.7094704457046799,61171.0,1,0,0,0,0,0,0,0,0,0,1,0,0,0,0,0,0,0,0,1,0
0.7697269669511924,0.5677527966630231,0.9321652443509475,-0.025498591693403266,0.7965186906694041,0.3498,-1.2220281558532904,57550.0,1,0,0,0,0,0,0,0,0,1,0,0,0,0,0,0,0,0,0,1,0
0.44384547644808425,0.09640309268587192,-0.35145862554262314,0.03790696273754356,-0.20287965679835065,0.4456,-1.2962005838975268,35887.0,1,0,0,0,0,0,0,0,0,0,1,0,0,0,0,0,0,0,0,0,1
1.4472595857476906,1.5477249908847988,0.3020226173122855,0.9553081227893078,1.6332945362570155,0.2086,1.1514823418539806,85569.0,1,0,0,0,0,0,0,0,0,0,0,0,0,0,0,0,0,0,0,1,0
1.5282287345462762,1.664837454862348,-1.4016963372737263,1.4904580081856214,1.9006398876451154,0.181,-0.18305980838015543,78411.0,1,0,0,0,0,0,0,0,0,0,0,1,0,0,0,0,0,0,0,1,0
1.2271666546855353,1.229386144013037,0.9321652443509475,-0.24615497863086147,-0.28595307107148904,0.3503,-0.6973281832749281,61107.0,1,0,0,0,0,0,0,0,0,0,0,0,0,0,0,1,0,0,0,1,0
0.5416143673095293,0.23781443118985182,0.40704638848539587,-0.8480189036579896,-0.056368362534815725,0.4376,-0.8427112323342589,48309.0,1,0,0,0,0,0,0,0,0,0,1,0,0,0,0,0,0,0,0,1,0
1.4753622940185,1.5883722924665862,0.9321652443509475,1.0650866876905318,1.1635521391852701,0.2412,-0.3832041197260439,68831.0,1,0,0,0,0,0,0,0,0,0,0,0,0,0,1,0,0,0,0,1,0
1.293433031325344,1.3252327567328663,0.14355341591997017,0.6420003947800383,0.6721603068787063,0.243,0.7297808791670788,69039.0,1,0,0,0,0,0,0,0,0,0,1,0,0,0,0,0,0,0,0,1,0
-0.31393247358087184,-0.9996346475218814,0.5237394675666296,0.2037805230052252,0.8226994030463936,0.3379,-0.8936241723374966,46721.0,1,0,0,0,0,0,0,0,0,0,0,0,0,0,0,0,0,0,1,1,0
1.032118619942785,0.9472718290963272,0.6985457000303176,0.4204760776950266,0.3670543126391802,0.2615,0.0565549719710003,73595.0,1,0,0,0,0,0,0,0,0,0,1,0,0,0,0,0,0,0,0,1,0
1.1647285820946969,1.1390767281969982,0.2320067698635453,0.6588296666080032,1.2320247715558565,0.1901,0.4422060311311659,63548.0,1,0,0,0,0,0,0,0,0,0,0,0,1,0,0,0,0,0,0,1,0
0.7721974084299836,0.5713260031618749,0.9321652443509475,-0.20486695682446213,0.029222427928417487,0.4355,-0.8445088351755764,58289.0,1,0,0,0,0,0,0,0,0,0,0,0,0,0,1,0,0,0,0,1,0
0.5330071722595241,0.22536512382774843,0.2320067698635453,-0.4767898663467883,0.12891052505618367,0.3571,-0.6721018702832164,58956.0,1,0,0,0,0,0,0,0,0,0,0,0,0,0,0,0,0,0,0,0,1
0.8069641327950219,0.6216120295710971,-0.001379388298922081,0.7161639242793096,1.0311381515862679,0.2996,-0.03881715517420159,62731.0,1,0,0,0,0,0,0,0,0,0,1,0,0,0,0,0,0,0,0,1,0
0.8984358687884186,0.7539152653768522,0.1332844249608216,0.23278871049008273,0.0327467545945508,0.1886,0.63323413690963,59950.0,1,0,0,0,0,0,0,0,0,0,1,0,0,0,0,0,0,0,0,1,0
1.1739821069197134,1.1524608764659998,0.6987790861884801,0.2407544937986061,0.4168983612030633,0.3121,0.1142545943630049,86316.0,1,0,0,0,0,0,0,0,0,0,0,0,0,0,0,0,0,0,0,1,0
0.9410942740875048,0.8156156911322997,0.4653929280260127,-0.11673054412621364,0.24672373075263426,0.3349,-0.5907306699080296,58832.0,1,0,0,0,0,0,0,0,0,0,1,0,0,0,0,0,0,0,0,1,0
1.0399130552238203,0.9585455739067895,0.4653929280260127,1.0779802622638117,1.4681546581867773,0.1472,0.5640244486438681,77819.0,1,0,0,0,0,0,0,0,0,0,1,0,0,0,0,0,0,0,0,1,0
0.851883051167256,0.6865820247832811,0.6404325466478632,-0.695278545025997,-0.023138996825560424,0.2842,-0.3724450280815964,49131.0,1,0,0,0,0,0,0,0,0,0,0,0,0,0,0,0,0,0,0,1,0
0.024983012473167157,-0.5094327837148296,-0.7862570381992999,0.05774899153693478,-0.47777713675673555,0.4733,0.6424093589949618,52055.0,1,0,0,0,0,0,0,0,0,0,1,0,0,0,0,0,0,0,0,1,0
0.7663775466615308,0.5629082494640102,0.9321652443509475,0.503020653483417,0.267869690749433,0.2993,0.183952071461679,77789.0,1,0,0,0,0,0,0,0,0,0,1,0,0,0,0,0,0,0,0,1,0
-0.26441594678035457,-0.928014746025273,-0.9774003017343607,-0.3056927120974869,0.6258405849809565,0.5766,0.6617767538464426,41236.0,1,0,0,0,0,0,0,0,0,0,0,0,0,0,0,0,0,0,0,0,1
0.8893968573242662,0.7408413857548561,0.7004127892956173,0.009929131076635102,0.4325060935816529,0.297,-0.5788919744969169,67705.0,1,0,0,0,0,0,0,0,0,1,0,0,0,0,0,0,0,0,0,1,0
0.93433372913752,0.8058373485330315,0.4653929280260127,-0.23788675324099046,0.18076847457214262,0.4325,-0.05984151828027326,65756.0,1,0,0,0,0,0,0,0,0,0,0,0,0,0,0,0,0,0,0,1,0
0.8729623544920344,0.7170707873295668,0.7076477601986538,0.5278225589562169,1.0608431906293896,0.2592,-0.24790698020759508,56458.0,1,0,0,0,0,0,0,0,0,0,1,0,0,0,0,0,0,0,0,1,0
1.3165216747528166,1.3586277962239768,-0.17268482839017316,0.47390597082074887,0.41639488596504376,0.1532,0.8146659349329985,52901.0,1,0,0,0,0,0,0,0,0,0,0,0,0,0,0,0,0,0,0,1,0
1.4122424020646616,1.4970767041790156,-0.5848447837050905,1.4832307365970168,1.6368188629231488,0.1856,2.026374098304297,82509.0,1,0,0,0,0,0,0,0,0,0,0,0,0,0,0,0,0,0,0,1,0
0.7770888884379783,0.5784009605343201,0.5762513531531847,0.47177303564433154,1.010999142065507,0.2591,0.05107698561567878,56196.0,1,0,0,0,0,0,0,0,0,0,1,0,0,0,0,0,0,0,0,1,0
0.985648074328389,0.8800575853993742,0.07657158852734203,0.33452339244104395,-0.10168113395652757,0.437,0.21834267373896066,70080.0,1,0,0,0,0,0,0,0,0,0,0,0,0,0,0,0,1,0,0,1,0
1.1894647298658658,1.174854691257973,0.05696715124169477,0.18270855823472962,0.2975747297925553,0.2707,0.9180304958505441,70378.0,1,0,0,0,0,0,0,0,0,0,0,0,0,0,0,0,0,0,0,1,0
0.5372744469596538,0.2315372407638471,-0.05972592783953893,0.14483758697982607,0.06144484316163486,0.3668,-1.223448369714012,46145.0,1,0,0,0,0,0,0,0,0,0,0,0,0,0,0,0,0,1,0,1,0
1.3949032314382555,1.471997608924639,0.6987790861884801,1.0752669005549718,0.29656777931651734,0.1741,0.32276895312566706,54295.0,1,0,0,0,0,0,0,0,0,0,0,0,0,0,0,0,0,0,0,1,0
1.444854494819957,1.5442463063633944,0.17366023032292846,1.0290518638504755,1.4021994020062856,0.1865,0.6959855666185742,102051.0,1,0,0,0,0,0,0,0,0,1,0,0,0,0,0,0,0,0,0,1,0
0.7540753185745702,0.5451145062290198,0.17366023032292846,0.23061536674200608,0.6711533564026684,0.3969,-0.7233465862179386,55031.0,1,0,0,0,0,0,0,0,0,0,1,0,0,0,0,0,0,0,0,1,0
1.3318473092434477,1.380794545459316,0.8803535172388797,0.9970116848248268,-0.767275398617672,0.2612,1.363531173163992,76571.0,1,0,0,0,0,0,0,0,0,0,1,0,0,0,0,0,0,0,0,1,0
1.4987089137241143,1.6221404646635385,-0.46815170462385686,1.286541667243528,1.6881733372010888,0.1624,0.7734375206272975,79042.0,1,0,0,0,0,0,0,0,1,0,0,0,0,0,0,0,0,0,0,1,0
0.726287691365612,0.5049229327863268,-0.23476554646138947,0.044524377622803,0.8010499678115752,0.4328,-0.7156089521796173,58316.0,1,0,0,0,0,0,0,0,0,1,0,0,0,0,0,0,0,0,0,1,0
0.8481092943397467,0.681123724096175,0.6987790861884801,0.5115295584195898,1.1232741201437484,0.2274,-0.24746909666509426,57214.0,1,0,0,0,0,0,0,0,0,0,0,0,0,0,0,1,0,0,0,1,0
0.3296384536593908,-0.06878409330758668,0.05696715124169477,-1.5558380280211603,-0.4893570672311731,0.4723,-0.23056964105969194,58099.0,1,0,0,0,0,0,0,0,0,0,0,0,0,0,0,0,0,0,0,1,0
1.488424584861171,1.6072653781476758,0.9321652443509475,0.8514886766539775,1.395150748674019,0.2098,-0.1850874447842006,67258.0,1,0,0,0,0,0,0,0,0,0,0,0,0,0,0,1,0,0,0,1,0
0.7521615595898795,0.5423464762635101,0.4068130023272334,-0.13386230454913836,-0.28595307107148904,0.3862,-0.598718149431761,56040.0,1,0,0,0,0,0,0,0,1,0,0,0,0,0,0,0,0,0,0,1,0
0.7619964787388956,0.5565715438559382,0.04483107101724646,0.05260770345345659,0.21299088980536,0.184,-0.7680654278687318,62909.0,1,0,0,0,0,0,0,0,0,0,1,0,0,0,0,0,0,0,0,1,0
1.4842719579559092,1.6012590859231592,0.9321652443509475,0.7308060295494515,0.7668136516262823,0.1265,-0.45761027751092137,53603.0,1,0,0,0,0,0,0,0,0,0,1,0,0,0,0,0,0,0,0,1,0
0.987046575479264,0.882080354788513,0.8297087209176243,0.7280183432759783,1.4308974905733693,0.2335,0.2494422642230547,76079.0,1,0,0,0,0,0,0,0,0,0,1,0,0,0,0,0,0,0,0,1,0
1.5132508778891507,1.643173725846474,-0.818230941867558,1.0385803230103732,1.596540843881627,0.1371,0.06530515083317043,69363.0,1,0,0,0,0,0,0,0,0,0,0,0,1,0,0,0,0,0,0,1,0
0.6403182620124216,0.3805781440898224,-0.23476554646138947,0.35893508815893227,0.6369170402173749,0.3422,0.22406211893372235,63905.0,1,0,0,0,0,0,0,0,0,0,0,0,0,0,0,0,0,0,0,1,0
0.8313809999434253,0.6569281903161628,0.05696715124169477,0.7245328846690196,1.061850141105428,0.2815,0.009116729358200983,66944.0,1,0,0,0,0,0,0,0,0,0,1,0,0,0,0,0,0,0,0,1,0
1.1537620035505567,1.123214846804341,0.4653929280260127,0.4154779325383163,0.6057015754601958,0.2367,1.1102526804028572,69571.0,1,0,0,0,0,0,0,0,0,0,0,0,0,0,0,0,0,0,0,1,0
-1.262937672941918,-1.4904507870257802,-0.7015378627863242,-0.5558811028777456,-0.04931970920254966,0.4723,0.07069018874577238,47860.0,1,0,0,0,0,0,0,0,0,0,0,0,0,0,0,1,0,0,0,0,0
-1.2596084175004718,-1.6499807195342298,-1.826459145129417,-0.4967087538604693,0.053389239353330585,0.461,0.014878244465864202,51629.0,1,0,0,0,0,0,0,0,0,0,0,0,0,0,0,0,0,0,1,0,0
-1.2650026748097623,-0.8554393356865925,-1.629714613798457,-0.15997628290315127,0.27189749265358526,0.4251,-0.2998726951495604,45030.0,1,0,0,0,0,0,0,0,0,0,0,0,0,0,1,0,0,0,0,0,0
-1.2809915123159097,-0.8662019300435478,-1.934283550200477,0.4838549892258574,-0.1293722720475737,0.3575,1.0553113923708373,69781.0,1,0,0,0,0,0,0,0,0,0,1,0,0,0,0,0,0,0,0,0,0
-1.0139694480971422,0.03196001666811626,-0.818230941867558,0.6574280689209979,0.6827332868771057,0.4212,1.28986312877903,67979.0,1,0,0,0,0,0,0,0,1,0,0,0,0,0,0,0,0,0,0,0,0
-1.019945519690676,0.06301982184039658,-1.0516171000300254,1.0140642793488464,1.7002567429135451,0.2747,1.434121446803397,80596.0,1,0,0,0,0,0,0,0,0,0,0,1,0,0,0,0,0,0,0,0,0
-0.965278686140248,0.13741060429166763,-0.9349240209487917,0.735683025616371,0.7693310278163772,0.3226,1.7179614500491798,70814.0,1,0,0,0,0,0,0,0,0,0,1,0,0,0,0,0,0,0,0,0,0
-0.9939729206638882,0.12287102462144807,-1.1150981350502165,1.0276900783712946,1.164559089661308,0.3837,1.5918297242458008,74502.0,1,0,0,0,0,0,0,0,0,0,1,0,0,0,0,0,0,0,0,0,0
-1.1832239719896576,-0.6084105844036208,-2.8020132862485307,0.7739380019956063,0.770337978292415,0.2566,-0.3240042454230133,55763.0,1,0,0,0,0,0,0,0,1,0,0,0,0,0,0,0,0,0,0,0,0
-1.2806699125086831,-0.6865481473077106,-1.3433497977331095,-0.4385708900308908,0.2346403250401777,0.3673,-0.30127291162164005,64355.0,1,0,0,0,0,0,0,0,0,0,0,1,0,0,0,0,0,0,0,0,0
-1.2646847809233703,-1.185991478922112,-0.7015378627863242,-0.07362987519087133,0.007572992693599773,0.3873,0.6184315382436341,54496.0,1,0,0,0,0,0,0,0,0,0,0,0,0,1,0,0,0,0,0,0,0
-1.2955416637637835,-0.8213840825507608,-0.46161689219530777,-1.5234081888856534,-0.9409743557342342,0.5333,0.6148825196076401,52334.0,1,0,0,0,0,0,0,0,0,0,0,0,0,0,0,0,0,0,0,0,0
-1.2430816191680099,-0.8405751197621255,-0.35145862554262314,0.48030265267636024,0.6273510106950134,0.2685,0.6941607112010975,60236.0,1,0,0,0,0,0,0,0,0,0,0,0,0,0,1,0,0,0,0,0,0
-1.249983046909464,-0.791535428768458,0.29035330940416215,0.14921301558810154,-0.14699390537823942,0.3745,0.09478867973736864,54247.0,1,0,0,0,0,0,0,0,0,0,0,0,0,0,1,0,0,0,0,0,0
-1.219656372291694,-0.7899767496004495,-0.818230941867558,0.6924222238577296,1.095079506814683,0.2541,0.34212017166468606,67316.0,1,0,0,0,0,0,0,0,0,0,0,0,0,0,1,0,0,0,0,0,0
-1.289379535064167,-0.8718215089952469,-0.9932705604894084,0.8900891871843736,0.6057015754601958,0.3287,0.7116807459172694,58073.0,1,0,0,0,0,0,0,0,0,0,0,0,0,1,0,0,0,0,0,0,0
-1.2435510757158343,-0.7872779204054535,-0.7454144605208681,0.27906601545616044,0.9012415401773604,0.3334,0.5272099347990756,60386.0,1,0,0,0,0,0,0,0,0,0,0,0,0,0,0,1,0,0,0,0,0
-1.2502975701275514,-0.8454819625697907,-0.4961580436033529,-0.28682180134678037,0.24974458218074833,0.387,0.6541430207844713,57566.0,1,0,0,0,0,0,0,0,0,0,0,0,0,0,1,0,0,0,0,0,0
-1.2592917642467996,-0.8515789710317926,0.29035330940416215,0.2696794181805175,-0.486336215803059,0.4265,-0.22203512087983715,47866.0,1,0,0,0,0,0,0,0,0,0,0,0,0,0,0,1,0,0,0,0,0
-1.2216575377975887,-0.8259265887061844,-0.4525148320269715,0.3567829797285578,0.38769679739796,0.3563,0.16421091438671703,45092.0,1,0,0,0,0,0,0,0,0,0,1,0,0,0,0,0,0,0,0,0,0
-1.3130422895458833,-0.8875756170120362,-1.8691688120731487,-0.049171460636280466,-0.5830034615027109,0.4738,0.36123983869451304,58526.0,1,0,0,0,0,0,0,0,0,0,1,0,0,0,0,0,0,0,0,0,0
-1.232793793939975,-0.8335558801358667,-0.42240801762401325,-0.22136624765405216,0.028718952690398526,0.3854,0.32781329196504927,56403.0,1,0,0,0,0,0,0,0,0,0,0,0,0,0,1,0,0,0,0,0,0
-1.442188683444185,-0.9709958737464953,-0.9979382836526578,-2.2723222556242626,-1.5753531556381994,0.35,0.8417994860160626,54080.0,1,0,0,0,0,0,0,0,0,0,0,0,1,0,0,0,0,0,0,0,0
-1.2867931678384181,-0.8700907212468542,0.05696715124169477,0.40047182056504155,0.45214162786439477,0.2062,-0.5960470928569047,95951.0,1,0,0,0,0,0,0,0,0,0,0,0,0,0,0,0,0,0,0,0,0
1.4708420423005835,1.581834273673764,0.6987790861884801,1.1981484030967822,1.4082411048625136,0.1622,1.4813156761226876,79164.0,1,0,0,0,0,0,0,0,1,0,0,0,0,0,0,0,0,0,0,1,0
0.006389666412345065,-0.5363258979821759,-1.7408064250837916,0.8397476818450434,0.5971424964138722,0.3232,0.3735386383268152,53419.0,1,0,0,0,0,0,0,0,0,0,0,0,0,0,0,0,0,0,0,1,0
1.5431702347058975,1.6864485984297204,0.5440440633267642,1.0283709891525576,1.6010721210237984,0.1315,-0.17299538318168836,88604.0,1,0,0,0,0,0,0,0,0,1,0,0,0,0,0,0,0,0,0,1,0
0.1559547380436071,-0.31999740344301025,-0.11807246738015577,-0.06769628576068676,-0.029684174919807804,0.2961,-0.024310834362235603,63277.0,1,0,0,0,0,0,0,0,0,1,0,0,0,0,0,0,0,0,0,1,0
1.5708888823144163,1.7265404008967822,-1.022443830259717,1.4107335420343132,1.8820113038384114,0.2086,-0.040179579788357574,71366.0,1,0,0,0,0,0,0,0,0,0,1,0,0,0,0,0,0,0,0,1,0
0.38360058996865265,0.009265865700756144,-0.40980516508324,-0.8354177542021413,-0.9334222271639488,0.6086,-1.2915580250611116,38857.0,1,0,0,0,0,0,0,0,0,1,0,0,0,0,0,0,0,0,0,1,0
1.1268002512395559,1.0842178054232066,0.9321652443509475,0.9874523367845396,0.8629774220879146,0.1472,0.24582928981134258,46459.0,1,0,0,0,0,0,0,0,0,0,0,0,0,0,0,0,0,0,0,0,1
1.2048285447052092,1.1970766639306283,0.4653929280260127,0.5412664279965697,1.005460914447298,0.227,-0.3972457194243741,74360.0,1,0,0,0,0,0,0,0,0,0,0,0,0,0,0,0,0,0,0,1,0
0.6652924612791147,0.4167004209741239,0.6987790861884801,-1.8915547242789572,-0.2683314377408233,0.4678,-1.6322073233531216,51094.0,1,0,0,0,0,0,0,0,0,0,0,0,0,0,0,0,0,1,0,1,0
1.1479694555611089,1.11483659931356,-1.1099636395706423,1.3065465176374047,1.8160560476579197,0.1406,0.118206142786576,71353.0,1,0,0,0,0,0,0,0,0,0,0,0,0,0,0,0,0,0,0,1,0
-0.7287569861054848,-1.0055277867382248,0.05696715124169477,-0.0869904788045295,-0.6967888652950095,0.2886,1.1328224219922254,46600.0,0,1,0,0,0,0,0,0,1,0,0,0,0,0,0,0,0,0,0,0,0
0.3950987627669965,0.025896636403352498,0.4653929280260127,-0.14579353789314606,0.263841888845281,0.276,-0.10392950737127282,52928.0,0,1,0,0,0,0,0,0,0,0,0,0,0,1,0,0,0,0,0,1,0
0.7699451251497097,0.5680683371441121,0.9321652443509475,0.7662961133264976,0.7678206021023203,0.285,0.06979510899909463,54122.0,0,1,0,0,0,0,0,0,0,0,1,0,0,0,0,0,0,0,0,1,0
0.7089928295024559,0.4799079250086863,0.9321652443509475,-0.5197305231160827,0.17019549457374325,0.3735,-1.2051727696673875,49547.0,0,1,0,0,0,0,0,0,0,0,0,0,0,0,0,0,0,1,0,1,0
-0.5970957780625316,-0.5126842698794865,0.4653929280260127,0.4147637530554027,0.2880087002701938,0.227,1.3004103550046429,47896.0,0,1,0,0,0,0,0,0,0,0,0,0,0,1,0,0,0,0,0,0,0
0.9032633708101135,0.7608976860272613,0.9062593807949136,-0.046950275397100595,0.7799040078147765,0.3101,-0.3317220621839384,54143.0,0,1,0,0,0,0,0,0,0,0,1,0,0,0,0,0,0,0,0,1,0
1.5056152042797022,1.6321296113436121,0.2320067698635453,1.251792637316038,1.444994797237902,0.1708,0.7234296625115886,87989.0,0,1,0,0,0,0,0,0,0,0,0,0,0,0,0,0,0,0,0,1,0
0.7006075168580167,0.4677795447603623,-0.4828550325880923,0.7774100857848847,1.0724231211038273,0.154,0.3334788568167318,55443.0,0,1,0,0,0,0,0,0,0,0,0,0,0,0,0,0,0,1,0,1,0
-1.4075605366955795,-2.1273526984765607,1.804796089720413,-1.8191161077896405,-1.4937901670791183,0.4218,0.2409873561715221,33267.0,0,1,0,0,0,0,0,0,0,0,0,0,0,0,0,0,1,0,0,0,0
-0.6480793086500012,0.13806305288064952,-0.40980516508324,0.8252292716443791,-0.1983483796561794,0.1761,2.0168588592759913,54810.0,0,1,0,0,0,0,0,0,0,0,0,0,0,0,0,0,0,0,0,0,0
0.12101682885687175,-0.3705310288027213,1.5340681462519508,-1.8778879808188156,0.07000392220795809,0.3384,-0.9438038004676226,39813.0,0,1,0,0,0,0,0,0,0,0,0,0,0,0,0,0,1,0,0,1,0
1.0909719217811125,1.0323962906198918,0.9321652443509475,0.8680459546979127,0.8936894116070754,0.3784,-1.2553251683372937,42509.0,0,1,0,0,0,0,0,0,0,0,0,0,0,0,0,0,0,0,0,1,0
-0.7489475985569285,-0.9223458606244688,-0.28214293656837036,-0.3822146261955153,-0.49338486913532537,0.3901,1.0516679721915343,52131.0,0,1,0,0,0,0,0,0,0,0,0,0,0,0,0,0,0,0,0,0,0
0.8308245193117788,0.6561233057534015,0.9321652443509475,-0.06324789126130545,0.6132537040304807,0.3975,-0.8710220099011442,40664.0,0,1,0,0,0,0,0,0,0,0,0,0,0,0,0,0,0,0,0,1,0
1.0828820881823746,1.0206952864723329,0.05696715124169477,1.0317750018851544,1.145930505854604,0.1552,0.9572052070974799,75537.0,0,1,0,0,0,0,0,0,1,0,0,0,0,0,0,0,0,0,0,1,0
0.8001516795682266,0.6117586076818979,0.8885220327745661,-0.9771023460410228,-0.736059933860493,0.4795,-1.4288732776104178,49351.0,0,1,0,0,0,0,0,0,0,0,0,0,0,0,1,0,0,0,0,1,0
1.4912291779774185,1.6113218961569644,0.6987790861884801,1.0304135050115661,1.4762102619950812,0.128,-0.05116037263496113,67753.0,0,1,0,0,0,0,0,0,0,0,0,0,1,0,0,0,0,0,0,1,0
0.830685364067699,0.6559220338646463,0.5678494514593359,-0.16520545370054115,-0.03018765015782677,0.1386,-0.10761915988184542,56996.0,0,1,0,0,0,0,0,0,0,0,0,0,0,0,1,0,0,0,0,1,0
-1.1287334453063897,-2.1781495617325586,-0.5064270345625015,-2.1479193111888915,-0.6172397776880041,0.3343,0.5757791788505016,51892.0,0,1,0,0,0,0,0,0,0,0,0,0,0,0,0,0,0,0,0,1,0
0.6036091989477798,0.3274827504788358,0.9321652443509475,0.24220228758953802,0.030229378404455696,0.2851,-0.8775508698893382,48466.0,0,1,0,0,0,0,0,0,0,0,0,0,0,0,1,0,0,0,0,1,0
0.2627553279671082,-0.16552276185686207,0.9321652443509475,-0.6610636955811502,0.3282867193117155,0.3194,-1.0348430115632932,54311.0,0,1,0,0,0,0,0,0,0,0,0,0,0,0,0,0,0,1,0,1,0
1.1256770317259728,1.082593198930793,0.6987790861884801,0.7975296899683478,1.310566908686824,0.1978,-0.11206853746937806,62860.0,0,1,0,0,0,0,0,0,0,0,1,0,0,0,0,0,0,0,0,1,0
-0.7237014921904885,-0.49057067543681115,0.348699848944779,0.3352420459067925,0.3046233831248216,0.2737,1.6695966978814045,45388.0,0,1,0,0,0,0,0,0,0,0,1,0,0,0,0,0,0,0,0,0,0
1.6015674388288217,1.7709133676129551,-1.0453156737596387,1.2068808461354468,1.1992988810846203,0.1008,-0.310668642486424,71830.0,0,1,0,0,0,0,0,0,0,0,0,0,0,0,0,0,1,0,0,1,0
-0.449448159326224,-1.195642338114309,0.11531369078231161,0.4589679834957615,0.6973340687796573,0.2419,-1.280825475242859,67492.0,0,1,0,0,0,0,0,0,0,1,0,0,0,0,0,0,0,0,0,1,0
0.6988477620131747,0.4652342638856858,0.6987790861884801,-0.6246163789142435,-0.5784721843605396,0.29,-1.0971271880796332,50417.0,0,1,0,0,0,0,0,0,0,0,1,0,0,0,0,0,0,0,0,1,0
0.39605263132058505,0.02727629641310925,0.9321652443509475,-0.7984731898070294,-0.26128278440855696,0.2728,-1.1094225855150748,48150.0,0,1,0,0,0,0,0,0,0,0,1,0,0,0,0,0,0,0,0,1,0
0.7022122911612413,0.4701006642925189,0.7662276858974332,-0.17940965458843477,-0.1203097177632315,0.3052,-0.9843373829250689,48909.0,0,1,0,0,0,0,0,0,0,1,0,0,0,0,0,0,0,0,0,1,0
0.8071057017343544,0.6218167925895295,0.9321652443509475,-0.055096499239798716,0.22658472123187343,0.2714,-0.7470026525833434,57180.0,0,1,0,0,0,0,0,0,0,0,0,0,0,1,0,0,0,0,0,1,0
-0.187487451897788,-0.816746618356145,-0.5068938068788265,0.8231538731769722,-1.9695742670070921,0.3643,-0.7905201421431217,65409.0,0,1,0,0,0,0,0,0,0,0,0,0,0,0,0,0,0,0,0,1,0
-1.507328651950958,-0.8276194672783599,-0.001379388298922081,-1.675452691981482,-1.6564126689592618,0.3025,-0.19120029215945095,55076.0,0,1,0,0,0,0,0,0,0,0,1,0,0,0,0,0,0,0,0,0,0
-1.507328651950958,-0.8276194672783599,-0.001379388298922081,-0.9040860873616716,-1.613617273727645,0.2325,-0.8898140755802076,55076.0,0,1,0,0,0,0,0,0,0,0,0,0,1,0,0,0,0,0,0,0,0
-0.2731398779723317,0.6749029285624697,-0.001379388298922081,1.0840832318392444,1.4938318953257472,0.1129,1.5398583074630012,55076.0,0,1,0,0,0,0,0,0,0,0,0,0,0,1,0,0,0,0,0,0,0
-0.6159323943449803,-1.4364424362475439,-0.21562788149206713,0.6574280689209979,1.0709126953897699,0.3041,-1.236341026065669,75103.0,0,1,0,0,0,0,0,0,0,0,0,0,0,0,0,0,0,0,0,1,0
0.6744401517242792,0.4299314921121203,0.9321652443509475,-0.24389948033944925,0.5905973183196251,0.2871,-0.29568618539565655,53217.0,0,1,0,0,0,0,0,0,0,0,0,0,0,1,0,0,0,0,0,1,0
0.6792631652472289,0.43690742067072136,0.4653929280260127,0.4119066380816459,0.5820382392733016,0.2893,-0.5294597552150456,49555.0,0,1,0,0,0,0,0,0,0,0,0,0,0,0,1,0,0,0,0,1,0
0.7223041934439454,0.499161265981402,0.8917894389888406,0.133892492200874,0.06446569458974892,0.2734,-0.6965751667897649,51509.0,0,1,0,0,0,0,0,0,0,0,1,0,0,0,0,0,0,0,0,1,0
0.5108125932290284,0.1932632445839444,0.5515124203879631,-0.3936182356989091,-0.1394417768079541,0.4111,-0.49275657346479695,48440.0,0,1,0,0,0,0,0,0,0,0,0,0,0,0,0,0,0,1,0,1,0
0.5610402344037723,0.26591169038132945,0.9321652443509475,-0.3655076191929304,-0.5402080662710942,0.389,-0.7358790683210803,49737.0,0,1,0,0,0,0,0,0,0,0,1,0,0,0,0,0,0,0,0,1,0
1.5050818945633693,1.631358240817064,0.6987790861884801,1.0338169767233532,0.9898531820687076,0.0884,0.12045573924073903,58343.0,0,1,0,0,0,0,0,0,0,0,0,0,0,1,0,0,0,0,0,1,0
0.6337124950066299,0.3710236697994445,0.6987790861884801,-1.1066918052876105,-0.1610912120427721,0.3901,-0.9758596150235321,51748.0,0,1,0,0,0,0,0,0,0,0,0,0,0,0,0,0,0,0,0,1,0
0.7649187362699295,0.5607982497669469,0.9321652443509475,0.9491436631537016,0.8045742944777086,0.1896,-0.05531597474847521,80928.0,0,1,0,0,0,0,0,0,0,0,0,0,0,1,0,0,0,0,0,1,0
-1.1823253781031888,0.3911216812075024,-0.7071391305822234,-2.50327185120905,-1.7797641022739217,0.3117,-1.1244219920116263,60409.0,0,1,0,0,0,0,0,0,0,0,0,0,0,0,0,0,1,0,0,0,0
-0.7223064292194054,0.5903971058998673,-0.7071391305822234,1.392214209704599,1.3855847191516575,0.1945,2.371184653963305,60409.0,0,1,0,0,0,0,0,0,0,0,0,0,0,0,0,0,0,0,0,0,0
-1.733315897024739,-2.2647798772029573,-0.4550820797667587,-0.6587341794866466,-1.5788774823043326,0.0919,-1.75762662647072,52581.0,0,1,0,0,0,0,0,0,0,0,0,0,0,0,0,0,1,0,0,0,0
-1.733315897024739,-2.2647798772029573,-0.4550820797667587,-0.7929798855921404,-1.7923509832243971,0.0948,-1.1231616197764263,52581.0,0,1,0,0,0,0,0,0,0,0,0,0,0,0,0,0,1,0,0,0,0
-0.6303058644214758,-0.3359829966438281,-0.4550820797667587,0.597014269552815,0.4833570926215739,0.2037,1.6397011955362846,52581.0,0,1,0,0,0,0,0,0,0,0,0,0,0,0,1,0,0,0,0,0,0
-1.733315897024739,-2.2647798772029573,-0.4550820797667587,-0.3844945385400725,-1.5647801756398,0.1045,-1.3071354496138115,52581.0,0,1,0,0,0,0,0,0,0,0,0,0,0,0,1,0,0,0,0,0,0
1.2142657156300312,1.2107264349407256,0.9321652443509475,0.7224411555664696,0.6137571792684997,0.2461,-0.4678271894787485,55624.0,0,1,0,0,0,0,0,0,0,0,1,0,0,0,0,0,0,0,0,1,0
0.6547800665425313,0.4014954636765192,0.6987790861884801,0.5934930861648215,0.8297480563786596,0.2908,-0.17901935871383579,53313.0,0,1,0,0,0,0,0,0,0,0,1,0,0,0,0,0,0,0,0,1,0
-1.122268106609931,-1.1348413787445846,-0.001379388298922081,-0.2311257969148254,-0.4088010291481298,0.351,-0.08572370958402986,39596.0,0,1,0,0,0,0,0,0,0,0,0,0,0,0,1,0,0,0,0,0,0
0.5620551091424258,0.26737958874800183,0.0882408964354654,0.9717322370692876,1.2320247715558565,0.2101,0.06979510899909463,50030.0,0,1,0,0,0,0,0,0,0,1,0,0,0,0,0,0,0,0,0,1,0
0.5522983775898394,0.2532676104273051,0.9321652443509475,-1.0689600801328591,-0.3660056339165131,0.3553,-0.22757255068651203,35942.0,0,1,0,0,0,0,0,0,0,0,0,0,0,0,1,0,0,0,0,1,0
-0.774998677787491,-0.5430144243628054,-0.17641900692077261,0.12439919569393822,-0.40980797962416804,0.257,1.151886879125817,50632.0,0,1,0,0,0,0,0,0,0,0,0,0,0,0,0,0,0,0,0,0,0
0.7671063736933337,0.5639624130655099,0.7571256257290969,-0.09516213678426337,-0.02162857111150353,0.3904,-1.1578831511902146,56878.0,0,1,0,0,0,0,0,0,0,0,1,0,0,0,0,0,0,0,0,1,0
0.6427125371613198,0.3840411848440878,0.9321652443509475,-0.09219002342749086,0.6646081783084208,0.233,-0.5620847999536462,59764.0,0,1,0,0,0,0,0,0,0,0,1,0,0,0,0,0,0,0,0,1,0
-0.530646643848755,-1.3130865095644924,0.8080038082085148,-0.3435178865665481,-1.7566042413250467,0.7436,-1.1954964927661866,38298.0,0,1,0,0,0,0,0,0,0,0,0,0,0,0,0,0,1,0,0,1,0
0.48968131433345924,0.16269930541480604,0.2805510907613385,-0.430177950166286,0.27995309646188954,0.3734,-0.8409175204112234,48491.0,0,1,0,0,0,0,0,0,0,0,0,0,0,0,1,0,0,0,0,1,0
0.993152266642662,0.8909115274887499,0.9321652443509475,-0.04472947408070197,0.20191443456894137,0.2941,-0.5782392020449665,54947.0,0,1,0,0,0,0,0,0,0,1,0,0,0,0,0,0,0,0,0,1,0
1.391826072810525,1.4675468565789553,0.8154721652697138,0.5150732730306954,1.3740047886772202,0.1952,-0.2545031512890406,59629.0,0,1,0,0,0,0,0,0,0,0,0,0,0,0,1,0,0,0,0,1,0
-0.914297762607735,-0.6496124439616163,-0.05972592783953893,-0.8811558413581566,-0.6998097167231235,0.3276,0.7530100051311059,49500.0,0,1,0,0,0,0,0,0,0,0,1,0,0,0,0,0,0,0,0,0,0
-1.4651539387534804,-1.042553300241693,-0.05972592783953893,-0.7100813525753136,-0.7053479443413327,0.1584,-0.7888358029760707,49500.0,0,1,0,0,0,0,0,0,0,0,0,0,0,0,0,0,1,0,0,0,0
1.0980118129864853,1.042578675113595,0.05696715124169477,0.6174181253062979,0.9969018354009743,0.1449,0.5103663220004122,64873.0,0,1,0,0,0,0,0,0,0,0,0,0,0,0,0,0,0,0,0,1,0
-0.9641279028426748,-1.8746014930076946,0.2320067698635453,0.19797101813756598,-0.5225864329404284,0.3319,0.8756707850724021,41544.0,0,1,0,0,0,0,0,0,0,1,0,0,0,0,0,0,0,0,0,0,0
-0.5043885276781138,-1.2751071960879226,0.7424222977648615,-3.6833905319141276,-2.1291759174591216,0.5296,-2.6283826553910195,40006.0,0,0,0,0,1,0,0,0,0,0,0,0,0,0,1,0,0,0,0,1,0
0.5119527624533756,0.19491236686318236,0.4217497164496313,-2.0074503557630607,-1.0039087604866115,0.3934,-1.1156393782486298,59841.0,0,0,0,0,1,0,0,0,0,0,0,0,0,0,1,0,0,0,0,1,0
0.4276319115937553,0.07295205536950304,-0.2581041622776362,1.2290211987315383,-0.6192536786400803,0.4544,-0.46270298815406785,54951.0,0,0,0,0,1,0,0,0,0,0,1,0,0,0,0,0,0,0,0,1,0
-1.5808850224519215,-1.1148163123033594,-0.35145862554262314,-0.5944511546090414,-1.3276433385328417,0.4124,-0.005464783237567042,40118.0,0,0,0,0,1,0,0,0,0,1,0,0,0,0,0,0,0,0,0,0,0
-1.289703172223546,-0.7690015128964839,-0.46815170462385686,-0.6571814033672827,-1.41575150518617,0.3546,1.1427775722184241,48351.0,0,0,0,0,1,0,0,0,0,0,1,0,0,0,0,0,0,0,0,0,0
-1.371374447583187,-0.9707684131057744,-1.2450942251467108,-1.3534570868335372,-1.232486518547247,0.3982,-0.13889436531362437,44962.0,0,0,0,0,1,0,0,0,0,0,0,0,0,0,0,1,0,0,0,0,0
-0.3113821215431445,-0.9959458596862653,-0.08866581145168488,-1.3231686142418828,-1.9469178812962362,0.3941,-1.8831167339787325,42051.0,0,0,0,0,1,0,0,0,0,0,1,0,0,0,0,0,0,0,0,1,0
-1.6156993062601315,-1.3846971896394973,0.6987790861884801,-1.1429220557742739,-1.4686164051781672,0.6843,-0.3154067605106822,33261.0,0,0,0,0,1,0,0,0,0,0,0,0,0,0,0,0,0,1,0,0,0
-1.463500822622122,-1.0769178625487714,-1.316043617228101,-0.8661547351776877,-1.1317914709434427,0.4243,0.49496230431025257,45379.0,0,0,0,0,1,0,0,0,0,0,0,0,0,0,0,1,0,0,0,0,0
-1.7805473502906366,-1.7848756843487852,-1.3188442511260505,-0.6595106379237494,-0.9485264843045195,0.4068,-0.45761027751092137,44358.0,0,0,0,0,1,0,0,0,0,0,0,0,0,0,0,1,0,0,0,0,0
0.24345316806749023,-0.19344109296783935,0.6987790861884801,0.22771700309695275,0.018649447930018114,0.3015,-0.24528314291828499,49203.0,0,0,0,0,1,0,0,0,0,0,0,0,0,0,0,0,0,0,0,1,0
-1.39039299560704,-2.375937059394565,-2.4519340490048296,-2.168860755798806,-1.1811320442693067,0.4356,-0.7779702619368709,44933.0,0,0,0,0,1,0,0,0,0,0,0,0,0,0,0,0,0,1,0,0,0
-1.0372218329374985,-0.20471874273387208,-0.5848447837050905,0.6952176431745019,0.2789461459858516,0.2604,1.7393352932532475,57413.0,0,0,0,0,1,0,0,0,0,0,0,0,0,0,1,0,0,0,0,0,0
0.6208104307689593,0.3523623332818916,0.4189490825516817,-0.4202660843931424,-0.11124716347888902,0.3068,-0.5633656264604021,48434.0,0,0,0,0,1,0,0,0,0,0,0,0,0,0,1,0,0,0,0,1,0
0.6018854321853602,0.3249895221830595,-0.506660420720664,0.6342796053955755,0.9606516182636049,0.2256,-0.47759354719074826,54655.0,0,0,0,0,1,0,0,0,0,0,0,0,0,0,0,0,0,0,0,1,0
-1.126143672124096,-0.13536942919420392,-0.5489033153480706,1.0406212166663271,0.6213093078387854,0.2376,1.7660520004999467,63126.0,0,0,0,0,1,0,0,0,0,0,0,1,0,0,0,0,0,0,0,0,0
0.6228343505576984,0.3552896980482148,0.9321652443509475,0.5235742024805986,0.2522619583708434,0.3353,0.21884158680935942,46885.0,0,0,0,0,1,0,0,0,0,0,0,0,0,0,0,0,0,0,0,1,0
-1.4858935233916808,-1.2598001136427261,-0.5848447837050905,-0.7389569076821674,-1.2264448156910186,0.3782,0.00039864630575979157,43166.0,0,0,0,0,1,0,0,0,0,0,0,0,0,1,0,0,0,0,0,0,0
-1.214436239917421,-0.6902993694197443,-0.29311208600200633,-0.23488144453562448,-0.8241681005138215,0.4703,-0.8663898313510117,41913.0,0,0,0,0,1,0,0,0,0,0,0,0,0,0,1,0,0,0,0,0,0
-1.52218910538633,-1.103845054361042,-1.4016963372737263,-0.2596962895460169,-1.1000725309482444,0.401,0.14289543933535134,45079.0,0,0,0,0,1,0,0,0,0,0,0,0,0,0,1,0,0,0,0,0,0
-1.326938388321375,-2.4576284635321213,-1.6458182587116672,-0.33670113197175383,-1.0245512452453915,0.3846,0.2547129616287918,45744.0,0,0,0,0,1,0,0,0,0,0,0,0,0,0,0,1,0,0,0,0,0
1.1116158254494604,1.062255298162745,-0.35145862554262314,0.7829634689753578,0.9178562230319879,0.2614,-0.034404681262143896,61408.0,0,0,0,0,1,0,0,0,0,0,0,0,0,0,0,0,0,0,0,1,0
-0.9795511895184781,-0.2944732389935141,-0.5848447837050905,-0.5458718260993345,-0.9288909500217776,0.3598,-0.12216785172023947,50112.0,0,0,0,0,0,0,1,0,0,0,0,0,0,0,0,1,0,0,0,0,0
0.8749852947489565,0.7199967353169521,0.29035330940416215,0.23785841670214747,0.7501989687716543,0.2675,-0.014999561290381382,59761.0,0,0,0,0,0,0,1,0,0,0,0,0,0,1,0,0,0,0,0,1,0
1.45520215869692,1.5592129996166124,-0.818230941867558,0.5313617832807295,0.9661898458818141,0.1928,-0.1350631306351544,62205.0,0,0,0,0,0,0,1,0,0,0,0,0,0,0,0,0,0,0,0,1,0
1.1377039729116676,1.0999887716553314,0.4653929280260127,0.342426370620951,0.617784981172652,0.2831,-0.36484459646541034,78638.0,0,0,0,0,0,0,1,0,0,0,0,0,0,0,1,0,0,0,0,1,0
0.46032580804284495,0.12023997709020928,-0.6431913232457074,-3.3277719128774397,-0.0337119768239598,0.4735,-1.6950539265880813,47939.0,0,0,0,0,0,0,1,0,0,0,0,0,0,0,0,0,0,0,0,1,0
0.6484816018386366,0.392385466452964,0.11531369078231161,-0.20486695682446213,0.6122467535544428,0.3438,-1.2962005838975268,53623.0,0,0,0,0,0,0,1,0,1,0,0,0,0,0,0,0,0,0,0,1,0
-0.7408793377882678,0.4407225992814772,-0.11807246738015577,-0.09813493781187799,-0.862432218603267,0.1922,0.10999977797392246,72273.0,0,0,0,0,0,0,1,0,0,0,0,0,0,0,0,1,0,0,0,0,0
-0.6558255758932509,0.44475426373658405,-0.41657336366995157,0.9443470378406268,0.18932755361846584,0.2236,2.0299423695037087,64010.0,0,0,0,0,0,0,1,0,0,1,0,0,0,0,0,0,0,0,0,0,0
-0.44971220710170623,0.8318993199566744,-0.6690971868017412,0.7704649796784638,0.8075951459058229,0.2198,1.6961894780021685,61324.0,0,0,0,0,0,0,1,0,1,0,0,0,0,0,0,0,0,0,0,0,0
1.0690780733293404,1.0007293832090671,0.4653929280260127,-0.8590550564793843,-0.5014404729436297,0.4415,-1.5091322039568806,34883.0,0,0,0,0,0,0,1,0,0,0,0,0,0,0,0,0,0,0,0,1,0
1.2687362871860832,1.2895117864461878,0.05066572497130815,0.15358695468873756,0.5105447554746008,0.2672,-0.40939765885239143,60583.0,0,0,0,0,0,0,1,0,0,0,1,0,0,0,0,0,0,0,0,1,0
-0.9081476651756184,0.10888676690706463,-0.5848447837050905,0.039377793943320416,-0.41484273200435823,0.3956,1.3878572635996018,57906.0,0,0,0,0,0,0,1,0,0,0,0,0,0,0,0,0,0,0,0,0,0
1.2796834999416098,1.305345657476194,-0.38179882610374394,0.6342796053955755,1.311070383924843,0.1858,0.1626111173939198,82804.0,0,0,0,0,0,0,1,0,0,0,0,0,0,0,0,0,0,0,0,1,0
1.5548268863439814,1.7033085903565195,-0.35145862554262314,0.8286875242919718,0.9254083516022735,0.1228,-0.49275657346479695,62927.0,0,0,0,0,0,0,1,0,0,0,0,0,0,0,0,0,0,0,0,1,0
-0.807014907962172,0.14723993552476472,-0.624053658276385,-0.4974754819516424,-0.6242884310202704,0.2434,0.10943081496846142,49175.0,0,0,0,0,0,0,1,0,0,0,0,1,0,0,0,0,0,0,0,0,0
-0.045154010075139056,-0.610877835917534,0.4653929280260127,0.2364101333230537,-0.26128278440855696,0.464,-1.6582169916563192,55204.0,0,0,0,0,0,0,1,0,0,0,0,0,0,0,0,0,0,0,0,1,0
0.743145981638069,0.5293064904938111,-0.08889919760984735,0.5292383656776549,0.686257613543239,0.281,-1.1500405571528407,48917.0,0,0,0,0,0,0,1,0,1,0,0,0,0,0,0,0,0,0,0,1,0
1.1021042656814828,1.0484979323360584,-0.35145862554262314,0.8721819424960732,0.841327986853097,0.218,-0.4260635024929334,56911.0,0,0,0,0,0,0,1,0,1,0,0,0,0,0,0,0,0,0,0,1,0
-0.9345396451493323,0.14801900118162675,-0.5594056924653816,0.15868800241976522,-0.6439239653030123,0.4,0.19068735680525636,51815.0,0,0,0,0,0,0,1,0,0,0,0,0,0,1,0,0,0,0,0,0,0
-0.1202965985666959,-0.7195628575396331,0.7907332325044922,-0.27852737306351383,-0.6560073710154689,0.3974,-0.42227084331042136,46116.0,0,0,0,0,1,0,0,0,0,0,0,0,0,0,0,0,0,0,0,1,0
-0.7510268158788741,0.4040662300854027,-0.41657336366995157,0.294935420777478,-0.5402080662710942,0.2795,-0.7319422695400136,64010.0,0,0,0,0,0,0,1,0,1,0,0,0,0,0,0,0,0,0,0,0,0
-0.13493202937721177,-0.7407313073631095,-0.4870559834350167,-2.807096094654354,-2.1795234412610234,0.486,-1.6776593986209358,92405.0,0,1,0,0,0,0,0,0,0,0,0,0,0,0,0,0,0,0,0,0,1
0.38955327920259175,0.017875738891017665,0.9321652443509475,-0.8456552465639647,-0.06794829300925331,0.5039,-0.5608059500317906,58700.0,1,0,0,0,0,0,0,0,0,1,0,0,0,0,0,0,0,0,0,1,0
1.2811901264775394,1.3075248176691163,0.9321652443509475,0.7308060295494515,0.81414032400007,0.2515,-0.6183451533851293,62069.0,1,0,0,0,0,0,0,0,0,0,0,0,0,0,1,0,0,0,0,1,0
0.999261838401592,0.8997483130194438,0.649301220658037,0.46394924255891407,0.9178562230319879,0.2288,-0.15596545668144973,61295.0,1,0,0,0,0,0,0,0,0,0,1,0,0,0,0,0,0,0,0,1,0
0.9365909278291478,0.8091021241220773,0.9321652443509475,-0.11449764981489542,-0.13037922252361192,0.337,-0.18427579478307682,55055.0,1,0,0,0,0,0,0,0,0,1,0,0,0,0,0,0,0,0,0,1,0
0.5522983775898394,0.2532676104273051,-1.160375049733735,-0.8606324238601678,0.2527654336088624,0.4851,-1.6900466933181553,38818.0,1,0,0,0,0,0,0,0,0,0,1,0,0,0,0,0,0,0,0,1,0
1.1027327974751422,1.049407030531308,0.9321652443509475,0.46039139744326757,0.7929943640032713,0.2765,-0.2892155868832344,58336.0,1,0,0,0,0,0,0,0,0,0,1,0,0,0,0,0,0,0,0,1,0
1.459840015779617,1.5659211209021837,0.4653929280260127,1.0928935176918788,1.589492190549361,0.1434,-0.5294597552150456,75217.0,1,0,0,0,0,0,0,0,0,0,1,0,0,0,0,0,0,0,0,1,0
1.507767678713365,1.6352429154639503,0.9321652443509475,1.5055564520042037,1.93437272859239,0.111,0.3341300903157881,93807.0,1,0,0,0,0,0,0,0,0,0,0,0,0,0,1,0,0,0,0,1,0
0.690515898518049,0.453183191620297,0.6987790861884801,-2.2908225410150367,0.09266030791881402,0.3702,-1.138414097913865,59038.0,1,0,0,0,0,0,0,0,0,0,1,0,0,0,0,0,0,0,0,1,0
0.6389996370272428,0.3786709062916236,0.5820860071072463,0.25811726128414936,-0.027670273967731664,0.4122,-0.5356348552107867,51051.0,1,0,0,0,0,0,0,0,0,0,0,0,0,0,0,0,0,0,0,1,0
1.4875388751770182,1.6059843020215336,-0.29311208600200633,1.5820880862036864,1.8034691667074445,0.1521,0.8582167333691629,114862.0,1,0,0,0,0,0,0,0,0,0,0,0,0,0,0,0,0,0,0,1,0
1.003381297868329,0.9057066323986595,0.9321652443509475,0.18343575329868375,0.18429280123827566,0.3861,-0.903226766282773,59460.0,1,0,0,0,0,0,0,0,1,0,0,0,0,0,0,0,0,0,0,1,0
-0.15483283103825027,-0.769515504211347,0.04389752638459659,-0.7514637612428552,-0.43649216723917594,0.4266,-1.0462420163958313,45370.0,1,0,0,0,0,0,0,0,0,0,1,0,0,0,0,0,0,0,0,0,1
0.9684397156284438,0.8551676943944277,0.05696715124169477,0.3280537017649252,0.8166577001901648,0.2108,-0.5894068763599069,52410.0,1,0,0,0,0,0,0,0,0,0,0,0,0,0,0,0,0,0,0,1,0
0.8224502562548488,0.6440109074492912,0.7895663017136799,-0.566669051441021,-0.09211510443416612,0.4732,-0.8346699279826688,52015.0,1,0,0,0,0,0,0,0,0,0,0,0,0,0,0,0,0,0,0,1,0
-0.9497602938337868,-0.8251864057935908,-0.28494357046631996,-0.44696931596644934,-1.645336213722843,0.4103,-1.0462420163958313,37837.0,1,0,0,0,0,0,0,0,0,0,0,0,0,0,0,0,1,0,0,0,0
0.9522887321470798,0.8318071737612125,0.4653929280260127,-0.613779686677378,-0.11628191585907922,0.2921,-0.3638364520772037,55838.0,1,0,0,0,0,0,0,0,0,0,1,0,0,0,0,0,0,0,0,1,0
1.4798677807552014,1.59488895542998,-0.9349240209487917,1.0297327024688692,1.494335370563766,0.1365,-0.13889436531362437,70204.0,1,0,0,0,0,0,0,0,0,1,0,0,0,0,0,0,0,0,0,1,0
1.4173678276885093,1.504490036697005,0.5412434294288146,1.0874725183038152,-0.6419100643509362,0.2516,1.3811372559429327,84648.0,1,0,0,0,0,0,0,0,0,0,0,0,0,0,0,0,0,0,0,1,0
1.0696633212609608,1.001575876328074,0.7557253087801221,0.8756275822453403,1.1771459706117833,0.1814,0.5926280371836704,74742.0,1,0,0,0,0,0,0,0,0,0,0,0,0,0,0,0,0,0,0,1,0
-0.9331642421222192,-0.8112798405014828,0.2828849523429632,-0.23863819026691105,-0.7989943386128705,0.3987,0.4904823788961109,56148.0,1,0,0,0,0,0,0,0,0,0,0,0,0,1,0,0,0,0,0,0,0
0.7509825406292339,0.540641162355605,0.4653929280260127,-0.2679785662443298,0.3791377183516365,0.3566,-0.21065119533772755,51655.0,1,0,0,0,0,0,0,0,0,0,1,0,0,0,0,0,0,0,0,1,0
0.7295111541032376,0.5095852970243678,0.9321652443509475,0.7154662647898737,1.5044048753241466,0.1917,-0.28188195862474097,62399.0,1,0,0,0,0,0,0,0,0,0,1,0,0,0,0,0,0,0,0,1,0
1.5825364861809452,1.7433873062735057,-0.9349240209487917,0.7746324938194568,1.8623757695556695,0.1668,-0.24223246258937164,76124.0,1,0,0,0,0,0,0,0,0,1,0,0,0,0,0,0,0,0,0,1,0
0.7704176829113863,0.5687518370284859,0.9321652443509475,0.13608225718001973,0.6469865449777553,0.22,-0.02766180773097241,58845.0,1,0,0,0,0,0,0,0,0,1,0,0,0,0,0,0,0,0,0,1,0
0.6028707055272532,0.32641460556941826,0.5116033873421812,0.49450610977616316,0.438547796437881,0.3179,-0.7754829326510936,50004.0,1,0,0,0,0,0,0,0,0,0,1,0,0,0,0,0,0,0,0,1,0
1.4961772237164495,1.6184786692856161,0.931931858192785,1.1104959862257195,1.564821903886429,0.2099,-0.11916260967815633,71517.0,1,0,0,0,0,0,0,0,0,0,0,0,0,1,0,0,0,0,0,1,0
0.7834039876795146,0.5875350176834053,0.4653929280260127,0.3014218050889207,0.4108566583468346,0.2996,-0.6662762253081038,67145.0,1,0,0,0,0,0,0,0,0,0,1,0,0,0,0,0,0,0,0,1,0
1.5809218282456419,1.7410518912161652,-2.1903081657047037,1.3610680531186994,1.946456134304846,0.1407,-0.48455740821240784,79966.0,1,0,0,0,0,0,0,0,0,0,1,0,0,0,0,0,0,0,0,1,0
0.6174847599873714,0.34755213698627846,0.4945661977963211,0.6398951850234459,-0.1968379539421225,0.3971,-0.08644431361630717,62235.0,1,0,0,0,0,0,0,0,0,0,0,0,0,0,0,0,0,0,0,1,0
0.37781535943922545,0.0008982020655025867,0.9321652443509475,0.38616397277908693,0.7084105240160757,0.2139,-0.5808533827141167,75701.0,1,0,0,0,0,0,0,0,0,0,1,0,0,0,0,0,0,0,0,1,0
-0.8908294445291457,-1.1176297845121583,0.885021240402129,-0.23488144453562448,-0.3096164072583829,0.3576,0.8236092037767816,51019.0,1,0,0,0,0,0,0,0,0,0,0,0,0,0,1,0,0,0,0,0,0
1.3169130120206467,1.359193820102971,0.9321652443509475,0.20813592846524778,1.0391937553945718,0.2621,-0.6419642004932004,56918.0,1,0,0,0,0,0,0,0,0,0,0,0,0,0,1,0,0,0,0,1,0
-0.26996817616010416,-0.9360454005755451,0.6987790861884801,-0.982674955062252,-0.7511641910010636,0.4481,-0.8907649587423707,44976.0,1,0,0,0,0,0,0,0,0,0,1,0,0,0,0,0,0,0,0,1,0
0.9298082201830283,0.7992917257584689,0.9321652443509475,0.21539165826279005,0.31368593740916384,0.2729,-0.42932822602560183,59498.0,1,0,0,0,0,0,0,0,0,1,0,0,0,0,0,0,0,0,0,1,0
-0.9091298398976302,-1.100929546647248,0.6987790861884801,0.04525943560429766,-0.09211510443416612,0.3063,0.7553627673626331,53775.0,1,0,0,0,0,0,0,0,0,0,0,0,0,1,0,0,0,0,0,0,0
0.5826138717671873,0.2971154496659001,0.4653929280260127,-0.10259542943245868,0.25679323551301464,0.1386,-0.9748059663311736,52341.0,1,0,0,0,0,0,0,0,0,0,1,0,0,0,0,0,0,0,0,1,0
0.6810480679403037,0.43948907498533135,0.4653929280260127,-0.36019630592815755,0.42998871739155753,0.3264,-0.21569142122424034,67416.0,1,0,0,0,0,0,0,0,0,0,0,0,0,0,0,0,0,0,0,1,0
1.4601486524951564,1.5663675280432623,-1.6350824954361938,1.2558069404055674,1.8603618686035936,0.103,0.061092460501599895,91410.0,1,0,0,0,0,0,0,0,0,0,1,0,0,0,0,0,0,0,0,1,0
0.44568637834884045,0.09906574334649335,-0.5848447837050905,0.04893409485543906,1.09658993252874,0.3047,-0.4337012946692851,44096.0,1,0,0,0,0,0,0,0,0,0,1,0,0,0,0,0,0,0,0,1,0
1.1595303274156055,1.1315580569143648,0.9321652443509475,0.5998305216291974,1.0678918439616563,0.2193,-0.35084097514245527,62621.0,1,0,0,0,0,0,0,0,0,0,0,0,1,0,0,0,0,0,0,1,0
1.4514362477336429,1.553766047060318,-0.24410099278788816,1.2985483147641714,1.8915773333607728,0.178,0.6809874406603016,105584.0,1,0,0,0,0,0,0,0,0,1,0,0,0,0,0,0,0,0,0,1,0
-0.7600364072938381,-0.7715727947031097,1.2238979420540317,-0.272498422992642,-0.21899086441495919,0.663,-0.3302694858525098,43167.0,1,0,0,0,0,0,0,0,0,0,1,0,0,0,0,0,0,0,0,0,0
1.0850536645101057,1.0238362192625308,0.9321652443509475,0.58997093751368,0.2306125231360257,0.4013,-0.7358790683210803,56210.0,1,0,0,0,0,0,0,0,0,1,0,0,0,0,0,0,0,0,0,1,0
0.8280387435710966,0.6520940048910232,0.742188911606699,0.7656011707412607,0.5306837649953616,0.2919,-0.2791484940741096,55817.0,1,0,0,0,0,0,0,0,0,1,0,0,0,0,0,0,0,0,0,1,0
0.990304241209105,0.8867921896799225,0.5365757062655653,0.2494388104415143,0.668132504974554,0.2989,-0.11616822670958156,47452.0,1,0,0,0,0,0,0,0,0,1,0,0,0,0,0,0,0,0,0,1,0
0.8648407938713134,0.7053238937318378,0.6103257322449049,0.7982229078046611,1.5376342410334016,0.2,-0.0792663165084677,54064.0,1,0,0,0,0,0,0,0,0,0,1,0,0,0,0,0,0,0,0,1,0
-0.7878735961659803,-1.1256024195753283,0.11694739388944889,0.28123117978944634,-0.48381883961296396,0.2669,0.6529623337318143,55246.0,1,0,0,0,0,0,0,0,0,0,1,0,0,0,0,0,0,0,0,0,0
0.7855625258216169,0.5906570922533129,0.9258638180805608,0.3904580003300119,0.8065881954297844,0.1903,-0.3699037976789555,64313.0,1,0,0,0,0,0,0,0,0,0,1,0,0,0,0,0,0,0,0,1,0
1.1584060243296341,1.129931883160418,0.6987790861884801,0.5228660064774412,0.4732875878611935,0.4085,-1.5544949728611264,37839.0,1,0,0,0,0,0,0,0,0,0,0,0,0,0,0,0,0,0,0,1,0
1.2048285447052092,1.1970766639306283,0.8838543096113167,0.5023113236472551,1.081989150626189,0.2679,-0.21400793748650676,61860.0,1,0,0,0,0,0,0,0,0,1,0,0,0,0,0,0,0,0,0,1,0
0.25701935530390896,-0.17381917971307723,0.29898859725617344,-0.23788675324099046,0.06245179363767279,0.1599,-0.6794419943115146,46165.0,1,0,0,0,0,0,0,0,0,0,0,0,0,1,0,0,0,0,0,1,0
1.4077162191790575,1.4905301066414192,0.5715836299899354,1.0521801612571398,1.3322163439216417,0.2098,-0.2994064815873893,69107.0,1,0,0,0,0,0,0,0,1,0,0,0,0,0,0,0,0,0,0,1,0
0.746552222106408,0.5342332214779731,0.9321652443509475,-0.35867919103868345,-0.6690977272039633,0.4233,-0.3998723288654855,57817.0,1,0,0,0,0,0,0,0,0,0,1,0,0,0,0,0,0,0,0,1,0
-0.4257154651724185,-0.1351449922638934,0.4653929280260127,0.58503830675201,-0.5885416891209201,0.2666,0.1805637888348977,63435.0,1,0,0,0,0,0,0,0,0,0,0,1,0,0,0,0,0,0,0,0,0
-0.568115115439299,-0.35610502523384097,0.4653929280260127,0.18561709157686873,-1.4968110185072323,0.3152,-1.487349252233508,63435.0,1,0,0,0,0,0,0,0,0,0,0,0,0,0,0,0,1,0,0,0,0
-0.6048556691921445,-0.40363279804721275,0.4653929280260127,-1.7504643316268123,-1.8995912089224485,0.4057,-1.8862736695486524,63435.0,1,0,0,0,0,0,0,0,0,0,0,0,0,1,0,0,0,0,0,0,0
-0.5798665602039023,-0.36632665803656644,0.4653929280260127,0.3747062116951473,-1.6760482032420032,0.3829,-1.6727558660598574,63435.0,1,0,0,0,0,0,0,0,0,0,0,0,0,0,0,0,1,0,0,0,0
-0.4934420389043114,-0.2546036559160249,0.4653929280260127,0.09294822633842484,-1.1247428176111764,0.4331,-0.9387476860341948,63435.0,1,0,0,0,0,0,0,0,0,0,1,0,0,0,0,0,0,0,0,0,0
-0.4934420389043114,-0.2546036559160249,0.4653929280260127,0.5363150600535336,-1.5421237899289442,0.3311,-0.8608651803232727,63435.0,1,0,0,0,0,0,0,0,0,0,1,0,0,0,0,0,0,0,0,0,0
-0.4257154651724185,-0.1351449922638934,0.4653929280260127,0.21031307766710833,-1.489258889936947,0.2584,-0.046338362276145025,63435.0,1,0,0,0,0,0,0,0,0,1,0,0,0,0,0,0,0,0,0,0,0
-0.568115115439299,-0.35610502523384097,0.4653929280260127,0.1039282406662789,-1.3311676651989746,0.3352,-1.3640848596973492,63435.0,1,0,0,0,0,0,0,0,0,0,1,0,0,0,0,0,0,0,0,0,0
-0.4257154651724185,-0.1351449922638934,0.4653929280260127,0.2407544937986061,-1.3492927737676594,0.2873,-0.24966083183557924,63435.0,1,0,0,0,0,0,0,0,0,0,1,0,0,0,0,0,0,0,0,0,0
-0.4257154651724185,-0.1351449922638934,0.4653929280260127,0.5306540164045199,-1.2068092814082767,0.2609,0.40400878338103036,63435.0,1,0,0,0,0,0,0,0,0,0,1,0,0,0,0,0,0,0,0,0,0
-0.4934420389043114,-0.2546036559160249,0.4653929280260127,-0.13460768212637753,-1.5808913832564087,0.3478,-0.6122041197127253,63435.0,1,0,0,0,0,0,0,0,0,0,1,0,0,0,0,0,0,0,0,0,0
-0.568115115439299,-0.35610502523384097,0.4653929280260127,-0.03732957409844673,-0.9621203157310331,0.3538,-1.5031343882578638,63435.0,1,0,0,0,0,0,0,0,0,0,0,0,0,0,0,0,1,0,0,0,0
-0.4934420389043114,-0.2546036559160249,0.4653929280260127,-0.13311697021102176,-1.635770184200482,0.4778,-1.3359346846862246,63435.0,1,0,0,0,0,0,0,0,0,0,0,0,1,0,0,0,0,0,0,0,0
-0.09706184955913663,0.6830110076959347,0.4653929280260127,1.2477770796260856,1.3629283334408018,0.1327,2.318367818568392,63435.0,1,0,0,0,0,0,0,0,0,1,0,0,0,0,0,0,0,0,0,0,0
-0.568115115439299,-0.35610502523384097,0.4653929280260127,-0.36019630592815755,-1.1549513318923177,0.4353,-1.6206493314653567,63435.0,1,0,0,0,0,0,0,0,0,0,1,0,0,0,0,0,0,0,0,0,0
-0.568115115439299,-0.35610502523384097,0.4653929280260127,0.059951771092125766,-1.487244988984871,0.2612,-1.274754425489789,63435.0,1,0,0,0,0,0,0,0,0,0,0,0,0,0,0,0,1,0,0,0,0
-0.4880011999506452,-0.23327354598983435,0.4653929280260127,0.21176430554282955,-1.447973920419387,0.3835,0.15456547570109674,63435.0,1,0,0,0,0,0,0,0,0,0,1,0,0,0,0,0,0,0,0,0,0
-0.4934420389043114,-0.2546036559160249,0.4653929280260127,0.5596405357198317,-1.6010303927771694,0.3756,-1.1751344220546232,63435.0,1,0,0,0,0,0,0,0,0,0,0,0,0,1,0,0,0,0,0,0,0
-0.4934420389043114,-0.2546036559160249,0.4653929280260127,0.2364101333230537,-1.7978892108426061,0.2785,-1.1094225855150748,63435.0,1,0,0,0,0,0,0,0,0,0,0,1,0,0,0,0,0,0,0,0,0
1.5358449171531463,1.6758533778951104,-1.701597550512497,1.652978935085911,2.2540795047344675,0.1572,1.193223701963972,111371.0,1,0,0,0,0,0,0,0,0,0,0,0,0,0,0,0,0,0,0,1,0
1.264271984280549,1.283054691108434,0.9321652443509475,0.4689285711686812,0.76278584972213,0.3342,-0.724124338114447,38252.0,1,0,0,0,0,0,0,0,0,0,0,0,0,0,0,0,0,0,0,1,0
0.561843738474199,0.26707386564067115,0.9148946686469249,0.6861303057922071,-0.642917014826974,0.3024,-0.9790286230341771,44172.0,1,0,0,0,0,0,0,0,0,0,1,0,0,0,0,0,0,0,0,1,0
-0.5452856876059268,-0.14820425062708673,0.29035330940416215,-0.9914367982352161,-0.21194221108269312,0.46,-0.7922079117385435,66125.0,1,0,0,0,0,0,0,0,0,0,0,0,0,0,0,1,0,0,0,0,0
-0.544342612519999,-0.1474513988152855,0.29035330940416215,-0.485213319628464,-0.6892367367247242,0.3788,-0.5443580366515363,66125.0,1,0,0,0,0,0,0,0,0,0,1,0,0,0,0,0,0,0,0,0,0
-0.5428350322707917,-0.1462474265220589,0.29035330940416215,0.1353523769864506,-0.24366115107789127,0.2912,-0.22928384625572965,66125.0,1,0,0,0,0,0,0,0,0,0,0,0,1,0,0,0,0,0,0,0,0
-0.011816786218753813,0.6681626107661691,0.29035330940416215,1.2778632164008914,1.3825638677235437,0.1378,1.714071338615777,66125.0,1,0,0,0,0,0,0,0,0,0,0,0,0,0,0,0,0,0,0,0,0
0.7779928175677693,0.5797083889712206,0.9321652443509475,-0.2514193482727288,0.41337403453693,0.3707,-0.07855192458068938,45856.0,1,0,0,0,0,0,0,0,0,0,0,0,0,0,0,0,0,0,0,1,0
0.6563995453799283,0.40383785160848135,0.9204959364428241,0.6875287761047748,0.49443354785799226,0.2209,0.09652477237980601,62105.0,1,0,0,0,0,0,0,0,0,0,1,0,0,0,0,0,0,0,0,1,0
0.02903266428341289,-0.503575432998092,0.9321652443509475,-0.566669051441021,-1.741499984184476,0.3857,-1.4073008338298347,48555.0,1,0,0,0,0,0,0,0,0,0,1,0,0,0,0,0,0,0,0,1,0
0.9010170470816394,0.757648639808593,0.9321652443509475,1.006563925919924,1.1358610010942236,0.1784,-0.4260635024929334,62101.0,1,0,0,0,0,0,0,0,0,0,0,0,0,0,0,0,0,1,0,1,0
1.1872098066922943,1.1715932069413482,0.5820860071072463,0.9772022796122499,1.5789192105509617,0.1815,0.513692659436429,86881.0,1,0,0,0,0,0,0,0,0,0,0,0,0,0,0,0,0,0,0,1,0
0.8803653422979147,0.727778348858947,0.9321652443509475,0.7801870774170347,1.0553049630111804,0.2686,-0.5815082184533672,59982.0,1,0,0,0,0,0,0,0,0,0,1,0,0,0,0,0,0,0,0,1,0
1.21300060308647,1.2088965966704244,0.9321652443509475,0.9354342657966399,1.6539370210157953,0.2229,0.28288659572665503,74652.0,1,0,0,0,0,0,0,0,0,1,0,0,0,0,0,0,0,0,0,1,0
0.8908630722557854,0.7429620952583984,0.9321652443509475,0.4368848784833881,0.884123382084714,0.295,-0.39619740228912714,51748.0,1,0,0,0,0,0,0,0,0,0,1,0,0,0,0,0,0,0,0,1,0
-0.6507244548169245,-1.1796675948469186,0.4653929280260127,0.14337877959999634,-0.38060641581906474,0.296,0.4089799715634188,56351.0,1,0,0,0,0,0,0,0,0,0,0,0,0,1,0,0,0,0,0,0,0
-1.000912524560687,-1.3349425592436173,0.4653929280260127,0.5278225589562169,0.4888953202397831,0.2809,0.8035341405307449,53032.0,1,0,0,0,0,0,0,0,0,0,0,0,0,0,1,0,0,0,0,0,0
1.3411058026685712,1.3941858802309506,0.9321652443509475,-0.0743717665779785,1.1690903668034793,0.2388,-0.15322596795555987,61723.0,1,0,0,0,0,0,0,0,0,0,0,0,0,0,1,0,0,0,0,1,0
1.4565730538940964,1.5611958402019286,-1.2850032581924926,1.596427871156501,1.660985674348062,0.2001,-0.3724450280815964,80257.0,1,0,0,0,0,0,0,0,0,0,1,0,0,0,0,0,0,0,0,1,0
0.023484745858023893,0.5428790880659176,0.3241943023377199,0.6609317765001906,0.7114313754441901,0.3007,1.7564751955540314,63727.0,1,0,0,0,0,0,0,0,0,0,0,0,0,0,0,0,0,0,0,0,0
0.7303345522519844,0.5107762467560264,0.9321652443509475,-0.20037082497499875,-0.9822593252517937,0.3905,-0.9886090139549523,49714.0,1,0,0,0,0,0,0,0,0,0,0,0,0,0,1,0,0,0,0,1,0
1.0261833672161729,0.9386871757875458,-1.9282155100882528,0.5631710075316839,0.5523332002301793,0.3386,0.30991040570098305,77449.0,1,0,0,0,0,0,0,0,0,0,0,0,0,0,0,0,0,0,0,1,0
1.383602130324403,1.4556518795111437,0.9321652443509475,0.7036002538023179,1.289924423928044,0.1984,-0.4525486728614315,73721.0,1,0,0,0,0,0,0,0,0,0,1,0,0,0,0,0,0,0,0,1,0
0.1673692643272364,-0.30348761770304117,0.9321652443509475,-0.34276029076550785,0.15609818790921057,0.5079,-1.39847546197463,39016.0,1,0,0,0,0,0,0,0,0,0,1,0,0,0,0,0,0,0,0,1,0
1.506254903875449,1.6330548624667245,0.6693724302600091,1.4509870458527019,2.370382284716861,0.1155,0.8369639954612217,100423.0,1,0,0,0,0,0,0,0,0,0,1,0,0,0,0,0,0,0,0,1,0
0.3600679770434557,-0.024771324073281246,0.9321652443509475,0.5568154596345617,0.9692106973099279,0.2942,-0.6568960384312816,67918.0,1,0,0,0,0,0,0,0,0,0,1,0,0,0,0,0,0,0,0,1,0
0.4210927432266645,0.06349390827030287,0.9321652443509475,-0.13982653628396596,0.5392428440416851,0.31,-0.7110008147174506,58537.0,1,0,0,0,0,0,0,0,0,0,0,0,0,0,1,0,0,0,0,1,0
-0.9774847598182137,-0.4732141150472969,0.11531369078231161,0.7335931111187384,0.46774936024298436,0.245,1.4146766494394654,61258.0,1,0,0,0,0,0,0,0,0,0,1,0,0,0,0,0,0,0,0,0,0
0.8245485932639857,0.6470459080765868,0.7127822556782282,0.6539234056374812,0.9082901935096265,0.2474,-0.7343021038396815,53861.0,1,0,0,0,0,0,0,0,0,0,0,0,0,0,0,0,0,1,0,1,0
1.2476067078665989,1.2589503055163416,0.9321652443509475,0.2956562918739192,0.6253371097429375,0.2485,0.06680450818972394,70920.0,1,0,0,0,0,0,0,0,0,0,1,0,0,0,0,0,0,0,0,1,0
0.9196038278684424,0.7845322581700483,0.6987790861884801,-0.051393029931006876,0.2945538783644412,0.2975,-0.24703144437876598,63454.0,1,0,0,0,0,0,0,0,0,1,0,0,0,0,0,0,0,0,0,1,0
0.30082318991867074,-0.11046202356758221,0.7753297460657694,0.22119329339394983,2.0864123314464602e-05,0.266,-1.0191433211836904,43326.0,1,0,0,0,0,0,0,0,0,1,0,0,0,0,0,0,0,0,0,1,0
0.17276105385600668,-0.2956890207518322,0.6987790861884801,0.22626757605677522,-0.010048640637065946,0.2522,0.18447211828445811,61012.0,1,0,0,0,0,0,0,0,0,0,0,1,0,0,0,0,0,0,0,1,0
1.5795074503980113,1.739006158030266,-2.7021240105549946,1.6892483903181532,1.8694244228879362,0.1327,0.8680727110185034,93487.0,0,0,0,0,0,0,0,0,1,0,0,0,0,0,0,0,0,0,0,1,0
1.1826080053885657,1.1649372361498636,0.8969239344684149,0.9065968288350575,1.7546320686195993,0.1076,0.1971123741419697,90008.0,0,0,0,0,0,0,0,0,0,0,1,0,0,0,0,0,0,0,0,1,0
0.8569442332906868,0.6939024365439204,0.6987790861884801,0.15795940529552221,-0.04327800634632124,0.3018,0.35449216102735226,43418.0,0,0,0,0,0,0,0,0,1,0,0,0,0,0,0,0,0,0,0,1,0
1.4215678455803555,1.5105648744761135,0.9321652443509475,1.1947881901989947,2.1679852390332153,0.1324,0.4071937772988699,87054.0,0,0,0,0,0,0,0,0,1,0,0,0,0,0,0,0,0,0,0,1,0
-0.9394271550203309,-0.14632265350789436,-0.5848447837050905,-0.03880921318386527,-1.011964364294916,0.4147,0.49388932886699777,56318.0,0,0,0,0,0,0,0,0,0,0,1,0,0,0,0,0,0,0,0,0,0
-0.3861495153267852,0.45257036492907055,-0.17641900692077261,0.714070832153798,0.6671255544985162,0.2115,1.4001174442750584,69743.0,0,0,0,0,0,0,0,0,0,0,1,0,0,0,0,0,0,0,0,0,0
1.3966816117031016,1.4745698293048142,0.9321652443509475,1.3125419040770432,0.7562406716278823,0.1404,-0.16503093374733896,68140.0,0,0,0,0,0,0,0,0,1,0,0,0,0,0,0,0,0,0,0,1,0
0.9319435244378281,0.8023801952104994,0.9181620748611994,0.3294916923634079,0.934470905886616,0.1633,0.3637561197317979,70266.0,0,0,0,0,0,0,0,0,0,0,1,0,0,0,0,0,0,0,0,1,0
1.0924115553261375,1.0344785532370029,0.9321652443509475,0.794756444547687,1.267771513455207,0.1548,-0.16028874864679446,72975.0,0,0,0,0,0,0,0,0,0,0,1,0,0,0,0,0,0,0,0,1,0
-0.5754239214326661,-1.377851637837029,2.633550337355335,1.1165835341196686,-1.8331324775039377,0.7977,-1.151342512777913,30497.0,0,0,0,1,0,0,0,0,1,0,0,0,0,0,0,0,0,0,0,1,0
0.6016390038437788,0.32463309222541853,0.8621493969022073,0.5843334906030617,0.9198701239840643,0.2166,0.1561808652670028,42101.0,0,0,0,1,0,0,0,0,0,1,0,0,0,0,0,0,0,0,0,1,0
0.4927072608498597,0.16707598539302185,0.8087039666830023,-0.9365746973112378,-0.10671588633671777,0.3456,0.05199250172967694,45898.0,0,0,0,1,0,0,0,0,1,0,0,0,0,0,0,0,0,0,0,1,0
-0.25842614546136644,-0.919351194516937,2.2157891142445183,-0.6890508825064784,-1.4394148413730643,0.6348,-0.4003986512616481,31902.0,0,0,0,1,0,0,0,0,1,0,0,0,0,0,0,0,0,0,0,1,0
0.3445659998809511,-0.047193132489974414,0.6987790861884801,-0.6517481642801713,-0.006524313970932914,0.2902,-0.9907531149826142,47756.0,0,0,0,1,0,0,0,0,0,0,0,1,0,0,0,0,0,0,0,1,0
-0.709601385915273,0.5104515127835889,0.05696715124169477,0.58503830675201,0.642455267835584,0.1947,1.1616968849485523,56416.0,0,0,0,1,0,0,0,0,1,0,0,0,0,0,0,0,0,0,0,0,0
-0.7536576835290865,0.5379736877930719,-0.44574663344026,0.9922328998337243,1.018551270635792,0.1918,0.02344609937814226,72085.0,0,0,0,1,0,0,0,0,1,0,0,0,0,0,0,0,0,0,0,0,0
-0.33353553765664956,-1.027988201554355,1.3989375606758823,0.32517723766066503,-0.3750681882008556,0.7261,-0.32304455268703464,40304.0,0,0,0,1,0,0,0,0,0,0,0,0,0,0,1,0,0,0,0,1,0
-0.45987233503783675,0.6484606632016641,-0.35145862554262314,1.3065465176374047,1.2471290286964272,0.1453,1.814054688217548,71513.0,0,0,0,1,0,0,0,0,0,0,0,1,0,0,0,0,0,0,0,0,0
0.5288565629016456,0.2193617497510543,0.6987790861884801,-0.8708900347340024,-0.6303301338764988,0.2949,-0.952983280498429,40117.0,0,0,0,1,0,0,0,0,0,0,0,0,0,0,1,0,0,0,0,1,0
0.34604990761240717,-0.04504683240747692,-0.7015378627863242,-0.6323624730682205,0.9974053106389933,0.2827,-1.0826095393967283,38951.0,0,0,0,1,0,0,0,0,1,0,0,0,0,0,0,0,0,0,0,1,0
-0.016566943368396397,-0.5695299661474658,-0.05972592783953893,-1.671251519402432,0.2588071364650908,0.5313,-0.5940494351963219,41338.0,0,0,0,1,0,0,0,0,1,0,0,0,0,0,0,0,0,0,0,1,0
0.08540981269446024,-0.42203243964305936,0.9321652443509475,-0.43094071819073393,-0.04126410539424511,0.4066,-0.9148987139525117,40867.0,0,0,0,1,0,0,0,0,0,1,0,0,0,0,0,0,0,0,0,1,0
0.724560416351432,0.5024246302120874,0.9321652443509475,-0.8772064834492028,0.0392919326887979,0.4014,-0.9387476860341948,53459.0,0,0,0,1,0,0,0,0,0,0,0,0,0,0,0,0,0,1,0,1,0
-0.9177538327714951,-0.5608065647667717,0.9321652443509475,-0.3708211289657755,-0.8402793081304301,0.3884,0.028481858648824777,43888.0,0,0,0,1,0,0,0,0,0,0,0,0,0,0,0,0,1,0,0,0,0
1.3628488166056785,1.4256346230454149,0.05696715124169477,1.1550711694413014,1.5623045276963337,0.1121,-0.07783814797764547,68635.0,0,0,0,1,0,0,0,0,0,0,1,0,0,0,0,0,0,0,0,1,0
-0.8525816685126879,-0.5835297705842022,0.4653929280260127,-0.41721781724146884,-0.435485216763138,0.3974,0.23416076611737996,42396.0,0,0,0,1,0,0,0,0,0,0,0,0,0,0,1,0,0,0,0,0,0
0.3261319907859199,-0.07385578435351185,1.081298999416764,-0.804754129001606,-1.1725729652229833,0.4345,-0.4244359512301979,44999.0,0,0,0,1,0,0,0,0,0,0,0,0,0,0,1,0,0,0,0,1,0
-0.4017039394132624,-1.126585872563438,1.959064340265804,-2.214351318139877,-1.8366568041700708,0.8177,-1.4912674372392363,30614.0,0,0,0,1,0,0,0,0,0,1,0,0,0,0,0,0,0,0,0,1,0
0.4484431326729812,0.10305306810254321,0.8866549435092663,-0.3162725411729034,-0.4823084138989068,0.4892,-0.46100193811805423,48040.0,0,0,0,1,0,0,0,0,0,0,0,0,0,0,1,0,0,0,0,1,0
0.17522526454615045,-0.2921248263646535,0.017758276670400246,-0.3730990202906031,0.15760861362326772,0.3197,-0.3268900100973938,43035.0,0,0,0,1,0,0,0,0,0,0,0,0,0,0,0,0,1,0,0,1,0
0.9522887321470798,0.8318071737612125,0.6987790861884801,-0.01515541111203176,0.27340791836764244,0.2785,-0.8984115604925387,60194.0,0,0,0,1,0,0,0,0,0,0,0,0,0,0,1,0,0,0,0,1,0
-0.9680957605016228,-0.5912247329347935,0.29618796335822384,-0.741301015570331,-0.9429882566863101,0.3692,0.07870269657142087,45603.0,0,0,0,1,0,0,0,0,0,0,1,0,0,0,0,0,0,0,0,0,0
-0.9719465211459715,-0.5394383124630333,0.2320067698635453,-0.9962185050206023,-0.7275008548141697,0.4028,-0.21906868350391598,48088.0,0,0,0,1,0,0,0,0,0,0,0,0,0,1,0,0,0,0,0,0,0
-0.7407706297796243,0.4034952348675404,-0.35145862554262314,1.1665276534674396,1.2803583944056827,0.1899,1.9884357411561941,62177.0,0,0,0,1,0,0,0,0,1,0,0,0,0,0,0,0,0,0,0,0,0
-0.8596728069149622,0.07483831597845202,0.17366023032292846,0.11270550115839419,-0.1550495091865437,0.2676,1.1243365685368365,47258.0,0,0,0,1,0,0,0,0,0,1,0,0,0,0,0,0,0,0,0,0,0
-0.9301681148145234,-0.5418216746844358,1.865709877000817,-1.1921978512963336,-1.4706303061302435,0.6849,0.06440423255103185,38262.0,0,0,0,1,0,0,0,0,0,0,0,0,0,0,1,0,0,0,0,0,0
-0.8664433237867326,-0.4702032419365145,-0.16241583743102458,-0.36247231419794046,-0.7617371709994629,0.4546,0.37436588529833403,48587.0,0,0,0,1,0,0,0,0,0,0,0,1,0,0,0,0,0,0,0,0,0
-0.42467778104076476,0.11865968146441509,0.9263305903968858,-0.09962159630170986,0.4028010545385306,0.3863,0.24389590990865564,47185.0,0,0,0,1,0,0,0,0,0,1,0,0,0,0,0,0,0,0,0,0,0
1.2594362922342446,1.276060424539224,0.6362315958009388,1.0989894093087083,1.685655961010994,0.1509,-0.25582870942542296,68964.0,0,0,0,1,0,0,0,0,0,1,0,0,0,0,0,0,0,0,0,1,0
0.8147289276081345,0.6328429028893503,0.4653929280260127,0.6700369472479689,0.8201820268562982,0.16,-0.2805140993019584,59217.0,0,0,1,0,0,0,0,0,1,0,0,0,0,0,0,0,0,0,0,1,0
-1.214436239917421,-1.711666681793124,0.6987790861884801,-0.14430152767442858,-0.8961650595505413,0.1849,-0.22885569094530103,46674.0,0,0,1,0,0,0,0,0,0,0,0,0,0,0,1,0,0,0,0,0,0
-1.1206922891007998,-1.6096304044610887,0.11531369078231161,0.08049285617711152,-0.4017523758158635,0.1596,-0.21442848790654526,50970.0,0,0,1,0,0,0,0,0,0,0,0,0,0,0,1,0,0,0,0,0,0
0.5730019877406435,0.2832129764582943,0.9321652443509475,-0.35943772609124136,-0.4309539396209668,0.2628,-1.1181392129795993,53728.0,0,0,1,0,0,0,0,0,0,0,0,0,0,0,0,1,0,0,0,1,0
0.5817807096102695,0.2959103774311381,0.7912000048208172,-0.3435178865665481,0.3610126097829521,0.1935,-1.0683418483416238,48179.0,0,0,1,0,0,0,0,0,0,0,0,0,0,0,0,1,0,0,0,1,0
-0.41528772942536835,-1.1462332461875402,1.4036052838391315,-0.566669051441021,-2.1795234412610234,0.5705,-0.927731644137835,37325.0,0,0,1,0,0,0,0,0,0,1,0,0,0,0,0,0,0,0,0,0,1
-1.2383958206396428,-1.7370521765611837,-0.1600819758493999,0.06729164331917704,-0.5885416891209201,0.1196,-0.5980495777255482,47618.0,0,0,1,0,0,0,0,0,0,0,0,0,0,0,0,1,0,0,0,0,0
-1.0150299702575614,-1.3098488744863477,0.9321652443509475,0.7133730589989289,-0.8246715757518405,0.1595,-0.18427579478307682,72257.0,0,0,1,0,0,0,0,0,0,1,0,0,0,0,0,0,0,0,0,0,0
-1.1693611259851524,-1.5980720664448704,0.05696715124169477,0.6279591431951315,-0.05183708539264476,0.161,1.0257995867434906,55070.0,0,0,1,0,0,0,0,0,0,0,0,0,0,0,0,1,0,0,0,0,0
-0.06299398969955054,-0.6366812931864413,0.0567337650835323,0.07242706017392324,0.39424197549220713,0.2898,-0.5854481367380839,54521.0,0,0,1,0,0,0,0,0,1,0,0,0,0,0,0,0,0,0,0,1,0
-1.1497747798676017,-1.577465148649809,0.1367852173332586,0.4204760776950266,0.24672373075263426,0.1799,0.5962734433591458,51926.0,0,0,1,0,0,0,0,0,0,0,0,0,0,0,1,0,0,0,0,0,0
-1.2651616492312994,-1.3897415849377888,-0.5738756342714546,-0.5528004948226983,-0.8236646252758025,0.456,0.8784881352562957,44301.0,0,0,0,1,0,0,0,0,1,0,0,0,0,0,0,0,0,0,0,0,0
-0.62030841856089,-1.4427718467199875,1.515630639757116,-1.6847001099109746,-0.5432289176992082,0.4698,-1.1032520835514104,72529.0,0,0,0,1,0,0,0,0,0,0,0,0,0,0,0,0,0,0,0,1,0
0.8877288099496173,0.7384287490781096,-0.5848447837050905,0.6847316832486136,0.9032554411294362,0.1852,0.8718237525099866,55930.0,0,0,0,1,0,0,0,0,0,0,0,0,0,0,0,0,0,0,0,1,0
-0.2456127061648916,-0.9008180436773529,0.9902783977334019,-1.1622867105085168,-2.1795234412610234,0.3114,-0.35034519613580306,47482.0,0,0,0,1,0,0,0,0,0,0,0,0,0,0,1,0,0,0,0,1,0
-0.19113149281822106,-0.8220173000584873,-0.001379388298922081,-0.7334889851818991,0.1988935831408273,0.224,-0.9448187357872642,54434.0,0,0,0,1,0,0,0,0,0,0,0,0,0,0,1,0,0,0,0,1,0
0.6468925442429446,0.3900870793117499,-0.35145862554262314,-0.04472947408070197,-0.060396164438968,0.3917,-0.5124103306452309,48382.0,0,0,0,1,0,0,0,0,0,0,0,0,1,0,0,0,0,0,0,1,0
0.746552222106408,0.5342332214779731,0.9321652443509475,-0.11970834030016322,-0.13390354918974495,0.3057,-0.8153357733223183,57478.0,0,0,0,1,0,0,0,0,0,0,0,0,0,0,0,0,0,0,0,1,0
0.34308049402914237,-0.049341744067837895,-1.1795127147030575,-0.9183392644496704,-0.6857124100585908,0.3254,-0.17982587418859197,57687.0,0,0,0,1,0,0,0,0,0,0,0,0,0,1,0,0,0,0,0,1,0
0.8017868973278932,0.6141237601358379,-0.818230941867558,0.8376746273886068,0.8775782039904663,0.2118,0.1401577606482525,55541.0,0,0,0,1,0,0,0,0,0,0,0,0,0,0,0,0,0,0,0,1,0
-1.076036739781826,-1.4508566112064254,-0.831767339040981,-0.018109756028253043,-0.4460581967615374,0.3519,1.1157629199283006,44859.0,0,0,0,1,0,0,0,0,0,1,0,0,0,0,0,0,0,0,0,0,0
0.15538720118284094,-0.320818279556303,0.9321652443509475,-0.10110842682863017,-0.21798391393892128,0.4827,-0.8179458371647053,45454.0,0,0,0,1,0,0,0,0,0,0,0,0,0,0,0,0,0,0,0,1,0
-0.05927483256407836,-0.6313019646086109,-0.818230941867558,-0.6960572151261744,0.19788663266478937,0.2725,-1.8862736695486524,42198.0,0,0,0,1,0,0,0,0,0,0,1,0,0,0,0,0,0,0,0,1,0
0.19467171362472183,-0.2639977977247623,-0.35145862554262314,0.46537210479558894,0.7965186906694041,0.2249,-0.5947147861633378,47485.0,0,0,0,1,0,0,0,0,0,0,0,0,0,0,1,0,0,0,0,1,0
-0.09134774701323001,-0.6776917080332929,-0.35145862554262314,0.0003437644851818599,0.6570560497381357,0.3827,-1.0671638885343224,40596.0,0,0,0,1,0,0,0,0,0,0,0,0,0,0,0,0,1,0,0,1,0
0.6508617610101441,0.3958280900864101,-0.05972592783953893,-1.1026725209979322,-0.086073401577938,0.4188,-0.7964424359493626,59831.0,0,0,0,1,0,0,0,0,0,1,0,0,0,0,0,0,0,0,0,1,0
-0.8420128494781898,-1.7634415408531539,1.7490167979195834,-2.351797432639063,-1.5758566308762185,0.7941,-0.9377401544998707,31670.0,0,0,0,1,0,0,0,0,0,1,0,0,0,0,0,0,0,0,0,1,0
0.0609480605555634,-0.45741352131060353,0.6404325466478632,0.49592559229255384,0.26736621551141404,0.2673,0.05077158867656635,43222.0,0,0,0,1,0,0,0,0,0,1,0,0,0,0,0,0,0,0,0,1,0
0.2567029199809004,-0.17427686663355174,-0.7015378627863242,-0.36247231419794046,-0.22553604250920659,0.3635,-0.44696069089965135,49956.0,0,0,0,1,0,0,0,0,0,0,0,0,0,0,1,0,0,0,0,1,0
-1.0010437966585202,-1.993461324305506,-0.35145862554262314,-0.7545923778003575,-0.838265407178354,0.3304,-0.9327207897608969,38924.0,0,0,0,1,0,0,0,0,0,0,0,0,0,0,1,0,0,0,0,0,0
0.7907292770607034,0.5981301974711244,0.5529127373369379,-0.4103618591825902,-0.23912987393572002,0.3536,-0.7526209424754515,49279.0,0,0,0,1,0,0,0,0,0,0,1,0,0,0,0,0,0,0,0,1,0
-1.0224765445712065,-1.3120067139748561,0.06863645914981814,-0.22136624765405216,-0.6242884310202704,0.3996,1.3894376982609382,48458.0,0,0,0,1,0,0,0,0,0,0,0,0,0,0,0,0,0,0,0,0,0
-1.1389963431897325,0.03498481033579877,-0.7015378627863242,0.25305554402881103,-0.2713522891689374,0.3137,1.5273044084210585,48541.0,0,0,0,1,0,0,0,0,1,0,0,0,0,0,0,0,0,0,0,0,0
1.2794824920075691,1.3050549228595674,-0.29054483826221916,1.1981484030967822,1.675082981012594,0.1508,-0.23056964105969194,66651.0,0,0,0,1,0,0,0,0,0,0,0,0,0,0,0,0,0,0,0,1,0
1.2491487619879091,1.2611807075943309,-0.03522038123247985,1.012019162594185,1.5517315476979343,0.1488,-0.38733984676234373,64911.0,0,0,0,1,0,0,0,0,0,0,0,0,0,0,0,0,0,1,0,1,0
0.2268447220220404,-0.21746328003638846,0.348699848944779,0.567406293577298,-0.26279321012261414,0.3092,0.03877245985873872,53723.0,0,0,0,1,0,0,0,0,0,0,1,0,0,0,0,0,0,0,0,1,0
0.41188551130373374,0.050176717304278945,-0.7015378627863242,-0.7914108013886829,-0.4274296129548338,0.3843,-0.927731644137835,45989.0,0,0,0,1,0,0,0,0,0,0,0,0,0,0,1,0,0,0,0,1,0
-1.0494045167478576,-0.8964306489186799,-0.818230941867558,0.020980290894413584,-0.4193740091465292,0.3247,1.1217402217637755,51151.0,0,0,0,1,0,0,0,0,1,0,0,0,0,0,0,0,0,0,0,0,0
-0.6568480678355105,0.22686314894779505,-0.5848447837050905,1.1894100210187377,0.6208058326007664,0.2068,2.0073771572060757,60249.0,0,0,0,1,0,0,0,0,1,0,0,0,0,0,0,0,0,0,0,0,0
-1.040730236388426,-1.123636966769263,-0.46255043682795766,-0.05880103635396044,-0.1943205777520274,0.3429,0.4885035132138095,44213.0,0,0,0,1,0,0,0,0,0,0,0,0,0,0,0,1,0,0,0,0,0
-1.2822786618943909,-0.49343341001540675,0.9321652443509475,-1.0737707307915059,-1.110645510946644,0.518,0.7747136135571617,42730.0,0,0,0,1,0,0,0,0,0,0,0,0,0,0,0,0,0,0,0,0,0
-1.0575864976362472,-0.6976246847122266,-1.7167676507930574,0.2407544937986061,-0.3987315243877494,0.3103,0.9967599621451358,48501.0,0,0,0,1,0,0,0,0,0,0,0,0,0,0,0,1,0,0,0,0,0
0.4364572009176427,0.08571681075313947,-0.9946708774383832,0.06509012188407926,0.15257386124307754,0.3049,-0.33755796366096164,49378.0,0,0,0,1,0,0,0,0,0,0,0,0,0,0,0,0,0,0,0,1,0
0.3753976669480108,-0.0025987091529973603,0.05696715124169477,-1.24979065361343,-1.139343599513728,0.4518,-0.8599479753764014,44367.0,0,0,0,1,0,0,0,0,0,0,0,0,0,0,1,0,0,0,0,1,0
0.7884353321855311,0.5948122727980076,-0.5349001458583226,0.9017842904858185,1.1021281601469497,0.2521,-0.36737033625939985,53990.0,0,0,0,1,0,0,0,0,0,1,0,0,0,0,0,0,0,0,0,1,0
1.490064885467375,1.6096378823484334,-2.1018548117611284,1.5428980421426302,2.213298010454927,0.1851,0.853128444743395,91565.0,0,0,0,1,0,0,0,0,0,0,0,0,0,0,0,0,0,0,0,1,0
0.9226665708307088,0.788962159930942,0.29035330940416215,0.38831116594076287,0.13444875267439285,0.2202,0.1692566589010546,55736.0,0,0,0,0,1,0,0,0,1,0,0,0,0,0,0,0,0,0,0,1,0
-1.322953768602056,-0.8756128501506908,-0.7015378627863242,-0.19213200072088915,-0.7098792214835039,0.2707,0.6388115476205566,50116.0,0,0,0,0,1,0,0,0,0,1,0,0,0,0,0,0,0,0,0,0,0
1.0506331489946896,0.9740509437199251,0.348699848944779,0.42190376212163466,1.0754439725319411,0.3042,-0.6779687591058995,61296.0,0,0,0,0,1,0,0,0,0,1,0,0,0,0,0,0,0,0,0,1,0
1.2782758288747287,1.3033096248692262,-0.001379388298922081,1.1584417841105548,1.3276850667794704,0.1298,1.4682771767575244,65793.0,0,0,0,0,1,0,0,0,1,0,0,0,0,0,0,0,0,0,0,1,0
0.7238087520365191,0.5013374351345842,-0.2693066978694346,-0.837779528538751,-0.8015117148029656,0.3978,-0.504015378831885,60883.0,0,0,0,0,1,0,0,0,0,0,0,0,0,0,0,0,0,0,0,1,0
-1.1043247359380368,-0.608695111600168,-0.001379388298922081,-1.2124475733508242,-1.18969112331563,0.3965,0.9264610459548773,51865.0,0,0,0,0,1,0,0,0,0,0,0,0,0,0,0,0,0,0,0,0,0
0.7772697216601714,0.5786625147748459,-0.33022048514983865,-0.792195319537853,0.12437924791401243,0.239,-0.008084128239031575,56807.0,0,0,0,0,1,0,0,0,0,0,0,0,0,0,0,0,0,0,0,1,0
-0.09529066792794687,-0.6833946849132866,0.4448549461077156,-2.929739815969787,-1.3784943375727627,0.5219,-1.8521917058540456,43503.0,0,0,0,0,1,0,0,0,0,0,1,0,0,0,0,0,0,0,0,1,0
1.174795621806039,1.1536375312071405,0.025926792206086603,0.4682173566444599,0.9566238163594527,0.2636,-0.49511416989108004,58285.0,0,0,0,0,1,0,0,0,0,0,0,0,0,0,0,0,0,0,0,1,0
0.4484431326729812,0.10305306810254321,0.05696715124169477,-0.3768964034966213,-0.06492744158113924,0.3141,-0.5184592230852975,52788.0,0,0,0,0,1,0,0,0,0,0,0,0,0,0,1,0,0,0,0,1,0
-1.3890009515207349,-0.6168688606292644,-0.9458931703824276,-1.0914252093451373,-1.340230219483317,0.5126,-0.3130343151888918,45515.0,0,0,0,0,1,0,0,0,0,1,0,0,0,0,0,0,0,0,0,0,0
-1.0655421492536723,-0.46304853391715384,-0.5848447837050905,-0.8480189036579896,-0.5578296996017599,0.405,0.972411038949414,50296.0,0,0,0,0,1,0,0,0,0,0,0,0,0,0,1,0,0,0,0,0,0
0.5215628068598752,0.20881217927418408,0.3979443283170596,-0.6703859858388608,-0.2275499434612827,0.3838,-0.5743333287424139,54771.0,0,0,0,0,1,0,0,0,1,0,0,0,0,0,0,0,0,0,0,1,0
0.7758223916389229,0.5765691200993166,-0.08493163292108541,-0.3768964034966213,-0.31364420916253516,0.5395,0.07039193623763973,55933.0,0,0,0,0,1,0,0,0,0,0,0,0,0,0,0,0,0,0,0,1,0
-1.4213788698620997,-0.5807219394616963,-1.207752439840716,0.07902672438068513,-0.8669634957454383,0.438,0.7198951986222236,59004.0,0,0,0,0,1,0,0,0,1,0,0,0,0,0,0,0,0,0,0,0,0
-1.4281613601771666,-0.942986684301033,-0.9932705604894084,-0.5097493580862119,-1.4474704451813682,0.5162,1.337241410313826,53551.0,0,0,0,0,1,0,0,0,0,0,0,0,0,0,0,0,0,0,0,0,0
-1.466073193413926,-0.9995192696033603,-0.9412254472191782,-0.989843291351859,-1.565787126115838,0.4396,0.02533809696917078,54467.0,0,0,0,0,1,0,0,0,0,1,0,0,0,0,0,0,0,0,0,0,0
-1.1095696564940327,-0.5017766254850134,-1.1230332644277403,0.873560309282144,0.063458744113711,0.4089,2.2199694604308977,62377.0,0,0,0,0,1,0,0,0,0,0,0,0,0,0,0,0,0,0,0,0,0
0.5910007194866089,0.3092460502217889,0.8838543096113167,-1.5184262400120538,-0.9258700985936635,0.4217,-1.0520008622602737,48376.0,0,0,0,0,1,0,0,0,0,0,0,0,0,0,0,1,0,0,0,1,0
0.6845336027303877,0.44453049599077643,0.9321652443509475,-0.13386230454913836,-0.3619778320123611,0.4293,0.4785376770982867,56733.0,0,0,0,0,1,0,0,0,0,0,0,0,0,0,0,0,0,0,0,1,0
-0.850226033806529,-1.7753209574959825,0.9321652443509475,-2.025572893990382,-1.5803879080183898,0.5226,-1.035975881985657,32992.0,0,0,0,0,1,0,0,0,0,0,0,0,0,0,0,0,0,1,0,1,0
-1.262778954620939,-0.8666336438191247,-0.40980516508324,-1.0121703923313576,-1.2541359537820647,0.438,0.9412980795106951,49652.0,0,0,0,0,1,0,0,0,1,0,0,0,0,0,0,0,0,0,0,0,0
-1.4036879570113416,-0.7717786404810063,-1.8684686535986612,-0.040289022685532506,-0.7763379529020146,0.6333,0.7752235010274251,48386.0,0,0,0,0,1,0,0,0,0,0,0,0,0,0,0,0,0,0,0,0,0
0.6783309939615976,0.43555914323753553,0.6987790861884801,0.46039139744326757,0.42545744024938625,0.134,-0.4342495544212722,57103.0,0,0,0,0,1,0,0,0,0,1,0,0,0,0,0,0,0,0,0,1,0
0.3159630762425824,-0.0885639374688401,-0.48028778484830514,-0.020325960601929115,-0.6529865195873545,0.3306,-0.6176605646763068,53787.0,0,0,0,0,1,0,0,0,0,0,0,0,0,0,0,0,0,0,0,1,0
0.5838626721605629,0.2989216943066602,0.6987790861884801,-0.4737281611055558,-0.24869590345808146,0.3685,0.1229792570981303,56132.0,0,0,0,0,1,0,0,0,0,0,0,1,0,0,0,0,0,0,0,1,0
0.5078261487041429,0.18894369964576538,0.9321652443509475,-0.7272427789412174,-0.8080568928972129,0.4492,-0.690575541779107,48779.0,0,0,0,0,1,0,0,0,1,0,0,0,0,0,0,0,0,0,0,1,0
-1.0270173710265014,-1.685460807557473,-0.46115011987898286,-0.8527475227326603,-1.041669403338038,0.4004,0.3815692860432346,55747.0,0,0,0,0,1,0,0,0,1,0,0,0,0,0,0,0,0,0,0,0,0
-0.9172595779719941,-0.5887816519391406,-0.8765774814081748,0.2030544785338618,-0.013069492065180014,0.3608,2.138152848766614,57010.0,0,0,0,0,1,0,0,0,1,0,0,0,0,0,0,0,0,0,0,0,0
0.5233898648352145,0.21145480630554997,0.46515954186785025,-1.2262356365197253,-0.5210760072263713,0.5749,-0.6890823979789323,48675.0,0,0,0,0,1,0,0,0,0,0,0,0,0,0,0,0,0,0,0,1,0
-1.0887085852618656,-0.7152559320053901,-2.3469102778317192,0.3438627536279287,-0.6977958157710474,0.6376,1.9557592309242664,49620.0,0,0,0,0,1,0,0,0,1,0,0,0,0,0,0,0,0,0,0,0,0
-0.9006814917856798,-0.11979373621457068,0.9321652443509475,-0.009986941549002464,-1.2073127566462958,0.6244,0.9998753589906371,45411.0,0,0,0,0,1,0,0,0,0,0,0,0,0,0,0,0,0,1,0,0,0
1.3584895809422128,1.4193294952630147,-2.8020132862485307,1.619208232709882,2.31953128567694,0.1607,0.4816308430439247,89718.0,0,0,0,0,1,0,0,0,0,0,0,0,0,0,0,0,0,0,0,1,0
1.1883914166577791,1.1733022684366419,0.41941585486800664,0.2761785619951534,0.5608922792765029,0.3947,0.05594809198422795,58826.0,0,0,0,0,1,0,0,0,0,0,0,0,0,0,0,0,0,0,0,1,0
0.6049211006707604,0.3293802638596031,-0.7183416661740218,-0.06176543527903977,0.2512550078948055,0.3792,0.08488152380566012,59224.0,0,0,0,0,1,0,0,0,0,0,0,0,0,0,0,0,0,0,0,1,0
-1.1799319857804025,-0.8093909790624304,-0.23873311115015142,0.09221589164735297,-0.4062836529580347,0.3985,1.6252989925111743,54211.0,0,0,0,0,1,0,0,0,0,0,0,0,0,0,1,0,0,0,0,0,0
0.7500976145755522,0.5393612196598705,0.05696715124169477,-0.16445829898954414,-0.2748766158350704,0.4381,-0.7526209424754515,52228.0,0,0,0,0,1,0,0,0,0,0,0,0,0,0,0,1,0,0,0,1,0
0.706863217881799,0.47682768929037883,0.5967893350714818,-0.5036109543939221,-1.8819695755917827,0.4203,-0.23919297157681765,56955.0,0,0,0,0,1,0,0,0,0,0,0,0,0,0,0,0,0,0,0,1,0
1.501107582995595,1.6256098610054606,-0.818230941867558,1.090183303900459,1.6645100010141947,0.1186,0.8488253406052104,78354.0,0,0,0,0,1,0,0,0,0,0,1,0,0,0,0,0,0,0,0,1,0
-0.21245890930924177,-0.8528649294654853,0.4012117345313342,0.5108206981957452,-0.6529865195873545,0.495,-0.5172459072244798,46238.0,0,0,0,0,1,0,0,0,0,0,1,0,0,0,0,0,0,0,0,1,0
1.1796126327624055,1.1606047777507622,0.4653929280260127,0.6363857353870196,0.8941928868450943,0.2313,-0.46554585401209014,56878.0,0,0,0,0,1,0,0,0,0,1,0,0,0,0,0,0,0,0,0,1,0
-0.988758505354767,-0.642461000606433,0.09407555038952709,-0.21536405380052964,-0.24768895298204352,0.3679,1.0208876701155316,49634.0,0,0,0,0,1,0,0,0,0,0,0,0,0,0,0,1,0,0,0,0,0
-0.8823716473839281,-0.41220964491660417,-0.46815170462385686,0.24292612331176766,-0.33428669392131494,0.3615,2.15921476907882,56906.0,0,0,0,0,1,0,0,0,0,1,0,0,0,0,0,0,0,0,0,0,0
0.17175169743219315,-0.2971489375173946,0.9316984720346225,-0.28229690396455387,-0.8523627138428866,0.3885,-1.2348985634126914,52946.0,0,0,0,0,1,0,0,0,0,0,0,0,0,1,0,0,0,0,0,1,0
-1.4490745332074808,-0.9888181840622389,-1.6584211112524405,-1.2262356365197253,-1.3200912099625561,0.5161,-0.5100030825184936,41871.0,0,0,0,0,1,0,0,0,0,0,0,0,0,0,0,1,0,0,0,0,0
-1.3980744518526236,-0.924011508407971,-0.7934920091023364,-0.027716071230166846,-0.43749911771521416,0.3711,1.3009511018981543,53040.0,0,0,0,0,1,0,0,0,0,0,0,0,0,0,0,1,0,0,0,0,0
-1.0840998358003506,-0.1776364495092141,-0.016782874737644927,-0.5427936166969646,-0.884585129076104,0.5455,0.4924565304380522,51450.0,0,0,0,0,1,0,0,0,0,0,0,0,0,0,1,0,0,0,0,0,0
-0.6968016982545592,0.6899487930441707,-1.2140538661111027,1.4008157908787773,0.8805990554185806,0.1923,2.6041253644568485,72097.0,0,0,0,0,1,0,0,0,1,0,0,0,0,0,0,0,0,0,0,0,0
-0.8492849051955563,0.07699186089604981,-1.2787018319221062,-0.09664845131932764,-0.39571067295963536,0.3958,2.0649928138314766,63199.0,0,0,0,0,1,0,0,0,0,0,0,0,0,0,0,0,0,0,0,0,0
-0.8551775216717242,0.8076103181667591,-0.5848447837050905,1.5239132511035292,1.488293667707538,0.2511,2.3230657805385864,75121.0,0,0,0,0,1,0,0,0,0,0,0,0,0,0,0,0,0,0,0,0,0
-0.550578857107731,0.676845899432511,-1.1683101791112591,0.9895013673261657,0.6192954068867089,0.2973,1.7591227843393273,68227.0,0,0,0,0,1,0,0,0,1,0,0,0,0,0,0,0,0,0,0,0,0
-1.1048907938374124,-0.22355339386279485,-1.1683101791112591,0.2313398555061351,-1.1232323918971194,0.606,1.7286366240372883,50923.0,0,0,0,0,1,0,0,0,0,0,0,0,0,0,0,0,0,0,0,0,0
-1.080201421589869,-0.24825981408256073,-1.3697224336054683,-0.08550528102411752,-0.3514048520139617,0.3796,0.837436994666358,57053.0,0,0,0,0,1,0,0,0,1,0,0,0,0,0,0,0,0,0,0,0,0
1.336773620606741,1.387919882339305,-0.35145862554262314,1.4027999536476095,1.5371307657953825,0.1347,1.2047627221232788,68424.0,0,0,0,0,1,0,0,0,0,0,0,0,0,0,0,0,0,0,0,1,0
-1.0680205037041177,-2.0903353474068758,1.865709877000817,-1.1155386589953693,-1.8336359527419568,0.8536,-1.1396979007808499,33752.0,0,0,0,0,1,0,0,0,1,0,0,0,0,0,0,0,0,0,0,1,0
0.6556097932373463,0.40269556691459873,0.4653929280260127,-0.5297194479257834,-0.4566311767599368,0.3763,-0.5841327482319029,53863.0,0,0,0,0,1,0,0,0,0,0,0,0,0,1,0,0,0,0,0,1,0
-0.9497602938337868,-0.41203774613331723,-1.2266567186518758,-0.982674955062252,-0.766771923379653,0.356,0.3976018351305482,56073.0,0,0,0,0,1,0,0,0,1,0,0,0,0,0,0,0,0,0,0,0,0
-1.2158161182187406,-0.5221981518935872,-0.5848447837050905,0.3790040695656423,-0.5724304815043115,0.4225,2.033244057398223,57131.0,0,0,0,0,1,0,0,0,0,0,0,0,0,0,0,0,0,0,0,0,0
-1.18817672979548,-0.539713170530232,1.3989375606758823,-1.3354391203641092,-1.8809626251157445,0.713,0.7900005848586734,38924.0,0,0,0,0,1,0,0,0,0,0,0,0,0,0,0,0,0,0,0,0,0
-0.8347789319376759,-0.3082956742498008,-0.35145862554262314,0.7649061905661608,0.05993441744757769,0.2575,2.107221084859717,62454.0,0,0,0,0,1,0,0,0,0,0,0,0,0,0,0,0,0,0,0,0,0
0.7697996901845598,0.5678579823686216,0.027793881471386343,-0.843292024218803,-1.0441867795281332,0.4114,-0.35034519613580306,54053.0,0,0,0,0,1,0,0,0,0,0,0,0,0,0,0,0,0,0,0,1,0
-1.2694608991543177,-0.8411078880184508,-0.8840458384693738,-0.041769002642711855,-0.7954700119467374,0.4045,1.026364477416286,56544.0,0,0,0,0,1,0,0,0,1,0,0,0,0,0,0,0,0,0,0,0,0
1.1875321643544487,1.1720594598371379,-0.01211515157439558,1.275859664251285,1.513970904846508,0.164,-0.010711778747856738,71668.0,0,0,0,0,1,0,0,0,0,0,0,0,0,0,0,0,0,0,0,1,0
0.09077412422718002,-0.4142735864198059,0.02335954446629946,-2.133106411936779,-1.7148157965694681,0.3952,-0.16503093374733896,51838.0,0,0,0,0,1,0,0,0,0,0,0,0,0,0,0,1,0,0,0,1,0
-1.1990448745333908,-1.902525004335082,-0.818230941867558,-0.5297194479257834,-1.4781824347005283,0.3933,0.8088128587946218,50741.0,0,0,0,0,1,0,0,0,0,0,0,0,0,1,0,0,0,0,0,0,0
-0.761359834180633,-1.6467863272456615,0.46282568028622556,-3.5952664142711583,-1.489258889936947,0.7708,-1.1500405571528407,33159.0,0,0,0,0,1,0,0,0,0,0,0,0,0,0,1,0,0,0,0,1,0
-1.3682871361469402,-2.524636136008401,-1.6934290349768106,0.14337877959999634,-0.8790469014578948,0.804,-0.9929027778868764,28465.0,0,0,0,0,0,0,0,1,0,0,0,0,1,0,0,0,0,0,0,1,0
-1.4123281561521925,-2.588336353256946,-4.085637156142101,0.3639552730844128,1.0930656058626071,0.6913,-1.0048266466969957,41544.0,0,0,0,0,0,0,0,1,0,0,0,0,0,0,0,0,0,0,0,1,0
-1.719986675242127,-3.033328646851805,-1.7517755745174275,0.5885618076609813,-1.49278321660308,0.7597,-1.8491617405593144,24908.0,0,0,0,0,0,0,0,1,0,0,0,0,1,0,0,0,0,0,0,1,0
-1.697618483975724,-3.0009756576849567,-1.7517755745174275,0.3452989760734259,-1.2511151023539504,0.8137,0.33608072578270626,24908.0,0,0,0,0,0,0,0,1,1,0,0,0,0,0,0,0,0,0,0,1,0
-1.5768932917918206,-2.826360697164746,-2.0435082722205116,-0.28455915346138055,-1.5537037204033814,0.6885,0.4847125064318707,24490.0,0,0,0,0,0,0,0,1,0,0,0,0,0,0,0,0,0,0,0,1,0
-1.5768932917918206,-2.826360697164746,-1.985161732679895,-0.3192969502927437,-1.9081502879687717,0.699,0.44846751971878673,24328.0,0,0,0,0,0,0,0,1,0,0,1,0,0,0,0,0,0,0,0,1,0
-1.6932747815450948,-2.994692996918673,-1.576735955895577,0.3567829797285578,-1.3095182299641568,0.7081,0.38136434117143486,31754.0,0,0,0,0,0,0,0,1,0,0,0,0,0,0,0,0,0,0,0,1,0
-1.0955804145104073,-2.1301975555369728,-0.10313575325775787,0.23206430342062434,-1.9962584546221003,0.6232,0.328250482471049,47540.0,0,0,0,0,0,0,0,1,0,0,0,0,0,0,0,0,0,0,0,1,0
-1.719986675242127,-3.033328646851805,-1.7517755745174275,0.18198132201073286,-1.6126103232516071,0.8346,-1.2023965708066064,24908.0,0,0,0,0,0,0,0,1,0,1,0,0,0,0,0,0,0,0,0,1,0
-1.5768932917918206,-2.826360697164746,-2.2306839710668105,0.06949278759844364,-1.8673687936892311,0.8266,0.9116778394556138,26223.0,0,0,0,0,0,0,0,1,0,0,1,0,0,0,0,0,0,0,0,1,0
-0.2403087054694283,-0.893146423071219,0.7274855836424635,-5.905653755065044,-2.1795234412610234,0.5762,-1.4454293249706696,34421.0,0,0,0,1,0,0,0,0,0,0,1,0,0,0,0,0,0,0,0,0,1
-0.0891771574262662,-0.6745522024489414,2.4487085000906608,0.059951771092125766,-1.2052988556942197,0.5772,-1.834175896652633,35113.0,0,0,0,1,0,0,0,0,0,0,0,0,0,0,0,0,0,0,0,0,1
-0.524499669231344,-1.3041956251457465,1.865709877000817,-1.920644912070755,0.6973340687796573,0.7705,-2.4995331583733025,36144.0,0,0,0,0,1,0,0,0,0,0,0,0,0,0,0,0,0,0,0,0,1
-0.6129566814830897,-1.432138413412716,4.111118104681916,-4.787692777817235,-0.9208353462134733,0.7428,-0.051505877991186326,40092.0,0,0,0,0,1,0,0,0,0,0,1,0,0,0,0,0,0,0,0,0,1
-0.4912631272679888,-1.2561228297517344,0.4653929280260127,-0.5959963675975594,-1.315056457582366,0.2967,0.8994829283474758,63435.0,1,0,0,0,0,0,0,0,0,1,0,0,0,0,0,0,0,0,0,0,0
-0.2403087054694283,-0.893146423071219,0.7274855836424635,-5.14927767563422,-2.1795234412610234,0.5382,-1.9452570660884128,34421.0,0,0,0,0,1,0,0,0,1,0,0,0,0,0,0,0,0,0,0,0,1
0.8203487222657166,0.6409712827619668,0.5165044966635931,0.38115245950192955,0.48587446881166874,0.2344,-0.9779709399487952,46641.0,0,0,0,1,0,0,0,0,0,0,0,1,0,0,0,0,0,0,0,1,0
-0.9319150647438269,-0.4416498507832698,0.6987790861884801,0.04525943560429766,-0.10319155967058474,0.2934,1.0725802352184715,52416.0,1,0,0,0,0,0,0,0,0,0,0,0,0,0,1,0,0,0,0,0,0
-0.8898602101866245,-1.1535732837363835,0.16782557636886677,-0.2800350527160334,-0.17770589489739963,0.3686,0.9607782721304857,47295.0,1,0,0,0,0,0,0,0,0,0,0,0,0,0,1,0,0,0,0,0,0
-1.6640949014546436,-2.9524876914823652,-2.7859096413353206,1.0521801612571398,-0.7662684481416341,0.3229,2.1014545805385407,75790.0,0,0,0,0,0,1,0,0,1,0,0,0,0,0,0,0,0,0,0,1,0
-0.37919011634660854,-1.0940222439220006,4.671244884271838,-0.566669051441021,-0.2215082406050543,0.4828,-1.9152407012221153,37518.0,0,0,0,0,0,1,0,0,0,1,0,0,0,0,0,0,0,0,0,0,1
-1.1799319857804025,-0.2798609180413757,-2.0225035179858897,-0.002607018322536101,-0.6489587176832026,0.2569,1.7203275187001623,54022.0,0,0,0,0,0,1,0,0,0,1,0,0,0,0,0,0,0,0,0,0,0
-1.7129300762954418,-0.9382818867439539,-1.926815193139278,-0.3374583705742435,-1.3155599328203849,0.2337,1.9695941863926065,55486.0,0,0,0,0,0,1,0,0,0,1,0,0,0,0,0,0,0,0,0,0,0
-1.166990104229097,0.08886184794865433,-0.9349240209487917,0.8003023369329346,-0.4536103253318227,0.201,1.9249933253993696,67170.0,0,0,0,0,0,1,0,0,1,0,0,0,0,0,0,0,0,0,0,0,0
0.8909296813714508,0.7430584376032875,-0.17641900692077261,0.12878158877287568,0.7658067011502439,0.2508,-0.8794257453155476,66215.0,0,0,0,0,0,1,0,0,1,0,0,0,0,0,0,0,0,0,0,1,0
1.5050392208769205,1.6312965182889014,0.6987790861884801,0.7774100857848847,0.395248925968245,0.2124,-1.0037355410951272,38289.0,0,0,0,0,0,0,0,0,0,0,0,0,0,0,1,0,0,0,0,1,0
1.0221618281498974,0.9328704868878629,0.8887554189327286,0.18125404462203182,0.5014822011902583,0.2314,0.09768015016877488,58386.0,0,0,0,0,0,0,0,0,0,1,0,0,0,0,0,0,0,0,0,1,0
1.5185433423559265,1.650828660638484,-2.1352290323783616,1.356422797179442,1.394143798197981,0.1673,0.07277495609661425,76310.0,0,0,0,0,0,0,0,0,0,0,0,0,0,0,1,0,0,0,0,1,0
1.1396519599538741,1.102806308528254,0.4653929280260127,-0.3579207007651945,0.5301802897573427,0.2445,-0.01997472883481392,65575.0,0,0,0,0,0,0,0,0,0,0,0,0,0,0,0,0,0,1,0,1,0
1.1518338558269203,1.1204260052001214,0.913961124014275,0.7119773989949457,0.9797836773083273,0.177,-0.6547463755270202,61317.0,0,0,0,0,0,0,0,0,0,0,0,1,0,0,0,0,0,0,0,1,0
-0.8884076344663038,-0.5734400189930299,-1.8684686535986612,-0.5558811028777456,-0.5613540262678929,0.3148,0.2777926202379067,50331.0,0,0,0,0,0,0,0,0,0,0,0,0,0,0,0,0,0,0,1,0,0
-0.1918614576780522,0.8588073976275484,-0.47958762637381774,0.991550071146824,1.341782373444003,0.1283,1.2558943347911025,62472.0,0,0,0,0,0,0,0,0,0,1,0,0,0,0,0,0,0,0,0,0,0
0.7920179465134295,0.5999941080728868,0.4653929280260127,-1.2019137350417164,-0.6152258767359282,0.3904,-0.6511759495604934,51516.0,0,0,0,1,0,0,0,0,0,0,0,0,0,0,1,0,0,0,0,1,0
0.4320980624289908,0.07941182352281421,-0.2686065393949472,-1.9790236258224436,-1.2204031128347903,0.4567,-1.091047229883161,48896.0,0,0,0,1,0,0,0,0,0,0,0,0,0,0,1,0,0,0,0,1,0
0.8887298804166378,0.7398766811701161,0.6987790861884801,0.24147841108668383,-0.020621620635465323,0.2939,-0.504015378831885,53453.0,0,0,0,1,0,0,0,0,0,0,0,0,1,0,0,0,0,0,0,1,0
0.1968768083223138,1.0952301835576916,-1.0516171000300254,1.425925907253634,2.1352593485619784,0.1208,0.8303135016487514,73490.0,0,0,0,1,0,0,0,0,0,0,0,0,1,0,0,0,0,0,0,0,0
-0.39094928020882996,0.1643738758003638,0.4653929280260127,0.6181211289441526,1.144420080140547,0.1457,0.4520512733666675,60509.0,0,0,0,1,0,0,0,0,1,0,0,0,0,0,0,0,0,0,0,0,0
0.6697566071991393,0.42315728925058216,0.7762632906984193,-0.3761368370641907,0.06899697173192017,0.4085,-0.6913231237737862,47385.0,0,0,0,1,0,0,0,0,0,0,0,0,0,0,0,0,1,0,0,1,0
0.9056378506031932,0.7643320950998355,0.4217497164496313,0.14191980656895833,-0.47475628532862146,0.2691,-0.9601938444419321,54869.0,0,0,0,1,0,0,0,0,0,1,0,0,0,0,0,0,0,0,0,1,0
0.7837639786949592,0.5880557028512015,0.9321652443509475,-1.2043438543915275,-1.0718779176191793,0.4651,-1.0191433211836904,44296.0,0,0,0,1,0,0,0,0,0,0,0,0,0,0,0,0,0,1,0,1,0
-0.6233998841629355,0.6433527149879198,-0.818230941867558,0.9361200831916652,0.22003954313762633,0.2951,1.9575051091675346,76343.0,0,0,0,1,0,0,0,0,0,0,1,0,0,0,0,0,0,0,0,0,0
1.2150821512286398,1.211907314152756,0.6987790861884801,0.7704649796784638,0.8156507497141269,0.22,-0.8850759575559495,67640.0,0,0,0,1,0,0,0,0,0,0,0,0,0,0,0,0,0,1,0,1,0
0.40706956748385126,0.04321101424956514,0.5685496099338233,0.7586496767752087,-0.35392222820405683,0.3806,0.2017077348173201,59159.0,0,0,0,1,0,0,0,0,0,0,1,0,0,0,0,0,0,0,0,1,0
0.9187554841614112,0.7833052275873579,0.9321652443509475,0.007717758020942994,0.9062762925575506,0.3314,-1.1032520835514104,40075.0,0,0,0,1,0,0,0,0,0,0,0,1,0,0,0,0,0,0,0,1,0
-0.647469609995483,0.1515858313373457,-0.6798329500772148,1.1260473238765496,1.1872154753721635,0.1683,1.726617681887516,69954.0,0,0,0,1,0,0,0,0,0,1,0,0,0,0,0,0,0,0,0,0,0
-0.03130626331849825,-0.5908486795379667,0.348699848944779,0.3352420459067925,0.4506312021503373,0.3908,2.466554904760974,44813.0,0,0,0,1,0,0,0,0,0,1,0,0,0,0,0,0,0,0,0,1,0
-0.4916260402653972,-0.08039553215954423,0.4653929280260127,0.260285958391845,0.17120244504978116,0.26,0.1224191390741697,52347.0,0,0,0,1,0,0,0,0,0,0,0,0,0,0,1,0,0,0,0,0,0
0.6798842629717116,0.4378057663488507,0.9321652443509475,0.12220743849122113,0.5326976659474375,0.2731,-0.38682175072489855,56380.0,0,0,0,1,0,0,0,0,0,1,0,0,0,0,0,0,0,0,0,1,0
0.5841538963082514,0.29934291619192926,0.835543374871686,-0.9922336257950256,-0.13692440061785902,0.4833,-0.6328537242915102,44427.0,0,0,0,1,0,0,0,0,0,1,0,0,0,0,0,0,0,0,0,1,0
-0.5510524507834399,0.19573641709520348,-0.5848447837050905,0.5617589352163784,0.737612087821179,0.2024,0.2630296795968326,60613.0,0,0,0,1,0,0,0,0,0,0,0,1,0,0,0,0,0,0,0,0,0
0.8097927545690546,0.625703302241402,0.4653929280260127,0.13316248759944332,0.2180256421855502,0.2211,-0.29105917960111427,67516.0,0,0,0,1,0,0,0,0,1,0,0,0,0,0,0,0,0,0,0,1,0
-1.0815924478946768,-0.5730673026727438,1.3989375606758823,-0.16445829898954414,-1.7973857356045873,0.6219,0.6358013932577683,44666.0,0,0,0,1,0,0,0,0,1,0,0,0,0,0,0,0,0,0,0,0,0
-0.7878735961659803,0.26933510802985067,0.2320067698635453,0.12732095715827088,-0.8830747033620467,0.3694,1.596620290949439,54914.0,0,0,0,1,0,0,0,0,1,0,0,0,0,0,0,0,0,0,0,0,0
-0.7851767156647546,-0.24928931671962937,0.2320067698635453,-0.11226514348440476,-0.4495825234276704,0.3537,0.6528146295009798,53739.0,0,0,0,1,0,0,0,0,0,0,0,0,0,1,0,0,0,0,0,0,0
1.094481991489892,1.0374731985339256,0.9321652443509475,0.4874063438973079,1.2264865439376473,0.202,-0.44584760196816486,58448.0,0,0,0,1,0,0,0,0,0,0,1,0,0,0,0,0,0,0,0,1,0
0.3998615228146453,0.032785415312236395,0.9204959364428241,-0.46225325993733907,-0.21043178536863597,0.4059,-1.3166244225833972,53409.0,0,0,0,1,0,0,0,0,0,1,0,0,0,0,0,0,0,0,0,1,0
1.4607216518122195,1.5671963049647741,-0.46815170462385686,1.3298462110482991,1.972133371443816,0.1755,0.13493112187402595,76178.0,0,0,0,1,0,0,0,0,1,0,0,0,0,0,0,0,0,0,0,1,0
0.7269629932396539,0.5058996784675052,0.9321652443509475,0.27040170763648236,0.694816692589562,0.2432,-0.2882953262834977,58047.0,0,0,0,1,0,0,0,0,0,0,0,1,0,0,0,0,0,0,0,1,0
0.6986946336994044,0.4650127815754916,0.4653929280260127,0.5412664279965697,0.8896616097029231,0.1865,-0.1504955055680247,58433.0,0,0,0,1,0,0,0,0,0,1,0,0,0,0,0,0,0,0,0,1,0
-0.11034987883241139,-0.7051760833934225,0.284285269291938,0.5963101100708735,-1.1312879957054238,0.4329,-0.8032630060148265,50002.0,0,0,0,1,0,0,0,0,0,0,0,0,0,0,1,0,0,0,0,1,0
-0.6129566814830897,-1.432138413412716,4.111118104681916,-1.920644912070755,-2.1795234412610234,0.5469,-0.19735856611456745,40092.0,0,0,0,1,0,0,0,0,1,0,0,0,0,0,0,0,0,0,0,0,1
0.2007272618390796,-0.2552391509729926,0.9321652443509475,0.17834452332698217,0.17875457362006647,0.3129,-1.4126415263314354,51943.0,0,0,0,1,0,0,0,0,0,0,0,0,0,0,0,0,1,0,0,1,0
-0.8577782693116757,0.26186939206462195,-1.4600428768143432,-0.07288802663937712,-0.5014404729436297,0.3298,-0.6149278512851988,45325.0,0,0,0,1,0,0,0,0,0,0,0,0,0,0,1,0,0,0,0,0,0
-0.4666281621082938,0.5015549215521117,-0.35145862554262314,1.2370627862161,1.2999939286884246,0.1501,2.0541996551292443,81698.0,0,0,0,1,0,0,0,0,0,1,0,0,0,0,0,0,0,0,0,0,0
-0.3819529027219608,0.6252945523175485,-0.35145862554262314,0.8176178377667,0.17623719742997138,0.2971,1.738658206346413,58128.0,0,0,0,1,0,0,0,0,1,0,0,0,0,0,0,0,0,0,0,0,0
-0.04673047567875107,1.415413036338138,-1.2850032581924926,1.6035917665102215,2.4428827189916,0.1371,1.5868198963146274,86863.0,0,0,0,1,0,0,0,0,0,0,0,1,0,0,0,0,0,0,0,0,0
-0.08012473145997215,1.1655999357997358,-0.0023129329315719504,0.7349864252212841,1.4268696886692176,0.1647,-0.4072714368138699,77369.0,0,0,0,1,0,0,0,0,0,0,0,0,0,0,1,0,0,0,0,0,0
-1.1033346932430221,-0.5184778065869143,0.8154721652697138,-0.22361779343814425,-0.8125881700393839,0.71,0.5215179733431649,45543.0,0,0,0,1,0,0,0,0,0,0,1,0,0,0,0,0,0,0,0,0,0
-0.520972888979744,-1.299094547373524,1.3989375606758823,-0.9460991202707626,-0.7924491605186231,0.5064,-0.6576138336991136,38275.0,0,0,0,1,0,0,0,0,1,0,0,0,0,0,0,0,0,0,0,1,0
0.7339218213729555,0.5159648146481325,0.9321652443509475,-0.5574216839328325,-0.020118145397446358,0.2617,-0.5953806717635706,50074.0,0,0,0,1,0,0,0,0,0,0,0,0,0,0,0,0,0,0,0,1,0
-1.185322970431366,-0.12745459896885838,-0.818230941867558,-0.3905762833949015,-0.5502775710314746,0.3114,0.9553616143796,61580.0,0,0,0,0,0,0,1,0,0,0,0,0,0,0,1,0,0,0,0,0,0
0.8399433065506651,0.6693125717624775,0.9321652443509475,-0.42255275944750387,0.4088427573947588,0.3002,-1.3828228428746632,33696.0,0,0,0,0,0,0,1,0,0,0,0,0,0,0,0,0,0,0,0,1,0
-1.3173285223173627,-0.1940573982675933,-0.818230941867558,-0.5358703407410156,-0.6927610633908572,0.3451,0.7771327897567386,57897.0,0,0,0,0,0,0,1,0,0,0,0,0,0,1,0,0,0,0,0,0,0
-1.2145894915777018,0.16385877306325047,-0.5848447837050905,-0.44926074883832684,-0.4445477710474802,0.4108,-0.18427579478307682,45320.0,0,0,0,0,0,0,1,0,0,0,0,1,0,0,0,0,0,0,0,0,0
1.244053427271046,1.2538108980763056,0.3379640856693055,1.3783071720009559,1.725933980052515,0.1326,0.5736690945444964,78892.0,0,0,0,0,0,0,1,0,1,0,0,0,0,0,0,0,0,0,0,1,0
-0.11863382285643306,-0.7171578457127792,-1.9681245431340348,-1.2579230964344879,-1.0034052852485926,0.6269,-0.9790286230341771,49416.0,0,0,0,0,0,0,1,0,0,0,0,0,0,0,0,0,1,0,0,1,0
0.6989625970935345,0.46540035948396663,-0.4935907958635658,-0.0817930374965055,0.7396259887732549,0.2306,-1.142271488516701,54914.0,0,0,0,0,0,0,1,0,0,0,1,0,0,0,0,0,0,0,0,1,0
1.1770709142651614,1.1569284773281159,-0.09986834704348332,0.38115245950192955,0.36655083740116123,0.3277,-0.06790929647933769,66990.0,0,0,0,0,0,0,1,0,0,0,1,0,0,0,0,0,0,0,0,1,0
1.3999091677774105,1.479238114078664,0.4653929280260127,0.4539847924817899,0.8378036601869642,0.1671,-0.3704114207177387,69594.0,0,0,0,0,0,0,1,0,1,0,0,0,0,0,0,0,0,0,0,1,0
0.9809761366314954,0.8733001704660167,-0.11807246738015577,-0.0662133164626373,-0.11074368824087005,0.3978,-0.5880851941261538,62092.0,0,0,0,0,0,0,1,0,0,1,0,0,0,0,0,0,0,0,0,1,0
0.8014315800753002,0.6136098350228494,0.2320067698635453,0.032021953595821634,0.11833754505778402,0.3318,-0.17179582506887703,64506.0,0,0,0,0,0,0,1,0,0,0,0,0,0,0,0,0,0,0,0,1,0
1.2641449461815102,1.2828709452617972,-0.7288440432913329,0.7461275019948246,1.1187428430015771,0.2161,0.3965962597312203,75272.0,0,0,0,0,0,0,1,0,0,0,0,0,0,0,0,0,0,0,0,1,0
0.5787353898477396,0.2915056763038413,0.8952902313612776,0.7363795882461286,-0.1686433406130574,0.2515,-0.6149278512851988,61885.0,0,0,0,0,0,0,1,0,0,0,0,0,1,0,0,0,0,0,0,1,0
-0.7075836398748981,0.03711316456850755,-0.818230941867558,0.3911735320866104,-0.03773977872811208,0.2559,1.7693990224768814,68905.0,0,0,0,0,0,0,1,0,0,0,0,0,0,0,1,0,0,0,0,0,0
-0.7456709918210648,0.7708507297173246,-1.9583223244912111,1.4437375313712093,1.3896125210558097,0.1546,2.085012873629463,78466.0,0,0,0,0,0,0,1,0,0,0,0,0,0,0,0,0,0,0,0,0,0
-1.171290586715146,-0.04841039493129658,-1.0516171000300254,0.40261662417306626,-0.06643786729519613,0.2076,1.3851147528177568,62569.0,0,0,0,0,0,0,1,0,0,1,0,0,0,0,0,0,0,0,0,0,0
1.436089500839258,1.5315687611865088,-1.0663204279942609,1.0276900783712946,1.2501498801245414,0.1467,-0.42715031521906954,67589.0,0,0,0,0,0,0,1,0,0,1,0,0,0,0,0,0,0,0,0,1,0
1.175879562504988,1.1552053254589396,0.4653929280260127,0.4468625938603732,0.8534113925655538,0.2799,-0.23228714340483939,58561.0,0,0,0,0,0,0,1,0,0,0,1,0,0,0,0,0,0,0,0,1,0
0.651495777082418,0.39674512065332473,0.9321652443509475,-0.8472309696446785,-0.1968379539421225,0.4097,-1.142271488516701,44512.0,0,0,0,1,0,0,0,0,0,0,0,0,0,0,0,0,1,0,0,1,0
-1.0364134670810285,-0.968722433494101,-1.1099636395706423,-1.4720209670512512,-1.140854025227785,0.4075,-0.6034133154470481,38217.0,0,0,0,1,0,0,0,0,0,0,0,0,0,0,1,0,0,0,0,0,0
0.5709875535975453,0.2802993315760245,-0.818230941867558,-0.38297455202652486,-0.20338313203636962,0.2863,-0.16780979244434632,55774.0,0,0,0,1,0,0,0,0,0,1,0,0,0,0,0,0,0,0,0,1,0
-1.1111328109637435,-0.6501934157996185,-0.9582626367650383,-2.003139230673445,-0.5487671453174173,0.4682,-0.5004434138838848,42703.0,0,0,0,1,0,0,0,0,0,0,0,0,0,0,0,0,1,0,0,0,0
0.5033343230172976,0.18244679580338138,0.9321652443509475,-1.2449136575465096,-0.6776568062502866,0.4031,-1.093473862905275,43411.0,0,0,0,1,0,0,0,0,0,0,0,0,0,0,0,1,0,0,0,1,0
-1.3007522625870303,-0.8785425298708694,-0.46815170462385686,-0.7577217563664048,-0.5845138872167678,0.3304,0.0440242231741086,46857.0,0,0,0,1,0,0,0,0,0,0,0,0,0,0,1,0,0,0,0,0,0
-1.15270238696674,-1.876570329129764,0.4653929280260127,-0.8582664454013993,-0.7929526357566423,0.4204,-0.6405560530262523,39315.0,0,0,0,1,0,0,0,0,0,0,0,0,0,0,0,0,0,0,1,0,0
-1.2233531023220343,-0.6800495836542995,0.05696715124169477,0.32877271718155066,-0.4928813938973062,0.3784,0.8538241447296028,46354.0,0,0,0,1,0,0,0,0,0,1,0,0,0,0,0,0,0,0,0,0,0
-1.2704181105507815,-0.8028985551503709,-0.32812000972637645,-0.15773586103388526,-0.5069787005618388,0.2694,-0.059143670167537986,49358.0,0,0,0,1,0,0,0,0,0,0,0,0,0,0,0,0,1,0,0,0,0
-1.2069476904972374,-1.3338508726075655,0.0775051331599919,-0.8338434791301436,-0.9243596728796065,0.1758,-0.5406082810006851,40492.0,0,0,0,1,0,0,0,0,0,0,0,1,0,0,0,0,0,0,0,0,0
-1.2561292234438655,-1.0198126831804923,0.05696715124169477,-0.38069490935844524,-0.04277453110830228,0.3194,-0.3977703757159741,43296.0,0,0,0,1,0,0,0,0,0,0,0,0,0,0,0,0,1,0,0,0,0
-1.365890662233459,-0.6972280333311074,-0.11807246738015577,-1.0161614606031382,-0.9319118014498918,0.2429,-0.7680654278687318,55939.0,0,0,0,1,0,0,0,0,0,1,0,0,0,0,0,0,0,0,0,0,0
0.5981020177457047,0.3195172528823349,0.9321652443509475,-0.4370444931197953,-0.24013682441175824,0.3735,-0.8544659625408922,51593.0,0,0,0,1,0,0,0,0,0,0,0,0,0,0,0,1,0,0,0,1,0
-1.1185463442086723,-0.08403800976085275,-0.11807246738015577,0.5249904773920894,-0.0019930368287616736,0.2041,1.6052771088353848,55939.0,0,0,0,1,0,0,0,0,0,1,0,0,0,0,0,0,0,0,0,0,0
0.42179485307110604,0.06450942856519912,0.4945661977963211,-0.6556288148832432,-0.8443071100345824,0.2524,-1.2450489301997383,57949.0,0,0,0,1,0,0,0,0,0,1,0,0,0,0,0,0,0,0,0,1,0
0.5689701732076591,0.27738142529017157,0.9321652443509475,0.32373876408280416,-0.37557166343887455,0.4911,-1.042805821072041,53145.0,0,1,0,0,0,0,0,0,0,0,0,0,0,0,0,0,0,0,0,1,0
1.3685612637477151,1.4338970139692664,0.6376319127499136,0.8577001565835287,0.6887749897333338,0.2946,-0.8645441856328632,53260.0,0,1,0,0,0,0,0,0,0,1,0,0,0,0,0,0,0,0,0,1,0
0.7439612829641388,0.5304857291124324,0.9321652443509475,0.342426370620951,0.7768831563866627,0.2165,-0.008412129266428797,58009.0,0,1,0,0,0,0,0,0,0,1,0,0,0,0,0,0,0,0,0,1,0
0.7166474369635945,0.4909794251276369,0.6987790861884801,0.53843730853473,0.45214162786439477,0.2577,0.02470791094267827,56950.0,0,1,0,0,0,0,0,0,0,1,0,0,0,0,0,0,0,0,0,1,0
0.6288883524064656,0.36404610816186717,0.6404325466478632,0.3107852496153568,0.6137571792684997,0.2247,-0.082130058744644,56075.0,0,1,0,0,0,0,0,0,0,0,1,0,0,0,0,0,0,0,0,1,0
0.6528420943873308,0.39869241217377965,0.33096250092443147,0.05260770345345659,0.16616769266959097,0.2344,-0.6935699247476818,59728.0,0,1,0,0,0,0,0,0,0,0,0,0,0,0,0,0,0,0,0,1,0
0.5474367308727252,0.24623580344306828,0.4653929280260127,-0.5782376280958277,0.3378527488340769,0.2898,-0.6040862302910883,55961.0,0,1,0,0,0,0,0,0,0,0,0,0,0,0,0,0,1,0,0,1,0
1.2937066287807564,1.3256284836562287,0.6987790861884801,0.9182769227775056,0.7814144335288334,0.2076,-0.5004434138838848,55789.0,0,1,0,0,0,0,0,0,0,1,0,0,0,0,0,0,0,0,0,1,0
-0.0939297664639454,-0.6814262991015951,-2.0684805911438957,0.10978041384148501,0.19687968218875115,0.3397,-1.246509185352742,45593.0,0,1,0,0,0,0,0,0,0,0,0,0,0,1,0,0,0,0,0,1,0
0.5776073332549295,0.2898740735384628,0.4653929280260127,-0.9056689931150645,-0.6635594995857542,0.3174,-0.7350902109698386,53501.0,0,1,0,0,0,0,0,0,0,1,0,0,0,0,0,0,0,0,0,1,0
1.1143942419434614,1.0662739547300473,0.21800360037379726,1.2075523267587693,1.1313297239520523,0.1876,0.8640756922489745,78257.0,0,1,0,0,0,0,0,0,0,0,0,0,0,0,0,0,0,0,0,1,0
0.9190165685709328,0.7836828558440321,0.9321652443509475,0.6840323148798249,0.4662389345289269,0.3638,-0.8784877773773789,41174.0,0,1,0,0,0,0,0,0,0,0,0,0,0,0,0,0,0,0,0,1,0
1.106469500002794,1.0548117364799035,0.9321652443509475,0.6469112098709849,0.32325196693152525,0.2268,0.01806186184625739,89070.0,0,1,0,0,0,0,0,0,0,0,0,0,0,0,0,0,0,0,0,1,0
0.6345148809790221,0.3721842278599179,0.5326081415768033,-0.6331373393944223,0.3378527488340769,0.5768,-1.0671638885343224,48745.0,0,1,0,0,0,0,0,0,0,0,0,0,0,0,0,0,0,0,0,1,0
0.9262744791460563,0.7941805800191474,0.570416699199123,-0.2138639433511866,-0.32169981297083944,0.3185,-1.4234272914064028,44560.0,0,1,0,0,0,0,0,0,0,0,0,0,0,0,0,1,0,0,0,1,0
1.1699073199039727,1.14656717059558,0.9321652443509475,0.09734135812867349,0.5548505764202747,0.3329,-1.0473905884229429,54902.0,0,1,0,0,0,0,0,0,0,0,0,0,0,0,1,0,0,0,0,1,0
0.9878849960705384,0.8832930327374674,0.8693843678052438,0.5737566061180199,1.1998023563226394,0.1358,-0.31256064007745255,58363.0,0,1,0,0,0,0,0,0,0,0,0,1,0,0,0,0,0,0,0,1,0
0.5501681857176302,0.2501865354425608,0.4653929280260127,-0.32837445151274547,0.3292936697877537,0.2249,-0.5016323589729111,55660.0,0,1,0,0,0,0,0,0,0,1,0,0,0,0,0,0,0,0,0,1,0
-1.3344407178715956,-0.9286827339592791,0.04249720943562179,0.24509738584064117,-0.17317461775522838,0.2503,1.0610174927175435,55356.0,0,1,0,0,0,0,0,0,0,0,0,0,0,0,1,0,0,0,0,0,0
-1.1726279500413,-0.8629670510336568,-0.4893898450166414,0.5561090935449357,0.012104269835771014,0.1867,1.0441485053104744,58561.0,0,1,0,0,0,0,0,0,0,1,0,0,0,0,0,0,0,0,0,0,0
-1.3191459457385155,-1.0417282388797904,-1.0516171000300254,-0.28078895889104993,-0.27940789297724167,0.2257,0.7398160536853664,52528.0,0,1,0,0,0,0,0,0,1,0,0,0,0,0,0,0,0,0,0,0,0
-1.1181175555724197,-0.8442007526717918,-0.11807246738015577,0.8245375094031671,0.29002260122226997,0.1423,1.062280196944067,60378.0,0,1,0,0,0,0,0,0,0,1,0,0,0,0,0,0,0,0,0,0,0
0.6619151855126977,0.41181558406518426,0.6987790861884801,0.4176202328324053,0.45667290500656543,0.2542,-0.7680654278687318,54664.0,0,1,0,0,0,0,0,0,0,0,0,0,0,0,0,0,0,0,0,1,0
-1.3408079521547265,-1.1387963938474885,-0.35145862554262314,-0.14280969069347574,-0.767275398617672,0.158,0.9059293950977287,55548.0,0,1,0,0,0,0,0,0,0,1,0,0,0,0,0,0,0,0,0,0,0
-1.402106848247181,-1.0932965486326636,-0.5867118729703903,-0.21761454792113483,-1.2445699242597033,0.3421,0.12073650989729648,51129.0,0,1,0,0,0,0,0,0,0,0,0,0,0,0,0,0,1,0,0,0,0
-1.0496764689504237,-0.8426003964714288,-0.001379388298922081,-0.006296450073381877,-0.8820677528860089,0.2274,0.6947226333008791,58084.0,0,1,0,0,0,0,0,0,0,0,0,0,0,0,1,0,0,0,0,0,0
-1.295379149293263,-1.1050611078410912,-0.11807246738015577,-0.2566858757590406,-0.8171194471815552,0.296,-0.24441037339590466,49606.0,0,1,0,0,0,0,0,0,0,0,0,1,0,0,0,0,0,0,0,0,0
-0.9122036513202105,0.7035067449996216,-0.5885789622356901,1.4193227382399463,1.4908110438976327,0.1532,2.185607193835507,73792.0,0,1,0,0,0,0,0,0,0,0,0,0,0,0,0,0,0,0,0,0,0
-1.0663677727222243,-0.5172090320421805,-0.001379388298922081,-0.15773586103388526,-0.7446190129068164,0.3019,1.5599230780481117,54990.0,0,1,0,0,0,0,0,0,0,0,0,0,0,0,0,0,0,0,0,0,0
-1.3236170730471266,-1.0014816022589876,-0.24013342809912622,0.42618586380567364,-0.5819965110266727,0.2104,0.6986454552292483,61760.0,0,1,0,0,0,0,0,0,0,0,0,0,0,0,1,0,0,0,0,0,0
-1.2761753706668446,-1.0466837329208516,-0.5848447837050905,-0.10110842682863017,0.008076467931618737,0.2048,0.4036097970541613,54458.0,0,1,0,0,0,0,0,0,0,0,0,0,0,0,1,0,0,0,0,0,0
-1.2401120990395054,-0.935598404040297,-0.35075846706813574,0.09221589164735297,-0.27034533869289945,0.2777,0.8485921026118612,52021.0,0,1,0,0,0,0,0,0,0,0,0,0,0,0,1,0,0,0,0,0,0
-1.5733105844089015,-0.4549531993175459,-1.1683101791112591,0.24147841108668383,-0.15202865775842964,0.2218,0.9518680424495232,56880.0,0,0,0,0,0,1,0,0,0,0,0,0,0,0,0,1,0,0,0,0,0
-1.8658307725942276,-1.2149567155340666,-1.4483735689062198,0.16524351795959857,-1.6307354318202918,0.4623,-0.4787501343776557,38681.0,0,0,0,0,0,0,0,1,0,0,0,0,0,0,0,0,1,0,0,0,0
-0.7548651769201475,0.766856429324118,-1.9583223244912111,0.8549398695577047,0.34741877835643836,0.2843,0.5945319888193588,78466.0,0,0,0,0,0,0,1,0,0,0,1,0,0,0,0,0,0,0,0,0,0
-0.726818649600618,0.7790992852787999,-1.9583223244912111,0.2552250956030505,0.395752401206264,0.4019,0.37042908651726725,78466.0,0,0,0,0,0,0,1,0,1,0,0,0,0,0,0,0,0,0,0,0,0
-0.37919011634660854,-1.0940222439220006,4.37064351255858,0.14702548753582007,0.5669339821327309,0.5688,-1.0659876007784086,39645.0,0,0,0,0,0,1,0,0,1,0,0,0,0,0,0,0,0,0,0,0,1
-1.326107309446475,-2.463627918578261,-2.7749404919016847,-0.9707366081346078,-0.4787840872327737,0.3488,3.293700064062405,60615.0,0,0,0,0,0,1,0,0,0,0,1,0,0,0,0,0,0,0,0,1,0
-0.2403087054694283,-0.893146423071219,0.7274855836424635,-0.8023984169734885,-1.620162451821892,0.4125,-1.9418677174581482,34421.0,0,0,0,1,0,0,0,0,0,0,1,0,0,0,0,0,0,0,0,0,1
-0.2403087054694283,-0.893146423071219,0.7274855836424635,-4.263193586263144,-1.8995912089224485,0.5122,-1.9152407012221153,34421.0,0,0,0,1,0,0,0,0,0,0,0,0,0,0,0,0,0,0,0,0,1
-0.6634100262668408,-1.5051133132505803,-0.35145862554262314,0.20014989030310484,-0.8065464671831558,0.6204,-1.280825475242859,36909.0,0,1,0,0,0,0,0,0,0,1,0,0,0,0,0,0,0,0,0,1,0
-0.29822732230116894,-0.9769189713563651,0.4203493995006565,-1.920644912070755,2.855228938929177,0.4237,-3.800763648535965,45987.0,0,0,0,1,0,0,0,0,1,0,0,0,0,0,0,0,0,0,0,0,1
-0.5422701142150007,-1.3298985086377102,-0.4935907958635658,-0.2499150225498963,-1.587436561350656,0.2072,-1.3880076017158678,54914.0,0,0,0,0,0,0,1,0,0,0,1,0,0,0,0,0,0,0,0,1,0
